
 *------------------------------------------------------------------------------------* 
 |                                                                                    | 
 |  *------------------------------------------------------------------------------*  | 
 |  |                                                                              |  | 
 |  |                                                                              |  | 
 |  |   PPP   Y   Y  TTTTT  H   H  III    A      Welcome to the Lund Monte Carlo!  |  | 
 |  |   P  P   Y Y     T    H   H   I    A A     This is PYTHIA version 8.315      |  | 
 |  |   PPP     Y      T    HHHHH   I   AAAAA    Last date of change: 27 May 2025  |  | 
 |  |   P       Y      T    H   H   I   A   A                                      |  | 
 |  |   P       Y      T    H   H  III  A   A    Now is 22 Jul 2026 at 12:22:56    |  | 
 |  |                                                                              |  | 
 |  |   Program documentation and an archive of historic versions is found on:     |  | 
 |  |                                                                              |  | 
 |  |                               https://pythia.org/                            |  | 
 |  |                                                                              |  | 
 |  |   PYTHIA is authored by a collaboration consisting of:                       |  | 
 |  |                                                                              |  | 
 |  |   Javira Altmann, Christian Bierlich, Naomi Cooke, Nishita Desai,            |  | 
 |  |   Ilkka Helenius, Philip Ilten, Leif Lonnblad, Stephen Mrenna,               |  | 
 |  |   Christian Preuss, Torbjorn Sjostrand, and Peter Skands.                    |  | 
 |  |                                                                              |  | 
 |  |   The complete list of authors, including contact information and            |  | 
 |  |   affiliations, can be found on https://pythia.org/.                         |  | 
 |  |   Problems or bugs should be reported on email at authors@pythia.org.        |  | 
 |  |                                                                              |  | 
 |  |   The main program reference is C. Bierlich et al,                           |  | 
 |  |   'A comprehensive guide to the physics and usage of Pythia 8.3',            |  | 
 |  |   SciPost Phys. Codebases 8-r8.3 (2022) [arXiv:2203.11601 [hep-ph]]          |  | 
 |  |                                                                              |  | 
 |  |   PYTHIA is released under the GNU General Public Licence version 2          |  | 
 |  |   or later. Please respect the MCnet Guidelines for Generator Authors        |  | 
 |  |   and Users.                                                                 |  | 
 |  |                                                                              |  | 
 |  |   Disclaimer: this program comes without any guarantees.                     |  | 
 |  |   Beware of errors and use common sense when interpreting results.           |  | 
 |  |                                                                              |  | 
 |  |   Copyright (C) 2025 Torbjorn Sjostrand                                      |  | 
 |  |                                                                              |  | 
 |  |                                                                              |  | 
 |  *------------------------------------------------------------------------------*  | 
 |                                                                                    | 
 *------------------------------------------------------------------------------------* 


 *-------  PYTHIA Process Initialization  --------------------------*
 |                                                                  |
 | We collide p+ with p+ at a CM energy of 1.360e+04 GeV            |
 |                                                                  |
 |------------------------------------------------------------------|
 |                                                    |             |
 | Subprocess                                    Code |   Estimated |
 |                                                    |    max (mb) |
 |                                                    |             |
 |------------------------------------------------------------------|
 |                                                    |             |
 | g g -> g g                                     111 |   1.250e-08 |
 | g g -> q qbar (uds)                            112 |   3.434e-10 |
 | q g -> q g                                     113 |   5.174e-08 |
 | q q(bar)' -> q q(bar)'                         114 |   3.243e-08 |
 | q qbar -> g g                                  115 |   2.595e-10 |
 | q qbar -> q' qbar' (uds)                       116 |   2.000e-10 |
 | g g -> c cbar                                  121 |   1.145e-10 |
 | q qbar -> c cbar                               122 |   6.666e-11 |
 | g g -> b bbar                                  123 |   1.145e-10 |
 | q qbar -> b bbar                               124 |   6.665e-11 |
 | g g -> Dv Dvbar                               4901 |   1.454e-11 |
 |                                                                  |
 *-------  End PYTHIA Process Initialization -----------------------*

 *-------  PYTHIA Multiparton Interactions Initialization  ---------* 
 |                                                                  | 
 |                   sigmaNonDiffractive =    56.87 mb              | 
 |                                                                  | 
 |    pT0 =  2.63 gives sigmaInteraction =   324.55 mb: accepted    | 
 |                                                                  | 
 *-------  End PYTHIA Multiparton Interactions Initialization  -----* 

 *-------  PYTHIA Flag + Mode + Parm + Word + FVec + MVec + PVec + WVec Settings (changes only)  ------------------* 
 |                                                                                                                 | 
 | Name                                          |                      Now |      Default         Min         Max | 
 |                                               |                          |                                      | 
 | Beams:eCM                                     |                13600.000 |    14000.000         0.0             | 
 | HardQCD:all                                   |                       on |          off                         | 
 | HiddenValley:alphaOrder                       |                        1 |            0           0           3 | 
 | HiddenValley:fragment                         |                       on |          off                         | 
 | HiddenValley:FSR                              |                       on |          off                         | 
 | HiddenValley:gg2DvDvbar                       |                       on |          off                         | 
 | HiddenValley:Lambda                           |                  4.00000 |      0.40000   0.0100000             | 
 | HiddenValley:nFlav                            |                        3 |            1           1           8 | 
 | HiddenValley:pTminFSR                         |                  6.00000 |      0.44000     0.10000             | 
 | HiddenValley:setLambda                        |                       on |          off                         | 
 | Init:showChangedParticleData                  |                      off |           on                         | 
 | Main:writeLog                                 |                       on |          off                         | 
 | Next:numberCount                              |                      100 |         1000           0             | 
 | PhaseSpace:pTHatMin                           |                 1000.000 |          0.0         0.0             | 
 | Stat:showPartonLevel                          |                       on |          off                         | 
 | StringZ:useOldAExtra                          |                       on |          off                         | 
 |                                                                                                                 | 
 *-------  End PYTHIA Flag + Mode + Parm + Word + FVec + MVec + PVec + WVec Settings  -----------------------------* 

 *-------  PYTHIA Flag + Mode + Parm + Word + FVec + MVec + PVec + WVec Settings (changes only)  ------------------* 
 |                                                                                                                 | 
 | Name                                          |                      Now |      Default         Min         Max | 
 |                                               |                          |                                      | 
 | Beams:eCM                                     |                13600.000 |    14000.000         0.0             | 
 | HardQCD:all                                   |                       on |          off                         | 
 | HiddenValley:alphaOrder                       |                        1 |            0           0           3 | 
 | HiddenValley:fragment                         |                       on |          off                         | 
 | HiddenValley:FSR                              |                       on |          off                         | 
 | HiddenValley:gg2DvDvbar                       |                       on |          off                         | 
 | HiddenValley:Lambda                           |                  4.00000 |      0.40000   0.0100000             | 
 | HiddenValley:nFlav                            |                        3 |            1           1           8 | 
 | HiddenValley:pTminFSR                         |                  6.00000 |      0.44000     0.10000             | 
 | HiddenValley:setLambda                        |                       on |          off                         | 
 | Init:showChangedParticleData                  |                      off |           on                         | 
 | Main:writeLog                                 |                       on |          off                         | 
 | Next:numberCount                              |                      100 |         1000           0             | 
 | PhaseSpace:pTHatMin                           |                 1000.000 |          0.0         0.0             | 
 | Stat:showPartonLevel                          |                       on |          off                         | 
 | StringZ:useOldAExtra                          |                       on |          off                         | 
 |                                                                                                                 | 
 *-------  End PYTHIA Flag + Mode + Parm + Word + FVec + MVec + PVec + WVec Settings  -----------------------------* 

 --------  PYTHIA Particle Data Table (partial)  -----------------------------------------------------------------------------------
 
      id   name            antiName         spn chg col      m0        mWidth      mMin       mMax       tau0    res dec ext vis wid
             no onMode   bRatio   meMode     products 

 4900001  Dv               Dvbar              1  -1   1  1.000e+03  1.000e+00  5.000e+01  0.000e+00  1.97327e-13   1   1   0   1   0
              0     1   1.0000000  103        1  4900101 

 4900101  qv1              qv1bar             2   0   0    5.00000    0.00000    5.00000    5.00000  0.00000e+00   0   0   0   0   0

 4900102  qv2              qv2bar             2   0   0    5.00000    0.00000    5.00000    5.00000  0.00000e+00   0   0   0   0   0

 4900103  qv3              qv3bar             2   0   0    5.00000    0.00000    5.00000    5.00000  0.00000e+00   0   0   0   0   0

 4900021  gv                                  3   0   0    0.00000    0.00000    0.00000    0.00000  0.00000e+00   0   0   0   0   0

 4900022  gammav                              3   0   0    0.00000    0.00000    0.00000    0.00000  0.00000e+00   0   0   0   0   0
              0     0   0.0500000   91        1       -1 
              1     0   0.2000000   91        2       -2 
              2     0   0.0500000   91        3       -3 
              3     0   0.2000000   91        4       -4 
              4     0   0.0500000   91        5       -5 
              5     0   0.1500000   91       11      -11 
              6     0   0.0000000   91       12      -12 
              7     0   0.1500000   91       13      -13 
              8     0   0.0000000   91       14      -14 
              9     0   0.1500000   91       15      -15 
             10     0   0.0000000   91       16      -16 

 4900023  Zv                                  3   0   0  1.000e+03  2.000e+01  1.000e+02  0.000e+00  9.86635e-15   1   1   0   1   0
              0     1   0.0750000  102        1       -1 
              1     1   0.0750000  102        2       -2 
              2     1   0.0750000  102        3       -3 
              3     1   0.0750000  102        4       -4 
              4     1   0.0750000  102        5       -5 
              5     1   0.0750000  102        6       -6 
              6     1   0.0250000  102       11      -11 
              7     1   0.0250000  102       12      -12 
              8     1   0.0250000  102       13      -13 
              9     1   0.0250000  102       14      -14 
             10     1   0.0250000  102       15      -15 
             11     1   0.0250000  102       16      -16 
             12     1   0.0500000  102  4900101 -4900101 
             13     1   0.0500000  102  4900102 -4900102 
             14     1   0.0500000  102  4900103 -4900103 
             15     0   0.0500000  102  4900104 -4900104 
             16     0   0.0500000  102  4900105 -4900105 
             17     0   0.0500000  102  4900106 -4900106 
             18     0   0.0500000  102  4900107 -4900107 
             19     0   0.0500000  102  4900108 -4900108 

 4900111  pivDiag                             1   0   0   10.00000    0.00000   10.00000   10.00000  0.00000e+00   0   1   0   0   0
              0     0   0.0000012   91        1       -1 
              1     0   0.0000005   91        2       -2 
              2     0   0.0004920   91        3       -3 
              3     0   0.0793840   91        4       -4 
              4     0   0.8679713   91        5       -5 
              5     0   0.0000000   91       11      -11 
              6     0   0.0000000   91       12      -12 
              7     0   0.0001840   91       13      -13 
              8     0   0.0000000   91       14      -14 
              9     0   0.0519670   91       15      -15 
             10     0   0.0000000   91       16      -16 

 4900113  rhovDiag                            3   0   0   10.00000    0.00000   10.00000   10.00000  0.00000e+00   0   1   0   0   0
              0     0   0.0500000   91        1       -1 
              1     0   0.2000000   91        2       -2 
              2     0   0.0500000   91        3       -3 
              3     0   0.2000000   91        4       -4 
              4     0   0.0500000   91        5       -5 
              5     0   0.1500000   91       11      -11 
              6     0   0.0000000   91       12      -12 
              7     0   0.1500000   91       13      -13 
              8     0   0.0000000   91       14      -14 
              9     0   0.1500000   91       15      -15 
             10     0   0.0000000   91       16      -16 

 4900211  pivUp            pivDn              1   0   0   10.00000    0.00000   10.00000   10.00000  0.00000e+00   0   0   0   0   0

 4900213  rhovUp           rhovDn             3   0   0   10.00000    0.00000   10.00000   10.00000  0.00000e+00   0   0   0   0   0

 --------  End PYTHIA Particle Data Table  -----------------------------------------------------------------------------------------


 --------  PYTHIA Info Listing  ---------------------------------------- 
 
 Beam A: id =   2212, pz =  6.800e+03, e =  6.800e+03, m =  9.383e-01.
 Beam B: id =   2212, pz = -6.800e+03, e =  6.800e+03, m =  9.383e-01.

 In 1: id =   21, x =  8.604e-02, pdf =  8.605e-01 at Q2 =  1.066e+06.
 In 2: id =    2, x =  5.173e-01, pdf =  6.618e-02 at same Q2.

 Subprocess q g -> q g with code 113 is 2 -> 2.
 It has sHat =  8.233e+06,    tHat = -1.258e+06,    uHat = -6.975e+06,
       pTHat =  1.032e+03,   m3Hat =  0.000e+00,   m4Hat =  3.300e-01,
    thetaHat =  8.033e-01,  phiHat =  5.118e+00.
     alphaEM =  8.039e-03,  alphaS =  9.558e-02    at Q2 =  1.066e+06.

 Impact parameter b =  7.969e-01 gives enhancement factor =  1.186e+00.
 Max pT scale for MPI =  1.032e+03, ISR =  1.032e+03, FSR =  1.032e+03.
 Number of MPI =     3, ISR =     6, FSRproc =    90, FSRreson =     0.

 --------  End PYTHIA Info Listing  ------------------------------------

 --------  PYTHIA Event Listing  (hard process)  -----------------------------------------------------------------------------------
 
    no         id  name            status     mothers   daughters     colours      p_x        p_y        p_z         e          m 
     0         90  (system)           -11     0     0     0     0     0     0      0.000      0.000      0.000  13600.000  13600.000
     1       2212  (p+)               -12     0     0     3     0     0     0      0.000      0.000   6800.000   6800.000      0.938
     2       2212  (p+)               -12     0     0     4     0     0     0      0.000      0.000  -6800.000   6800.000      0.938
     3         21  (g)                -21     1     0     5     6   102   101      0.000      0.000    585.101    585.101      0.000
     4          2  (u)                -21     2     0     5     6   101     0      0.000      0.000  -3517.791   3517.791      0.000
     5         21  g                   23     3     4     0     0   102   103    407.694   -948.588    -41.997   1033.343      0.000
     6          2  u                   23     3     4     0     0   103     0   -407.694    948.588  -2890.693   3069.550      0.330
                                   Charge sum:  0.667           Momentum sum:      0.000      0.000  -2932.690   4102.893   2869.331

 --------  End PYTHIA Event Listing  -----------------------------------------------------------------------------------------------

 --------  PYTHIA Event Listing  (complete event)  ---------------------------------------------------------------------------------
 
    no         id  name            status     mothers   daughters     colours      p_x        p_y        p_z         e          m 
     0         90  (system)           -11     0     0     0     0     0     0      0.000      0.000      0.000  13600.000  13600.000
     1       2212  (p+)               -12     0     0   380     0     0     0      0.000      0.000   6800.000   6800.000      0.938
     2       2212  (p+)               -12     0     0   381     0     0     0      0.000      0.000  -6800.000   6800.000      0.938
     3         21  (g)                -21    13    13     5     6   102   101      0.000      0.000    585.101    585.101      0.000
     4          2  (u)                -21    14     0     5     6   101     0      0.000      0.000  -3517.791   3517.791      0.000
     5         21  (g)                -23     3     4     9     9   102   103    407.694   -948.588    -41.997   1033.343      0.000
     6          2  (u)                -23     3     4     7     8   103     0   -407.694    948.588  -2890.693   3069.550      0.330
     7          2  (u)                -51     6     0    10    11   104     0   -327.961    938.301  -2900.205   3065.804      0.330
     8         21  (g)                -51     6     0    12    12   103   104    -51.086    -56.366      6.561     76.354      0.000
     9         21  (g)                -52     5     5    15    15   102   103    379.047   -881.935    -39.046    960.734      0.000
    10          2  (u)                -51     7     0    16    16   105     0   -270.388    921.567  -2774.806   2936.314      0.330
    11         21  (g)                -51     7     0    18    18   104   105    -65.055      8.478   -124.439    140.673      0.000
    12         21  (g)                -52     8     8    17    17   103   104    -43.604    -48.111      5.600     65.171      0.000
    13         21  (g)                -42    23     0     3     3   102   101     -0.000      0.000    585.101    585.101      0.000
    14          2  (u)                -41    24    24    19     4   106     0      0.000     -0.000  -3652.314   3652.314      0.000
    15         21  (g)                -44     9     9    20    21   102   103    386.620   -882.161    -51.677    964.548      0.000
    16          2  (u)                -44    10    10    26    26   105     0   -227.130    920.277  -2825.139   2979.917      0.330
    17         21  (g)                -44    12    12    22    22   103   104    -43.152    -48.124      4.225     64.776      0.000
    18         21  (g)                -44    11    11    28    28   104   105    -63.047      8.418   -127.229    142.243      0.000
    19         21  (g)                -43    14     0    29    29   106   101    -53.290      1.590    -67.393     85.932      0.000
    20         21  (g)                -51    15     0    25    25   102   107    316.686   -781.194     -0.400    842.944      0.000
    21         21  (g)                -51    15     0    30    30   107   103     59.834   -112.230    -50.288    136.764      0.000
    22         21  (g)                -52    17    17    27    27   103   104    -33.053    -36.861      3.236     49.616      0.000
    23         21  (g)                -41    35     0    31    13   102   108     -0.000      0.000    597.866    597.866      0.000
    24          2  (u)                -42    36    36    14    14   106     0      0.000     -0.000  -3652.314   3652.314      0.000
    25         21  (g)                -44    20    20    37    37   102   107    309.148   -764.572     21.279    824.983      0.000
    26          2  (u)                -44    16    16    34    34   105     0   -228.515    923.330  -2832.177   2987.639      0.330
    27         21  (g)                -44    22    22    39    39   103   104    -33.526    -35.818      3.872     49.213      0.000
    28         21  (g)                -44    18    18    32    33   104   105    -63.181      8.714   -127.335    142.415      0.000
    29         21  (g)                -44    19    19    41    41   106   101    -53.456      1.956    -67.526     86.146      0.000
    30         21  (g)                -44    21    21    42    42   107   103     59.060   -110.524    -46.969    133.827      0.000
    31         21  (g)                -43    23     0    43    43   101   108     10.470    -23.085     -5.593     25.958      0.000
    32         21  (g)                -51    28     0    40    40   104   109    -58.027     32.019   -145.775    160.133      0.000
    33         21  (g)                -51    28     0    44    44   109   105     -8.622     -9.293    -24.540     27.620      0.000
    34          2  (u)                -52    26    26    38    38   105     0   -225.047    909.318  -2789.197   2942.300      0.330
    35         -1  (dbar)             -41   103     0    45    23     0   108      0.000     -0.000    702.652    702.652      0.000
    36          2  (u)                -42    66    66    24    24   106     0     -0.000     -0.000  -3652.314   3652.314      0.000
    37         21  (g)                -44    25    25    48    48   102   107    298.137   -764.477     25.469    820.951      0.000
    38          2  (u)                -44    34    34    58    59   105     0   -227.039    909.335  -2791.692   2944.823      0.330
    39         21  (g)                -44    27    27    99    99   103   104    -34.217    -35.812      3.445     49.650      0.000
    40         21  (g)                -44    32    32   102   102   104   109    -58.214     32.021   -146.505    160.866      0.000
    41         21  (g)                -44    29    29    51    51   106   101    -53.699      1.958    -68.207     86.831      0.000
    42         21  (g)                -44    30    30    46    47   107   103     57.930   -110.514    -46.171    133.045      0.000
    43         21  (g)                -44    31    31    49    50   101   108     10.205    -23.083     -5.451     25.820      0.000
    44         21  (g)                -44    33    33    60    60   109   105     -8.662     -9.292    -24.646     27.727      0.000
    45         -1  (dbar)             -43    35     0    69    69     0   102     15.559     -0.134    104.096    105.253      0.330
    46         21  (g)                -51    42     0    55    56   110   103     20.171    -34.552    -24.162     46.739      0.000
    47         21  (g)                -51    42     0    54    54   107   110     54.318   -118.425    -20.594    131.906      0.000
    48         21  (g)                -52    37    37    52    53   102   107    281.577   -722.015     24.054    775.351      0.000
    49         -2  (ubar)             -51    43     0   111   111     0   108    -13.276    -11.684    -17.942     25.195      0.330
    50          2  (u)                -51    43     0    87    87   101     0     13.216    -11.025     -0.547     17.223      0.330
    51         21  (g)                -52    41    41    64    65   106   101    -43.434      1.584    -55.169     70.233      0.000
    52         21  (g)                -51    48     0    63    63   102   111    293.205   -747.720     20.502    803.415      0.000
    53         21  (g)                -51    48     0    61    62   111   107      0.476     -0.685     -1.037      1.331      0.000
    54         21  (g)                -52    47    47    57    57   107   110     42.214    -92.035    -16.005    102.511      0.000
    55         21  (g)                -51    46     0    73    74   112   103     26.521    -48.255    -29.371     62.407      0.000
    56         21  (g)                -51    46     0    75    75   110   112     25.385    -55.484     -6.823     61.396      0.000
    57         21  (g)                -52    54    54   114   114   107   110     10.479    -22.847     -3.973     25.448      0.000
    58          2  (u)                -51    38     0   106   106   113     0   -184.500    764.033  -2366.318   2493.441      0.330
    59         21  (g)                -51    38     0    70    71   105   113    -42.711    145.118   -425.863    451.933      0.000
    60         21  (g)                -52    44    44    72    72   109   105     -8.490     -9.108    -24.156     27.177      0.000
    61         21  (g)                -51    53     0   116   116   114   107     78.320   -220.274     -1.176    233.786      0.000
    62         21  (g)                -51    53     0    81    81   111   114     62.454   -138.192      9.950    151.976      0.000
    63         21  (g)                -52    52    52    67    68   102   111    152.907   -389.939     10.692    418.983      0.000
    64         21  (g)                -51    51     0    85    86   115   101    -23.284      6.348    -39.851     46.589      0.000
    65         21  (g)                -51    51     0   120   120   106   115    -20.151     -4.765    -21.585     29.911      0.000
    66          2  (u)                -53   104   104    36    36   106     0      0.000     -0.000  -3658.581   3658.581      0.000
    67         21  (g)                -51    63     0    79    80   116   111    109.279   -294.381     10.113    314.172      0.000
    68         21  (g)                -51    63     0    78    78   102   116     43.666    -95.558      0.830    105.066      0.000
    69         -1  (dbar)             -52    45    45    76    77     0   102     15.522     -0.134    103.844    104.998      0.330
    70         -2  (ubar)             -51    59     0   118   118     0   113    -16.812     35.377   -107.217    114.148      0.330
    71          2  (u)                -51    59     0    84    84   105     0    -26.182    109.437   -319.453    338.692      0.330
    72         21  (g)                -52    60    60    82    83   109   105     -8.207     -8.804    -23.350     26.269      0.000
    73         21  (g)                -51    55     0    97    98   117   103     22.501    -47.933    -19.030     56.267      0.000
    74         21  (g)                -51    55     0   123   123   112   117      9.841    -13.045    -11.905     20.217      0.000
    75         21  (g)                -52    56    56   117   117   110   112     19.564    -42.762     -5.259     47.318      0.000
    76         -1  (dbar)             -51    69     0    96    96     0   118     13.546     -4.486    100.701    101.707      0.330
    77         21  (g)                -51    69     0    93    93   118   102      2.686      2.798      3.157      5.001      0.000
    78         21  (g)                -52    68    68    91    92   102   116     42.955    -94.003      0.817    103.356      0.000
    79         21  (g)                -51    67     0   105   105   116   119    104.118   -280.884     13.021    299.844      0.000
    80         21  (g)                -51    67     0   125   125   119   111     24.633    -56.582      0.195     61.712      0.000
    81         21  (g)                -52    62    62   119   119   111   114     42.982    -95.107      6.848    104.593      0.000
    82         21  (g)                -51    72     0   100   101   109   120     -8.129     -2.815    -14.448     16.815      0.000
    83         21  (g)                -51    72     0   126   126   120   105     -0.411     -4.597    -12.965     13.762      0.000
    84          2  (u)                -52    71    71   122   122   105     0    -25.849    108.045   -315.389    334.384      0.330
    85         21  (g)                -51    64     0   109   109   115   121    -10.924     -0.252    -13.641     17.478      0.000
    86         21  (g)                -51    64     0    88    89   121   101    -12.032      6.327    -26.223     29.538      0.000
    87          2  (u)                -52    50    50    90    90   101     0     12.889    -10.752     -0.533     16.796      0.330
    88         21  (g)                -51    86     0   127   127   121   122     -3.669     -1.919     -8.559      9.508      0.000
    89         21  (g)                -51    86     0   128   128   122   101     -7.762      7.745    -17.689     20.812      0.000
    90          2  (u)                -52    87    87   115   115   101     0     12.288    -10.251     -0.509     16.013      0.330
    91         21  (g)                -51    78     0   121   121   123   116     31.590    -76.752     -0.158     82.999      0.000
    92         21  (g)                -51    78     0   129   129   102   123     11.519    -17.091      1.155     20.643      0.000
    93         21  (g)                -52    77    77    94    95   118   102      2.533      2.638      2.977      4.715      0.000
    94         21  (g)                -51    93     0   124   124   124   102      1.999      3.860      5.405      6.936      0.000
    95         21  (g)                -51    93     0   130   130   118   124      3.684     -2.267     21.001     21.442      0.000
    96         -1  (dbar)             -52    76    76   113   113     0   118     10.395     -3.442     77.271     78.044      0.330
    97         21  (g)                -51    73     0   110   110   117   125     18.633    -45.689    -19.575     53.084      0.000
    98         21  (g)                -51    73     0   131   131   125   103      3.033     -3.117      0.628      4.394      0.000
    99         21  (g)                -52    39    39   107   107   103   104    -33.382    -34.939      3.361     48.440      0.000
   100         21  (g)                -51    82     0   112   112   126   120     -1.568     -1.762     -2.101      3.159      0.000
   101         21  (g)                -51    82     0   132   132   109   126    -13.983      3.030    -31.026     34.166      0.000
   102         21  (g)                -52    40    40   108   108   104   109    -50.792     27.938   -127.826    140.357      0.000
   103         21  (g)                -41   134     0   133    35   127   108      0.000      0.000    857.718    857.718      0.000
   104          2  (u)                -42   135   135    66    66   106     0      0.000     -0.000  -3658.581   3658.581      0.000
   105         21  (g)                -44    79    79   136   136   116   119    103.825   -280.304     13.640    299.226      0.000
   106          2  (u)                -44    58    58   137   137   113     0   -184.619    764.269  -2367.897   2495.020      0.330
   107         21  (g)                -44    99    99   138   138   103   104    -33.431    -34.843      3.394     48.406      0.000
   108         21  (g)                -44   102   102   139   139   104   109    -50.804     27.961   -127.925    140.455      0.000
   109         21  (g)                -44    85    85   140   140   115   121    -10.928     -0.245    -13.651     17.488      0.000
   110         21  (g)                -44    97    97   141   141   117   125     18.602    -45.627    -19.472     52.981      0.000
   111         -2  (ubar)             -44    49    49   142   142     0   108    -13.283    -11.670    -17.933     25.186      0.330
   112         21  (g)                -44   100   100   143   143   126   120     -1.569     -1.760     -2.099      3.157      0.000
   113         -1  (dbar)             -44    96    96   144   144     0   118     10.250     -3.154     77.287     78.029      0.330
   114         21  (g)                -44    57    57   145   145   107   110     10.459    -22.807     -3.921     25.396      0.000
   115          2  (u)                -44    90    90   146   146   101     0     12.273    -10.222     -0.478     15.983      0.330
   116         21  (g)                -44    61    61   147   147   114   107     78.103   -219.843     -0.694    233.305      0.000
   117         21  (g)                -44    75    75   148   148   110   112     19.525    -42.684     -5.161     47.221      0.000
   118         -2  (ubar)             -44    70    70   149   149     0   113    -16.819     35.390   -107.298    114.229      0.330
   119         21  (g)                -44    81    81   150   150   111   114     42.878    -94.900      7.064    104.376      0.000
   120         21  (g)                -44    65    65   151   151   106   115    -20.158     -4.749    -21.595     29.921      0.000
   121         21  (g)                -44    91    91   152   152   123   116     31.512    -76.598      0.014     82.827      0.000
   122          2  (u)                -44    84    84   153   153   105     0    -25.866    108.080   -315.613    334.607      0.330
   123         21  (g)                -44    74    74   154   154   112   117      9.833    -13.029    -11.871     20.184      0.000
   124         21  (g)                -44    94    94   155   155   124   102      1.988      3.883      5.399      6.941      0.000
   125         21  (g)                -44    80    80   156   156   119   111     24.575    -56.467      0.323     61.584      0.000
   126         21  (g)                -44    83    83   157   157   120   105     -0.411     -4.595    -12.957     13.754      0.000
   127         21  (g)                -44    88    88   158   158   121   122     -3.670     -1.918     -8.559      9.508      0.000
   128         21  (g)                -44    89    89   159   159   122   101     -7.765      7.751    -17.710     20.834      0.000
   129         21  (g)                -44    92    92   160   160   102   123     11.499    -17.051      1.198     20.601      0.000
   130         21  (g)                -44    95    95   161   161   118   124      3.645     -2.188     21.009     21.435      0.000
   131         21  (g)                -44    98    98   162   162   125   103      3.028     -3.107      0.637      4.386      0.000
   132         21  (g)                -44   101   101   163   163   109   126    -13.986      3.036    -31.045     34.185      0.000
   133          1  (d)                -43   103     0   164   164   127     0      1.314     -2.607    155.049    155.077      0.330
   134         21  (g)                -41   243   243   165   103   128   108     -0.000      0.000   1005.356   1005.356      0.000
   135          2  (u)                -42   375   375   104   104   106     0      0.000     -0.000  -3658.581   3658.581      0.000
   136         21  (g)                -44   105   105   198   198   116   119    103.422   -280.017     14.032    298.835      0.000
   137          2  (u)                -44   106   106   178   178   113     0   -184.783    764.385  -2368.827   2495.951      0.330
   138         21  (g)                -44   107   107   207   207   103   104    -33.497    -34.795      3.383     48.417      0.000
   139         21  (g)                -44   108   108   213   213   104   109    -50.820     27.973   -128.016    140.546      0.000
   140         21  (g)                -44   109   109   386   386   115   121    -10.933     -0.241    -13.665     17.501      0.000
   141         21  (g)                -44   110   110   237   237   117   125     18.559    -45.596    -19.406     52.915      0.000
   142         -2  (ubar)             -44   111   111   241   242     0   108    -13.292    -11.664    -17.939     25.192      0.330
   143         21  (g)                -44   112   112   189   189   126   120     -1.570     -1.760     -2.099      3.157      0.000
   144         -1  (dbar)             -44   113   113   390   390     0   118     10.049     -3.011     77.304     78.013      0.330
   145         21  (g)                -44   114   114   170   171   107   110     10.431    -22.787     -3.886     25.361      0.000
   146          2  (u)                -44   115   115   175   175   101     0     12.253    -10.208     -0.453     15.958      0.330
   147         21  (g)                -44   116   116   172   172   114   107     77.802   -219.629     -0.391    233.003      0.000
   148         21  (g)                -44   117   117   199   200   110   112     19.471    -42.646     -5.096     47.157      0.000
   149         -2  (ubar)             -44   118   118   176   177     0   113    -16.828     35.396   -107.352    114.283      0.330
   150         21  (g)                -44   119   119   193   194   111   114     42.734    -94.798      7.207    104.234      0.000
   151         21  (g)                -44   120   120   373   374   106   115    -20.169     -4.742    -21.616     29.942      0.000
   152         21  (g)                -44   121   121   196   197   123   116     31.406    -76.522      0.125     82.716      0.000
   153          2  (u)                -44   122   122   186   186   105     0    -25.891    108.098   -315.744    334.738      0.330
   154         21  (g)                -44   123   123   201   201   112   117      9.822    -13.022    -11.847     20.159      0.000
   155         21  (g)                -44   124   124   216   216   124   102      1.972      3.894      5.398      6.942      0.000
   156         21  (g)                -44   125   125   346   347   119   111     24.495    -56.410      0.407     61.500      0.000
   157         21  (g)                -44   126   126   184   185   120   105     -0.412     -4.595    -12.953     13.750      0.000
   158         21  (g)                -44   127   127   307   308   121   122     -3.671     -1.917     -8.562      9.511      0.000
   159         21  (g)                -44   128   128   173   174   122   101     -7.769      7.754    -17.727     20.851      0.000
   160         21  (g)                -44   129   129   214   215   102   123     11.471    -17.031      1.228     20.570      0.000
   161         21  (g)                -44   130   130   238   239   118   124      3.590     -2.149     21.016     21.428      0.000
   162         21  (g)                -44   131   131   205   206   125   103      3.022     -3.103      0.644      4.379      0.000
   163         21  (g)                -44   132   132   187   188   109   126    -13.990      3.039    -31.065     34.206      0.000
   164          1  (d)                -44   133   133   410   410   127     0      0.913     -2.322    155.053    155.074      0.330
   165         21  (g)                -43   134     0   411   411   128   127      2.215     -1.576    147.622    147.647      0.000
   166         21  (g)                -31   179     0   168   169   129   130      0.000      0.000      0.151      0.151      0.000
   167         21  (g)                -31   180   180   168   169   131   132      0.000      0.000   -204.318    204.318      0.000
   168         21  (g)                -33   166   167   181   181   129   132      0.054      2.666   -191.779    191.798      0.000
   169         21  (g)                -33   166   167   182   182   131   130     -0.054     -2.666    -12.387     12.671      0.000
   170         -3  (sbar)             -51   145     0   391   391     0   110      6.822    -20.077     -3.603     21.514      0.500
   171          3  (s)                -51   145     0   261   261   107     0     15.029    -34.945     -0.340     38.044      0.500
   172         21  (g)                -52   147   147   195   195   114   107     66.383   -187.394     -0.333    198.805      0.000
   173         21  (g)                -51   159     0   217   218   122   133     -7.588      8.397    -15.545     19.228      0.000
   174         21  (g)                -51   159     0   219   219   133   101      0.587     -1.283     -2.211      2.623      0.000
   175          2  (u)                -52   146   146   392   392   101     0     11.485     -9.567     -0.425     14.957      0.330
   176         -2  (ubar)             -51   149     0   210   210     0   134    -16.197     39.640   -115.281    122.977      0.330
   177         21  (g)                -51   149     0   208   209   134   113     -3.146      6.160    -24.311     25.276      0.000
   178          2  (u)                -52   137   137   383   383   113     0   -182.269    753.982  -2336.587   2461.981      0.330
   179          3  (s)                -41   192   192   183   166   129     0     -0.000     -0.000     12.669     12.669      0.000
   180         21  (g)                -42   249   249   167   167   131   132      0.000     -0.000   -204.318    204.318      0.000
   181         21  (g)                -44   168   168   190   191   129   132      0.126      2.572   -173.623    173.642      0.000
   182         21  (g)                -44   169   169   202   203   131   130      1.052     -4.098    -30.460     30.752      0.000
   183          3  (s)                -43   179     0   204   204   130     0     -1.178      1.525     12.434     12.592      0.500
   184         21  (g)                -51   157     0   372   372   120   135     -2.170     -1.507     -6.190      6.730      0.000
   185         21  (g)                -51   157     0   223   224   135   105      1.559     -2.260     -9.179      9.581      0.000
   186          2  (u)                -52   153   153   225   225   105     0    -25.693    107.271   -313.328    332.177      0.330
   187         21  (g)                -51   163     0   244   245   109   136    -13.617      3.339    -29.588     32.741      0.000
   188         21  (g)                -51   163     0   288   288   136   126     -0.897     -0.887     -2.177      2.516      0.000
   189         21  (g)                -52   143   143   370   371   126   120     -1.047     -1.173     -1.400      2.105      0.000
   190         21  (g)                -51   181     0   252   252   138   132      1.215     -0.888    -31.137     31.174      0.000
   191         21  (g)                -51   181     0   250   251   129   138     -1.089      3.460   -142.454    142.500      0.000
   192          3  (s)                -53   471   471   179   179   129     0     -0.000     -0.000     12.700     12.700      0.000
   193         21  (g)                -51   150     0   285   285   111   139     47.453   -109.084      7.236    119.178      0.000
   194         21  (g)                -51   150     0   222   222   139   114      0.469     -0.359     -0.054      0.593      0.000
   195         21  (g)                -52   172   172   220   221   114   107     61.195   -172.749     -0.307    183.268      0.000
   196         21  (g)                -51   152     0   328   329   123   140     39.185   -101.985      2.748    109.288      0.000
   197         21  (g)                -51   152     0   258   258   140   116      8.521    -18.674     -0.411     20.530      0.000
   198         21  (g)                -52   136   136   256   257   116   119     87.120   -235.881     11.820    251.733      0.000
   199         21  (g)                -51   148     0   234   234   110   141     10.964    -23.433     -4.599     26.277      0.000
   200         21  (g)                -51   148     0   232   233   141   112      8.855    -19.675     -0.918     21.596      0.000
   201         21  (g)                -52   154   154   235   236   112   117      9.473    -12.559    -11.426     19.443      0.000
   202         21  (g)                -51   182     0   247   248   131   142     -0.419     -3.899    -21.712     22.064      0.000
   203         21  (g)                -51   182     0   291   291   142   130      1.462     -0.188     -8.656      8.781      0.000
   204          3  (s)                -52   183   183   301   302   130     0     -1.169      1.514     12.342     12.500      0.500
   205         21  (g)                -51   162     0   271   272   125   143      2.058     -0.595     -0.142      2.147      0.000
   206         21  (g)                -51   162     0   229   230   143   103      0.014     -3.494      0.882      3.603      0.000
   207         21  (g)                -52   138   138   211   212   103   104    -32.548    -33.810      3.287     47.046      0.000
   208         21  (g)                -51   177     0   255   255   144   113     -0.911      4.879    -15.301     16.086      0.000
   209         21  (g)                -51   177     0   253   254   134   144     -8.274     16.069    -51.987     55.040      0.000
   210         -2  (ubar)             -52   176   176   395   395     0   134    -10.157     24.851    -72.304     77.128      0.330
   211         21  (g)                -51   207     0   231   231   103   145    -33.102    -32.565      3.226     46.547      0.000
   212         21  (g)                -51   207     0   280   281   145   104      0.263     -1.084     -0.671      1.302      0.000
   213         21  (g)                -52   139   139   246   246   104   109    -50.529     27.813   -127.284    139.742      0.000
   214         21  (g)                -51   160     0   264   264   146   123      9.962    -15.859      0.320     18.732      0.000
   215         21  (g)                -51   160     0   262   263   102   146      1.622     -0.947      1.219      2.239      0.000
   216         21  (g)                -52   155   155   240   240   124   102      1.858      3.670      5.087      6.542      0.000
   217         21  (g)                -51   173     0   309   309   122   147     -3.513      1.952     -4.885      6.326      0.000
   218         21  (g)                -51   173     0   349   350   147   133     -4.001      6.282    -10.940     13.235      0.000
   219         21  (g)                -52   174   174   351   351   133   101      0.513     -1.121     -1.931      2.291      0.000
   220         21  (g)                -51   195     0   259   260   148   107     55.188   -156.791      0.442    166.221      0.000
   221         21  (g)                -51   195     0   425   425   114   148      6.114    -16.040     -0.762     17.183      0.000
   222         21  (g)                -52   194   194   283   284   139   114      0.361     -0.277     -0.042      0.457      0.000
   223          1  (d)                -51   185     0   415   415   135     0     -0.660      1.279     -8.183      8.315      0.330
   224         -1  (dbar)             -51   185     0   228   228     0   105      1.820     -1.871     -5.868      6.431      0.330
   225          2  (u)                -52   186   186   226   227   105     0    -25.293    105.603   -308.456    327.012      0.330
   226          2  (u)                -51   225     0   265   266   150     0    -24.727    101.400   -298.729    316.437      0.330
   227         21  (g)                -51   225     0   267   267   105   150     -0.531      4.166     -9.840     10.699      0.000
   228         -1  (dbar)             -52   224   224   327   327     0   105      1.785     -1.834     -5.755      6.307      0.330
   229         21  (g)                -51   206     0   312   312   143   151      0.372     -1.018      0.837      1.370      0.000
   230         21  (g)                -51   206     0   294   294   151   103     -2.208     -4.296      0.225      4.835      0.000
   231         21  (g)                -52   211   211   282   282   103   145    -31.252    -30.745      3.046     43.945      0.000
   232         21  (g)                -51   200     0   319   320   152   112      5.407    -11.735     -0.115     12.921      0.000
   233         21  (g)                -51   200     0   429   429   141   152      8.383    -18.486     -2.872     20.500      0.000
   234         21  (g)                -52   199   199   394   394   110   141      6.030    -12.887     -2.530     14.451      0.000
   235         21  (g)                -51   201     0   321   321   112   154      3.829     -6.098     -6.044      9.400      0.000
   236         21  (g)                -51   201     0   340   341   154   117      6.226     -7.889     -5.990     11.700      0.000
   237         21  (g)                -52   141   141   273   273   117   125     17.977    -44.168    -18.799     51.258      0.000
   238          1  (d)                -51   161     0   407   407   118     0     -0.050     -0.475      4.212      4.252      0.330
   239         -1  (dbar)             -51   161     0   270   270     0   124      3.764     -1.429     17.143     17.613      0.330
   240         21  (g)                -52   216   216   268   269   124   102      1.734      3.425      4.748      6.106      0.000
   241         -2  (ubar)             -51   142     0   339   339     0   155    -12.392    -10.751    -15.351     22.470      0.330
   242         21  (g)                -51   142     0   337   338   155   108     -0.900     -0.913     -2.500      2.810      0.000
   243         21  (g)                -53   357   357   134   134   128   108     -0.000      0.000   1005.443   1005.443      0.000
   244         21  (g)                -51   187     0   286   287   156   136     -5.719      1.810    -15.037     16.189      0.000
   245         21  (g)                -51   187     0   277   278   109   156    -11.114      3.300    -22.653     25.448      0.000
   246         21  (g)                -52   213   213   279   279   104   109    -47.313     26.042   -119.181    130.847      0.000
   247         21  (g)                -51   202     0   289   290   157   142     -0.914     -1.990    -10.045     10.280      0.000
   248         21  (g)                -51   202     0   334   335   131   157      0.495     -1.909    -16.801     16.916      0.000
   249         21  (g)                -53   336   336   180   180   131   132      0.000     -0.000   -209.451    209.451      0.000
   250         21  (g)                -51   191     0   322   323   129   158     -1.020      3.484   -126.006    126.058      0.000
   251         21  (g)                -51   191     0   324   324   158   138      0.197     -0.218    -23.259     23.261      0.000
   252         21  (g)                -52   190   190   473   473   138   132      0.949     -0.694    -24.326     24.355      0.000
   253         21  (g)                -51   209     0   318   318   134   159     -6.362     13.457    -40.777     43.408      0.000
   254         21  (g)                -51   209     0   316   317   159   144     -2.284      4.601    -17.449     18.189      0.000
   255         21  (g)                -52   208   208   414   414   144   113     -0.540      2.890     -9.063      9.527      0.000
   256         21  (g)                -51   198     0   363   363   160   119     82.455   -224.347     10.881    239.267      0.000
   257         21  (g)                -51   198     0   361   362   116   160      5.695    -13.790      0.889     14.946      0.000
   258         21  (g)                -52   197   197   330   330   140   116      7.492    -16.417     -0.362     18.049      0.000
   259         21  (g)                -51   220     0   393   393   148   161      8.493    -26.007      0.176     27.359      0.000
   260         21  (g)                -51   220     0   274   275   161   107     48.247   -134.340      0.228    142.741      0.000
   261          3  (s)                -52   171   171   276   276   107     0     13.476    -31.389     -0.302     34.165      0.500
   262         21  (g)                -51   215     0   423   423   102   162      1.406     -0.436      0.052      1.473      0.000
   263         21  (g)                -51   215     0   437   437   162   146      1.665     -2.817      1.214      3.490      0.000
   264         21  (g)                -52   214   214   358   359   146   123      8.514    -13.553      0.274     16.008      0.000
   265          2  (u)                -51   226     0   352   353   163     0     -5.602     20.519    -61.841     65.398      0.330
   266         21  (g)                -51   226     0   354   354   150   163    -19.210     81.548   -238.464    252.753      0.000
   267         21  (g)                -52   227   227   325   326   105   150     -0.446      3.499     -8.264      8.985      0.000
   268         21  (g)                -51   240     0   401   401   164   102      1.763      3.542      5.196      6.531      0.000
   269         21  (g)                -51   240     0   439   439   124   164      0.475     -0.311      1.848      1.933      0.000
   270         -1  (dbar)             -52   239   239   431   431     0   124      3.261     -1.235     14.847     15.255      0.330
   271         21  (g)                -51   205     0   408   408   165   143      2.729     -2.121     -0.370      3.476      0.000
   272         21  (g)                -51   205     0   304   305   125   165     -0.059      0.022     -0.412      0.417      0.000
   273         21  (g)                -52   237   237   306   306   117   125     17.365    -42.664    -18.158     49.513      0.000
   274         21  (g)                -51   260     0   436   436   161   166     25.111    -70.707      0.826     75.038      0.000
   275         21  (g)                -51   260     0   441   441   166   107     24.912    -67.679     -0.642     72.122      0.000
   276          3  (s)                -52   261   261   412   412   107     0     11.701    -27.342     -0.257     29.746      0.500
   277         21  (g)                -51   245     0   295   296   167   156    -13.180      4.252    -27.170     30.496      0.000
   278         21  (g)                -51   245     0   297   297   109   167     -5.082      2.982    -13.488     14.718      0.000
   279         21  (g)                -52   246   246   385   385   104   109    -40.165     22.108   -101.177    111.080      0.000
   280         21  (g)                -51   212     0   422   422   168   104     -0.919     -1.528     -1.086      2.087      0.000
   281         21  (g)                -51   212     0   443   443   145   168     -0.032     -0.751      0.533      0.921      0.000
   282         21  (g)                -52   231   231   292   293   103   145    -30.038    -29.551      2.928     42.239      0.000
   283         21  (g)                -51   222     0   417   417   169   114      0.835     -1.886     -0.365      2.095      0.000
   284         21  (g)                -51   222     0   444   444   139   169     10.633    -23.924      2.017     26.259      0.000
   285         21  (g)                -52   193   193   348   348   111   139     36.346    -83.550      5.542     91.282      0.000
   286         21  (g)                -51   244     0   366   366   156   170     -0.560      0.592     -2.955      3.065      0.000
   287         21  (g)                -51   244     0   300   300   170   136     -5.419      0.961    -12.712     13.852      0.000
   288         21  (g)                -52   188   188   298   299   136   126     -0.637     -0.630     -1.547      1.788      0.000
   289         21  (g)                -51   247     0   474   474   157   171     -0.614     -2.220     -9.757     10.025      0.000
   290         21  (g)                -51   247     0   480   480   171   142      0.200      0.166     -3.251      3.262      0.000
   291         21  (g)                -52   203   203   303   303   142   130      0.961     -0.124     -5.693      5.775      0.000
   292         -3  (sbar)             -51   282     0   384   384     0   145     -6.278     -6.961      0.329      9.393      0.500
   293          3  (s)                -51   282     0   446   446   103     0    -24.138    -23.327      2.637     33.676      0.500
   294         21  (g)                -52   230   230   310   311   151   103     -1.829     -3.558      0.186      4.005      0.000
   295         21  (g)                -51   277     0   364   365   173   156    -13.193      5.168    -27.754     31.162      0.000
   296         21  (g)                -51   277     0   447   447   167   173     -2.127      0.339     -5.097      5.533      0.000
   297         21  (g)                -52   278   278   442   442   109   167     -2.941      1.726     -7.807      8.520      0.000
   298         21  (g)                -51   288     0   416   416   174   126     -3.374     -0.105     -8.182      8.851      0.000
   299         21  (g)                -51   288     0   448   448   136   174     -0.064     -0.029      0.065      0.096      0.000
   300         21  (g)                -52   287   287   445   445   170   136     -2.618      0.464     -6.142      6.693      0.000
   301          3  (s)                -51   204     0   475   475   175     0     -0.974      1.306     12.303     12.420      0.500
   302         21  (g)                -51   204     0   481   481   130   175     -0.154      0.203     -0.204      0.326      0.000
   303         21  (g)                -52   291   291   477   477   142   130      0.920     -0.118     -5.449      5.528      0.000
   304         21  (g)                -51   272     0   440   440   176   165      0.538     -0.312      0.108      0.631      0.000
   305         21  (g)                -51   272     0   313   314   125   176      0.726     -2.916     -1.903      3.557      0.000
   306         21  (g)                -52   273   273   315   315   117   125     16.043    -39.415    -16.775     45.742      0.000
   307         21  (g)                -51   158     0   404   404   121   178     -2.268     -0.802     -6.357      6.797      0.000
   308         21  (g)                -51   158     0   450   450   178   122     -1.744     -0.926     -2.679      3.328      0.000
   309         21  (g)                -52   217   217   405   405   122   147     -3.172      1.763     -4.410      5.712      0.000
   310         21  (g)                -51   294     0   428   428   179   103     -1.777     -2.578      0.329      3.148      0.000
   311         21  (g)                -51   294     0   451   451   151   179      0.096     -1.386      0.190      1.402      0.000
   312         21  (g)                -52   229   229   420   420   143   151      0.224     -0.613      0.504      0.825      0.000
   313         21  (g)                -51   305     0   449   449   180   176      1.594     -5.717     -2.190      6.326      0.000
   314         21  (g)                -51   305     0   452   452   125   180      2.429     -5.298     -3.160      6.629      0.000
   315         21  (g)                -52   306   306   342   342   117   125     12.746    -31.316    -13.329     36.343      0.000
   316         21  (g)                -51   254     0   434   434   181   144     -2.671      5.832    -17.107     18.270      0.000
   317         21  (g)                -51   254     0   453   453   159   181     -3.191      6.339    -23.277     24.335      0.000
   318         21  (g)                -52   253   253   421   421   134   159     -2.784      5.888    -17.842     18.993      0.000
   319         21  (g)                -51   232     0   419   419   152   182      5.092     -9.556     -0.216     10.830      0.000
   320         21  (g)                -51   232     0   331   332   182   112      0.476     -2.435     -0.153      2.486      0.000
   321         21  (g)                -52   235   235   333   333   112   154      3.668     -5.842     -5.790      9.005      0.000
   322         21  (g)                -51   250     0   476   476   129   184     -0.233      0.772    -15.067     15.088      0.000
   323         21  (g)                -51   250     0   482   482   184   158     -0.718      2.636   -119.033    119.065      0.000
   324         21  (g)                -52   251   251   479   479   158   138      0.128     -0.142    -15.165     15.166      0.000
   325         21  (g)                -51   267     0   427   427   185   150     -0.004      3.463     -7.876      8.604      0.000
   326         21  (g)                -51   267     0   455   455   105   185     -0.266     -0.148     -0.950      0.997      0.000
   327         -1  (dbar)             -52   228   228   426   426     0   105      1.608     -1.651     -5.193      5.691      0.330
   328         21  (g)                -51   196     0   360   360   123   186     16.961    -45.677      1.231     48.740      0.000
   329         21  (g)                -51   196     0   456   456   186   140     23.241    -58.537      1.469     62.999      0.000
   330         21  (g)                -52   258   258   418   418   140   116      6.474    -14.188     -0.312     15.598      0.000
   331         21  (g)                -51   320     0   343   344   182   187      0.400     -1.038      0.286      1.149      0.000
   332         21  (g)                -51   320     0   345   345   187   112      0.701     -2.394     -1.426      2.873      0.000
   333         21  (g)                -52   321   321   400   400   112   154      3.042     -4.845     -4.802      7.470      0.000
   334         21  (g)                -51   248     0   478   478   188   157      0.261     -1.407    -21.044     21.093      0.000
   335         21  (g)                -51   248     0   483   483   131   188      0.234     -0.502     -2.264      2.331      0.000
   336         21  (g)                -53   472   472   249   249   131   132      0.000     -0.000   -215.959    215.959      0.000
   337         21  (g)                -51   242     0   355   356   189   108     -0.496     -1.175     -1.675      2.105      0.000
   338         21  (g)                -51   242     0   458   458   155   189     -3.065     -2.046     -4.112      5.522      0.000
   339         -2  (ubar)             -52   241   241   388   388     0   155     -9.731     -8.443    -12.064     17.653      0.330
   340         21  (g)                -51   236     0   430   430   154   190      6.067     -8.242     -6.396     12.069      0.000
   341         21  (g)                -51   236     0   369   369   190   117      1.265     -2.365     -0.751      2.785      0.000
   342         21  (g)                -52   315   315   367   368   117   125     11.640    -28.599    -12.172     33.189      0.000
   343         21  (g)                -51   331     0   454   454   182   191      0.043     -0.329      0.289      0.440      0.000
   344         21  (g)                -51   331     0   460   460   191   187      0.894     -2.542     -1.096      2.909      0.000
   345         21  (g)                -52   332   332   457   457   187   112      0.164     -0.560     -0.334      0.672      0.000
   346         21  (g)                -51   156     0   402   402   119   194     11.870    -26.939     -0.211     29.439      0.000
   347         21  (g)                -51   156     0   461   461   194   111     16.227    -37.754      1.167     41.110      0.000
   348         21  (g)                -52   285   285   396   396   111   139     32.743    -75.268      4.993     82.233      0.000
   349         21  (g)                -51   218     0   424   424   147   195     -3.421      4.485     -8.775     10.432      0.000
   350         21  (g)                -51   218     0   462   462   195   133     -0.557      1.748     -2.249      2.902      0.000
   351         21  (g)                -52   219   219   413   413   133   101      0.491     -1.072     -1.847      2.191      0.000
   352          2  (u)                -51   265     0   399   399   196     0     -7.770     33.431    -98.093    103.924      0.330
   353         21  (g)                -51   265     0   463   463   163   196     -5.988     21.711    -64.993     68.785      0.000
   354         21  (g)                -52   266   266   438   438   150   163    -11.054     46.925   -137.219    145.442      0.000
   355         21  (g)                -51   337     0   432   432   189   197     -0.235     -1.482     -1.173      1.904      0.000
   356         21  (g)                -51   337     0   464   464   197   108     -0.261      0.307     -0.236      0.467      0.000
   357         21  (g)                -53   380   380   243   243   128   108     -0.000      0.000   1005.710   1005.710      0.000
   358         21  (g)                -51   264     0   406   406   146   198      8.686    -14.195     -0.065     16.642      0.000
   359         21  (g)                -51   264     0   465   465   198   123      1.257     -3.206      0.443      3.472      0.000
   360         21  (g)                -52   328   328   398   398   123   186     15.533    -41.829      1.127     44.634      0.000
   361         21  (g)                -51   257     0   435   435   116   199      0.167     -0.655     -0.053      0.678      0.000
   362         21  (g)                -51   257     0   466   466   199   160     21.602    -56.870      3.064     60.911      0.000
   363         21  (g)                -52   256   256   382   382   160   119     66.381   -180.612      8.760    192.624      0.000
   364         21  (g)                -51   295     0   433   433   173   200     -9.116      4.122    -19.372     21.803      0.000
   365         21  (g)                -51   295     0   467   467   200   156     -4.184      1.159     -8.945      9.943      0.000
   366         21  (g)                -52   286   286   409   409   156   170     -0.453      0.479     -2.392      2.481      0.000
   367         21  (g)                -51   342     0   387   387   201   125     10.643    -26.197    -10.646     30.214      0.000
   368         21  (g)                -51   342     0   468   468   117   201      1.755     -3.818     -1.976      4.643      0.000
   369         21  (g)                -52   341   341   459   459   190   117      0.508     -0.949     -0.301      1.118      0.000
   370         21  (g)                -51   189     0   389   389   126   202     -1.435     -0.922     -1.684      2.397      0.000
   371         21  (g)                -51   189     0   469   469   202   120     -0.483     -0.856     -2.199      2.409      0.000
   372         21  (g)                -52   184   184   403   403   120   135     -1.299     -0.902     -3.706      4.029      0.000
   373         21  (g)                -51   151     0   397   397   203   115     -7.329     -1.472     -7.202     10.380      0.000
   374         21  (g)                -51   151     0   470   470   106   203    -12.841     -3.270    -14.478     19.626      0.000
   375          2  (u)                -53   381   381   135   135   106     0      0.000     -0.000  -3658.645   3658.645      0.000
   376         -2  (ubar)             -31   484   484   378   379     0   204      0.000      0.000     24.653     24.653      0.000
   377         21  (g)                -31   485   485   378   379   206   205      0.000      0.000     -0.012      0.012      0.000
   378         -2  (ubar)             -33   376   377   486   486     0   205      0.404      0.118     19.372     19.380      0.330
   379         21  (g)                -33   376   377   487   487   206   204     -0.404     -0.118      5.268      5.285      0.000
   380         21  (g)                -61     1     0   357   357   128   108     -1.613     -1.884   1005.708   1005.711      0.000
   381          2  (u)                -61     2     0   375   375   132     0      1.174     -3.244  -3658.645   3658.647      0.000
   382         21  (g)                -62   363   363   685   685   160   119     66.249   -180.883      8.735    192.831      0.000
   383          2  (u)                -62   178   178   521   521   113     0   -181.599    751.738  -2336.392   2461.059      0.330
   384         -3  (sbar)             -62   292   292   574   574     0   145     -6.285     -6.974      0.320      9.407      0.500
   385         21  (g)                -62   279   279   497     0   104   109    -40.139     22.005   -101.204    111.075      0.000
   386         21  (g)                -62   140   140   746   746   115   121    -10.931     -0.259    -13.675     17.509      0.000
   387         21  (g)                -62   367   367   628   628   201   125     10.634    -26.233    -10.648     30.243      0.000
   388         -2  (ubar)             -62   339   339   604   604     0   155     -9.731     -8.462    -12.078     17.671      0.330
   389         21  (g)                -62   370   370   563   563   126   202     -1.435     -0.924     -1.686      2.399      0.000
   390         -1  (dbar)             -62   144   144   503   503     0   118      9.925     -3.157     77.312     78.011      0.330
   391         -3  (sbar)             -62   170   170   637   637     0   110      6.811    -20.105     -3.607     21.538      0.500
   392          2  (u)                -62   175   175   739   739   101     0     11.476     -9.588     -0.418     14.963      0.330
   393         21  (g)                -62   259   259   678   678   148   161      8.476    -26.045      0.171     27.390      0.000
   394         21  (g)                -62   234   234   636   636   110   141      6.023    -12.906     -2.530     14.465      0.000
   395         -2  (ubar)             -62   210   210   501     0     0   134    -10.137     24.780    -72.301     77.100      0.330
   396         21  (g)                -62   348   348   682   682   111   139     32.685    -75.384      4.987     82.316      0.000
   397         21  (g)                -62   373   373   747   747   203   115     -7.328     -1.483     -7.210     10.387      0.000
   398         21  (g)                -62   360   360   690   690   123   186     15.503    -41.891      1.121     44.682      0.000
   399          2  (u)                -62   352   352   540   540   196     0     -7.742     33.336    -98.084    103.883      0.330
   400         21  (g)                -62   333   333   631   631   112   154      3.042     -4.853     -4.802      7.474      0.000
   401         21  (g)                -62   268   268   695   695   164   102      1.754      3.530      5.199      6.525      0.000
   402         21  (g)                -62   346   346   684   684   119   194     11.852    -26.979     -0.213     29.468      0.000
   403         21  (g)                -62   372   372   498     0   120   135     -1.298     -0.906     -3.707      4.031      0.000
   404         21  (g)                -62   307   307   745   745   121   178     -2.266     -0.808     -6.359      6.799      0.000
   405         21  (g)                -62   309   309   743   743   122   147     -3.172      1.757     -4.413      5.711      0.000
   406         21  (g)                -62   358   358   692   692   146   198      8.675    -14.218     -0.064     16.656      0.000
   407          1  (d)                -62   238   238   502   502   118     0     -0.057     -0.483      4.211      4.252      0.330
   408         21  (g)                -62   271   271   496     0   165   143      2.727     -2.125     -0.369      3.477      0.000
   409         21  (g)                -62   366   366   567   567   156   170     -0.452      0.477     -2.392      2.481      0.000
   410          1  (d)                -62   164   164   512   512   127     0      0.665     -2.612    155.053    155.077      0.330
   411         21  (g)                -62   165   165   513   513   128   127      1.978     -1.852    147.623    147.648      0.000
   412          3  (s)                -62   276   276   675   675   107     0     11.682    -27.383     -0.259     29.776      0.500
   413         21  (g)                -62   351   351   740   740   133   101      0.491     -1.074     -1.847      2.192      0.000
   414         21  (g)                -62   255   255   522   522   144   113     -0.537      2.881     -9.062      9.524      0.000
   415          1  (d)                -62   223   223   561   561   135     0     -0.658      1.271     -8.183      8.314      0.330
   416         21  (g)                -62   298   298   564   564   174   126     -3.372     -0.113     -8.186      8.854      0.000
   417         21  (g)                -62   283   283   680   680   169   114      0.834     -1.889     -0.365      2.097      0.000
   418         21  (g)                -62   330   330   688   688   140   116      6.465    -14.209     -0.313     15.614      0.000
   419         21  (g)                -62   319   319   634   634   152   182      5.086     -9.571     -0.216     10.840      0.000
   420         21  (g)                -62   312   312   624   624   143   151      0.223     -0.615      0.504      0.826      0.000
   421         21  (g)                -62   318   318   501     0   134   159     -2.779      5.871    -17.841     18.987      0.000
   422         21  (g)                -62   280   280   572   572   168   104     -0.919     -1.530     -1.087      2.090      0.000
   423         21  (g)                -62   262   262   694   694   102   162      1.405     -0.438      0.053      1.473      0.000
   424         21  (g)                -62   349   349   742   742   147   195     -3.419      4.475     -8.776     10.428      0.000
   425         21  (g)                -62   221   221   679   679   114   148      6.104    -16.064     -0.764     17.201      0.000
   426         -1  (dbar)             -62   327   327   547   547     0   131      1.610     -1.656     -5.192      5.693      0.330
   427         21  (g)                -62   325   325   543   543   185   150     -0.001      3.455     -7.874      8.599      0.000
   428         21  (g)                -62   310   310   622   622   179   103     -1.780     -2.582      0.326      3.153      0.000
   429         21  (g)                -62   233   233   635   635   141   152      8.372    -18.513     -2.873     20.520      0.000
   430         21  (g)                -62   340   340   630   630   154   190      6.066     -8.256     -6.394     12.076      0.000
   431         -1  (dbar)             -62   270   270   499     0     0   124      3.236     -1.264     14.850     15.254      0.330
   432         21  (g)                -62   355   355   602   602   189   130     -0.235     -1.484     -1.174      1.906      0.000
   433         21  (g)                -62   364   364   569   569   173   200     -9.111      4.101    -19.379     21.803      0.000
   434         21  (g)                -62   316   316   523   523   181   144     -2.667      5.815    -17.106     18.264      0.000
   435         21  (g)                -62   361   361   687   687   116   199      0.166     -0.656     -0.053      0.679      0.000
   436         21  (g)                -62   274   274   677   677   161   166     25.062    -70.811      0.815     75.120      0.000
   437         21  (g)                -62   263   263   693   693   162   146      1.661     -2.822      1.214      3.493      0.000
   438         21  (g)                -62   354   354   542   542   150   163    -11.015     46.792   -137.207    145.384      0.000
   439         21  (g)                -62   269   269   499     0   124   164      0.472     -0.314      1.848      1.933      0.000
   440         21  (g)                -62   304   304   496     0   176   165      0.537     -0.313      0.108      0.631      0.000
   441         21  (g)                -62   275   275   676   676   166   107     24.866    -67.779     -0.652     72.199      0.000
   442         21  (g)                -62   297   297   497     0   109   167     -2.939      1.718     -7.809      8.519      0.000
   443         21  (g)                -62   281   281   573   573   145   168     -0.033     -0.752      0.533      0.922      0.000
   444         21  (g)                -62   284   284   681   681   139   169     10.615    -23.962      2.015     26.285      0.000
   445         21  (g)                -62   300   300   566   566   170   136     -2.617      0.458     -6.144      6.694      0.000
   446          3  (s)                -62   293   293   621   621   103     0    -24.163    -23.375      2.602     33.723      0.500
   447         21  (g)                -62   296   296   570   570   167   173     -2.126      0.334     -5.099      5.534      0.000
   448         21  (g)                -62   299   299   565   565   136   174     -0.064     -0.029      0.065      0.096      0.000
   449         21  (g)                -62   313   313   626   626   180   176      1.592     -5.725     -2.191      6.333      0.000
   450         21  (g)                -62   308   308   744   744   178   122     -1.743     -0.929     -2.681      3.331      0.000
   451         21  (g)                -62   311   311   623   623   151   179      0.095     -1.388      0.189      1.404      0.000
   452         21  (g)                -62   314   314   627   627   125   180      2.428     -5.305     -3.160      6.635      0.000
   453         21  (g)                -62   317   317   524   524   159   181     -3.184      6.316    -23.277     24.328      0.000
   454         21  (g)                -62   343   343   633   633   182   191      0.043     -0.330      0.289      0.441      0.000
   455         21  (g)                -62   326   326   544   544   105   185     -0.266     -0.148     -0.950      0.998      0.000
   456         21  (g)                -62   329   329   689   689   186   140     23.200    -58.624      1.462     63.065      0.000
   457         21  (g)                -62   345   345   494     0   187   112      0.164     -0.561     -0.334      0.673      0.000
   458         21  (g)                -62   338   338   603   603   155   189     -3.064     -2.051     -4.116      5.526      0.000
   459         21  (g)                -62   369   369   495     0   190   117      0.507     -0.950     -0.301      1.119      0.000
   460         21  (g)                -62   344   344   494     0   191   187      0.893     -2.546     -1.096      2.912      0.000
   461         21  (g)                -62   347   347   683   683   194   111     16.200    -37.811      1.164     41.152      0.000
   462         21  (g)                -62   350   350   741   741   195   133     -0.557      1.745     -2.248      2.900      0.000
   463         21  (g)                -62   353   353   541   541   163   196     -5.969     21.649    -64.988     68.759      0.000
   464         21  (g)                -62   356   356   493     0   197   206     -0.261      0.306     -0.236      0.467      0.000
   465         21  (g)                -62   359   359   691   691   198   123      1.254     -3.211      0.442      3.475      0.000
   466         21  (g)                -62   362   362   686   686   199   160     21.560    -56.955      3.056     60.976      0.000
   467         21  (g)                -62   365   365   568   568   200   156     -4.182      1.150     -8.949      9.944      0.000
   468         21  (g)                -62   368   368   495     0   117   201      1.754     -3.823     -1.976      4.647      0.000
   469         21  (g)                -62   371   371   498     0   202   120     -0.482     -0.858     -2.200      2.410      0.000
   470         21  (g)                -62   374   374   748   748   106   203    -12.839     -3.290    -14.492     19.639      0.000
   471          3  (s)                -61     1     0   192   192   132     0      2.704      2.348     12.452     12.957      0.000
   472         21  (g)                -61     2     0   336   336   175   132     -1.027      0.385   -215.806    215.809      0.000
   473         21  (g)                -62   252   252   751   751   138   188      0.836     -0.648    -24.349     24.372      0.000
   474         21  (g)                -62   289   289   545   545   157   105     -0.631     -2.178     -9.483      9.750      0.000
   475          3  (s)                -62   301   301   507   507   175     0      1.657      3.592     12.048     12.691      0.500
   476         21  (g)                -62   322   322   500     0   129   171     -0.303      0.801    -15.102     15.126      0.000
   477         21  (g)                -62   303   303   749   749   142   106      0.902     -0.101     -5.536      5.610      0.000
   478         21  (g)                -62   334   334   750   750   188   142      0.166     -1.365    -20.930     20.975      0.000
   479         21  (g)                -62   324   324   754   754   132   184      0.056     -0.115    -15.155     15.156      0.000
   480         21  (g)                -62   290   290   500     0   171   138      0.186      0.173     -3.286      3.296      0.000
   481         21  (g)                -62   302   302   493     0   130   197     -0.142      0.215     -0.207      0.330      0.000
   482         21  (g)                -62   323   323   753   753   184   129     -1.281      2.852   -119.113    119.154      0.000
   483         21  (g)                -62   335   335   546   546   131   157      0.231     -0.491     -2.243      2.307      0.000
   484         -2  (ubar)             -61     1     0   376   376     0   204      0.206     -0.109     19.409     19.411      0.000
   485         21  (g)                -61     2     0   377   377   204   175     -0.213      0.561      7.266      7.290      0.000
   486         -2  (ubar)             -62   378   378   508   508     0   175      0.484      0.214     16.006     16.018      0.330
   487         21  (g)                -62   379   379   600   600   206   108     -0.491      0.239     10.669     10.683      0.000
   488       2103  (ud_1)             -63     1     0   755   755     0   132      0.248     -0.467   4683.434   4683.434      0.771
   489          2  (u)                -63     1     0   806   806   204     0     -0.219      0.134    458.153    458.153      0.330
   490         -3  (sbar)             -63     1     0   514   514     0   128     -0.434      0.211    557.950    557.950      0.500
   491          2  (u)                -63     1     0   599   599   108     0     -0.891     -0.234     55.354     55.362      0.330
   492       2103  (ud_1)             -63     2     0   807   807     0   204      0.066      2.298  -2925.274   2925.275      0.771
   493         21  (g)                -73   464   481   601   601   130   206     -0.403      0.521     -0.443      0.797      0.069
   494         21  (g)                -73   457   460   632   632   191   112      1.057     -3.107     -1.430      3.585      0.198
   495         21  (g)                -73   459   468   629   629   190   201      2.261     -4.774     -2.277      5.766      0.400
   496         21  (g)                -73   408   440   625   625   176   143      3.264     -2.438     -0.260      4.108      0.457
   497         21  (g)                -73   385   442   571   571   104   167    -43.079     23.723   -109.014    119.594      0.542
   498         21  (g)                -73   403   469   562   562   202   135     -1.781     -1.764     -5.908      6.442      0.559
   499         -1  (dbar)             -73   431   439   696   696     0   164      3.708     -1.578     16.698     17.187      0.591
   500         21  (g)                -73   476   480   752   752   129   138     -0.117      0.974    -18.388     18.422      0.539
   501         -2  (ubar)             -73   395   421   525   525     0   159    -12.916     30.651    -90.143     96.087      0.826
   502          1  (d)                -71   407   407   504   506   118     0     -0.057     -0.483      4.211      4.252      0.330
   503         -1  (dbar)             -71   390   390   504   506     0   118      9.925     -3.157     77.312     78.011      0.330
   504        313  (K*0)              -83   502   503   827   828     0     0      1.057     -0.107      8.906      9.020      0.954
   505       -321  K-                  84   502   503     0     0     0     0      7.874     -3.080     66.432     66.970      0.494
   506        211  pi+                 84   502   503     0     0     0     0      0.937     -0.453      6.184      6.273      0.140
   507          3  (s)                -71   475   475   509   511   175     0      1.657      3.592     12.048     12.691      0.500
   508         -2  (ubar)             -71   486   486   509   511     0   175      0.484      0.214     16.006     16.018      0.330
   509       3214  (Sigma*0)          -83   507   508   829   830     0     0      0.941      2.603     10.338     10.791      1.381
   510      -2214  (Deltabar-)        -84   507   508   831   832     0     0      0.866      0.958     11.946     12.080      1.252
   511        223  (omega)            -84   507   508   976   978     0     0      0.334      0.245      5.771      5.838      0.781
   512          1  (d)                -71   410   410   515   520   127     0      0.665     -2.612    155.053    155.077      0.330
   513         21  (g)                -71   411   411   515   520   128   127      1.978     -1.852    147.623    147.648      0.000
   514         -3  (sbar)             -71   490   490   515   520     0   128     -0.434      0.211    557.950    557.950      0.500
   515       -211  pi-                 83   512   514     0     0     0     0      1.037     -2.046    133.066    133.086      0.140
   516        223  (omega)            -83   512   514   979   981     0     0      0.591     -1.388     93.047     93.063      0.774
   517        213  (rho+)             -83   512   514   833   834     0     0      0.774     -0.815     99.366     99.374      0.617
   518       -211  pi-                 84   512   514     0     0     0     0     -0.600      0.227    198.629    198.630      0.140
   519        211  pi+                 84   512   514     0     0     0     0      0.194      0.571    202.234    202.235      0.140
   520        311  (K0)               -84   512   514   835   835     0     0      0.212     -0.801    134.283    134.287      0.498
   521          2  (u)                -71   383   383   526   539   113     0   -181.599    751.738  -2336.392   2461.059      0.330
   522         21  (g)                -71   414   414   526   539   144   113     -0.537      2.881     -9.062      9.524      0.000
   523         21  (g)                -71   434   434   526   539   181   144     -2.667      5.815    -17.106     18.264      0.000
   524         21  (g)                -71   453   453   526   539   159   181     -3.184      6.316    -23.277     24.328      0.000
   525         -2  (ubar)             -71   501   501   526   539     0   159    -12.916     30.651    -90.143     96.087      0.826
   526        211  pi+                 83   521   525     0     0     0     0     -7.537     30.185    -93.419     98.464      0.140
   527       -213  (rho-)             -83   521   525   836   837     0     0    -62.328    260.627   -809.435    852.641      0.730
   528       2214  (Delta+)           -83   521   525   838   839     0     0    -68.213    278.364   -865.933    912.130      1.246
   529       -211  pi-                 83   521   525     0     0     0     0     -4.308     18.987    -58.740     61.882      0.140
   530      -1114  (Deltabar+)        -83   521   525   840   841     0     0    -30.086    124.722   -387.848    408.519      1.155
   531        111  (pi0)              -83   521   525   982   983     0     0     -0.925      4.159    -11.802     12.548      0.135
   532        221  (eta)              -83   521   525   984   986     0     0     -3.068     12.652    -39.436     41.533      0.548
   533        111  (pi0)              -83   521   525   987   988     0     0     -6.329     24.680    -78.438     82.473      0.135
   534       -211  pi-                 84   521   525     0     0     0     0     -0.444      0.778     -3.662      3.773      0.140
   535        111  (pi0)              -84   521   525   989   990     0     0     -0.982      2.611     -7.465      7.970      0.135
   536        223  (omega)            -84   521   525   991   993     0     0     -2.196      6.215    -18.595     19.744      0.771
   537        213  (rho+)             -84   521   525   842   843     0     0     -4.342      9.523    -30.203     31.973      0.718
   538        223  (omega)            -84   521   525   994   996     0     0     -5.014     11.160    -33.281     35.467      0.778
   539       -211  pi-                 84   521   525     0     0     0     0     -5.129     12.740    -37.723     40.145      0.140
   540          2  (u)                -71   399   399   548   560   196     0     -7.742     33.336    -98.084    103.883      0.330
   541         21  (g)                -71   463   463   548   560   163   196     -5.969     21.649    -64.988     68.759      0.000
   542         21  (g)                -71   438   438   548   560   150   163    -11.015     46.792   -137.207    145.384      0.000
   543         21  (g)                -71   427   427   548   560   185   150     -0.001      3.455     -7.874      8.599      0.000
   544         21  (g)                -71   455   455   548   560   105   185     -0.266     -0.148     -0.950      0.998      0.000
   545         21  (g)                -71   474   474   548   560   157   105     -0.631     -2.178     -9.483      9.750      0.000
   546         21  (g)                -71   483   483   548   560   131   157      0.231     -0.491     -2.243      2.307      0.000
   547         -1  (dbar)             -71   426   426   548   560     0   131      1.610     -1.656     -5.192      5.693      0.330
   548        111  (pi0)              -83   540   547   997   998     0     0     -2.047      7.924    -23.424     24.813      0.135
   549        223  (omega)            -83   540   547   999  1001     0     0    -11.582     48.276   -141.516    149.973      0.778
   550        111  (pi0)              -83   540   547  1002  1003     0     0     -2.729     11.954    -37.440     39.397      0.135
   551        221  (eta)              -83   540   547  1004  1006     0     0     -4.016     17.600    -51.027     54.129      0.548
   552        211  pi+                 83   540   547     0     0     0     0     -3.841     14.321    -40.844     43.452      0.140
   553       -211  pi-                 83   540   547     0     0     0     0     -0.707      3.784    -11.596     12.219      0.140
   554        111  (pi0)              -84   540   547  1007  1008     0     0      0.113      0.077     -0.218      0.291      0.135
   555        223  (omega)            -84   540   547  1009  1011     0     0      0.197      0.339     -1.775      1.976      0.776
   556        321  K+                  84   540   547     0     0     0     0     -0.784     -0.120     -4.838      4.927      0.494
   557       -321  K-                  84   540   547     0     0     0     0      0.647     -0.702     -2.437      2.663      0.494
   558        213  (rho+)             -84   540   547   844   845     0     0      0.102     -0.918     -3.331      3.547      0.794
   559        313  (K*0)              -84   540   547   846   847     0     0      0.454     -1.142     -5.565      5.781      0.969
   560       -311  (Kbar0)            -84   540   547   848   848     0     0      0.408     -0.634     -2.011      2.205      0.498
   561          1  (d)                -71   415   415   575   598   135     0     -0.658      1.271     -8.183      8.314      0.330
   562         21  (g)                -71   498   498   575   598   202   135     -1.781     -1.764     -5.908      6.442      0.559
   563         21  (g)                -71   389   389   575   598   126   202     -1.435     -0.924     -1.686      2.399      0.000
   564         21  (g)                -71   416   416   575   598   174   126     -3.372     -0.113     -8.186      8.854      0.000
   565         21  (g)                -71   448   448   575   598   136   174     -0.064     -0.029      0.065      0.096      0.000
   566         21  (g)                -71   445   445   575   598   170   136     -2.617      0.458     -6.144      6.694      0.000
   567         21  (g)                -71   409   409   575   598   156   170     -0.452      0.477     -2.392      2.481      0.000
   568         21  (g)                -71   467   467   575   598   200   156     -4.182      1.150     -8.949      9.944      0.000
   569         21  (g)                -71   433   433   575   598   173   200     -9.111      4.101    -19.379     21.803      0.000
   570         21  (g)                -71   447   447   575   598   167   173     -2.126      0.334     -5.099      5.534      0.000
   571         21  (g)                -71   497   497   575   598   104   167    -43.079     23.723   -109.014    119.594      0.542
   572         21  (g)                -71   422   422   575   598   168   104     -0.919     -1.530     -1.087      2.090      0.000
   573         21  (g)                -71   443   443   575   598   145   168     -0.033     -0.752      0.533      0.922      0.000
   574         -3  (sbar)             -71   384   384   575   598     0   145     -6.285     -6.974      0.320      9.407      0.500
   575        113  (rho0)             -83   561   574   849   850     0     0     -0.747     -0.398     -3.241      3.407      0.626
   576       -211  pi-                 83   561   574     0     0     0     0      0.058      0.318     -0.804      0.878      0.140
   577        321  K+                  83   561   574     0     0     0     0     -0.778      0.260     -4.238      4.344      0.494
   578       -323  (K*-)              -83   561   574   851   852     0     0     -0.003     -0.057     -2.142      2.319      0.887
   579        211  pi+                 83   561   574     0     0     0     0     -0.234     -0.012     -0.471      0.544      0.140
   580        223  (omega)            -83   561   574  1012  1014     0     0     -1.808     -0.683     -4.461      4.924      0.777
   581       -213  (rho-)             -83   561   574   853   854     0     0     -1.759     -0.917     -4.102      4.686      1.094
   582       2212  p+                  83   561   574     0     0     0     0     -3.019      1.217     -7.377      8.117      0.938
   583      -3122  (Lambdabar0)       -83   561   574  1015  1016     0     0     -3.261      0.019     -7.033      7.832      1.116
   584       -311  (Kbar0)            -83   561   574   855   855     0     0     -1.463      0.466     -3.337      3.707      0.498
   585        221  (eta)              -83   561   574  1017  1019     0     0     -3.884      1.568     -8.547      9.534      0.548
   586        111  (pi0)              -83   561   574  1020  1021     0     0     -0.394      0.128     -1.194      1.271      0.135
   587        223  (omega)            -83   561   574  1022  1024     0     0     -4.937      2.085    -11.653     12.854      0.842
   588       -211  pi-                 83   561   574     0     0     0     0    -10.673      5.249    -25.029     27.711      0.140
   589        113  (rho0)             -83   561   574   856   857     0     0     -5.684      3.145    -15.101     16.461      0.839
   590        211  pi+                 83   561   574     0     0     0     0    -22.160     11.677    -55.750     61.119      0.140
   591        311  (K0)               -84   561   574   858   858     0     0     -2.281      1.783     -5.986      6.668      0.498
   592       -311  (Kbar0)            -84   561   574   859   859     0     0     -4.997      1.958    -11.892     13.056      0.498
   593       -213  (rho-)             -84   561   574   860   861     0     0     -0.343      0.333     -0.834      1.340      0.933
   594        211  pi+                 84   561   574     0     0     0     0     -0.458     -0.273     -1.828      1.909      0.140
   595        311  (K0)               -84   561   574   862   862     0     0     -0.102     -0.325     -0.160      0.624      0.498
   596       -311  (Kbar0)            -84   561   574   863   863     0     0     -0.955     -1.164     -0.229      1.603      0.498
   597        331  (eta')             -84   561   574  1025  1027     0     0     -1.031     -1.532      0.327      2.105      0.958
   598        313  (K*0)              -84   561   574   864   865     0     0     -5.196     -5.415     -0.028      7.560      0.910
   599          2  (u)                -71   491   491   605   620   108     0     -0.891     -0.234     55.354     55.362      0.330
   600         21  (g)                -71   487   487   605   620   206   108     -0.491      0.239     10.669     10.683      0.000
   601         21  (g)                -71   493   493   605   620   130   206     -0.403      0.521     -0.443      0.797      0.069
   602         21  (g)                -71   432   432   605   620   189   130     -0.235     -1.484     -1.174      1.906      0.000
   603         21  (g)                -71   458   458   605   620   155   189     -3.064     -2.051     -4.116      5.526      0.000
   604         -2  (ubar)             -71   388   388   605   620     0   155     -9.731     -8.462    -12.078     17.671      0.330
   605        113  (rho0)             -83   599   604   866   867     0     0     -0.560      0.248     12.485     12.519      0.692
   606        323  (K*+)              -83   599   604   868   869     0     0      0.310     -0.153     17.039     17.066      0.896
   607       -321  K-                  83   599   604     0     0     0     0     -0.742     -0.545     18.767     18.796      0.494
   608        321  K+                  83   599   604     0     0     0     0     -0.196      0.424     12.271     12.290      0.494
   609       -311  (Kbar0)            -83   599   604   870   870     0     0      0.025      0.165      0.834      0.986      0.498
   610        311  (K0)               -83   599   604   871   871     0     0     -0.040      0.142      2.425      2.480      0.498
   611       -311  (Kbar0)            -83   599   604   872   872     0     0     -0.466     -0.167      1.681      1.821      0.498
   612       -211  pi-                 84   599   604     0     0     0     0      0.306     -0.168     -0.366      0.525      0.140
   613        111  (pi0)              -84   599   604  1028  1029     0     0     -0.612     -0.567     -0.668      1.077      0.135
   614        211  pi+                 84   599   604     0     0     0     0     -0.511     -0.387     -0.350      0.744      0.140
   615       -211  pi-                 84   599   604     0     0     0     0      0.117     -0.087     -0.139      0.245      0.140
   616        321  K+                  84   599   604     0     0     0     0     -1.121     -0.592     -0.828      1.593      0.494
   617       -313  (K*bar0)           -84   599   604   873   874     0     0     -0.416     -0.711     -0.835      1.518      0.962
   618       1114  (Delta-)           -84   599   604   875   876     0     0     -1.849     -2.068     -3.086      4.326      1.223
   619        211  pi+                 84   599   604     0     0     0     0     -3.015     -1.867     -3.062      4.687      0.140
   620      -2212  pbar-               84   599   604     0     0     0     0     -6.045     -5.138     -7.955     11.274      0.938
   621          3  (s)                -71   446   446   638   674   103     0    -24.163    -23.375      2.602     33.723      0.500
   622         21  (g)                -71   428   428   638   674   179   103     -1.780     -2.582      0.326      3.153      0.000
   623         21  (g)                -71   451   451   638   674   151   179      0.095     -1.388      0.189      1.404      0.000
   624         21  (g)                -71   420   420   638   674   143   151      0.223     -0.615      0.504      0.826      0.000
   625         21  (g)                -71   496   496   638   674   176   143      3.264     -2.438     -0.260      4.108      0.457
   626         21  (g)                -71   449   449   638   674   180   176      1.592     -5.725     -2.191      6.333      0.000
   627         21  (g)                -71   452   452   638   674   125   180      2.428     -5.305     -3.160      6.635      0.000
   628         21  (g)                -71   387   387   638   674   201   125     10.634    -26.233    -10.648     30.243      0.000
   629         21  (g)                -71   495   495   638   674   190   201      2.261     -4.774     -2.277      5.766      0.400
   630         21  (g)                -71   430   430   638   674   154   190      6.066     -8.256     -6.394     12.076      0.000
   631         21  (g)                -71   400   400   638   674   112   154      3.042     -4.853     -4.802      7.474      0.000
   632         21  (g)                -71   494   494   638   674   191   112      1.057     -3.107     -1.430      3.585      0.198
   633         21  (g)                -71   454   454   638   674   182   191      0.043     -0.330      0.289      0.441      0.000
   634         21  (g)                -71   419   419   638   674   152   182      5.086     -9.571     -0.216     10.840      0.000
   635         21  (g)                -71   429   429   638   674   141   152      8.372    -18.513     -2.873     20.520      0.000
   636         21  (g)                -71   394   394   638   674   110   141      6.023    -12.906     -2.530     14.465      0.000
   637         -3  (sbar)             -71   391   391   638   674     0   110      6.811    -20.105     -3.607     21.538      0.500
   638       -323  (K*-)              -83   621   637   877   878     0     0     -7.586     -7.686      1.310     10.923      0.994
   639        213  (rho+)             -83   621   637   879   880     0     0    -15.178    -15.216      1.400     21.547      0.661
   640       -211  pi-                 83   621   637     0     0     0     0     -0.336     -0.196      0.009      0.414      0.140
   641        223  (omega)            -83   621   637  1030  1032     0     0     -1.234     -1.378      0.313      2.032      0.781
   642        211  pi+                 83   621   637     0     0     0     0      0.116     -0.975     -0.026      0.992      0.140
   643       -211  pi-                 83   621   637     0     0     0     0     -0.221      0.101     -0.197      0.342      0.140
   644        111  (pi0)              -83   621   637  1033  1034     0     0     -0.249     -0.403      0.328      0.592      0.135
   645        221  (eta)              -83   621   637  1035  1037     0     0     -0.252     -1.884      0.126      1.982      0.548
   646        223  (omega)            -83   621   637  1038  1040     0     0      1.318     -1.133     -0.631      2.006      0.778
   647        111  (pi0)              -83   621   637  1041  1042     0     0     -0.127     -0.516     -0.113      0.560      0.135
   648        211  pi+                 83   621   637     0     0     0     0      0.364     -2.266      0.046      2.299      0.140
   649        221  (eta)              -83   621   637  1043  1045     0     0      1.128     -0.814     -0.004      1.495      0.548
   650       -211  pi-                 83   621   637     0     0     0     0      1.516     -2.544     -1.329      3.249      0.140
   651        221  (eta)              -83   621   637  1046  1048     0     0      1.120     -2.782     -1.096      3.239      0.548
   652        211  pi+                 83   621   637     0     0     0     0      0.392     -1.648     -0.858      1.905      0.140
   653        111  (pi0)              -83   621   637  1049  1051     0     0      0.747     -2.189     -0.714      2.425      0.135
   654       -211  pi-                 83   621   637     0     0     0     0      3.553     -7.850     -3.515      9.307      0.140
   655        211  pi+                 83   621   637     0     0     0     0      1.613     -4.663     -2.303      5.447      0.140
   656       -213  (rho-)             -84   621   637   881   882     0     0      1.286     -2.772     -1.535      3.480      0.643
   657       2224  (Delta++)          -84   621   637   883   884     0     0      6.131    -11.444     -5.762     14.259      1.251
   658        111  (pi0)              -84   621   637  1052  1053     0     0      0.077     -0.042     -0.091      0.185      0.135
   659      -2212  pbar-               84   621   637     0     0     0     0      1.900     -4.000     -2.102      4.990      0.938
   660       -213  (rho-)             -84   621   637   885   886     0     0      2.662     -6.036     -3.401      7.468      0.820
   661        321  K+                  84   621   637     0     0     0     0      1.650     -2.724     -1.998      3.792      0.494
   662       -323  (K*-)              -84   621   637   887   888     0     0      2.696     -3.727     -2.673      5.398      0.915
   663        111  (pi0)              -84   621   637  1054  1055     0     0      0.355     -0.862     -0.584      1.108      0.135
   664        111  (pi0)              -84   621   637  1056  1057     0     0      0.082     -0.325     -0.658      0.750      0.135
   665        211  pi+                 84   621   637     0     0     0     0      0.970     -1.539     -0.654      1.938      0.140
   666        311  (K0)               -84   621   637   889   889     0     0      3.423     -6.634     -0.668      7.511      0.498
   667       -321  K-                  84   621   637     0     0     0     0      0.380     -1.144     -0.439      1.375      0.494
   668        211  pi+                 84   621   637     0     0     0     0      1.892     -4.664     -0.306      5.044      0.140
   669        111  (pi0)              -84   621   637  1058  1059     0     0      4.864    -11.136     -2.038     12.322      0.135
   670       -211  pi-                 84   621   637     0     0     0     0      0.806     -2.411     -0.435      2.583      0.140
   671        221  (eta)              -84   621   637  1060  1062     0     0      1.558     -4.204     -0.173      4.520      0.548
   672        211  pi+                 84   621   637     0     0     0     0      3.045     -6.667     -1.499      7.482      0.140
   673        221  (eta)              -84   621   637  1063  1065     0     0      4.018     -9.269     -1.089     10.176      0.548
   674        313  (K*0)              -84   621   637   890   891     0     0      6.573    -16.432     -3.120     17.992      0.862
   675          3  (s)                -71   412   412   697   738   107     0     11.682    -27.383     -0.259     29.776      0.500
   676         21  (g)                -71   441   441   697   738   166   107     24.866    -67.779     -0.652     72.199      0.000
   677         21  (g)                -71   436   436   697   738   161   166     25.062    -70.811      0.815     75.120      0.000
   678         21  (g)                -71   393   393   697   738   148   161      8.476    -26.045      0.171     27.390      0.000
   679         21  (g)                -71   425   425   697   738   114   148      6.104    -16.064     -0.764     17.201      0.000
   680         21  (g)                -71   417   417   697   738   169   114      0.834     -1.889     -0.365      2.097      0.000
   681         21  (g)                -71   444   444   697   738   139   169     10.615    -23.962      2.015     26.285      0.000
   682         21  (g)                -71   396   396   697   738   111   139     32.685    -75.384      4.987     82.316      0.000
   683         21  (g)                -71   461   461   697   738   194   111     16.200    -37.811      1.164     41.152      0.000
   684         21  (g)                -71   402   402   697   738   119   194     11.852    -26.979     -0.213     29.468      0.000
   685         21  (g)                -71   382   382   697   738   160   119     66.249   -180.883      8.735    192.831      0.000
   686         21  (g)                -71   466   466   697   738   199   160     21.560    -56.955      3.056     60.976      0.000
   687         21  (g)                -71   435   435   697   738   116   199      0.166     -0.656     -0.053      0.679      0.000
   688         21  (g)                -71   418   418   697   738   140   116      6.465    -14.209     -0.313     15.614      0.000
   689         21  (g)                -71   456   456   697   738   186   140     23.200    -58.624      1.462     63.065      0.000
   690         21  (g)                -71   398   398   697   738   123   186     15.503    -41.891      1.121     44.682      0.000
   691         21  (g)                -71   465   465   697   738   198   123      1.254     -3.211      0.442      3.475      0.000
   692         21  (g)                -71   406   406   697   738   146   198      8.675    -14.218     -0.064     16.656      0.000
   693         21  (g)                -71   437   437   697   738   162   146      1.661     -2.822      1.214      3.493      0.000
   694         21  (g)                -71   423   423   697   738   102   162      1.405     -0.438      0.053      1.473      0.000
   695         21  (g)                -71   401   401   697   738   164   102      1.754      3.530      5.199      6.525      0.000
   696         -1  (dbar)             -71   499   499   697   738     0   164      3.708     -1.578     16.698     17.187      0.591
   697       -323  (K*-)              -83   675   696   892   893     0     0     13.603    -34.917     -0.471     37.486      0.843
   698        211  pi+                 83   675   696     0     0     0     0      1.778     -5.325      0.022      5.616      0.140
   699        111  (pi0)              -83   675   696  1066  1067     0     0     11.255    -29.532      0.311     31.606      0.135
   700       -213  (rho-)             -83   675   696   894   895     0     0     10.522    -28.278      0.142     30.190      1.023
   701        113  (rho0)             -83   675   696   896   897     0     0     13.535    -36.628     -0.473     39.063      0.925
   702        213  (rho+)             -83   675   696   898   899     0     0      7.372    -22.133     -0.364     23.344      0.768
   703        111  (pi0)              -83   675   696  1068  1069     0     0      6.227    -14.890      0.282     16.143      0.135
   704       -211  pi-                 83   675   696     0     0     0     0      9.442    -29.260      0.361     30.748      0.140
   705       2212  p+                  83   675   696     0     0     0     0      6.750    -16.966      0.205     18.285      0.938
   706      -2212  pbar-               83   675   696     0     0     0     0      8.896    -20.473      1.263     22.378      0.938
   707        111  (pi0)              -83   675   696  1070  1071     0     0     10.449    -23.427      1.143     25.677      0.135
   708        113  (rho0)             -83   675   696   900   901     0     0      7.791    -17.285      0.368     18.984      0.889
   709        213  (rho+)             -83   675   696   902   903     0     0     20.490    -47.373      2.594     51.687      0.895
   710       -211  pi-                 83   675   696     0     0     0     0      8.435    -20.340      1.306     22.059      0.140
   711        111  (pi0)              -83   675   696  1072  1073     0     0      2.081     -5.746      0.192      6.116      0.135
   712        213  (rho+)             -83   675   696   904   905     0     0     10.515    -25.381      0.970     27.503      0.836
   713        113  (rho0)             -83   675   696   906   907     0     0     12.642    -34.222      1.264     36.511      0.713
   714        111  (pi0)              -83   675   696  1074  1075     0     0      1.638     -4.306      0.464      4.632      0.135
   715        111  (pi0)              -83   675   696  1076  1077     0     0      6.609    -16.625      0.409     17.895      0.135
   716       -213  (rho-)             -83   675   696   908   909     0     0     20.322    -54.996      2.636     58.694      0.719
   717        213  (rho+)             -83   675   696   910   911     0     0      6.153    -16.603      0.344     17.719      0.572
   718        111  (pi0)              -83   675   696  1078  1079     0     0     23.815    -63.882      2.894     68.238      0.135
   719        113  (rho0)             -83   675   696   912   913     0     0     10.874    -28.220      2.233     30.332      0.666
   720        223  (omega)            -83   675   696  1080  1082     0     0     18.098    -47.020      1.188     50.403      0.777
   721       -211  pi-                 83   675   696     0     0     0     0      2.585     -5.471      0.092      6.054      0.140
   722        213  (rho+)             -84   675   696   914   915     0     0     15.571    -42.146      1.001     44.950      0.891
   723       3212  (Sigma0)           -84   675   696  1083  1084     0     0      9.838    -23.784      0.382     25.769      1.193
   724      -3222  (Sigmabar-)        -84   675   696  1085  1086     0     0      7.811    -18.932      0.012     20.515      1.189
   725        211  pi+                 84   675   696     0     0     0     0      1.641     -2.713      0.563      3.223      0.140
   726       2112  n0                  84   675   696     0     0     0     0      3.284     -5.884      0.361      6.814      0.940
   727      -2212  pbar-               84   675   696     0     0     0     0      2.275     -2.493     -0.363      3.521      0.938
   728        211  pi+                 84   675   696     0     0     0     0      1.014     -1.746      0.688      2.138      0.140
   729        313  (K*0)              -84   675   696   916   917     0     0      0.823     -0.669      0.949      1.673      0.881
   730       -321  K-                  84   675   696     0     0     0     0      0.337      0.770      0.577      1.133      0.494
   731        213  (rho+)             -84   675   696   918   919     0     0      1.665      0.592      3.591      4.103      0.906
   732        221  (eta)              -84   675   696  1087  1088     0     0     -0.236      0.032      1.378      1.502      0.548
   733        111  (pi0)              -84   675   696  1089  1090     0     0      0.721      0.719      1.279      1.641      0.135
   734       -213  (rho-)             -84   675   696   920   921     0     0      0.691     -0.132      3.467      3.612      0.730
   735        211  pi+                 84   675   696     0     0     0     0      0.884      0.094      2.382      2.547      0.140
   736       -211  pi-                 84   675   696     0     0     0     0      0.112      0.153      1.607      1.624      0.140
   737        211  pi+                 84   675   696     0     0     0     0      1.234     -0.755      5.570      5.757      0.140
   738        221  (eta)              -84   675   696  1091  1092     0     0      0.433      0.131      1.628      1.777      0.548
   739          2  (u)                -71   392   392   756   805   101     0     11.476     -9.588     -0.418     14.963      0.330
   740         21  (g)                -71   413   413   756   805   133   101      0.491     -1.074     -1.847      2.192      0.000
   741         21  (g)                -71   462   462   756   805   195   133     -0.557      1.745     -2.248      2.900      0.000
   742         21  (g)                -71   424   424   756   805   147   195     -3.419      4.475     -8.776     10.428      0.000
   743         21  (g)                -71   405   405   756   805   122   147     -3.172      1.757     -4.413      5.711      0.000
   744         21  (g)                -71   450   450   756   805   178   122     -1.743     -0.929     -2.681      3.331      0.000
   745         21  (g)                -71   404   404   756   805   121   178     -2.266     -0.808     -6.359      6.799      0.000
   746         21  (g)                -71   386   386   756   805   115   121    -10.931     -0.259    -13.675     17.509      0.000
   747         21  (g)                -71   397   397   756   805   203   115     -7.328     -1.483     -7.210     10.387      0.000
   748         21  (g)                -71   470   470   756   805   106   203    -12.839     -3.290    -14.492     19.639      0.000
   749         21  (g)                -71   477   477   756   805   142   106      0.902     -0.101     -5.536      5.610      0.000
   750         21  (g)                -71   478   478   756   805   188   142      0.166     -1.365    -20.930     20.975      0.000
   751         21  (g)                -71   473   473   756   805   138   188      0.836     -0.648    -24.349     24.372      0.000
   752         21  (g)                -71   500   500   756   805   129   138     -0.117      0.974    -18.388     18.422      0.539
   753         21  (g)                -71   482   482   756   805   184   129     -1.281      2.852   -119.113    119.154      0.000
   754         21  (g)                -71   479   479   756   805   132   184      0.056     -0.115    -15.155     15.156      0.000
   755       2103  (ud_1)             -71   488   488   756   805     0   132      0.248     -0.467   4683.434   4683.434      0.771
   756        211  pi+                 83   739   755     0     0     0     0      1.778     -1.205     -0.610      2.238      0.140
   757       -211  pi-                 83   739   755     0     0     0     0      2.047     -1.717      0.598      2.742      0.140
   758        323  (K*+)              -83   739   755   922   923     0     0      3.243     -3.441     -0.963      4.905      0.884
   759       3312  (Xi-)              -83   739   755  1093  1094     0     0      3.894     -2.847     -0.468      5.023      1.322
   760        213  (rho+)             -83   739   755   924   925     0     0      0.363      0.425     -0.360      1.145      0.932
   761      -3222  (Sigmabar-)        -83   739   755  1095  1096     0     0     -0.147     -0.586     -1.035      1.689      1.189
   762        221  (eta)              -83   739   755  1097  1098     0     0     -0.194      0.067     -0.808      0.997      0.548
   763        321  K+                  83   739   755     0     0     0     0      0.174      0.367     -0.689      0.940      0.494
   764       -311  (Kbar0)            -83   739   755   926   926     0     0     -1.078      0.610     -1.831      2.266      0.498
   765       -211  pi-                 83   739   755     0     0     0     0     -0.141      0.073     -0.233      0.315      0.140
   766        111  (pi0)              -83   739   755  1099  1100     0     0     -0.177      1.095     -1.280      1.700      0.135
   767        221  (eta)              -83   739   755  1101  1103     0     0     -1.407      0.888     -2.701      3.219      0.548
   768        111  (pi0)              -83   739   755  1104  1105     0     0     -0.414      0.395     -1.029      1.186      0.135
   769        321  K+                  83   739   755     0     0     0     0     -1.114      1.336     -2.884      3.404      0.494
   770       -311  (Kbar0)            -83   739   755   927   927     0     0     -0.226      0.378     -1.380      1.532      0.498
   771        311  (K0)               -83   739   755   928   928     0     0     -1.375      0.563     -1.124      1.928      0.498
   772       -311  (Kbar0)            -83   739   755   929   929     0     0     -2.400      0.075     -4.398      5.035      0.498
   773        221  (eta)              -83   739   755  1106  1108     0     0     -0.872     -0.113     -2.302      2.524      0.548
   774       -211  pi-                 83   739   755     0     0     0     0     -0.781     -0.144     -0.419      0.909      0.140
   775        321  K+                  83   739   755     0     0     0     0     -4.215     -0.618     -6.382      7.689      0.494
   776       -321  K-                  83   739   755     0     0     0     0     -1.574     -0.429     -3.248      3.669      0.494
   777        113  (rho0)             -83   739   755   930   931     0     0     -8.365     -0.795     -9.134     12.434      0.758
   778        113  (rho0)             -83   739   755   932   933     0     0     -6.390     -1.500     -7.939     10.329      0.759
   779        221  (eta)              -83   739   755  1109  1111     0     0     -2.940     -0.450     -2.871      4.170      0.548
   780        211  pi+                 83   739   755     0     0     0     0     -5.462     -1.126     -6.081      8.252      0.140
   781        331  (eta')             -84   739   755  1112  1114     0     0     -2.337     -1.175     -3.223      4.259      0.958
   782       -211  pi-                 84   739   755     0     0     0     0      0.592      0.111     -6.167      6.198      0.140
   783        111  (pi0)              -84   739   755  1115  1116     0     0     -0.411     -0.089     -4.003      4.027      0.135
   784        213  (rho+)             -84   739   755   934   935     0     0      0.986     -0.625    -21.417     21.466      0.879
   785        223  (omega)            -84   739   755  1117  1119     0     0     -0.179     -0.172     -5.341      5.403      0.779
   786       -213  (rho-)             -84   739   755   936   937     0     0      0.599     -0.148    -46.811     46.838      1.491
   787        213  (rho+)             -84   739   755   938   939     0     0     -0.983      1.782    -58.683     58.733      1.308
   788       -211  pi-                 84   739   755     0     0     0     0      0.000     -0.154     -2.151      2.161      0.140
   789        211  pi+                 84   739   755     0     0     0     0      0.418      0.818    -25.865     25.881      0.140
   790        113  (rho0)             -84   739   755   940   941     0     0     -0.678     -0.110    -19.301     19.337      0.967
   791       -213  (rho-)             -84   739   755   942   943     0     0     -0.072      0.906     -3.892      4.052      0.665
   792        113  (rho0)             -84   739   755   944   945     0     0     -0.138     -0.264     -5.425      5.503      0.870
   793        113  (rho0)             -84   739   755   946   947     0     0     -0.174     -0.043     -0.956      1.566      1.228
   794        111  (pi0)              -84   739   755  1120  1121     0     0      0.651      0.116      0.018      0.675      0.135
   795        111  (pi0)              -84   739   755  1122  1123     0     0     -0.485      0.351     -0.418      0.742      0.135
   796        111  (pi0)              -84   739   755  1124  1125     0     0      0.883      0.036     -0.309      0.946      0.135
   797        211  pi+                 84   739   755     0     0     0     0     -0.699     -0.458     -0.475      0.971      0.140
   798        111  (pi0)              -84   739   755  1126  1127     0     0      0.685     -0.128      4.770      4.823      0.135
   799       -213  (rho-)             -84   739   755   948   949     0     0     -0.449      0.191      5.459      5.537      0.788
   800        111  (pi0)              -84   739   755  1128  1129     0     0     -0.089     -0.200     34.957     34.958      0.135
   801        213  (rho+)             -84   739   755   950   951     0     0     -0.305     -0.129     47.827     47.834      0.740
   802       -211  pi-                 84   739   755     0     0     0     0      0.543      0.162     19.568     19.577      0.140
   803        211  pi+                 84   739   755     0     0     0     0     -0.225      0.319     25.980     25.983      0.140
   804        111  (pi0)              -84   739   755  1130  1131     0     0     -0.005     -0.543    441.700    441.700      0.135
   805       2114  (Delta0)           -84   739   755   952   953     0     0      0.165     -0.179   4101.569   4101.569      1.474
   806          2  (u)                -71   489   489   808   826   204     0     -0.219      0.134    458.153    458.153      0.330
   807       2103  (ud_1)             -71   492   492   808   826     0   204      0.066      2.298  -2925.274   2925.275      0.771
   808        111  (pi0)              -83   806   807  1132  1133     0     0     -0.152      0.164     97.762     97.763      0.135
   809        211  pi+                 83   806   807     0     0     0     0     -0.087      0.089      7.889      7.891      0.140
   810        111  (pi0)              -83   806   807  1134  1135     0     0      0.502     -0.044    174.574    174.575      0.135
   811        113  (rho0)             -83   806   807   954   955     0     0     -0.377      0.132     81.301     81.306      0.876
   812        111  (pi0)              -83   806   807  1136  1137     0     0     -0.005     -0.287     25.416     25.418      0.135
   813        111  (pi0)              -83   806   807  1138  1139     0     0      0.203     -0.101     67.014     67.014      0.135
   814        313  (K*0)              -83   806   807   956   957     0     0     -0.840      0.422      2.999      3.274      0.915
   815       -323  (K*-)              -83   806   807   958   959     0     0      0.453     -0.696      0.281      1.258      0.901
   816        321  K+                  83   806   807     0     0     0     0      0.243      0.476     -0.356      0.811      0.494
   817       -323  (K*-)              -83   806   807   960   961     0     0     -0.152      0.287     -7.886      7.944      0.899
   818        113  (rho0)             -83   806   807   962   963     0     0     -0.201      0.036     -8.577      8.608      0.698
   819        213  (rho+)             -83   806   807   964   965     0     0      0.354      0.030    -55.569     55.576      0.839
   820       -211  pi-                 84   806   807     0     0     0     0      0.091     -0.843    -29.393     29.405      0.140
   821        223  (omega)            -84   806   807  1140  1142     0     0     -0.099      0.837   -374.234    374.236      0.781
   822       3222  (Sigma+)           -84   806   807  1143  1144     0     0     -0.001      0.245   -162.223    162.228      1.189
   823      -3222  (Sigmabar-)        -84   806   807  1145  1146     0     0     -0.192      0.366   -519.693    519.694      1.189
   824        211  pi+                 84   806   807     0     0     0     0      0.459      0.215   -137.248    137.249      0.140
   825       2212  p+                  84   806   807     0     0     0     0     -0.230      1.093  -1473.005   1473.006      0.938
   826       -211  pi-                 84   806   807     0     0     0     0     -0.122      0.011   -156.173    156.173      0.140
   827        311  (K0)               -91   504     0   966   966     0     0      0.799      0.015      8.094      8.148      0.498
   828        111  (pi0)              -91   504     0  1147  1148     0     0      0.258     -0.122      0.813      0.872      0.135
   829       3122  (Lambda0)          -91   509     0  1149  1150     0     0      0.710      1.917      8.427      8.743      1.116
   830        111  (pi0)              -91   509     0  1151  1152     0     0      0.231      0.686      1.910      2.047      0.135
   831      -2212  pbar-               91   510     0     0     0     0     0      0.685      0.605     10.269     10.352      0.938
   832        111  (pi0)              -91   510     0  1153  1154     0     0      0.180      0.352      1.676      1.728      0.135
   833        211  pi+                 91   517     0     0     0     0     0      0.633     -0.312     65.792     65.796      0.140
   834        111  (pi0)              -91   517     0  1155  1156     0     0      0.141     -0.504     33.574     33.578      0.135
   835        310  (K_S0)             -91   520   520  1157  1158     0     0      0.212     -0.801    134.283    134.287      0.498
   836       -211  pi-                 91   527     0     0     0     0     0    -28.354    118.032   -367.659    387.180      0.140
   837        111  (pi0)              -91   527     0  1159  1160     0     0    -33.975    142.595   -441.776    465.461      0.135
   838       2112  n0                  91   528     0     0     0     0     0    -51.360    210.005   -652.525    687.407      0.940
   839        211  pi+                 91   528     0     0     0     0     0    -16.854     68.359   -213.409    224.723      0.140
   840      -2112  nbar0               91   530     0     0     0     0     0    -22.354     93.154   -289.483    304.924      0.940
   841        211  pi+                 91   530     0     0     0     0     0     -7.732     31.568    -98.365    103.595      0.140
   842        211  pi+                 91   537     0     0     0     0     0     -0.618      1.738     -4.820      5.163      0.140
   843        111  (pi0)              -91   537     0  1161  1162     0     0     -3.725      7.784    -25.383     26.810      0.135
   844        211  pi+                 91   558     0     0     0     0     0     -0.012     -0.117     -0.090      0.204      0.140
   845        111  (pi0)              -91   558     0  1163  1164     0     0      0.114     -0.801     -3.241      3.343      0.135
   846        321  K+                  91   559     0     0     0     0     0      0.507     -0.829     -2.992      3.184      0.494
   847       -211  pi-                 91   559     0     0     0     0     0     -0.054     -0.312     -2.574      2.597      0.140
   848        130  K_L0                91   560   560     0     0     0     0      0.408     -0.634     -2.011      2.205      0.498
   849        211  pi+                 91   575     0     0     0     0     0     -0.155     -0.302     -0.669      0.763      0.140
   850       -211  pi-                 91   575     0     0     0     0     0     -0.593     -0.096     -2.572      2.645      0.140
   851       -311  (Kbar0)            -91   578     0   967   967     0     0      0.152     -0.051     -1.999      2.066      0.498
   852       -211  pi-                 91   578     0     0     0     0     0     -0.155     -0.006     -0.144      0.253      0.140
   853       -211  pi-                 91   581     0     0     0     0     0     -0.083     -0.494     -1.162      1.273      0.140
   854        111  (pi0)              -91   581     0  1165  1166     0     0     -1.675     -0.424     -2.940      3.413      0.135
   855        130  K_L0                91   584   584     0     0     0     0     -1.463      0.466     -3.337      3.707      0.498
   856        211  pi+                 91   589     0     0     0     0     0     -3.724      1.637     -9.150     10.014      0.140
   857       -211  pi-                 91   589     0     0     0     0     0     -1.961      1.508     -5.952      6.447      0.140
   858        130  K_L0                91   591   591     0     0     0     0     -2.281      1.783     -5.986      6.668      0.498
   859        310  (K_S0)             -91   592   592  1167  1168     0     0     -4.997      1.958    -11.892     13.056      0.498
   860       -211  pi-                 91   593     0     0     0     0     0      0.188     -0.176     -0.165      0.336      0.140
   861        111  (pi0)              -91   593     0  1169  1170     0     0     -0.531      0.509     -0.669      1.003      0.135
   862        310  (K_S0)             -91   595   595  1171  1172     0     0     -0.102     -0.325     -0.160      0.624      0.498
   863        310  (K_S0)             -91   596   596  1173  1174     0     0     -0.955     -1.164     -0.229      1.603      0.498
   864        321  K+                  91   598     0     0     0     0     0     -2.233     -2.365     -0.250      3.300      0.494
   865       -211  pi-                 91   598     0     0     0     0     0     -2.963     -3.050      0.222      4.260      0.140
   866        211  pi+                 91   605     0     0     0     0     0     -0.243     -0.192      6.187      6.196      0.140
   867       -211  pi-                 91   605     0     0     0     0     0     -0.317      0.440      6.298      6.323      0.140
   868        311  (K0)               -91   606     0   968   968     0     0     -0.102     -0.037      9.314      9.328      0.498
   869        211  pi+                 91   606     0     0     0     0     0      0.412     -0.116      7.725      7.739      0.140
   870        130  K_L0                91   609   609     0     0     0     0      0.025      0.165      0.834      0.986      0.498
   871        130  K_L0                91   610   610     0     0     0     0     -0.040      0.142      2.425      2.480      0.498
   872        130  K_L0                91   611   611     0     0     0     0     -0.466     -0.167      1.681      1.821      0.498
   873       -311  (Kbar0)            -91   617     0   969   969     0     0     -0.621     -0.504     -0.568      1.100      0.498
   874        111  (pi0)              -91   617     0  1175  1176     0     0      0.205     -0.207     -0.268      0.418      0.135
   875       2112  n0                  91   618     0     0     0     0     0     -1.834     -1.883     -2.927      4.045      0.940
   876       -211  pi-                 91   618     0     0     0     0     0     -0.015     -0.184     -0.159      0.281      0.140
   877       -321  K-                  91   638     0     0     0     0     0     -4.528     -5.060      0.959      6.875      0.494
   878        111  (pi0)              -91   638     0  1177  1178     0     0     -3.058     -2.625      0.352      4.048      0.135
   879        211  pi+                 91   639     0     0     0     0     0     -9.017     -9.223      1.104     12.946      0.140
   880        111  (pi0)              -91   639     0  1179  1180     0     0     -6.161     -5.993      0.296      8.601      0.135
   881       -211  pi-                 91   656     0     0     0     0     0      0.506     -1.756     -0.958      2.068      0.140
   882        111  (pi0)              -91   656     0  1181  1182     0     0      0.781     -1.016     -0.576      1.412      0.135
   883       2212  p+                  91   657     0     0     0     0     0      4.404     -8.448     -3.997     10.374      0.938
   884        211  pi+                 91   657     0     0     0     0     0      1.727     -2.997     -1.765      3.885      0.140
   885       -211  pi-                 91   660     0     0     0     0     0      0.048     -0.186     -0.094      0.255      0.140
   886        111  (pi0)              -91   660     0  1183  1184     0     0      2.615     -5.850     -3.307      7.212      0.135
   887       -321  K-                  91   662     0     0     0     0     0      2.237     -2.619     -1.890      3.960      0.494
   888        111  (pi0)              -91   662     0  1185  1186     0     0      0.459     -1.108     -0.783      1.438      0.135
   889        310  (K_S0)             -91   666   666  1187  1188     0     0      3.423     -6.634     -0.668      7.511      0.498
   890        311  (K0)               -91   674     0   970   970     0     0      4.548    -10.654     -2.041     11.773      0.498
   891        111  (pi0)              -91   674     0  1189  1190     0     0      2.026     -5.778     -1.079      6.219      0.135
   892       -311  (Kbar0)            -91   697     0   971   971     0     0      9.005    -23.781     -0.381     25.436      0.498
   893       -211  pi-                 91   697     0     0     0     0     0      4.598    -11.136     -0.089     12.049      0.140
   894       -211  pi-                 91   700     0     0     0     0     0      3.307     -7.850     -0.209      8.521      0.140
   895        111  (pi0)              -91   700     0  1191  1192     0     0      7.216    -20.428      0.351     21.668      0.135
   896        211  pi+                 91   701     0     0     0     0     0      1.508     -4.194     -0.310      4.470      0.140
   897       -211  pi-                 91   701     0     0     0     0     0     12.027    -32.434     -0.163     34.593      0.140
   898        211  pi+                 91   702     0     0     0     0     0      1.046     -3.868      0.046      4.010      0.140
   899        111  (pi0)              -91   702     0  1193  1194     0     0      6.326    -18.266     -0.410     19.335      0.135
   900        211  pi+                 91   708     0     0     0     0     0      2.284     -6.001      0.225      6.427      0.140
   901       -211  pi-                 91   708     0     0     0     0     0      5.507    -11.284      0.143     12.557      0.140
   902        211  pi+                 91   709     0     0     0     0     0     16.267    -36.954      2.253     40.439      0.140
   903        111  (pi0)              -91   709     0  1195  1196     0     0      4.223    -10.420      0.341     11.249      0.135
   904        211  pi+                 91   712     0     0     0     0     0      1.366     -3.768     -0.046      4.010      0.140
   905        111  (pi0)              -91   712     0  1197  1198     0     0      9.149    -21.614      1.016     23.493      0.135
   906        211  pi+                 91   713     0     0     0     0     0      3.790     -9.977      0.094     10.674      0.140
   907       -211  pi-                 91   713     0     0     0     0     0      8.852    -24.244      1.170     25.836      0.140
   908       -211  pi-                 91   716     0     0     0     0     0     15.161    -41.818      2.034     44.528      0.140
   909        111  (pi0)              -91   716     0  1199  1200     0     0      5.162    -13.178      0.602     14.166      0.135
   910        211  pi+                 91   717     0     0     0     0     0      2.740     -8.017      0.291      8.478      0.140
   911        111  (pi0)              -91   717     0  1201  1202     0     0      3.413     -8.586      0.054      9.241      0.135
   912        211  pi+                 91   719     0     0     0     0     0      3.370     -8.060      0.748      8.769      0.140
   913       -211  pi-                 91   719     0     0     0     0     0      7.503    -20.160      1.484     21.562      0.140
   914        211  pi+                 91   722     0     0     0     0     0      2.937     -8.433     -0.082      8.932      0.140
   915        111  (pi0)              -91   722     0  1203  1204     0     0     12.634    -33.713      1.084     36.019      0.135
   916        311  (K0)               -91   729     0   972   972     0     0      0.576     -0.133      0.550      0.948      0.498
   917        111  (pi0)              -91   729     0  1205  1206     0     0      0.247     -0.537      0.398      0.725      0.135
   918        211  pi+                 91   731     0     0     0     0     0      1.026      0.221      1.215      1.611      0.140
   919        111  (pi0)              -91   731     0  1207  1208     0     0      0.639      0.370      2.376      2.492      0.135
   920       -211  pi-                 91   734     0     0     0     0     0      0.582      0.152      2.794      2.861      0.140
   921        111  (pi0)              -91   734     0  1209  1210     0     0      0.108     -0.284      0.673      0.751      0.135
   922        311  (K0)               -91   758     0   973   973     0     0      1.465     -1.924     -0.503      2.520      0.498
   923        211  pi+                 91   758     0     0     0     0     0      1.778     -1.517     -0.460      2.386      0.140
   924        211  pi+                 91   760     0     0     0     0     0      0.656      0.226     -0.254      0.752      0.140
   925        111  (pi0)              -91   760     0  1211  1212     0     0     -0.293      0.199     -0.106      0.393      0.135
   926        130  K_L0                91   764   764     0     0     0     0     -1.078      0.610     -1.831      2.266      0.498
   927        310  (K_S0)             -91   770   770  1213  1214     0     0     -0.226      0.378     -1.380      1.532      0.498
   928        130  K_L0                91   771   771     0     0     0     0     -1.375      0.563     -1.124      1.928      0.498
   929        310  (K_S0)             -91   772   772  1215  1216     0     0     -2.400      0.075     -4.398      5.035      0.498
   930        211  pi+                 91   777     0     0     0     0     0     -4.896     -0.683     -5.761      7.593      0.140
   931       -211  pi-                 91   777     0     0     0     0     0     -3.468     -0.113     -3.373      4.841      0.140
   932        211  pi+                 91   778     0     0     0     0     0     -6.092     -1.407     -7.379      9.673      0.140
   933       -211  pi-                 91   778     0     0     0     0     0     -0.298     -0.093     -0.560      0.656      0.140
   934        211  pi+                 91   784     0     0     0     0     0      0.976     -0.218    -13.133     13.171      0.140
   935        111  (pi0)              -91   784     0  1217  1218     0     0      0.010     -0.407     -8.284      8.295      0.135
   936       -211  pi-                 91   786     0     0     0     0     0      0.644     -0.328     -9.975     10.002      0.140
   937        111  (pi0)              -91   786     0  1219  1220     0     0     -0.044      0.180    -36.836     36.836      0.135
   938        211  pi+                 91   787     0     0     0     0     0     -0.989      1.705    -39.637     39.686      0.140
   939        111  (pi0)              -91   787     0  1221  1222     0     0      0.006      0.077    -19.046     19.047      0.135
   940        211  pi+                 91   790     0     0     0     0     0      0.016     -0.241     -1.782      1.803      0.140
   941       -211  pi-                 91   790     0     0     0     0     0     -0.693      0.130    -17.519     17.534      0.140
   942       -211  pi-                 91   791     0     0     0     0     0      0.009      0.083     -1.653      1.661      0.140
   943        111  (pi0)              -91   791     0  1223  1224     0     0     -0.081      0.823     -2.239      2.390      0.135
   944        211  pi+                 91   792     0     0     0     0     0      0.336     -0.210     -2.667      2.699      0.140
   945       -211  pi-                 91   792     0     0     0     0     0     -0.474     -0.054     -2.759      2.803      0.140
   946        211  pi+                 91   793     0     0     0     0     0      0.381     -0.180     -0.863      0.971      0.140
   947       -211  pi-                 91   793     0     0     0     0     0     -0.555      0.137     -0.093      0.596      0.140
   948       -211  pi-                 91   799     0     0     0     0     0     -0.295      0.202      5.163      5.177      0.140
   949        111  (pi0)              -91   799     0  1225  1226     0     0     -0.153     -0.011      0.296      0.360      0.135
   950        211  pi+                 91   801     0     0     0     0     0     -0.076      0.227     30.139     30.140      0.140
   951        111  (pi0)              -91   801     0  1227  1228     0     0     -0.229     -0.356     17.689     17.694      0.135
   952       2212  p+                  91   805     0     0     0     0     0      0.378     -0.460   3171.337   3171.337      0.938
   953       -211  pi-                 91   805     0     0     0     0     0     -0.213      0.281    930.232    930.232      0.140
   954        211  pi+                 91   811     0     0     0     0     0     -0.330     -0.081     12.938     12.944      0.140
   955       -211  pi-                 91   811     0     0     0     0     0     -0.047      0.213     68.362     68.363      0.140
   956        311  (K0)               -91   814     0   974   974     0     0     -0.634      0.075      2.443      2.574      0.498
   957        111  (pi0)              -91   814     0  1229  1230     0     0     -0.206      0.346      0.556      0.700      0.135
   958       -311  (Kbar0)            -91   815     0   975   975     0     0     -0.013     -0.416      0.049      0.650      0.498
   959       -211  pi-                 91   815     0     0     0     0     0      0.465     -0.281      0.232      0.607      0.140
   960       -321  K-                  91   817     0     0     0     0     0     -0.071      0.426     -4.131      4.183      0.494
   961        111  (pi0)              -91   817     0  1231  1232     0     0     -0.082     -0.140     -3.755      3.761      0.135
   962        211  pi+                 91   818     0     0     0     0     0     -0.097     -0.097     -0.676      0.704      0.140
   963       -211  pi-                 91   818     0     0     0     0     0     -0.104      0.133     -7.901      7.904      0.140
   964        211  pi+                 91   819     0     0     0     0     0     -0.202      0.189    -22.709     22.711      0.140
   965        111  (pi0)              -91   819     0  1233  1234     0     0      0.556     -0.158    -32.860     32.866      0.135
   966        310  (K_S0)             -91   827   827  1235  1236     0     0      0.799      0.015      8.094      8.148      0.498
   967        130  K_L0                91   851   851     0     0     0     0      0.152     -0.051     -1.999      2.066      0.498
   968        310  (K_S0)             -91   868   868  1237  1238     0     0     -0.102     -0.037      9.314      9.328      0.498
   969        310  (K_S0)             -91   873   873  1239  1240     0     0     -0.621     -0.504     -0.568      1.100      0.498
   970        130  K_L0                91   890   890     0     0     0     0      4.548    -10.654     -2.041     11.773      0.498
   971        130  K_L0                91   892   892     0     0     0     0      9.005    -23.781     -0.381     25.436      0.498
   972        310  (K_S0)             -91   916   916  1241  1243     0     0      0.576     -0.133      0.550      0.948      0.498
   973        310  (K_S0)             -91   922   922  1244  1245     0     0      1.465     -1.924     -0.503      2.520      0.498
   974        130  K_L0                91   956   956     0     0     0     0     -0.634      0.075      2.443      2.574      0.498
   975        130  K_L0                91   958   958     0     0     0     0     -0.013     -0.416      0.049      0.650      0.498
   976        211  pi+                 91   511     0     0     0     0     0      0.235      0.003      0.766      0.813      0.140
   977       -211  pi-                 91   511     0     0     0     0     0      0.018      0.246      2.803      2.818      0.140
   978        111  (pi0)              -91   511     0  1246  1247     0     0      0.081     -0.004      2.202      2.207      0.135
   979        211  pi+                 91   516     0     0     0     0     0      0.334     -0.208     27.989     27.992      0.140
   980       -211  pi-                 91   516     0     0     0     0     0      0.084     -0.827     46.922     46.930      0.140
   981        111  (pi0)              -91   516     0  1248  1249     0     0      0.173     -0.354     18.136     18.141      0.135
   982         22  gamma               91   531     0     0     0     0     0     -0.814      3.484     -9.815     10.447      0.000
   983         22  gamma               91   531     0     0     0     0     0     -0.111      0.674     -1.988      2.102      0.000
   984        211  pi+                 91   532     0     0     0     0     0     -0.917      3.361    -10.896     11.440      0.140
   985       -211  pi-                 91   532     0     0     0     0     0     -1.187      5.055    -15.375     16.228      0.140
   986        111  (pi0)              -91   532     0  1250  1251     0     0     -0.965      4.236    -13.165     13.864      0.135
   987         22  gamma               91   533     0     0     0     0     0     -1.704      6.448    -20.421     21.482      0.000
   988         22  gamma               91   533     0     0     0     0     0     -4.626     18.232    -58.018     60.991      0.000
   989         22  gamma               91   535     0     0     0     0     0     -0.163      0.436     -1.108      1.201      0.000
   990         22  gamma               91   535     0     0     0     0     0     -0.819      2.175     -6.357      6.769      0.000
   991        211  pi+                 91   536     0     0     0     0     0     -1.357      3.433    -10.965     11.570      0.140
   992       -211  pi-                 91   536     0     0     0     0     0     -0.709      2.109     -5.933      6.338      0.140
   993        111  (pi0)              -91   536     0  1252  1253     0     0     -0.130      0.673     -1.697      1.836      0.135
   994        211  pi+                 91   538     0     0     0     0     0     -0.806      1.521     -4.874      5.171      0.140
   995       -211  pi-                 91   538     0     0     0     0     0     -2.469      5.098    -15.417     16.426      0.140
   996        111  (pi0)              -91   538     0  1254  1255     0     0     -1.739      4.541    -12.990     13.871      0.135
   997         22  gamma               91   548     0     0     0     0     0     -1.364      5.188    -15.170     16.090      0.000
   998         22  gamma               91   548     0     0     0     0     0     -0.683      2.736     -8.255      8.723      0.000
   999        211  pi+                 91   549     0     0     0     0     0     -4.589     18.859    -54.457     57.813      0.140
  1000       -211  pi-                 91   549     0     0     0     0     0     -3.577     15.401    -45.345     48.022      0.140
  1001        111  (pi0)              -91   549     0  1256  1257     0     0     -3.416     14.015    -41.713     44.138      0.135
  1002         22  gamma               91   550     0     0     0     0     0     -2.652     11.505    -36.034     37.919      0.000
  1003         22  gamma               91   550     0     0     0     0     0     -0.077      0.449     -1.406      1.478      0.000
  1004        111  (pi0)              -91   551     0  1258  1259     0     0     -1.985      8.494    -24.772     26.263      0.135
  1005        111  (pi0)              -91   551     0  1260  1261     0     0     -0.389      1.989     -5.791      6.137      0.135
  1006        111  (pi0)              -91   551     0  1262  1263     0     0     -1.642      7.117    -20.464     21.729      0.135
  1007         22  gamma               91   554     0     0     0     0     0     -0.030      0.024     -0.035      0.052      0.000
  1008         22  gamma               91   554     0     0     0     0     0      0.143      0.053     -0.183      0.238      0.000
  1009        211  pi+                 91   555     0     0     0     0     0      0.016      0.115     -0.567      0.595      0.140
  1010       -211  pi-                 91   555     0     0     0     0     0      0.280      0.329     -0.686      0.822      0.140
  1011        111  (pi0)              -91   555     0  1264  1265     0     0     -0.099     -0.105     -0.522      0.559      0.135
  1012        211  pi+                 91   580     0     0     0     0     0     -0.659     -0.131     -1.567      1.710      0.140
  1013       -211  pi-                 91   580     0     0     0     0     0     -0.792     -0.407     -2.444      2.605      0.140
  1014        111  (pi0)              -91   580     0  1266  1267     0     0     -0.358     -0.145     -0.450      0.608      0.135
  1015      -2212  pbar-               91   583     0     0     0     0     0     -2.773      0.095     -5.835      6.529      0.938
  1016        211  pi+                 91   583     0     0     0     0     0     -0.488     -0.076     -1.198      1.303      0.140
  1017        211  pi+                 91   585     0     0     0     0     0     -0.771      0.325     -1.719      1.917      0.140
  1018       -211  pi-                 91   585     0     0     0     0     0     -1.920      0.619     -4.015      4.495      0.140
  1019        111  (pi0)              -91   585     0  1268  1269     0     0     -1.193      0.624     -2.813      3.122      0.135
  1020         22  gamma               91   586     0     0     0     0     0     -0.264      0.020     -0.787      0.831      0.000
  1021         22  gamma               91   586     0     0     0     0     0     -0.130      0.108     -0.407      0.440      0.000
  1022        211  pi+                 91   587     0     0     0     0     0     -1.574      0.948     -4.300      4.678      0.140
  1023       -211  pi-                 91   587     0     0     0     0     0     -2.953      0.992     -6.369      7.092      0.140
  1024        111  (pi0)              -91   587     0  1270  1271     0     0     -0.410      0.144     -0.983      1.083      0.135
  1025        111  (pi0)              -91   597     0  1272  1273     0     0     -0.352     -0.388     -0.019      0.542      0.135
  1026        111  (pi0)              -91   597     0  1274  1275     0     0     -0.162     -0.468      0.103      0.523      0.135
  1027        221  (eta)              -91   597     0  1276  1278     0     0     -0.516     -0.676      0.244      1.040      0.548
  1028         22  gamma               91   613     0     0     0     0     0     -0.383     -0.308     -0.464      0.676      0.000
  1029         22  gamma               91   613     0     0     0     0     0     -0.229     -0.259     -0.204      0.401      0.000
  1030        211  pi+                 91   641     0     0     0     0     0     -0.901     -1.192      0.281      1.527      0.140
  1031       -211  pi-                 91   641     0     0     0     0     0     -0.103     -0.105     -0.061      0.212      0.140
  1032        111  (pi0)              -91   641     0  1279  1280     0     0     -0.230     -0.081      0.092      0.294      0.135
  1033         22  gamma               91   644     0     0     0     0     0     -0.122     -0.081      0.105      0.180      0.000
  1034         22  gamma               91   644     0     0     0     0     0     -0.127     -0.322      0.223      0.412      0.000
  1035        211  pi+                 91   645     0     0     0     0     0     -0.213     -1.040      0.235      1.096      0.140
  1036       -211  pi-                 91   645     0     0     0     0     0     -0.038     -0.633     -0.002      0.650      0.140
  1037         22  gamma               91   645     0     0     0     0     0     -0.001     -0.211     -0.107      0.237      0.000
  1038        211  pi+                 91   646     0     0     0     0     0      0.255     -0.093      0.026      0.306      0.140
  1039       -211  pi-                 91   646     0     0     0     0     0      0.760     -0.509     -0.269      0.964      0.140
  1040        111  (pi0)              -91   646     0  1281  1282     0     0      0.304     -0.531     -0.388      0.737      0.135
  1041         22  gamma               91   647     0     0     0     0     0     -0.088     -0.128     -0.058      0.166      0.000
  1042         22  gamma               91   647     0     0     0     0     0     -0.038     -0.388     -0.056      0.394      0.000
  1043         22  gamma               91   649     0     0     0     0     0      0.377     -0.047     -0.149      0.408      0.000
  1044         11  e-                  91   649     0     0     0     0     0     -0.001      0.001     -0.002      0.003      0.001
  1045        -11  e+                  91   649     0     0     0     0     0      0.751     -0.768      0.147      1.084      0.001
  1046        111  (pi0)              -91   651     0  1283  1284     0     0      0.284     -0.827     -0.295      0.933      0.135
  1047        111  (pi0)              -91   651     0  1285  1286     0     0      0.323     -0.738     -0.455      0.935      0.135
  1048        111  (pi0)              -91   651     0  1287  1288     0     0      0.513     -1.217     -0.346      1.372      0.135
  1049         22  gamma               91   653     0     0     0     0     0      0.461     -1.148     -0.367      1.290      0.000
  1050         11  e-                  91   653     0     0     0     0     0      0.110     -0.397     -0.135      0.434      0.001
  1051        -11  e+                  91   653     0     0     0     0     0      0.176     -0.644     -0.212      0.701      0.001
  1052         22  gamma               91   658     0     0     0     0     0      0.102     -0.054     -0.103      0.154      0.000
  1053         22  gamma               91   658     0     0     0     0     0     -0.025      0.012      0.012      0.030      0.000
  1054         22  gamma               91   663     0     0     0     0     0      0.242     -0.580     -0.466      0.783      0.000
  1055         22  gamma               91   663     0     0     0     0     0      0.113     -0.282     -0.118      0.326      0.000
  1056         22  gamma               91   664     0     0     0     0     0      0.007     -0.259     -0.435      0.507      0.000
  1057         22  gamma               91   664     0     0     0     0     0      0.075     -0.066     -0.222      0.244      0.000
  1058         22  gamma               91   669     0     0     0     0     0      2.843     -6.580     -1.263      7.279      0.000
  1059         22  gamma               91   669     0     0     0     0     0      2.021     -4.555     -0.775      5.044      0.000
  1060        111  (pi0)              -91   671     0  1289  1290     0     0      0.125     -0.496      0.025      0.529      0.135
  1061        111  (pi0)              -91   671     0  1291  1292     0     0      0.787     -2.035     -0.064      2.187      0.135
  1062        111  (pi0)              -91   671     0  1293  1294     0     0      0.647     -1.673     -0.134      1.804      0.135
  1063        211  pi+                 91   673     0     0     0     0     0      0.887     -1.907     -0.273      2.125      0.140
  1064       -211  pi-                 91   673     0     0     0     0     0      1.031     -2.475     -0.382      2.712      0.140
  1065        111  (pi0)              -91   673     0  1295  1296     0     0      2.100     -4.888     -0.435      5.339      0.135
  1066         22  gamma               91   699     0     0     0     0     0      0.737     -1.923      0.053      2.060      0.000
  1067         22  gamma               91   699     0     0     0     0     0     10.518    -27.609      0.258     29.546      0.000
  1068         22  gamma               91   703     0     0     0     0     0      1.766     -4.116      0.035      4.479      0.000
  1069         22  gamma               91   703     0     0     0     0     0      4.461    -10.774      0.248     11.664      0.000
  1070         22  gamma               91   707     0     0     0     0     0      0.801     -1.884      0.099      2.050      0.000
  1071         22  gamma               91   707     0     0     0     0     0      9.648    -21.543      1.044     23.628      0.000
  1072         22  gamma               91   711     0     0     0     0     0      1.680     -4.654      0.102      4.949      0.000
  1073         22  gamma               91   711     0     0     0     0     0      0.402     -1.091      0.089      1.166      0.000
  1074         22  gamma               91   714     0     0     0     0     0      0.684     -1.845      0.263      1.985      0.000
  1075         22  gamma               91   714     0     0     0     0     0      0.954     -2.462      0.201      2.648      0.000
  1076         22  gamma               91   715     0     0     0     0     0      6.460    -16.285      0.386     17.524      0.000
  1077         22  gamma               91   715     0     0     0     0     0      0.148     -0.339      0.023      0.371      0.000
  1078         22  gamma               91   718     0     0     0     0     0      2.149     -5.668      0.239      6.066      0.000
  1079         22  gamma               91   718     0     0     0     0     0     21.666    -58.214      2.655     62.172      0.000
  1080        211  pi+                 91   720     0     0     0     0     0      4.065    -10.316      0.403     11.096      0.140
  1081       -211  pi-                 91   720     0     0     0     0     0     10.509    -27.969      0.644     29.885      0.140
  1082        111  (pi0)              -91   720     0  1297  1298     0     0      3.524     -8.735      0.142      9.421      0.135
  1083       3122  (Lambda0)          -91   723     0  1299  1300     0     0      8.942    -21.694      0.410     23.495      1.116
  1084         22  gamma               91   723     0     0     0     0     0      0.896     -2.090     -0.028      2.274      0.000
  1085      -2212  pbar-               91   724     0     0     0     0     0      6.336    -15.710     -0.120     16.966      0.938
  1086        111  (pi0)              -91   724     0  1301  1302     0     0      1.475     -3.222      0.132      3.549      0.135
  1087         22  gamma               91   732     0     0     0     0     0     -0.351      0.175      0.735      0.833      0.000
  1088         22  gamma               91   732     0     0     0     0     0      0.115     -0.144      0.642      0.668      0.000
  1089         22  gamma               91   733     0     0     0     0     0      0.038      0.019      0.022      0.047      0.000
  1090         22  gamma               91   733     0     0     0     0     0      0.684      0.700      1.257      1.593      0.000
  1091         22  gamma               91   738     0     0     0     0     0      0.397      0.315      1.001      1.122      0.000
  1092         22  gamma               91   738     0     0     0     0     0      0.036     -0.184      0.627      0.655      0.000
  1093       3122  (Lambda0)          -91   759     0  1303  1304     0     0      2.955     -2.092     -0.344      3.804      1.116
  1094       -211  pi-                 91   759     0     0     0     0     0      0.939     -0.755     -0.124      1.219      0.140
  1095      -2112  nbar0               91   761     0     0     0     0     0     -0.232     -0.358     -0.930      1.389      0.940
  1096       -211  pi-                 91   761     0     0     0     0     0      0.085     -0.228     -0.105      0.299      0.140
  1097         22  gamma               91   762     0     0     0     0     0     -0.314      0.028     -0.194      0.370      0.000
  1098         22  gamma               91   762     0     0     0     0     0      0.121      0.039     -0.614      0.627      0.000
  1099         22  gamma               91   766     0     0     0     0     0     -0.118      0.975     -1.155      1.516      0.000
  1100         22  gamma               91   766     0     0     0     0     0     -0.059      0.121     -0.126      0.184      0.000
  1101        111  (pi0)              -91   767     0  1305  1306     0     0     -0.139      0.209     -0.422      0.509      0.135
  1102        111  (pi0)              -91   767     0  1307  1308     0     0     -0.808      0.417     -1.377      1.656      0.135
  1103        111  (pi0)              -91   767     0  1309  1310     0     0     -0.460      0.263     -0.902      1.054      0.135
  1104         22  gamma               91   768     0     0     0     0     0     -0.171      0.122     -0.498      0.541      0.000
  1105         22  gamma               91   768     0     0     0     0     0     -0.244      0.273     -0.531      0.645      0.000
  1106        211  pi+                 91   773     0     0     0     0     0     -0.285     -0.208     -0.900      0.977      0.140
  1107       -211  pi-                 91   773     0     0     0     0     0     -0.283      0.036     -0.682      0.752      0.140
  1108        111  (pi0)              -91   773     0  1311  1312     0     0     -0.303      0.060     -0.720      0.795      0.135
  1109        211  pi+                 91   779     0     0     0     0     0     -1.547     -0.340     -1.438      2.144      0.140
  1110       -211  pi-                 91   779     0     0     0     0     0     -0.840     -0.137     -0.881      1.233      0.140
  1111        111  (pi0)              -91   779     0  1313  1314     0     0     -0.552      0.026     -0.552      0.793      0.135
  1112        211  pi+                 91   781     0     0     0     0     0     -0.200     -0.152     -0.463      0.545      0.140
  1113       -211  pi-                 91   781     0     0     0     0     0     -0.382     -0.321     -0.612      0.801      0.140
  1114        221  (eta)              -91   781     0  1315  1316     0     0     -1.755     -0.702     -2.148      2.913      0.548
  1115         22  gamma               91   783     0     0     0     0     0     -0.421     -0.080     -3.888      3.911      0.000
  1116         22  gamma               91   783     0     0     0     0     0      0.010     -0.009     -0.115      0.116      0.000
  1117        211  pi+                 91   785     0     0     0     0     0     -0.224      0.144     -1.342      1.375      0.140
  1118       -211  pi-                 91   785     0     0     0     0     0     -0.096     -0.137     -1.732      1.746      0.140
  1119        111  (pi0)              -91   785     0  1317  1318     0     0      0.141     -0.179     -2.267      2.283      0.135
  1120         22  gamma               91   794     0     0     0     0     0      0.194      0.098      0.009      0.217      0.000
  1121         22  gamma               91   794     0     0     0     0     0      0.457      0.018      0.010      0.458      0.000
  1122         22  gamma               91   795     0     0     0     0     0     -0.148      0.113     -0.209      0.280      0.000
  1123         22  gamma               91   795     0     0     0     0     0     -0.337      0.238     -0.208      0.462      0.000
  1124         22  gamma               91   796     0     0     0     0     0      0.568      0.025     -0.266      0.627      0.000
  1125         22  gamma               91   796     0     0     0     0     0      0.315      0.011     -0.043      0.318      0.000
  1126         22  gamma               91   798     0     0     0     0     0      0.115     -0.010      1.179      1.185      0.000
  1127         22  gamma               91   798     0     0     0     0     0      0.570     -0.118      3.591      3.638      0.000
  1128         22  gamma               91   800     0     0     0     0     0     -0.023     -0.178     20.808     20.808      0.000
  1129         22  gamma               91   800     0     0     0     0     0     -0.067     -0.022     14.150     14.150      0.000
  1130         22  gamma               91   804     0     0     0     0     0      0.054     -0.263    184.598    184.598      0.000
  1131         22  gamma               91   804     0     0     0     0     0     -0.059     -0.280    257.102    257.102      0.000
  1132         22  gamma               91   808     0     0     0     0     0     -0.159      0.091     77.595     77.595      0.000
  1133         22  gamma               91   808     0     0     0     0     0      0.007      0.073     20.167     20.167      0.000
  1134         22  gamma               91   810     0     0     0     0     0      0.187     -0.078     60.386     60.386      0.000
  1135         22  gamma               91   810     0     0     0     0     0      0.315      0.034    114.188    114.189      0.000
  1136         22  gamma               91   812     0     0     0     0     0     -0.061     -0.173     17.413     17.414      0.000
  1137         22  gamma               91   812     0     0     0     0     0      0.057     -0.114      8.004      8.005      0.000
  1138         22  gamma               91   813     0     0     0     0     0      0.033      0.032      9.284      9.284      0.000
  1139         22  gamma               91   813     0     0     0     0     0      0.170     -0.133     57.730     57.730      0.000
  1140        211  pi+                 91   821     0     0     0     0     0     -0.105      0.697   -208.465    208.466      0.140
  1141       -211  pi-                 91   821     0     0     0     0     0      0.042     -0.038    -34.171     34.171      0.140
  1142        111  (pi0)              -91   821     0  1319  1320     0     0     -0.036      0.177   -131.599    131.599      0.135
  1143       2112  n0                  91   822     0     0     0     0     0     -0.016      0.026   -136.417    136.420      0.940
  1144        211  pi+                 91   822     0     0     0     0     0      0.015      0.218    -25.806     25.807      0.140
  1145      -2112  nbar0               91   823     0     0     0     0     0     -0.142      0.120   -429.488    429.490      0.940
  1146       -211  pi-                 91   823     0     0     0     0     0     -0.050      0.246    -90.204     90.205      0.140
  1147         22  gamma               91   828     0     0     0     0     0      0.073     -0.029      0.425      0.433      0.000
  1148         22  gamma               91   828     0     0     0     0     0      0.185     -0.093      0.387      0.439      0.000
  1149       2212  p+                  91   829     0     0     0     0     0      0.495      1.545      6.954      7.202      0.938
  1150       -211  pi-                 91   829     0     0     0     0     0      0.216      0.372      1.473      1.541      0.140
  1151         22  gamma               91   830     0     0     0     0     0      0.109      0.289      1.002      1.048      0.000
  1152         22  gamma               91   830     0     0     0     0     0      0.122      0.397      0.909      0.999      0.000
  1153         22  gamma               91   832     0     0     0     0     0      0.140      0.205      0.786      0.824      0.000
  1154         22  gamma               91   832     0     0     0     0     0      0.040      0.147      0.891      0.903      0.000
  1155         22  gamma               91   834     0     0     0     0     0      0.134     -0.242     15.802     15.804      0.000
  1156         22  gamma               91   834     0     0     0     0     0      0.008     -0.261     17.772     17.774      0.000
  1157        111  (pi0)              -91   835     0  1321  1322     0     0     -0.055     -0.472     86.424     86.425      0.135
  1158        111  (pi0)              -91   835     0  1323  1324     0     0      0.267     -0.329     47.860     47.862      0.135
  1159         22  gamma               91   837     0     0     0     0     0    -10.358     43.285   -133.993    141.192      0.000
  1160         22  gamma               91   837     0     0     0     0     0    -23.616     99.310   -307.783    324.269      0.000
  1161         22  gamma               91   843     0     0     0     0     0     -2.332      5.024    -16.296     17.211      0.000
  1162         22  gamma               91   843     0     0     0     0     0     -1.393      2.760     -9.087      9.599      0.000
  1163         22  gamma               91   845     0     0     0     0     0      0.104     -0.362     -1.674      1.716      0.000
  1164         22  gamma               91   845     0     0     0     0     0      0.011     -0.439     -1.566      1.627      0.000
  1165         22  gamma               91   854     0     0     0     0     0     -0.514     -0.076     -0.948      1.081      0.000
  1166         22  gamma               91   854     0     0     0     0     0     -1.162     -0.348     -1.992      2.332      0.000
  1167        211  pi+                 91   859     0     0     0     0     0     -2.070      0.597     -4.783      5.248      0.140
  1168       -211  pi-                 91   859     0     0     0     0     0     -2.927      1.362     -7.108      7.808      0.140
  1169         22  gamma               91   861     0     0     0     0     0     -0.323      0.383     -0.402      0.642      0.000
  1170         22  gamma               91   861     0     0     0     0     0     -0.209      0.127     -0.267      0.362      0.000
  1171        111  (pi0)              -91   862     0  1325  1326     0     0     -0.001     -0.230     -0.288      0.392      0.135
  1172        111  (pi0)              -91   862     0  1327  1328     0     0     -0.101     -0.095      0.128      0.232      0.135
  1173        211  pi+                 91   863     0     0     0     0     0     -0.249     -0.193     -0.189      0.393      0.140
  1174       -211  pi-                 91   863     0     0     0     0     0     -0.707     -0.971     -0.040      1.210      0.140
  1175         22  gamma               91   874     0     0     0     0     0      0.149     -0.082     -0.086      0.190      0.000
  1176         22  gamma               91   874     0     0     0     0     0      0.056     -0.125     -0.182      0.228      0.000
  1177         22  gamma               91   878     0     0     0     0     0     -0.178     -0.121      0.037      0.219      0.000
  1178         22  gamma               91   878     0     0     0     0     0     -2.880     -2.504      0.315      3.829      0.000
  1179         22  gamma               91   880     0     0     0     0     0     -5.540     -5.368      0.304      7.720      0.000
  1180         22  gamma               91   880     0     0     0     0     0     -0.622     -0.625     -0.008      0.881      0.000
  1181         22  gamma               91   882     0     0     0     0     0      0.264     -0.244     -0.159      0.393      0.000
  1182         22  gamma               91   882     0     0     0     0     0      0.517     -0.772     -0.417      1.018      0.000
  1183         22  gamma               91   886     0     0     0     0     0      2.032     -4.531     -2.499      5.559      0.000
  1184         22  gamma               91   886     0     0     0     0     0      0.583     -1.319     -0.808      1.653      0.000
  1185         22  gamma               91   888     0     0     0     0     0      0.292     -0.857     -0.595      1.084      0.000
  1186         22  gamma               91   888     0     0     0     0     0      0.167     -0.251     -0.187      0.355      0.000
  1187        211  pi+                 91   889     0     0     0     0     0      0.856     -1.934     -0.067      2.121      0.140
  1188       -211  pi-                 91   889     0     0     0     0     0      2.567     -4.700     -0.601      5.391      0.140
  1189         22  gamma               91   891     0     0     0     0     0      0.514     -1.305     -0.266      1.428      0.000
  1190         22  gamma               91   891     0     0     0     0     0      1.511     -4.473     -0.814      4.791      0.000
  1191         22  gamma               91   895     0     0     0     0     0      5.634    -15.847      0.318     16.822      0.000
  1192         22  gamma               91   895     0     0     0     0     0      1.582     -4.581      0.034      4.847      0.000
  1193         22  gamma               91   899     0     0     0     0     0      0.924     -2.529     -0.044      2.693      0.000
  1194         22  gamma               91   899     0     0     0     0     0      5.403    -15.736     -0.366     16.642      0.000
  1195         22  gamma               91   903     0     0     0     0     0      0.948     -2.487      0.065      2.662      0.000
  1196         22  gamma               91   903     0     0     0     0     0      3.275     -7.933      0.276      8.587      0.000
  1197         22  gamma               91   905     0     0     0     0     0      8.555    -20.272      0.975     22.025      0.000
  1198         22  gamma               91   905     0     0     0     0     0      0.594     -1.341      0.041      1.467      0.000
  1199         22  gamma               91   909     0     0     0     0     0      3.152     -7.999      0.302      8.603      0.000
  1200         22  gamma               91   909     0     0     0     0     0      2.010     -5.179      0.300      5.563      0.000
  1201         22  gamma               91   911     0     0     0     0     0      2.471     -6.267     -0.018      6.737      0.000
  1202         22  gamma               91   911     0     0     0     0     0      0.942     -2.319      0.072      2.504      0.000
  1203         22  gamma               91   915     0     0     0     0     0      4.435    -11.917      0.440     12.723      0.000
  1204         22  gamma               91   915     0     0     0     0     0      8.199    -21.796      0.643     23.296      0.000
  1205         22  gamma               91   917     0     0     0     0     0      0.200     -0.517      0.355      0.659      0.000
  1206         22  gamma               91   917     0     0     0     0     0      0.047     -0.019      0.043      0.066      0.000
  1207         22  gamma               91   919     0     0     0     0     0      0.571      0.374      2.149      2.255      0.000
  1208         22  gamma               91   919     0     0     0     0     0      0.068     -0.004      0.226      0.236      0.000
  1209         22  gamma               91   921     0     0     0     0     0      0.096     -0.083      0.204      0.241      0.000
  1210         22  gamma               91   921     0     0     0     0     0      0.012     -0.201      0.469      0.510      0.000
  1211         22  gamma               91   925     0     0     0     0     0     -0.221      0.078     -0.040      0.238      0.000
  1212         22  gamma               91   925     0     0     0     0     0     -0.071      0.121     -0.065      0.155      0.000
  1213        111  (pi0)              -91   927     0  1329  1330     0     0     -0.103     -0.051     -0.225      0.286      0.135
  1214        111  (pi0)              -91   927     0  1331  1332     0     0     -0.123      0.429     -1.155      1.245      0.135
  1215        211  pi+                 91   929     0     0     0     0     0     -0.330     -0.069     -0.525      0.639      0.140
  1216       -211  pi-                 91   929     0     0     0     0     0     -2.070      0.144     -3.873      4.396      0.140
  1217         22  gamma               91   935     0     0     0     0     0     -0.011     -0.017     -1.317      1.317      0.000
  1218         22  gamma               91   935     0     0     0     0     0      0.021     -0.390     -6.967      6.978      0.000
  1219         22  gamma               91   937     0     0     0     0     0     -0.023     -0.017     -3.136      3.136      0.000
  1220         22  gamma               91   937     0     0     0     0     0     -0.021      0.197    -33.700     33.700      0.000
  1221         22  gamma               91   939     0     0     0     0     0     -0.029     -0.007    -12.092     12.092      0.000
  1222         22  gamma               91   939     0     0     0     0     0      0.035      0.084     -6.954      6.955      0.000
  1223         22  gamma               91   943     0     0     0     0     0     -0.040      0.737     -1.893      2.031      0.000
  1224         22  gamma               91   943     0     0     0     0     0     -0.041      0.086     -0.346      0.359      0.000
  1225         22  gamma               91   949     0     0     0     0     0      0.011     -0.022      0.006      0.026      0.000
  1226         22  gamma               91   949     0     0     0     0     0     -0.165      0.011      0.291      0.334      0.000
  1227         22  gamma               91   951     0     0     0     0     0      0.008     -0.016      0.243      0.243      0.000
  1228         22  gamma               91   951     0     0     0     0     0     -0.237     -0.340     17.446     17.451      0.000
  1229         22  gamma               91   957     0     0     0     0     0      0.014      0.011      0.006      0.020      0.000
  1230         22  gamma               91   957     0     0     0     0     0     -0.220      0.335      0.550      0.680      0.000
  1231         22  gamma               91   961     0     0     0     0     0     -0.012     -0.112     -3.022      3.024      0.000
  1232         22  gamma               91   961     0     0     0     0     0     -0.070     -0.028     -0.734      0.737      0.000
  1233         22  gamma               91   965     0     0     0     0     0      0.030     -0.031     -1.269      1.269      0.000
  1234         22  gamma               91   965     0     0     0     0     0      0.526     -0.127    -31.592     31.596      0.000
  1235        211  pi+                 91   966     0     0     0     0     0      0.140      0.017      3.484      3.490      0.140
  1236       -211  pi-                 91   966     0     0     0     0     0      0.658     -0.003      4.610      4.659      0.140
  1237        111  (pi0)              -91   968     0  1333  1334     0     0     -0.162     -0.198      5.577      5.584      0.135
  1238        111  (pi0)              -91   968     0  1335  1336     0     0      0.060      0.161      3.737      3.743      0.135
  1239        111  (pi0)              -91   969     0  1337  1338     0     0     -0.451     -0.374     -0.594      0.846      0.135
  1240        111  (pi0)              -91   969     0  1339  1340     0     0     -0.170     -0.130      0.027      0.254      0.135
  1241         12  nu_e                91   972     0     0     0     0     0      0.069     -0.140      0.262      0.305      0.000
  1242        -11  e+                  91   972     0     0     0     0     0      0.001     -0.042     -0.001      0.042      0.001
  1243       -211  pi-                 91   972     0     0     0     0     0      0.506      0.049      0.289      0.601      0.140
  1244        211  pi+                 91   973     0     0     0     0     0      1.071     -1.573     -0.505      1.974      0.140
  1245       -211  pi-                 91   973     0     0     0     0     0      0.394     -0.351      0.002      0.546      0.140
  1246         22  gamma               91   978     0     0     0     0     0     -0.013     -0.026      1.321      1.321      0.000
  1247         22  gamma               91   978     0     0     0     0     0      0.094      0.022      0.881      0.886      0.000
  1248         22  gamma               91   981     0     0     0     0     0      0.015     -0.051      1.029      1.031      0.000
  1249         22  gamma               91   981     0     0     0     0     0      0.157     -0.303     17.107     17.110      0.000
  1250         22  gamma               91   986     0     0     0     0     0     -0.065      0.476     -1.444      1.522      0.000
  1251         22  gamma               91   986     0     0     0     0     0     -0.900      3.759    -11.721     12.342      0.000
  1252         22  gamma               91   993     0     0     0     0     0     -0.050      0.261     -0.493      0.560      0.000
  1253         22  gamma               91   993     0     0     0     0     0     -0.079      0.412     -1.204      1.275      0.000
  1254         22  gamma               91   996     0     0     0     0     0     -0.312      0.906     -2.441      2.622      0.000
  1255         22  gamma               91   996     0     0     0     0     0     -1.428      3.635    -10.549     11.248      0.000
  1256         22  gamma               91  1001     0     0     0     0     0     -0.498      1.897     -5.765      6.090      0.000
  1257         22  gamma               91  1001     0     0     0     0     0     -2.918     12.118    -35.948     38.048      0.000
  1258         22  gamma               91  1004     0     0     0     0     0     -1.707      7.493    -21.856     23.167      0.000
  1259         22  gamma               91  1004     0     0     0     0     0     -0.277      1.001     -2.916      3.095      0.000
  1260         22  gamma               91  1005     0     0     0     0     0     -0.153      0.776     -2.461      2.585      0.000
  1261         22  gamma               91  1005     0     0     0     0     0     -0.236      1.213     -3.330      3.552      0.000
  1262         22  gamma               91  1006     0     0     0     0     0     -0.097      0.472     -1.446      1.524      0.000
  1263         22  gamma               91  1006     0     0     0     0     0     -1.545      6.645    -19.019     20.205      0.000
  1264         22  gamma               91  1011     0     0     0     0     0     -0.056     -0.134     -0.393      0.419      0.000
  1265         22  gamma               91  1011     0     0     0     0     0     -0.044      0.029     -0.129      0.139      0.000
  1266         22  gamma               91  1014     0     0     0     0     0     -0.011      0.017     -0.052      0.056      0.000
  1267         22  gamma               91  1014     0     0     0     0     0     -0.346     -0.162     -0.398      0.552      0.000
  1268         22  gamma               91  1019     0     0     0     0     0     -1.164      0.583     -2.728      3.023      0.000
  1269         22  gamma               91  1019     0     0     0     0     0     -0.028      0.041     -0.086      0.099      0.000
  1270         22  gamma               91  1024     0     0     0     0     0     -0.003      0.033     -0.082      0.089      0.000
  1271         22  gamma               91  1024     0     0     0     0     0     -0.407      0.111     -0.901      0.994      0.000
  1272         22  gamma               91  1025     0     0     0     0     0     -0.314     -0.384      0.005      0.496      0.000
  1273         22  gamma               91  1025     0     0     0     0     0     -0.039     -0.004     -0.024      0.046      0.000
  1274         22  gamma               91  1026     0     0     0     0     0     -0.016     -0.227      0.078      0.241      0.000
  1275         22  gamma               91  1026     0     0     0     0     0     -0.146     -0.240      0.025      0.283      0.000
  1276        111  (pi0)              -91  1027     0  1341  1342     0     0     -0.295     -0.522      0.238      0.659      0.135
  1277        111  (pi0)              -91  1027     0  1343  1344     0     0     -0.103     -0.075      0.003      0.186      0.135
  1278        111  (pi0)              -91  1027     0  1345  1346     0     0     -0.118     -0.079      0.003      0.196      0.135
  1279         22  gamma               91  1032     0     0     0     0     0     -0.047      0.023     -0.019      0.056      0.000
  1280         22  gamma               91  1032     0     0     0     0     0     -0.183     -0.104      0.111      0.238      0.000
  1281         22  gamma               91  1040     0     0     0     0     0      0.284     -0.481     -0.301      0.635      0.000
  1282         22  gamma               91  1040     0     0     0     0     0      0.019     -0.050     -0.087      0.102      0.000
  1283         22  gamma               91  1046     0     0     0     0     0      0.018     -0.187     -0.100      0.213      0.000
  1284         22  gamma               91  1046     0     0     0     0     0      0.265     -0.640     -0.196      0.720      0.000
  1285         22  gamma               91  1047     0     0     0     0     0      0.021     -0.020      0.006      0.030      0.000
  1286         22  gamma               91  1047     0     0     0     0     0      0.302     -0.717     -0.461      0.905      0.000
  1287         22  gamma               91  1048     0     0     0     0     0      0.333     -0.682     -0.251      0.799      0.000
  1288         22  gamma               91  1048     0     0     0     0     0      0.180     -0.535     -0.094      0.572      0.000
  1289         22  gamma               91  1060     0     0     0     0     0      0.048     -0.307     -0.045      0.314      0.000
  1290         22  gamma               91  1060     0     0     0     0     0      0.076     -0.188      0.070      0.215      0.000
  1291         22  gamma               91  1061     0     0     0     0     0      0.358     -0.854      0.034      0.927      0.000
  1292         22  gamma               91  1061     0     0     0     0     0      0.429     -1.180     -0.099      1.260      0.000
  1293         22  gamma               91  1062     0     0     0     0     0      0.281     -0.897     -0.098      0.946      0.000
  1294         22  gamma               91  1062     0     0     0     0     0      0.366     -0.776     -0.035      0.859      0.000
  1295         22  gamma               91  1065     0     0     0     0     0      1.678     -3.814     -0.383      4.184      0.000
  1296         22  gamma               91  1065     0     0     0     0     0      0.422     -1.074     -0.052      1.155      0.000
  1297         22  gamma               91  1082     0     0     0     0     0      2.109     -5.050      0.079      5.474      0.000
  1298         22  gamma               91  1082     0     0     0     0     0      1.415     -3.685      0.063      3.947      0.000
  1299       2212  p+                  91  1083     0     0     0     0     0      8.112    -19.621      0.444     21.258      0.938
  1300       -211  pi-                 91  1083     0     0     0     0     0      0.830     -2.073     -0.034      2.237      0.140
  1301         22  gamma               91  1086     0     0     0     0     0      1.250     -2.811      0.084      3.077      0.000
  1302         22  gamma               91  1086     0     0     0     0     0      0.226     -0.412      0.048      0.472      0.000
  1303       2112  n0                  91  1093     0     0     0     0     0      2.228     -1.606     -0.300      2.918      0.940
  1304        111  (pi0)              -91  1093     0  1347  1348     0     0      0.727     -0.486     -0.044      0.886      0.135
  1305         22  gamma               91  1101     0     0     0     0     0      0.009      0.082     -0.076      0.112      0.000
  1306         22  gamma               91  1101     0     0     0     0     0     -0.148      0.127     -0.346      0.397      0.000
  1307         22  gamma               91  1102     0     0     0     0     0     -0.679      0.308     -1.054      1.291      0.000
  1308         22  gamma               91  1102     0     0     0     0     0     -0.129      0.108     -0.324      0.365      0.000
  1309         22  gamma               91  1103     0     0     0     0     0     -0.239      0.078     -0.507      0.566      0.000
  1310         22  gamma               91  1103     0     0     0     0     0     -0.221      0.185     -0.395      0.489      0.000
  1311         22  gamma               91  1108     0     0     0     0     0      0.014      0.002     -0.035      0.038      0.000
  1312         22  gamma               91  1108     0     0     0     0     0     -0.317      0.058     -0.685      0.757      0.000
  1313         22  gamma               91  1111     0     0     0     0     0     -0.309     -0.050     -0.329      0.454      0.000
  1314         22  gamma               91  1111     0     0     0     0     0     -0.243      0.076     -0.223      0.338      0.000
  1315         22  gamma               91  1114     0     0     0     0     0     -0.131     -0.174     -0.475      0.522      0.000
  1316         22  gamma               91  1114     0     0     0     0     0     -1.624     -0.528     -1.673      2.391      0.000
  1317         22  gamma               91  1119     0     0     0     0     0      0.014     -0.125     -0.971      0.980      0.000
  1318         22  gamma               91  1119     0     0     0     0     0      0.127     -0.054     -1.296      1.303      0.000
  1319         22  gamma               91  1142     0     0     0     0     0     -0.044     -0.004    -26.201     26.201      0.000
  1320         22  gamma               91  1142     0     0     0     0     0      0.008      0.181   -105.398    105.398      0.000
  1321         22  gamma               91  1157     0     0     0     0     0     -0.042     -0.201     48.910     48.911      0.000
  1322         22  gamma               91  1157     0     0     0     0     0     -0.013     -0.271     37.513     37.514      0.000
  1323         22  gamma               91  1158     0     0     0     0     0      0.195     -0.216     25.415     25.416      0.000
  1324         22  gamma               91  1158     0     0     0     0     0      0.072     -0.113     22.445     22.445      0.000
  1325         22  gamma               91  1171     0     0     0     0     0      0.001     -0.051      0.003      0.051      0.000
  1326         22  gamma               91  1171     0     0     0     0     0     -0.002     -0.179     -0.291      0.342      0.000
  1327         22  gamma               91  1172     0     0     0     0     0     -0.050      0.027      0.016      0.059      0.000
  1328         22  gamma               91  1172     0     0     0     0     0     -0.051     -0.122      0.111      0.173      0.000
  1329         22  gamma               91  1213     0     0     0     0     0     -0.045      0.046     -0.093      0.113      0.000
  1330         22  gamma               91  1213     0     0     0     0     0     -0.058     -0.096     -0.132      0.173      0.000
  1331         22  gamma               91  1214     0     0     0     0     0     -0.016      0.239     -0.487      0.543      0.000
  1332         22  gamma               91  1214     0     0     0     0     0     -0.108      0.189     -0.668      0.702      0.000
  1333         22  gamma               91  1237     0     0     0     0     0     -0.074     -0.131      1.941      1.947      0.000
  1334         22  gamma               91  1237     0     0     0     0     0     -0.088     -0.067      3.636      3.637      0.000
  1335         22  gamma               91  1238     0     0     0     0     0      0.086      0.085      1.476      1.481      0.000
  1336         22  gamma               91  1238     0     0     0     0     0     -0.026      0.077      2.261      2.263      0.000
  1337         22  gamma               91  1239     0     0     0     0     0     -0.163     -0.083     -0.120      0.219      0.000
  1338         22  gamma               91  1239     0     0     0     0     0     -0.288     -0.291     -0.474      0.626      0.000
  1339         22  gamma               91  1240     0     0     0     0     0     -0.124     -0.028     -0.027      0.130      0.000
  1340         22  gamma               91  1240     0     0     0     0     0     -0.045     -0.102      0.054      0.124      0.000
  1341         22  gamma               91  1276     0     0     0     0     0     -0.208     -0.263      0.085      0.346      0.000
  1342         22  gamma               91  1276     0     0     0     0     0     -0.087     -0.259      0.153      0.313      0.000
  1343         22  gamma               91  1277     0     0     0     0     0     -0.064      0.018     -0.038      0.077      0.000
  1344         22  gamma               91  1277     0     0     0     0     0     -0.039     -0.093      0.041      0.109      0.000
  1345         22  gamma               91  1278     0     0     0     0     0      0.006     -0.016      0.047      0.050      0.000
  1346         22  gamma               91  1278     0     0     0     0     0     -0.124     -0.063     -0.044      0.146      0.000
  1347         22  gamma               91  1304     0     0     0     0     0      0.624     -0.355     -0.038      0.719      0.000
  1348         22  gamma               91  1304     0     0     0     0     0      0.102     -0.132     -0.006      0.167      0.000
                                   Charge sum:  2.000           Momentum sum:      0.000     -0.000      0.000  13600.000  13600.000

 --------  End PYTHIA Event Listing  -----------------------------------------------------------------------------------------------
#--------------------------------------------------------------------------
#                         FastJet release 3.5.1
#                 M. Cacciari, G.P. Salam and G. Soyez                  
#     A software package for jet finding and analysis at colliders      
#                           https://fastjet.fr                           
#	                                                                      
# Please cite EPJC72(2012)1896 [arXiv:1111.6097] if you use this package
# for scientific work and optionally PLB641(2006)57 [hep-ph/0512210].   
#                                                                       
# FastJet is provided without warranty under the GNU GPL v2 or higher.  
# It uses T. Chan's closest pair algorithm, S. Fortune's Voronoi code
# and 3rd party plugin jet algorithms. See COPYING file for details.
#--------------------------------------------------------------------------

 Pythia::next(): 100 events have been generated 

 Pythia::next(): 200 events have been generated 

 Pythia::next(): 300 events have been generated 

 Pythia::next(): 400 events have been generated 

 Pythia::next(): 500 events have been generated 

 Pythia::next(): 600 events have been generated 

 Pythia::next(): 700 events have been generated 

 Pythia::next(): 800 events have been generated 

 Pythia::next(): 900 events have been generated 

 *-------  PYTHIA Event and Cross Section Statistics  -------------------------------------------------------------*
 |                                                                                                                 |
 | Subprocess                                    Code |            Number of events       |      sigma +- delta    |
 |                                                    |       Tried   Selected   Accepted |     (estimated) (mb)   |
 |                                                    |                                   |                        |
 |-----------------------------------------------------------------------------------------------------------------|
 |                                                    |                                   |                        |
 | g g -> g g                                     111 |        1052        148        148 |   1.688e-09  7.744e-11 |
 | g g -> q qbar (uds)                            112 |          28          4          4 |   5.768e-11  1.543e-11 |
 | q g -> q g                                     113 |        4399        528        528 |   6.475e-09  1.353e-10 |
 | q q(bar)' -> q q(bar)'                         114 |        2687        306        306 |   4.016e-09  1.026e-10 |
 | q qbar -> g g                                  115 |          27          9          9 |   7.220e-11  1.403e-11 |
 | q qbar -> q' qbar' (uds)                       116 |          14          2          2 |   4.230e-11  1.186e-11 |
 | g g -> c cbar                                  121 |           6          0          0 |   0.000e+00  0.000e+00 |
 | q qbar -> c cbar                               122 |           4          0          0 |   0.000e+00  0.000e+00 |
 | g g -> b bbar                                  123 |          11          3          3 |   1.608e-11  7.788e-12 |
 | q qbar -> b bbar                               124 |           2          0          0 |   0.000e+00  0.000e+00 |
 | g g -> Dv Dvbar                               4901 |           1          0          0 |   0.000e+00  0.000e+00 |
 |                                                    |                                   |                        |
 | sum                                                |        8231       1000       1000 |   1.237e-08  1.884e-10 |
 |                                                                                                                 |
 *-------  End PYTHIA Event and Cross Section Statistics ----------------------------------------------------------*

 *-------  PYTHIA Multiparton Interactions Statistics  --------*
 |                                                             |
 |  Note: excludes hardest subprocess if already listed above  |
 |                                                             |
 | Subprocess                               Code |       Times |
 |                                               |             |
 |-------------------------------------------------------------|
 |                                               |             |
 | g g -> g g                                111 |        4522 |
 | g g -> q qbar (uds)                       112 |          55 |
 | q g -> q g                                113 |        1882 |
 | q q(bar)' -> q q(bar)'                    114 |         191 |
 | q qbar -> g g                             115 |           1 |
 | q qbar -> q' qbar' (uds)                  116 |           0 |
 | g g -> c cbar                             121 |          23 |
 | q qbar -> c cbar                          122 |           0 |
 | g g -> b bbar                             123 |           2 |
 | q qbar -> b bbar                          124 |           0 |
 | q g -> q gamma (udscb)                    201 |           0 |
 | q qbar -> g gamma                         202 |           0 |
 | g g -> g gamma                            203 |           0 |
 | f fbar -> gamma gamma                     204 |           0 |
 | g g -> gamma gamma                        205 |           0 |
 | f f' -> f f' (t-channel gamma*/Z0)        211 |           0 |
 | f_1 f_2 -> f_3 f_4 (t-channel W+-)        212 |           0 |
 | f fbar -> f' fbar' (s-channel gamma*)     223 |           0 |
 | g g -> ccbar(3S1)[3S1(1)] g               401 |           0 |
 | g g -> ccbar(3S1)[3S1(8)] g               402 |           0 |
 | q g -> ccbar(3S1)[3S1(8)] q               403 |           0 |
 | q qbar -> ccbar(3S1)[3S1(8)] g            404 |           0 |
 | g g -> ccbar(3S1)[1S0(8)] g               405 |           0 |
 | q g -> ccbar(3S1)[1S0(8)] q               406 |           0 |
 | q qbar -> ccbar(3S1)[1S0(8)] g            407 |           0 |
 | g g -> ccbar(3S1)[3PJ(8)] g               408 |           1 |
 | q g -> ccbar(3S1)[3PJ(8)] q               409 |           0 |
 | q qbar -> ccbar(3S1)[3PJ(8)] g            410 |           0 |
 | g g -> ccbar(3PJ)[3PJ(1)] g               411 |           9 |
 | q g -> ccbar(3PJ)[3PJ(1)] q               412 |           1 |
 | q qbar -> ccbar(3PJ)[3PJ(1)] g            413 |           0 |
 | g g -> ccbar(3PJ)[3S1(8)] g               414 |           0 |
 | q g -> ccbar(3PJ)[3S1(8)] q               415 |           0 |
 | q qbar -> ccbar(3PJ)[3S1(8)] g            416 |           0 |
 | g g -> ccbar(3DJ)[3DJ(1)] g               417 |           0 |
 | g g -> ccbar(3DJ)[3PJ(8)] g               418 |           0 |
 | q g -> ccbar(3DJ)[3PJ(8)] q               419 |           0 |
 | q qbar -> ccbar(3DJ)[3PJ(8)] g            420 |           0 |
 | g g -> double ccbar(3S1)[3S1(1)]          421 |           0 |
 | q qbar -> double ccbar(3S1)[3S1(1)]       422 |           0 |
 | g g -> ccbar(3S1)[3S1(1)] gamma           441 |           0 |
 | g g -> bbbar(3S1)[3S1(1)] g               501 |           0 |
 | g g -> bbbar(3S1)[3S1(8)] g               502 |           0 |
 | q g -> bbbar(3S1)[3S1(8)] q               503 |           0 |
 | q qbar -> bbbar(3S1)[3S1(8)] g            504 |           0 |
 | g g -> bbbar(3S1)[1S0(8)] g               505 |           0 |
 | q g -> bbbar(3S1)[1S0(8)] q               506 |           0 |
 | q qbar -> bbbar(3S1)[1S0(8)] g            507 |           0 |
 | g g -> bbbar(3S1)[3PJ(8)] g               508 |           0 |
 | q g -> bbbar(3S1)[3PJ(8)] q               509 |           0 |
 | q qbar -> bbbar(3S1)[3PJ(8)] g            510 |           0 |
 | g g -> bbbar(3PJ)[3PJ(1)] g               511 |           1 |
 | q g -> bbbar(3PJ)[3PJ(1)] q               512 |           0 |
 | q qbar -> bbbar(3PJ)[3PJ(1)] g            513 |           0 |
 | g g -> bbbar(3PJ)[3S1(8)] g               514 |           0 |
 | q g -> bbbar(3PJ)[3S1(8)] q               515 |           0 |
 | q qbar -> bbbar(3PJ)[3S1(8)] g            516 |           0 |
 | g g -> double bbbar(3S1)[3S1(1)]          521 |           0 |
 | q qbar -> double bbbar(3S1)[3S1(1)]       522 |           0 |
 | g g -> bbbar(3S1)[3S1(1)] gamma           551 |           0 |
 |                                                             |
 | sum                                           |        6688 |
 |                                               |             |
 *-------  End PYTHIA Multiparton Interactions Statistics -----*

 *-------  PYTHIA Error and Warning Messages Statistics  ----------------------------------------------------------* 
 |                                                                                                                 | 
 |  times   message                                                                                                | 
 |                                                                                                                 | 
 |      0   no errors or warnings to report                                                                        | 
 |                                                                                                                 | 
 *-------  End PYTHIA Error and Warning Messages Statistics  ------------------------------------------------------* 


  2026-07-22 12:23       number of HV gluons

        1.00*10^ 3  X                                                                                                   
        0.96*10^ 3  X                                                                                                   
        0.92*10^ 3  X                                                                                                   
        0.88*10^ 3  X                                                                                                   
        0.84*10^ 3  X                                                                                                   
        0.80*10^ 3  X                                                                                                   
        0.76*10^ 3  X                                                                                                   
        0.72*10^ 3  X                                                                                                   
        0.68*10^ 3  X                                                                                                   
        0.64*10^ 3  X                                                                                                   
        0.60*10^ 3  X                                                                                                   
        0.56*10^ 3  X                                                                                                   
        0.52*10^ 3  X                                                                                                   
        0.48*10^ 3  X                                                                                                   
        0.44*10^ 3  X                                                                                                   
        0.40*10^ 3  X                                                                                                   
        0.36*10^ 3  X                                                                                                   
        0.32*10^ 3  X                                                                                                   
        0.28*10^ 3  X                                                                                                   
        0.24*10^ 3  X                                                                                                   
        0.20*10^ 3  X                                                                                                   
        0.16*10^ 3  X                                                                                                   
        0.12*10^ 3  X                                                                                                   
        0.08*10^ 3  X                                                                                                   
        0.04*10^ 3  X                                                                                                   

          Contents                                                                                                      
            *10^ 3  1000000000000000000000000000000000000000000000000000000000000000000000000000000000000000000000000000
            *10^ 2  0000000000000000000000000000000000000000000000000000000000000000000000000000000000000000000000000000
            *10^ 1  0000000000000000000000000000000000000000000000000000000000000000000000000000000000000000000000000000
            *10^ 0  0000000000000000000000000000000000000000000000000000000000000000000000000000000000000000000000000000

          Low edge  -                                                                                                   
            *10^ 1  0000000000011111111112222222222333333333344444444445555555555666666666677777777778888888888999999999
            *10^ 0  0012345678901234567890123456789012345678901234567890123456789012345678901234567890123456789012345678
            *10^-1  5555555555555555555555555555555555555555555555555555555555555555555555555555555555555555555555555555

   Entries  =      1000   xMin =    -0.500   Underflow =     0.000   Mean   = 0.000e+00   RMS  = 0.000e+00
   SumW(in) =  1000.000   xMax =    99.500   Overflow  =     0.000   Median = 0.000e+00   nEff =  1000.000


  2026-07-22 12:23       number of HV gammas

        1.00*10^ 3  X                                                                                                   
        0.96*10^ 3  X                                                                                                   
        0.92*10^ 3  X                                                                                                   
        0.88*10^ 3  X                                                                                                   
        0.84*10^ 3  X                                                                                                   
        0.80*10^ 3  X                                                                                                   
        0.76*10^ 3  X                                                                                                   
        0.72*10^ 3  X                                                                                                   
        0.68*10^ 3  X                                                                                                   
        0.64*10^ 3  X                                                                                                   
        0.60*10^ 3  X                                                                                                   
        0.56*10^ 3  X                                                                                                   
        0.52*10^ 3  X                                                                                                   
        0.48*10^ 3  X                                                                                                   
        0.44*10^ 3  X                                                                                                   
        0.40*10^ 3  X                                                                                                   
        0.36*10^ 3  X                                                                                                   
        0.32*10^ 3  X                                                                                                   
        0.28*10^ 3  X                                                                                                   
        0.24*10^ 3  X                                                                                                   
        0.20*10^ 3  X                                                                                                   
        0.16*10^ 3  X                                                                                                   
        0.12*10^ 3  X                                                                                                   
        0.08*10^ 3  X                                                                                                   
        0.04*10^ 3  X                                                                                                   

          Contents                                                                                                      
            *10^ 3  1000000000000000000000000000000000000000000000000000000000000000000000000000000000000000000000000000
            *10^ 2  0000000000000000000000000000000000000000000000000000000000000000000000000000000000000000000000000000
            *10^ 1  0000000000000000000000000000000000000000000000000000000000000000000000000000000000000000000000000000
            *10^ 0  0000000000000000000000000000000000000000000000000000000000000000000000000000000000000000000000000000

          Low edge  -                                                                                                   
            *10^ 1  0000000000011111111112222222222333333333344444444445555555555666666666677777777778888888888999999999
            *10^ 0  0012345678901234567890123456789012345678901234567890123456789012345678901234567890123456789012345678
            *10^-1  5555555555555555555555555555555555555555555555555555555555555555555555555555555555555555555555555555

   Entries  =      1000   xMin =    -0.500   Underflow =     0.000   Mean   = 0.000e+00   RMS  = 0.000e+00
   SumW(in) =  1000.000   xMax =    99.500   Overflow  =     0.000   Median = 0.000e+00   nEff =  1000.000


  2026-07-22 12:23       number of HV hadrons

        1.00*10^ 3  8                                                                                                   
        0.96*10^ 3  X                                                                                                   
        0.92*10^ 3  X                                                                                                   
        0.88*10^ 3  X                                                                                                   
        0.84*10^ 3  X                                                                                                   
        0.80*10^ 3  X                                                                                                   
        0.76*10^ 3  X                                                                                                   
        0.72*10^ 3  X                                                                                                   
        0.68*10^ 3  X                                                                                                   
        0.64*10^ 3  X                                                                                                   
        0.60*10^ 3  X                                                                                                   
        0.56*10^ 3  X                                                                                                   
        0.52*10^ 3  X                                                                                                   
        0.48*10^ 3  X                                                                                                   
        0.44*10^ 3  X                                                                                                   
        0.40*10^ 3  X                                                                                                   
        0.36*10^ 3  X                                                                                                   
        0.32*10^ 3  X                                                                                                   
        0.28*10^ 3  X                                                                                                   
        0.24*10^ 3  X                                                                                                   
        0.20*10^ 3  X                                                                                                   
        0.16*10^ 3  X                                                                                                   
        0.12*10^ 3  X                                                                                                   
        0.08*10^ 3  X                                                                                                   
        0.04*10^ 3  X2                                                                                                  

          Contents                                                                                                      
            *10^ 2  9000000000000000000000000000000000000000000000000000000000000000000000000000000000000000000000000000
            *10^ 1  9000000000000000000000000000000000000000000000000000000000000000000000000000000000000000000000000000
            *10^ 0  2700010000000000000000000000000000000000000000000000000000000000000000000000000000000000000000000000
            *10^-1  0000000000000000000000000000000000000000000000000000000000000000000000000000000000000000000000000000

          Low edge  -                                                                                                   
            *10^ 1  0000000000011111111112222222222333333333344444444445555555555666666666677777777778888888888999999999
            *10^ 0  0012345678901234567890123456789012345678901234567890123456789012345678901234567890123456789012345678
            *10^-1  5555555555555555555555555555555555555555555555555555555555555555555555555555555555555555555555555555

   Entries  =      1000   xMin =    -0.500   Underflow =     0.000   Mean   = 1.200e-02   RMS  = 1.785e-01
   SumW(in) =  1000.000   xMax =    99.500   Overflow  =     0.000   Median = 4.032e-03   nEff =  1000.000


  2026-07-22 12:23       dN/dpTj

        1.00*10^ 2                       X                                                                              
        0.96*10^ 2                       X                                                                              
        0.92*10^ 2                       X                                                                              
        0.88*10^ 2                       X                                                                              
        0.84*10^ 2                       X                                                                              
        0.80*10^ 2                       X                                                                              
        0.76*10^ 2                      XX                                                                              
        0.72*10^ 2                      XX                                                                              
        0.68*10^ 2                      XX5X3                                                                           
        0.64*10^ 2                      XXXXX                                                                           
        0.60*10^ 2                      XXXXX83                                                                         
        0.56*10^ 2                      XXXXXXX 3 5                                                                     
        0.52*10^ 2                      XXXXXXX8X8X3 X5                                                                 
        0.48*10^ 2                      XXXXXXXXXXXX XX                                                                 
        0.44*10^ 2                      XXXXXXXXXXXX XX                                                                 
        0.40*10^ 2                      XXXXXXXXXXXX3XX X                                                               
        0.36*10^ 2                      XXXXXXXXXXXXXXX5X            5                                                  
        0.32*10^ 2                      XXXXXXXXXXXXXXXXX 3X  85   5 X                                                  
        0.28*10^ 2                      XXXXXXXXXXXXXXXXX2XX5XXXX7 X X7              5                                  
        0.24*10^ 2                      XXXXXXXXXXXXXXXXXXXXXXXXXX5X XX2555 72 X    5X 2 5                              
        0.20*10^ 2                      XXXXXXXXXXXXXXXXXXXXXXXXXXXX7XXXXXX5XX5X    XX7X X     5         2              
        0.16*10^ 2                      XXXXXXXXXXXXXXXXXXXXXXXXXXXXXXXXXXXXXXXX 7 5XXXX X7 7  XX7 5    2X 5  57      22
        0.12*10^ 2                      XXXXXXXXXXXXXXXXXXXXXXXXXXXXXXXXXXXXXXXX2X2XXXXXXXX XX XXX X27  XX X  XX257 5 XX
        0.08*10^ 2                      XXXXXXXXXXXXXXXXXXXXXXXXXXXXXXXXXXXXXXXXXXXXXXXXXXX7XXXXXX XXXXXXX5X5XXXXXX7XXXX
        0.04*10^ 2                      XXXXXXXXXXXXXXXXXXXXXXXXXXXXXXXXXXXXXXXXXXXXXXXXXXXXXXXXXXXXXXXXXXXXXXXXXXXXXXXX

          Contents                                                                                                      
            *10^ 2  0000000000000000000001000000000000000000000000000000000000000000000000000000000000000000000000000000
            *10^ 1  0000000000000000000070666555555435534223223322231322222122120101221212101101110101001101001101101011
            *10^ 0  0000000000000000000060685971314972040592681087209471222831849594269122575288654491883764684590170833
            *10^-1  0000000000000000000000000000000000000000000000000000000000000000000000000000000000000000000000000000

          Low edge                                                                                                      
            *10^ 1  0000000000111111111122222222223333333333444444444455555555556666666666777777777788888888889999999999
            *10^ 0  0123456789012345678901234567890123456789012345678901234567890123456789012345678901234567890123456789
            *10^-1  0000000000000000000000000000000000000000000000000000000000000000000000000000000000000000000000000000

   Entries  =      5064   xMin =     0.000   Underflow =     0.000   Mean   =    45.637   RMS  =    21.774
   SumW(in) =  2044.000   xMax =   100.000   Overflow  =  3020.000   Median =    39.188   nEff =  2044.000
