
 *------------------------------------------------------------------------------------* 
 |                                                                                    | 
 |  *------------------------------------------------------------------------------*  | 
 |  |                                                                              |  | 
 |  |                                                                              |  | 
 |  |   PPP   Y   Y  TTTTT  H   H  III    A      Welcome to the Lund Monte Carlo!  |  | 
 |  |   P  P   Y Y     T    H   H   I    A A     This is PYTHIA version 8.315      |  | 
 |  |   PPP     Y      T    HHHHH   I   AAAAA    Last date of change: 27 May 2025  |  | 
 |  |   P       Y      T    H   H   I   A   A                                      |  | 
 |  |   P       Y      T    H   H  III  A   A    Now is 22 Jul 2026 at 12:33:14    |  | 
 |  |                                                                              |  | 
 |  |   Program documentation and an archive of historic versions is found on:     |  | 
 |  |                                                                              |  | 
 |  |                               https://pythia.org/                            |  | 
 |  |                                                                              |  | 
 |  |   PYTHIA is authored by a collaboration consisting of:                       |  | 
 |  |                                                                              |  | 
 |  |   Javira Altmann, Christian Bierlich, Naomi Cooke, Nishita Desai,            |  | 
 |  |   Ilkka Helenius, Philip Ilten, Leif Lonnblad, Stephen Mrenna,               |  | 
 |  |   Christian Preuss, Torbjorn Sjostrand, and Peter Skands.                    |  | 
 |  |                                                                              |  | 
 |  |   The complete list of authors, including contact information and            |  | 
 |  |   affiliations, can be found on https://pythia.org/.                         |  | 
 |  |   Problems or bugs should be reported on email at authors@pythia.org.        |  | 
 |  |                                                                              |  | 
 |  |   The main program reference is C. Bierlich et al,                           |  | 
 |  |   'A comprehensive guide to the physics and usage of Pythia 8.3',            |  | 
 |  |   SciPost Phys. Codebases 8-r8.3 (2022) [arXiv:2203.11601 [hep-ph]]          |  | 
 |  |                                                                              |  | 
 |  |   PYTHIA is released under the GNU General Public Licence version 2          |  | 
 |  |   or later. Please respect the MCnet Guidelines for Generator Authors        |  | 
 |  |   and Users.                                                                 |  | 
 |  |                                                                              |  | 
 |  |   Disclaimer: this program comes without any guarantees.                     |  | 
 |  |   Beware of errors and use common sense when interpreting results.           |  | 
 |  |                                                                              |  | 
 |  |   Copyright (C) 2025 Torbjorn Sjostrand                                      |  | 
 |  |                                                                              |  | 
 |  |                                                                              |  | 
 |  *------------------------------------------------------------------------------*  | 
 |                                                                                    | 
 *------------------------------------------------------------------------------------* 


 *-------  PYTHIA Process Initialization  --------------------------*
 |                                                                  |
 | We collide p+ with p+ at a CM energy of 1.360e+04 GeV            |
 |                                                                  |
 |------------------------------------------------------------------|
 |                                                    |             |
 | Subprocess                                    Code |   Estimated |
 |                                                    |    max (mb) |
 |                                                    |             |
 |------------------------------------------------------------------|
 |                                                    |             |
 | g g -> Dv Dvbar                               4901 |   7.674e-08 |
 | q qbar -> Dv Dvbar                            4911 |   1.445e-08 |
 |                                                                  |
 *-------  End PYTHIA Process Initialization -----------------------*
 PYTHIA Warning in SimpleTimeShower::init: Hidden Valley  pTmin too low, raised to 11.000

 *-------  PYTHIA Multiparton Interactions Initialization  ---------* 
 |                                                                  | 
 |                   sigmaNonDiffractive =    56.87 mb              | 
 |                                                                  | 
 |    pT0 =  2.63 gives sigmaInteraction =   324.16 mb: accepted    | 
 |                                                                  | 
 *-------  End PYTHIA Multiparton Interactions Initialization  -----* 

 *-------  PYTHIA Flag + Mode + Parm + Word + FVec + MVec + PVec + WVec Settings (changes only)  ------------------* 
 |                                                                                                                 | 
 | Name                                          |                      Now |      Default         Min         Max | 
 |                                               |                          |                                      | 
 | Beams:eCM                                     |                13600.000 |    14000.000         0.0             | 
 | HiddenValley:alphaOrder                       |                        1 |            0           0           3 | 
 | HiddenValley:fragment                         |                       on |          off                         | 
 | HiddenValley:FSR                              |                       on |          off                         | 
 | HiddenValley:gg2DvDvbar                       |                       on |          off                         | 
 | HiddenValley:Lambda                           |                 10.00000 |      0.40000   0.0100000             | 
 | HiddenValley:probVector                       |                  0.70000 |      0.75000         0.0     1.00000 | 
 | HiddenValley:pTminFSR                         |                  1.00000 |      0.44000     0.10000             | 
 | HiddenValley:qqbar2DvDvbar                    |                       on |          off                         | 
 | HiddenValley:setLambda                        |                       on |          off                         | 
 | Init:showChangedParticleData                  |                      off |           on                         | 
 | Main:writeLog                                 |                       on |          off                         | 
 | Stat:showPartonLevel                          |                       on |          off                         | 
 | StringZ:useOldAExtra                          |                       on |          off                         | 
 |                                                                                                                 | 
 *-------  End PYTHIA Flag + Mode + Parm + Word + FVec + MVec + PVec + WVec Settings  -----------------------------* 

 *-------  PYTHIA Flag + Mode + Parm + Word + FVec + MVec + PVec + WVec Settings (changes only)  ------------------* 
 |                                                                                                                 | 
 | Name                                          |                      Now |      Default         Min         Max | 
 |                                               |                          |                                      | 
 | Beams:eCM                                     |                13600.000 |    14000.000         0.0             | 
 | HiddenValley:alphaOrder                       |                        1 |            0           0           3 | 
 | HiddenValley:fragment                         |                       on |          off                         | 
 | HiddenValley:FSR                              |                       on |          off                         | 
 | HiddenValley:gg2DvDvbar                       |                       on |          off                         | 
 | HiddenValley:Lambda                           |                 10.00000 |      0.40000   0.0100000             | 
 | HiddenValley:probVector                       |                  0.70000 |      0.75000         0.0     1.00000 | 
 | HiddenValley:pTminFSR                         |                  1.00000 |      0.44000     0.10000             | 
 | HiddenValley:qqbar2DvDvbar                    |                       on |          off                         | 
 | HiddenValley:setLambda                        |                       on |          off                         | 
 | Init:showChangedParticleData                  |                      off |           on                         | 
 | Main:writeLog                                 |                       on |          off                         | 
 | Stat:showPartonLevel                          |                       on |          off                         | 
 | StringZ:useOldAExtra                          |                       on |          off                         | 
 |                                                                                                                 | 
 *-------  End PYTHIA Flag + Mode + Parm + Word + FVec + MVec + PVec + WVec Settings  -----------------------------* 

 --------  PYTHIA Particle Data Table (partial)  -----------------------------------------------------------------------------------
 
      id   name            antiName         spn chg col      m0        mWidth      mMin       mMax       tau0    res dec ext vis wid
             no onMode   bRatio   meMode     products 

 4900001  Dv               Dvbar              1  -1   1  400.00000    1.00000   50.00000    0.00000  1.97327e-13   1   1   0   1   0
              0     1   1.0000000  103        1  4900101 

 4900101  qv1              qv1bar             2   0   0   40.00000    0.00000   40.00000   40.00000  0.00000e+00   0   0   0   0   0

 4900102  qv2              qv2bar             2   0   0   40.00000    0.00000    5.00000    5.00000  0.00000e+00   0   0   0   0   0

 4900103  qv3              qv3bar             2   0   0   40.00000    0.00000    5.00000    5.00000  0.00000e+00   0   0   0   0   0

 4900021  gv                                  3   0   0    0.00000    0.00000    0.00000    0.00000  0.00000e+00   0   0   0   0   0

 4900022  gammav                              3   0   0    0.00000    0.00000    0.00000    0.00000  0.00000e+00   0   1   0   0   0
              0     0   0.0500000   91        1       -1 
              1     0   0.2000000   91        2       -2 
              2     0   0.0500000   91        3       -3 
              3     0   0.2000000   91        4       -4 
              4     0   0.0500000   91        5       -5 
              5     0   0.1500000   91       11      -11 
              6     0   0.0000000   91       12      -12 
              7     0   0.1500000   91       13      -13 
              8     0   0.0000000   91       14      -14 
              9     0   0.1500000   91       15      -15 
             10     0   0.0000000   91       16      -16 

 4900023  Zv                                  3   0   0  1.000e+03  2.000e+01  5.000e+02  1.500e+03  9.86635e-15   1   1   0   1   0
              0     1   0.0750000  102        1       -1 
              1     1   0.0750000  102        2       -2 
              2     1   0.0750000  102        3       -3 
              3     1   0.0750000  102        4       -4 
              4     1   0.0750000  102        5       -5 
              5     1   0.0750000  102        6       -6 
              6     1   0.0250000  102       11      -11 
              7     1   0.0250000  102       12      -12 
              8     1   0.0250000  102       13      -13 
              9     1   0.0250000  102       14      -14 
             10     1   0.0250000  102       15      -15 
             11     1   0.0250000  102       16      -16 
             12     1   0.0500000  102  4900101 -4900101 
             13     0   0.0500000  102  4900102 -4900102 
             14     0   0.0500000  102  4900103 -4900103 
             15     0   0.0500000  102  4900104 -4900104 
             16     0   0.0500000  102  4900105 -4900105 
             17     0   0.0500000  102  4900106 -4900106 
             18     0   0.0500000  102  4900107 -4900107 
             19     0   0.0500000  102  4900108 -4900108 

 4900111  pivDiag                             1   0   0   10.00000    0.00000   10.00000   10.00000  0.00000e+00   0   1   0   0   0
              0     1   1.0000000   91        1       -1 

 4900113  rhovDiag                            3   0   0   25.00000    0.00000   25.00000   25.00000  0.00000e+00   0   1   0   0   0
              0     1   1.0000000   91        1       -1 

 4900211  pivUp            pivDn              1   0   0   10.00000    0.00000   10.00000   10.00000  0.00000e+00   0   0   0   0   0

 4900213  rhovUp           rhovDn             3   0   0   10.00000    0.00000   10.00000   10.00000  0.00000e+00   0   0   0   0   0

 --------  End PYTHIA Particle Data Table  -----------------------------------------------------------------------------------------


 --------  PYTHIA Info Listing  ---------------------------------------- 
 
 Beam A: id =   2212, pz =  6.800e+03, e =  6.800e+03, m =  9.383e-01.
 Beam B: id =   2212, pz = -6.800e+03, e =  6.800e+03, m =  9.383e-01.

 In 1: id =   21, x =  1.318e-01, pdf =  5.019e-01 at Q2 =  1.638e+05.
 In 2: id =   21, x =  2.801e-02, pdf =  3.319e+00 at same Q2.

 Subprocess g g -> Dv Dvbar with code 4901 is 2 -> 2.
 It has sHat =  6.827e+05,    tHat = -2.485e+05,    uHat = -1.140e+05,
       pTHat =  6.310e+01,   m3Hat =  4.004e+02,   m4Hat =  3.998e+02,
    thetaHat =  2.482e+00,  phiHat =  4.174e+00.
     alphaEM =  7.952e-03,  alphaS =  1.062e-01    at Q2 =  1.640e+05.

 Impact parameter b =  3.696e-01 gives enhancement factor =  3.096e+00.
 Max pT scale for MPI =  1.360e+04, ISR =  1.360e+04, FSR =  1.360e+04.
 Number of MPI =    12, ISR =    29, FSRproc =   113, FSRreson =    29.

 --------  End PYTHIA Info Listing  ------------------------------------

 --------  PYTHIA Event Listing  (hard process)  -----------------------------------------------------------------------------------
 
    no         id  name            status     mothers   daughters     colours      p_x        p_y        p_z         e          m 
     0         90  (system)           -11     0     0     0     0     0     0      0.000      0.000      0.000  13600.000  13600.000
     1       2212  (p+)               -12     0     0     3     0     0     0      0.000      0.000   6800.000   6800.000      0.938
     2       2212  (p+)               -12     0     0     4     0     0     0      0.000      0.000  -6800.000   6800.000      0.938
     3         21  (g)                -21     1     0     5     6   101   102      0.000      0.000    896.039    896.039      0.000
     4         21  (g)                -21     2     0     5     6   103   101      0.000      0.000   -190.466    190.466      0.000
     5    4900001  (Dv)               -22     3     4     7     8   103     0    -32.368    -54.161    246.021    474.124    400.358
     6   -4900001  (Dvbar)            -22     3     4     9    10     0   102     32.368     54.161    459.552    612.380    399.800
     7          1  d                   23     5     0     0     0   103     0    -33.652   -124.971    331.658    356.016      0.330
     8    4900101  qv1                 23     5     0     0     0     0     0      1.283     70.810    -85.638    118.108     40.000
     9         -1  dbar                23     6     0     0     0     0   102     27.419   -169.961    151.703    229.462      0.330
    10   -4900101  qv1bar              23     6     0     0     0     0     0      4.949    224.122    307.849    382.918     40.000
                                   Charge sum:  0.000           Momentum sum:      0.000      0.000    705.573   1086.504    826.231

 --------  End PYTHIA Event Listing  -----------------------------------------------------------------------------------------------

 --------  PYTHIA Event Listing  (complete event)  ---------------------------------------------------------------------------------
 
    no         id  name            status     mothers   daughters     colours      p_x        p_y        p_z         e          m 
     0         90  (system)           -11     0     0     0     0     0     0      0.000      0.000      0.000  13600.000  13600.000
     1       2212  (p+)               -12     0     0   603     0     0     0      0.000      0.000   6800.000   6800.000      0.938
     2       2212  (p+)               -12     0     0   604     0     0     0      0.000      0.000  -6800.000   6800.000      0.938
     3         21  (g)                -21     7     0     5     6   101   102      0.000      0.000    896.039    896.039      0.000
     4         21  (g)                -21     8     8     5     6   103   101      0.000      0.000   -190.466    190.466      0.000
     5    4900001  (Dv)               -22     3     4     9     9   103     0    -32.368    -54.161    246.021    474.124    400.358
     6   -4900001  (Dvbar)            -22     3     4    10    10     0   102     32.368     54.161    459.552    612.380    399.800
     7          2  (u)                -41    12    12    11     3   101     0     -0.000     -0.000   1630.035   1630.035      0.000
     8         21  (g)                -42    13     0     4     4   103   101     -0.000      0.000   -190.466    190.466      0.000
     9    4900001  (Dv)               -44     5     5    14    14   103     0    -74.839     18.738    329.427    524.176    400.358
    10   -4900001  (Dvbar)            -44     6     6    15    15     0   102    -30.850    162.671    561.604    708.980    399.800
    11          2  (u)                -43     7     0    16    16   102     0    105.689   -181.409    548.538    587.344      0.330
    12          2  (u)                -42    18     0     7     7   101     0     -0.000      0.000   1630.035   1630.035      0.000
    13         21  (g)                -41    19    19    17     8   103   105      0.000     -0.000   -267.115    267.115      0.000
    14    4900001  (Dv)               -44     9     9    20    20   103     0    -29.592     16.758    305.369    504.672    400.358
    15   -4900001  (Dvbar)            -44    10    10    21    21     0   102      3.391    161.172    540.641    691.463    399.800
    16          2  (u)                -44    11    11    22    22   102     0    114.705   -181.804    561.930    601.644      0.330
    17         21  (g)                -43    13     0    23    23   101   105    -88.503      3.874    -45.021     99.371      0.000
    18          2  (u)                -41    31     0    24    12   106     0      0.000     -0.000   2283.525   2283.525      0.000
    19         21  (g)                -42    32    32    13    13   103   105      0.000      0.000   -267.115    267.115      0.000
    20    4900001  (Dv)               -44    14    14    33    33   103     0    -15.821     16.854    308.907    506.206    400.358
    21   -4900001  (Dvbar)            -44    15    15    34    34     0   102     24.337    161.319    544.714    695.104    399.800
    22          2  (u)                -44    16    16    35    35   102     0    134.486   -181.665    563.613    607.247      0.330
    23         21  (g)                -44    17    17    27    27   101   105    -87.579      3.880    -42.914     97.605      0.000
    24         21  (g)                -43    18     0    25    26   106   101    -55.424     -0.389    642.090    644.478      0.000
    25         21  (g)                -51    24     0    37    37   106   107     -8.869     27.624    489.701    490.560      0.000
    26         21  (g)                -51    24     0    28    29   107   101    -52.736    -27.739    149.360    160.807      0.000
    27         21  (g)                -52    23    23    30    30   101   105    -81.398      3.607    -39.885     90.716      0.000
    28         21  (g)                -51    26     0    38    38   107   108     -2.458     -8.096     50.857     51.556      0.000
    29         21  (g)                -51    26     0    39    39   108   101    -53.100    -19.518     97.120    112.396      0.000
    30         21  (g)                -52    27    27    36    36   101   105    -78.575      3.482    -38.503     87.571      0.000
    31          2  (u)                -41    49    49    40    18   109     0     -0.000      0.000   2572.929   2572.929      0.000
    32         21  (g)                -42    50     0    19    19   103   105      0.000     -0.000   -267.115    267.115      0.000
    33    4900001  (Dv)               -44    20    20    51    51   103     0    -15.567     15.251    309.096    506.263    400.358
    34   -4900001  (Dvbar)            -44    21    21    52    52     0   102     24.723    158.881    545.231    694.961    399.800
    35          2  (u)                -44    22    22    53    53   102     0    134.851   -183.967    563.395    607.818      0.330
    36         21  (g)                -44    30    30    54    54   101   105    -78.560      3.385    -38.445     87.528      0.000
    37         21  (g)                -44    25    25    55    55   106   107     -8.564     25.696    489.904    490.652      0.000
    38         21  (g)                -44    28    28    56    56   107   108     -2.426     -8.297     50.857     51.587      0.000
    39         21  (g)                -44    29    29    57    57   108   101    -53.035    -19.930     97.132    112.448      0.000
    40         21  (g)                -43    31     0    58    58   109   106     -1.422      8.981    288.643    288.786      0.000
    41         21  (g)                -31   121     0    43    44   111   110      0.000      0.000      1.575      1.575      0.000
    42         21  (g)                -31   122   122    43    44   113   112      0.000      0.000   -544.643    544.643      0.000
    43         21  (g)                -33    41    42   123   123   113   110      4.593      7.716    -11.576     14.651      0.000
    44         21  (g)                -33    41    42   124   124   111   112     -4.593     -7.716   -531.492    531.568      0.000
    45         21  (g)                -31    60     0    47    48   115   114      0.000      0.000      5.996      5.996      0.000
    46         21  (g)                -31    61    61    47    48   117   116      0.000      0.000    -19.415     19.415      0.000
    47         21  (g)                -33    45    46    62    62   117   114     -2.291     -6.472      3.091      7.529      0.000
    48         21  (g)                -33    45    46    63    63   115   116      2.291      6.472    -16.511     17.881      0.000
    49          2  (u)                -42    69    69    31    31   109     0     -0.000     -0.000   2572.929   2572.929      0.000
    50         21  (g)                -41    70     0    59    32   103   118      0.000      0.000   -329.096    329.096      0.000
    51    4900001  (Dv)               -44    33    33    71    71   103     0    -13.312     16.396    308.977    506.161    400.358
    52   -4900001  (Dvbar)            -44    34    34    72    72     0   102     26.436    159.751    546.386    696.130    399.800
    53          2  (u)                -44    35    35    73    73   102     0    135.359   -183.710    563.818    608.245      0.330
    54         21  (g)                -44    36    36    74    74   101   105    -77.119      4.117    -39.321     86.663      0.000
    55         21  (g)                -44    37    37    75    75   106   107     -8.556     25.700    489.911    490.659      0.000
    56         21  (g)                -44    38    38    76    76   107   108     -2.417     -8.293     50.777     51.506      0.000
    57         21  (g)                -44    39    39    77    77   108   101    -52.860    -19.841     96.401    111.718      0.000
    58         21  (g)                -44    40    40    78    78   109   106     -1.420      8.982    288.653    288.796      0.000
    59         21  (g)                -43    50     0    79    79   105   118     -6.111     -3.102    -61.768     62.147      0.000
    60         21  (g)                -41    89    89    64    45   119   114     -0.000      0.000    653.358    653.358      0.000
    61         21  (g)                -42    90     0    46    46   117   116     -0.000      0.000    -19.415     19.415      0.000
    62         21  (g)                -44    47    47    91    91   117   114      1.993    -10.672      0.793     10.885      0.000
    63         21  (g)                -44    48    48    92    92   115   116      2.844      5.930    -13.598     15.105      0.000
    64         21  (g)                -43    60     0    93    93   119   115     -4.836      4.741    646.748    646.783      0.000
    65         21  (g)                -31    81    81    67    68   120   121      0.000      0.000    109.351    109.351      0.000
    66         21  (g)                -31    82     0    67    68   121   122      0.000      0.000     -1.127      1.127      0.000
    67         21  (g)                -33    65    66    83    83   120   123     -3.378     -4.765    101.088    101.257      0.000
    68         21  (g)                -33    65    66    84    84   123   122      3.378      4.765      7.136      9.221      0.000
    69          2  (u)                -42    88    88    49    49   109     0     -0.000     -0.000   2572.929   2572.929      0.000
    70         21  (g)                -41   379   379    80    50   124   118      0.000      0.000   -389.523    389.523      0.000
    71    4900001  (Dv)               -44    51    51   114   114   103     0    -14.985     16.150    309.046    506.242    400.358
    72   -4900001  (Dvbar)            -44    52    52   159   159     0   102     25.165    159.564    545.926    695.678    399.800
    73          2  (u)                -44    53    53   157   158   102     0    134.982   -183.765    562.863    607.293      0.330
    74         21  (g)                -44    54    54   107   107   101   105    -78.188      3.959    -38.673     87.319      0.000
    75         21  (g)                -44    55    55   104   104   106   107     -8.562     25.699    489.922    490.670      0.000
    76         21  (g)                -44    56    56   102   103   107   108     -2.424     -8.294     50.804     51.534      0.000
    77         21  (g)                -44    57    57   115   116   108   101    -52.990    -19.860     96.868    112.186      0.000
    78         21  (g)                -44    58    58    86    87   109   106     -1.421      8.982    288.636    288.779      0.000
    79         21  (g)                -44    59    59   105   106   105   118     -7.162     -3.256    -61.711     62.211      0.000
    80         21  (g)                -43    70     0   112   113   124   103      5.585      0.821    -60.274     60.538      0.000
    81         21  (g)                -42   246   246    65    65   120   121     -0.000      0.000    109.351    109.351      0.000
    82         21  (g)                -41   247     0    85    66   125   122      0.000     -0.000     -2.202      2.202      0.000
    83         21  (g)                -44    67    67   154   155   120   123     -2.989     -4.803     83.786     83.977      0.000
    84         21  (g)                -44    68    68   156   156   123   122      8.189      4.287     16.920     19.280      0.000
    85         21  (g)                -43    82     0   250   250   125   121     -5.200      0.517      6.443      8.296      0.000
    86         21  (g)                -51    78     0   187   187   126   106     -4.375      1.929    376.338    376.368      0.000
    87         21  (g)                -51    78     0    95    96   109   126      2.953      7.052    258.978    259.091      0.000
    88          2  (u)                -53    97    97    69    69   109     0     -0.000     -0.000   2919.609   2919.609      0.000
    89         21  (g)                -42   191   191    60    60   119   114     -0.000     -0.000    653.358    653.358      0.000
    90         21  (g)                -41   192     0    94    61   117   127      0.000      0.000    -19.902     19.902      0.000
    91         21  (g)                -44    62    62   193   193   117   114      1.315    -10.821      0.665     10.921      0.000
    92         21  (g)                -44    63    63   194   194   115   116      0.917      5.506    -14.049     15.117      0.000
    93         21  (g)                -44    64    64   195   195   119   115     -4.839      4.741    636.720    636.756      0.000
    94         21  (g)                -43    90     0   196   196   116   127      2.606      0.574     10.120     10.466      0.000
    95         -1  (dbar)             -51    87     0   262   263     0   126      4.244      4.662    188.308    188.413      0.330
    96          1  (d)                -51    87     0   616   616   109     0     -1.291      2.391    530.530    530.537      0.330
    97          2  (u)                -53   603   603    88    88   109     0     -0.000     -0.000   3379.468   3379.468      0.000
    98         21  (g)                -31   165   165   100   101   129   128      0.000      0.000    122.274    122.274      0.000
    99         21  (g)                -31   166     0   100   101   130   129      0.000      0.000     -1.998      1.998      0.000
   100         21  (g)                -33    98    99   118   119   131   128      2.896      2.603    120.315    120.378      0.000
   101         21  (g)                -33    98    99   120   120   130   131     -2.896     -2.603     -0.038      3.894      0.000
   102         21  (g)                -51    76     0   117   117   132   108      1.125     -7.383     52.967     53.491      0.000
   103         21  (g)                -51    76     0   253   254   107   132     -4.211      1.075     35.706     35.969      0.000
   104         21  (g)                -52    75    75   185   186   106   107     -7.900     23.713    452.054    452.744      0.000
   105         21  (g)                -51    79     0   130   131   133   118     -5.772     -0.538    -58.102     58.391      0.000
   106         21  (g)                -51    79     0   132   132   105   133     -4.544     -2.558     -5.169      7.343      0.000
   107         21  (g)                -52    74    74   184   184   101   105    -75.034      3.800    -37.113     83.796      0.000
   108         21  (g)                -31   137   137   110   111   135   136      0.000      0.000      1.302      1.302      0.000
   109          4  (c)                -31   138     0   110   111   134     0      0.000      0.000    -13.878     13.878      0.000
   110         21  (g)                -33   108   109   139   139   134   136      3.179     -1.401    -10.043     10.626      0.000
   111          4  (c)                -33   108   109   140   140   135     0     -3.179      1.401     -2.533      4.554      1.500
   112         21  (g)                -51    80     0   146   147   124   137      8.246      0.377    -54.790     55.409      0.000
   113         21  (g)                -51    80     0   148   148   137   103     -2.705      0.461     -4.813      5.540      0.000
   114    4900001  (Dv)               -52    71    71   434   434   103     0    -14.941     16.132    308.375    505.831    400.358
   115         21  (g)                -51    77     0   182   183   138   101    -48.401    -19.148     94.595    107.970      0.000
   116         21  (g)                -51    77     0   306   307   108   138     -4.541     -1.027      4.531      6.496      0.000
   117         21  (g)                -52   102   102   255   255   132   108      1.077     -7.068     50.710     51.211      0.000
   118         21  (g)                -51   100     0   167   167   139   128      0.266      0.403    100.181    100.182      0.000
   119         21  (g)                -51   100     0   169   169   131   139      2.486      2.070     20.133     20.391      0.000
   120         21  (g)                -52   101   101   168   168   130   131     -2.751     -2.473     -0.036      3.700      0.000
   121         21  (g)                -41   220   220   125    41   140   110      0.000      0.000      6.435      6.435      0.000
   122         21  (g)                -42   200   200    42    42   113   112     -0.000     -0.000   -544.643    544.643      0.000
   123         21  (g)                -44    43    43   198   199   113   110      1.869      7.233     -7.506     10.590      0.000
   124         21  (g)                -44    44    44   223   223   111   112     -4.660     -7.728   -535.143    535.219      0.000
   125         21  (g)                -43   121     0   224   224   140   111      2.791      0.495      4.441      5.269      0.000
   126         21  (g)                -31   149     0   128   129   141   142      0.000      0.000     33.618     33.618      0.000
   127         21  (g)                -31   150   150   128   129   143   141      0.000      0.000    -37.655     37.655      0.000
   128         21  (g)                -33   126   127   151   151   143   144     -2.287     -1.371    -37.555     37.650      0.000
   129         21  (g)                -33   126   127   152   152   144   142      2.287      1.371     33.518     33.624      0.000
   130         21  (g)                -51   105     0   571   572   145   118     -6.238     -2.072    -57.525     57.900      0.000
   131         21  (g)                -51   105     0   216   216   133   145     -0.441      1.023     -1.609      1.957      0.000
   132         21  (g)                -52   106   106   214   215   105   133     -3.637     -2.048     -4.137      5.877      0.000
   133         21  (g)                -31   160     0   135   136   147   146      0.000      0.000      0.170      0.170      0.000
   134         21  (g)                -31   161   161   135   136   149   148      0.000      0.000   -135.127    135.127      0.000
   135         21  (g)                -33   133   134   162   162   149   146     -0.598      2.398     -9.516      9.832      0.000
   136         21  (g)                -33   133   134   163   163   147   148      0.598     -2.398   -125.441    125.465      0.000
   137         21  (g)                -42   336   336   108   108   135   136     -0.000     -0.000      1.302      1.302      0.000
   138         21  (g)                -41   238   238   141   109   134   150      0.000      0.000    -35.116     35.116      0.000
   139         21  (g)                -44   110   110   338   338   134   136      3.315      0.171    -11.531     12.000      0.000
   140          4  (c)                -44   111   111   339   339   135     0     -3.132      1.940     -3.054      5.015      1.500
   141         -4  (cbar)             -43   138     0   236   237     0   150     -0.184     -2.112    -19.229     19.404      1.500
   142         21  (g)                -31   286   286   144   145   151   152      0.000      0.000      5.123      5.123      0.000
   143         21  (g)                -31   287     0   144   145   152   153      0.000      0.000     -1.131      1.131      0.000
   144         21  (g)                -33   142   143   190   190   151   154      1.655     -1.702      2.517      3.460      0.000
   145         21  (g)                -33   142   143   188   189   154   153     -1.655      1.702      1.475      2.794      0.000
   146         21  (g)                -51   112     0   377   378   124   155      2.958      2.495    -21.089     21.442      0.000
   147         21  (g)                -51   112     0   410   411   155   137      4.816     -2.037    -34.543     34.936      0.000
   148         21  (g)                -52   113   113   432   433   137   103     -2.232      0.380     -3.971      4.571      0.000
   149         21  (g)                -41   239   239   153   126   141   156      0.000      0.000     36.334     36.334      0.000
   150         21  (g)                -42   240     0   127   127   143   141      0.000      0.000    -37.655     37.655      0.000
   151         21  (g)                -44   128   128   241   241   143   144     -2.288     -1.368    -36.994     37.090      0.000
   152         21  (g)                -44   129   129   179   180   144   142      1.712      3.412     33.951     34.165      0.000
   153         21  (g)                -43   149     0   181   181   142   156      0.576     -2.043      1.722      2.734      0.000
   154         21  (g)                -51    83     0   248   248   120   157     -3.533     -5.166     78.811     79.059      0.000
   155         21  (g)                -51    83     0   251   251   157   123      1.423      0.823      6.792      6.988      0.000
   156         21  (g)                -52    84    84   249   249   123   122      7.310      3.826     15.103     17.210      0.000
   157          2  (u)                -51    73     0   508   508   158     0    110.277   -150.245    454.429    491.162      0.330
   158         21  (g)                -51    73     0   506   507   102   158     24.691    -33.481    108.425    116.132      0.000
   159   -4900001  (Dvbar)            -52    72    72   606   606     0   102     25.179    159.525    545.935    695.678    399.800
   160         21  (g)                -41   230   230   164   133   147   159      0.000     -0.000      2.470      2.470      0.000
   161         21  (g)                -42   231     0   134   134   149   148     -0.000     -0.000   -135.127    135.127      0.000
   162         21  (g)                -44   135   135   232   232   149   146     -0.875      0.460     -1.305      1.637      0.000
   163         21  (g)                -44   136   136   233   233   147   148      0.576     -2.548   -133.157    133.183      0.000
   164         21  (g)                -43   160     0   234   234   146   159      0.299      2.088      1.806      2.776      0.000
   165         21  (g)                -42   201     0    98    98   129   128      0.000     -0.000    122.274    122.274      0.000
   166         21  (g)                -41   202   202   170    99   130   160     -0.000      0.000     -2.249      2.249      0.000
   167         21  (g)                -44   118   118   203   203   139   128      0.265      0.404     96.486     96.487      0.000
   168         21  (g)                -44   120   120   204   204   130   131     -4.032     -1.524      0.455      4.334      0.000
   169         21  (g)                -44   119   119   205   205   131   139      2.397      2.136     19.086     19.355      0.000
   170         21  (g)                -43   166     0   206   206   129   160      1.370     -1.015      3.998      4.346      0.000
   171         21  (g)                -31   292     0   173   174   162   161      0.000      0.000      0.054      0.054      0.000
   172          1  (d)                -31   293   293   173   174   161     0      0.000      0.000   -354.541    354.541      0.000
   173         21  (g)                -33   171   172   294   294   162   163     -0.306      2.005    -20.211     20.313      0.000
   174          1  (d)                -33   171   172   295   295   163     0      0.306     -2.005   -334.276    334.282      0.330
   175         21  (g)                -31   270   270   177   178   165   166      0.000      0.000      0.019      0.019      0.000
   176          2  (u)                -31   778   778   177   178   164     0      0.000      0.000   -488.952    488.952      0.000
   177         21  (g)                -33   175   176   779   779   164   166      1.802     -0.888    -62.310     62.343      0.000
   178          2  (u)                -33   175   176   268   269   165     0     -1.802      0.888   -426.623    426.628      0.330
   179         21  (g)                -51   152     0   242   242   144   167     -0.900      0.703     16.557     16.596      0.000
   180         21  (g)                -51   152     0   244   244   167   142      2.716      2.337     17.708     18.067      0.000
   181         21  (g)                -52   153   153   243   243   142   156      0.471     -1.671      1.408      2.236      0.000
   182         21  (g)                -51   115     0   315   316   138   168    -46.650    -17.210     92.467    104.989      0.000
   183         21  (g)                -51   115     0   317   317   168   101     -2.201     -1.915      1.904      3.484      0.000
   184         21  (g)                -52   107   107   608   608   101   105    -74.583      3.777    -36.890     83.293      0.000
   185         21  (g)                -51   104     0   297   298   169   107     -6.864     21.753    396.528    397.183      0.000
   186         21  (g)                -51   104     0   320   320   106   169     -1.385      2.113     85.538     85.576      0.000
   187         21  (g)                -52    86    86   264   264   126   106     -4.026      1.775    346.325    346.353      0.000
   188         21  (g)                -51   145     0   289   289   170   153      1.187      0.735      1.913      2.369      0.000
   189         21  (g)                -51   145     0   290   290   154   170     -2.006      0.107      0.834      2.175      0.000
   190         21  (g)                -52   144   144   288   288   151   154      0.818     -0.842      1.245      1.711      0.000
   191         21  (g)                -42   323   323    89    89   119   114     -0.000      0.000    653.358    653.358      0.000
   192         21  (g)                -41   258   258   197    90   171   127      0.000     -0.000  -1989.857   1989.857      0.000
   193         21  (g)                -44    91    91   208   209   117   114      1.743    -10.838      0.747     11.003      0.000
   194         21  (g)                -44    92    92   217   218   115   116      2.132      5.457    -13.996     15.172      0.000
   195         21  (g)                -44    93    93   311   311   119   115     -4.837      4.741    636.476    636.512      0.000
   196         21  (g)                -44    94    94   219   219   116   127      2.621      0.573     10.227     10.573      0.000
   197         21  (g)                -43   192     0   210   210   171   117     -1.659      0.067  -1969.954   1969.955      0.000
   198         21  (g)                -51   123     0   222   222   172   110      0.346      6.593     -8.325     10.625      0.000
   199         21  (g)                -51   123     0   225   225   113   172      1.522      0.640     -1.348      2.132      0.000
   200         21  (g)                -53   221     0   122   122   113   112      0.000     -0.000   -546.810    546.810      0.000
   201         21  (g)                -41   527   527   207   165   173   128      0.000     -0.000    235.118    235.118      0.000
   202         21  (g)                -42   490   490   166   166   130   160      0.000     -0.000     -2.249      2.249      0.000
   203         21  (g)                -44   167   167   452   452   139   128      0.008      1.624     96.939     96.953      0.000
   204         21  (g)                -44   168   168   530   530   130   131     -4.038     -1.494      0.480      4.332      0.000
   205         21  (g)                -44   169   169   450   451   131   139      2.346      2.379     19.168     19.457      0.000
   206         21  (g)                -44   170   170   488   489   129   160      1.358     -0.962      4.027      4.357      0.000
   207         21  (g)                -43   201     0   533   533   173   129      0.327     -1.547    112.256    112.267      0.000
   208         21  (g)                -51   193     0   321   322   174   114      0.145     -8.677      1.441      8.798      0.000
   209         21  (g)                -51   193     0   213   213   117   174      1.596     -2.160     -1.632      3.143      0.000
   210         21  (g)                -52   197   197   211   212   171   117     -1.658      0.067  -1969.016   1969.017      0.000
   211         21  (g)                -51   210     0   352   352   171   175      0.159      0.343  -1597.441   1597.441      0.000
   212         21  (g)                -51   210     0   354   354   175   117     -1.812     -0.281   -371.579    371.584      0.000
   213         21  (g)                -52   209   209   353   353   117   174      1.592     -2.155     -1.628      3.135      0.000
   214         21  (g)                -51   132     0   447   448   105   176     -2.377      0.356     -1.230      2.700      0.000
   215         21  (g)                -51   132     0   449   449   176   133     -1.627     -1.553     -4.245      4.804      0.000
   216         21  (g)                -52   131   131   621   621   133   145     -0.074      0.172     -0.271      0.329      0.000
   217         21  (g)                -51   194     0   309   310   115   177     -0.766      0.683     -3.371      3.524      0.000
   218         21  (g)                -51   194     0   227   228   177   116      2.948      4.784    -10.431     11.848      0.000
   219         21  (g)                -52   196   196   229   229   116   127      2.571      0.562     10.034     10.373      0.000
   220         21  (g)                -42   654   654   121   121   140   110      0.000      0.000      6.435      6.435      0.000
   221         21  (g)                -41   540   540   226   200   113   178     -0.000     -0.000   -672.210    672.210      0.000
   222         21  (g)                -44   198   198   656   656   172   110      0.368      6.606     -8.329     10.637      0.000
   223         21  (g)                -44   124   124   277   278   111   112     -3.459     -6.975   -535.582    535.639      0.000
   224         21  (g)                -44   125   125   279   279   140   111      2.792      0.496      4.440      5.269      0.000
   225         21  (g)                -44   199   199   538   539   113   172      1.526      0.642     -1.347      2.135      0.000
   226         21  (g)                -43   221     0   660   660   112   178     -1.227     -0.769   -124.957    124.965      0.000
   227          3  (s)                -51   218     0   355   355   177     0      1.961      2.511     -2.903      4.339      0.500
   228         -3  (sbar)             -51   218     0   285   285     0   116      1.044      2.286     -7.304      7.741      0.500
   229         21  (g)                -52   219   219   256   257   116   127      2.514      0.550      9.810     10.142      0.000
   230         21  (g)                -42   751   751   160   160   147   159     -0.000     -0.000      2.470      2.470      0.000
   231         21  (g)                -41   752   752   235   161   179   148      0.000      0.000   -157.407    157.407      0.000
   232         21  (g)                -44   162   162   555   555   149   146     -0.870      0.474     -1.322      1.652      0.000
   233         21  (g)                -44   163   163   754   754   147   148      1.086     -1.306   -134.560    134.571      0.000
   234         21  (g)                -44   164   164   553   554   146   159      0.301      2.092      1.787      2.768      0.000
   235         21  (g)                -43   231     0   756   756   179   149     -0.517     -1.260    -20.842     20.886      0.000
   236         -4  (cbar)             -51   141     0   340   340     0   180      0.205     -0.497     -9.602      9.733      1.500
   237         21  (g)                -51   141     0   341   341   180   150     -0.388     -1.614    -31.880     31.923      0.000
   238         21  (g)                -53   337     0   138   138   134   150      0.000      0.000    -57.368     57.368      0.000
   239         21  (g)                -42   736   736   149   149   141   156      0.000     -0.000     36.334     36.334      0.000
   240         21  (g)                -41   737   737   245   150   181   141     -0.000      0.000    -54.707     54.707      0.000
   241         21  (g)                -44   151   151   267   267   143   144     -3.434     -0.626    -37.002     37.166      0.000
   242         21  (g)                -44   179   179   265   266   144   167     -0.900      0.703     16.559     16.599      0.000
   243         21  (g)                -44   181   181   261   261   142   156      0.459     -1.663      1.382      2.210      0.000
   244         21  (g)                -44   180   180   259   260   167   142      2.711      2.340     17.669     18.028      0.000
   245         21  (g)                -43   240     0   742   742   181   143      1.165     -0.754    -16.981     17.037      0.000
   246         21  (g)                -42   702   702    81    81   120   121      0.000      0.000    109.351    109.351      0.000
   247         21  (g)                -41   703   703   252    82   182   122     -0.000     -0.000     -8.718      8.718      0.000
   248         21  (g)                -44   154   154   312   313   120   157     -3.461     -5.149     77.252     77.501      0.000
   249         21  (g)                -44   156   156   464   464   123   122      7.918      3.975     17.531     19.643      0.000
   250         21  (g)                -44    85    85   273   273   125   121     -4.665      0.647      5.043      6.900      0.000
   251         21  (g)                -44   155   155   314   314   157   123      1.479      0.837      7.252      7.448      0.000
   252         21  (g)                -43   247     0   271   272   182   125     -1.272     -0.311     -6.445      6.576      0.000
   253         21  (g)                -51   103     0   299   299   107   183     -2.915     -0.447     32.338     32.473      0.000
   254         21  (g)                -51   103     0   431   431   183   132     -1.213      0.986      7.219      7.386      0.000
   255         21  (g)                -52   117   117   308   308   132   108      0.996     -6.531     46.858     47.321      0.000
   256         21  (g)                -51   229     0   283   284   116   184      3.536      1.150      9.335     10.048      0.000
   257         21  (g)                -51   229     0   330   331   184   127     -1.022     -0.600     -0.952      1.520      0.000
   258         21  (g)                -53   347   347   192   192   171   127     -0.000     -0.000  -1991.284   1991.284      0.000
   259         21  (g)                -51   244     0   741   741   167   185      3.131      1.151     15.690     16.041      0.000
   260         21  (g)                -51   244     0   505   505   185   142     -0.327      0.852      2.260      2.437      0.000
   261         21  (g)                -52   243   243   503   504   142   156      0.365     -1.325      1.101      1.761      0.000
   262         -1  (dbar)             -51    95     0   515   516     0   186      2.988      2.337     90.982     91.062      0.330
   263         21  (g)                -51    95     0   517   517   186   126      0.956      2.457    123.116    123.144      0.000
   264         21  (g)                -52   187   187   612   612   126   106     -3.726      1.643    320.535    320.561      0.000
   265         21  (g)                -51   242     0   739   739   187   167      0.371     -0.692      6.973      7.017      0.000
   266         21  (g)                -51   242     0   274   275   144   187     -1.280      1.393      9.491      9.678      0.000
   267         21  (g)                -52   241   241   276   276   143   144     -3.425     -0.625    -36.907     37.071      0.000
   268          2  (u)                -51   178     0   780   780   188     0     -2.245      0.049   -339.259    339.266      0.330
   269         21  (g)                -51   178     0   781   781   165   188      0.444      0.839    -87.361     87.366      0.000
   270         21  (g)                -53   777   777   175   175   165   166     -0.000     -0.000      0.023      0.023      0.000
   271         21  (g)                -51   252     0   708   708   182   189     -1.445     -1.303     -4.594      4.989      0.000
   272         21  (g)                -51   252     0   305   305   189   125     -0.046      1.023     -1.614      1.911      0.000
   273         21  (g)                -52   250   250   303   304   125   121     -4.446      0.617      4.806      6.576      0.000
   274         21  (g)                -51   266     0   496   496   190   187      0.108      0.256      6.175      6.181      0.000
   275         21  (g)                -51   266     0   282   282   144   190     -1.402      1.135      3.168      3.645      0.000
   276         21  (g)                -52   267   267   280   281   143   144     -3.412     -0.622    -36.758     36.922      0.000
   277         21  (g)                -51   223     0   300   301   191   112     -2.874     -7.601   -529.884    529.947      0.000
   278         21  (g)                -51   223     0   302   302   111   191     -0.565      0.630     -5.666      5.729      0.000
   279         21  (g)                -52   224   224   335   335   140   111      2.772      0.492      4.409      5.231      0.000
   280         21  (g)                -51   276     0   738   738   143   192     -3.210      0.462    -27.883     28.071      0.000
   281         21  (g)                -51   276     0   443   443   192   144     -0.220     -1.069     -8.833      8.900      0.000
   282         21  (g)                -52   275   275   441   442   144   190     -1.383      1.120      3.125      3.596      0.000
   283         21  (g)                -51   256     0   327   328   193   184      3.020      1.631      9.164      9.785      0.000
   284         21  (g)                -51   256     0   329   329   116   193      0.578     -0.345     -0.265      0.723      0.000
   285         -3  (sbar)             -52   228   228   356   356     0   116      0.982      2.150     -6.868      7.281      0.500
   286         21  (g)                -42   758   758   142   142   151   152      0.000     -0.000      5.123      5.123      0.000
   287         21  (g)                -41   759   759   291   143   194   153     -0.000     -0.000   -289.752    289.752      0.000
   288         21  (g)                -44   190   190   409   409   151   154      1.047     -0.857      1.618      2.109      0.000
   289         21  (g)                -44   188   188   761   761   170   153      1.410      0.719      2.373      2.853      0.000
   290         21  (g)                -44   189   189   407   408   154   170     -1.349      0.062     -0.060      1.352      0.000
   291         21  (g)                -43   287     0   763   763   194   152     -1.107      0.076   -288.559    288.561      0.000
   292         -1  (dbar)             -41   365     0   296   171     0   161     -0.000     -0.000      0.063      0.063      0.000
   293          1  (d)                -42   366   366   172   172   161     0      0.000      0.000   -354.541    354.541      0.000
   294         21  (g)                -44   173   173   367   367   162   163     -0.429      1.563    -11.536     11.649      0.000
   295          1  (d)                -44   174   174   368   368   163     0      0.298     -2.033   -307.335    307.342      0.330
   296         -1  (dbar)             -43   292     0   369   369     0   162      0.130      0.470    -35.608     35.613      0.330
   297         21  (g)                -51   185     0   318   319   169   195     -6.700     21.668    391.183    391.840      0.000
   298         21  (g)                -51   185     0   343   344   195   107     -0.473      0.038      8.759      8.772      0.000
   299         21  (g)                -52   253   253   582   582   107   183     -2.608     -0.400     28.923     29.043      0.000
   300         21  (g)                -51   277     0   440   440   196   112     -2.045     -3.071   -281.563    281.587      0.000
   301         21  (g)                -51   277     0   406   406   191   196     -0.864     -4.491   -248.674    248.716      0.000
   302         21  (g)                -52   278   278   333   334   111   191     -0.530      0.590     -5.313      5.372      0.000
   303         21  (g)                -51   273     0   706   706   197   121     -2.054      1.395      2.504      3.526      0.000
   304         21  (g)                -51   273     0   383   384   125   197     -2.397     -0.662      2.119      3.267      0.000
   305         21  (g)                -52   272   272   385   385   189   125     -0.040      0.907     -1.431      1.694      0.000
   306         21  (g)                -51   116     0   620   620   198   138     -1.699     -0.537      4.356      4.706      0.000
   307         21  (g)                -51   116     0   374   375   108   198     -2.809     -0.711      1.758      3.389      0.000
   308         21  (g)                -52   255   255   376   376   132   108      0.962     -6.311     45.275     45.723      0.000
   309         21  (g)                -51   217     0   349   349   199   177     -0.631     -0.314     -3.263      3.339      0.000
   310         21  (g)                -51   217     0   324   325   115   199     -0.148      1.011      1.634      1.927      0.000
   311         21  (g)                -52   195   195   326   326   119   115     -4.824      4.728    634.735    634.771      0.000
   312         21  (g)                -51   248     0   704   704   120   200      0.399     -0.899     12.383     12.422      0.000
   313         21  (g)                -51   248     0   556   557   200   157     -3.681     -4.148     65.747     65.981      0.000
   314         21  (g)                -52   251   251   462   463   157   123      1.300      0.736      6.373      6.546      0.000
   315         21  (g)                -51   182     0   611   611   138   201    -34.035    -12.453     69.360     78.258      0.000
   316         21  (g)                -51   182     0   403   403   201   168    -12.720     -4.848     23.198     26.898      0.000
   317         21  (g)                -52   183   183   401   402   168   101     -2.096     -1.823      1.813      3.317      0.000
   318         21  (g)                -51   297     0   345   345   202   195     -4.449     10.996    207.348    207.687      0.000
   319         21  (g)                -51   297     0   386   387   169   202     -2.414     10.920    193.879    194.201      0.000
   320         21  (g)                -52   186   186   388   388   106   169     -1.222      1.865     75.495     75.528      0.000
   321         21  (g)                -51   208     0   348   348   174   203     -0.775     -7.155      0.917      7.255      0.000
   322         21  (g)                -51   208     0   360   360   203   114      0.920     -1.523      1.043      2.063      0.000
   323         21  (g)                -53   346     0   191   191   119   114     -0.000      0.000    653.877    653.877      0.000
   324         21  (g)                -51   310     0   359   359   204   199      0.722      0.991      2.756      3.017      0.000
   325         21  (g)                -51   310     0   361   361   115   204     -0.992      0.140     14.936     14.970      0.000
   326         21  (g)                -52   311   311   350   350   119   115     -4.702      4.608    618.676    618.711      0.000
   327         21  (g)                -51   283     0   332   332   205   184      3.430      1.687      8.401      9.230      0.000
   328         21  (g)                -51   283     0   362   362   193   205     -0.254     -0.149      0.691      0.751      0.000
   329         21  (g)                -52   284   284   358   358   116   193      0.422     -0.252     -0.193      0.528      0.000
   330         21  (g)                -51   257     0   357   357   206   127     -1.511     -0.285     -0.384      1.585      0.000
   331         21  (g)                -51   257     0   363   363   184   206      0.860     -0.132      0.342      0.935      0.000
   332         21  (g)                -52   327   327   351   351   205   184      3.058      1.504      7.491      8.230      0.000
   333         21  (g)                -51   302     0   373   373   207   191     -1.239      0.620     -3.803      4.048      0.000
   334         21  (g)                -51   302     0   371   372   111   207      0.831     -0.008     -1.315      1.556      0.000
   335         21  (g)                -52   279   279   658   658   140   111      2.650      0.470      4.214      5.000      0.000
   336         21  (g)                -42   583   583   137   137   135   136      0.000     -0.000      1.302      1.302      0.000
   337         21  (g)                -41   584     0   342   238   134   208     -0.000      0.000   -134.935    134.935      0.000
   338         21  (g)                -44   139   139   585   585   134   136      3.208      0.326    -11.604     12.043      0.000
   339          4  (c)                -44   140   140   586   586   135     0     -3.169      1.993     -3.051      5.057      1.500
   340         -4  (cbar)             -44   236   236   587   587     0   180      0.116     -0.370     -9.654      9.777      1.500
   341         21  (g)                -44   237   237   588   588   180   150     -0.680     -1.194    -32.045     32.074      0.000
   342         21  (g)                -43   337     0   589   589   150   208      0.525     -0.756    -77.280     77.285      0.000
   343         21  (g)                -51   298     0   491   492   209   107     -2.479      3.070     67.063     67.179      0.000
   344         21  (g)                -51   298     0   493   493   195   209     -0.439      3.014     55.687     55.770      0.000
   345         21  (g)                -52   318   318   526   526   202   195     -2.003      4.951     93.357     93.510      0.000
   346         21  (g)                -41   670   670   364   323   210   114      0.000      0.000    986.829    986.829      0.000
   347         21  (g)                -42   671   671   258   258   171   127     -0.000     -0.000  -1991.284   1991.284      0.000
   348         21  (g)                -44   321   321   389   390   174   203     -0.780     -7.157      0.915      7.257      0.000
   349         21  (g)                -44   309   309   423   424   199   177     -0.631     -0.315     -3.264      3.339      0.000
   350         21  (g)                -44   326   326   395   396   119   115     -5.463      4.259    618.674    618.713      0.000
   351         21  (g)                -44   332   332   426   427   205   184      3.049      1.499      7.493      8.228      0.000
   352         21  (g)                -44   211   211   413   414   171   175      0.159      0.343  -1597.440   1597.440      0.000
   353         21  (g)                -44   213   213   418   418   117   174      1.591     -2.155     -1.628      3.135      0.000
   354         21  (g)                -44   212   212   415   415   175   117     -1.812     -0.281   -371.580    371.585      0.000
   355          3  (s)                -44   227   227   455   455   177     0      1.960      2.510     -2.901      4.337      0.500
   356         -3  (sbar)             -44   285   285   680   680     0   116      0.982      2.150     -6.867      7.279      0.500
   357         21  (g)                -44   330   330   681   681   206   127     -1.511     -0.285     -0.385      1.586      0.000
   358         21  (g)                -44   329   329   682   682   116   193      0.421     -0.252     -0.193      0.527      0.000
   359         21  (g)                -44   324   324   425   425   204   199      0.719      0.989      2.757      3.016      0.000
   360         21  (g)                -44   322   322   391   391   203   114      0.918     -1.524      1.044      2.062      0.000
   361         21  (g)                -44   325   325   400   400   115   204     -1.011      0.131     14.936     14.970      0.000
   362         21  (g)                -44   328   328   686   686   193   205     -0.255     -0.149      0.691      0.751      0.000
   363         21  (g)                -44   331   331   428   428   184   206      0.859     -0.133      0.343      0.935      0.000
   364         21  (g)                -43   346     0   397   397   210   119      0.804      0.369    332.950    332.952      0.000
   365         -1  (dbar)             -41   766   766   370   292     0   211     -0.000      0.000      0.153      0.153      0.000
   366          1  (d)                -42   767   767   293   293   161     0     -0.000      0.000   -354.541    354.541      0.000
   367         21  (g)                -44   294   294   382   382   162   163     -0.618      0.797     -4.367      4.482      0.000
   368          1  (d)                -44   295   295   380   381   163     0      0.286     -2.081   -316.131    316.138      0.330
   369         -1  (dbar)             -44   296   296   476   477     0   162      0.122      0.437    -31.859     31.864      0.330
   370         21  (g)                -43   365     0   771   771   161   211      0.210      0.847     -2.032      2.211      0.000
   371         21  (g)                -51   334     0   549   549   111   212      0.167     -0.171      0.095      0.257      0.000
   372         21  (g)                -51   334     0   547   548   212   207     -0.111      0.552     -3.792      3.833      0.000
   373         21  (g)                -52   333   333   404   405   207   191     -0.463      0.232     -1.422      1.513      0.000
   374         -1  (dbar)             -51   307     0   630   630     0   198     -0.149      0.349      2.004      2.067      0.330
   375          1  (d)                -51   307     0   634   634   108     0     -2.613     -1.369      1.974      3.565      0.330
   376         21  (g)                -52   308   308   429   430   132   108      0.915     -6.001     43.054     43.480      0.000
   377         21  (g)                -51   146     0   412   412   213   155      2.261      1.147    -11.422     11.700      0.000
   378         21  (g)                -51   146     0   482   483   124   213      0.697      1.348    -15.499     15.573      0.000
   379         21  (g)                -53   484   484    70    70   124   118      0.000      0.000   -395.354    395.354      0.000
   380          1  (d)                -51   368     0   769   769   214     0      0.899     -1.284   -157.420    157.428      0.330
   381         21  (g)                -51   368     0   394   394   163   214     -0.635     -0.768   -158.867    158.871      0.000
   382         21  (g)                -52   367   367   392   393   162   163     -0.596      0.768     -4.210      4.321      0.000
   383         21  (g)                -51   304     0   552   552   215   197     -1.352     -0.090      2.014      2.428      0.000
   384         21  (g)                -51   304     0   550   551   125   215     -1.052     -0.412     -0.147      1.139      0.000
   385         21  (g)                -52   305   305   709   709   189   125     -0.033      0.746     -1.178      1.395      0.000
   386         21  (g)                -51   319     0   524   525   216   202     -0.888      4.770    101.863    101.979      0.000
   387         21  (g)                -51   319     0   470   470   169   216     -1.762      6.510    106.582    106.795      0.000
   388         21  (g)                -52   320   320   468   469   106   169     -0.986      1.505     60.929     60.956      0.000
   389         21  (g)                -51   348     0   416   417   174   217     -0.141     -6.678      1.599      6.869      0.000
   390         21  (g)                -51   348     0   574   575   217   203     -0.320     -1.008     -0.322      1.106      0.000
   391         21  (g)                -52   360   360   576   576   203   114      0.599     -0.994      0.681      1.345      0.000
   392         21  (g)                -51   382     0   459   460   162   218     -0.986      1.135    -13.090     13.176      0.000
   393         21  (g)                -51   382     0   444   445   218   163      0.331     -0.439     -6.019      6.044      0.000
   394         21  (g)                -52   381   381   446   446   163   214     -0.575     -0.696   -143.968    143.970      0.000
   395         21  (g)                -51   350     0   398   399   219   115     -4.930      3.370    499.430    499.466      0.000
   396         21  (g)                -51   350     0   499   499   119   219     -0.424      0.939    164.150    164.153      0.000
   397         21  (g)                -52   364   364   688   688   210   119      0.696      0.319    288.045    288.046      0.000
   398         21  (g)                -51   395     0   497   498   219   220     -4.409      2.486    451.474    451.502      0.000
   399         21  (g)                -51   395     0   543   543   220   115     -0.677      0.904     50.257     50.270      0.000
   400         21  (g)                -52   361   361   541   542   115   204     -0.855      0.111     12.635     12.664      0.000
   401         21  (g)                -51   317     0   624   624   221   101     -0.243      0.190      0.091      0.322      0.000
   402         21  (g)                -51   317     0   579   579   168   221     -3.144     -2.505      4.076      5.724      0.000
   403         21  (g)                -52   316   316   577   578   201   168    -11.430     -4.357     20.845     24.169      0.000
   404         21  (g)                -51   373     0   502   502   207   222     -0.627     -0.592     -4.867      4.943      0.000
   405         21  (g)                -51   373     0   500   501   222   191      0.118      0.583     -9.921      9.939      0.000
   406         21  (g)                -52   301   301   438   439   191   196     -0.818     -4.249   -235.308    235.348      0.000
   407         -3  (sbar)             -51   290     0   762   762     0   170     -0.223     -0.514     -0.126      0.762      0.500
   408          3  (s)                -51   290     0   570   570   154     0     -0.846      0.346      0.499      1.156      0.500
   409         21  (g)                -52   288   288   568   569   151   154      0.766     -0.627      1.184      1.544      0.000
   410         21  (g)                -51   147     0   622   622   223   137      2.441     -0.714    -11.987     12.254      0.000
   411         21  (g)                -51   147     0   509   510   155   223      2.855     -1.080    -24.984     25.170      0.000
   412         21  (g)                -52   377   377   511   511   213   155      1.780      0.904     -8.994      9.213      0.000
   413         21  (g)                -51   352     0   676   676   171   224      0.023     -0.004  -1606.998   1606.998      0.000
   414         21  (g)                -51   352     0   692   692   224   175     -0.264      0.285    -72.376     72.377      0.000
   415         21  (g)                -52   354   354   437   437   175   117     -1.413     -0.219   -289.646    289.650      0.000
   416         21  (g)                -51   389     0   672   672   225   217      0.557     -6.212      1.129      6.339      0.000
   417         21  (g)                -51   389     0   487   487   174   225     -0.495     -0.740      0.264      0.929      0.000
   418         21  (g)                -52   353   353   435   436   117   174      1.389     -1.881     -1.421      2.736      0.000
   419         21  (g)                -31   471     0   421   422   227   226      0.000      0.000    104.102    104.102      0.000
   420          1  (d)                -31   472   472   421   422   226     0      0.000      0.000   -251.185    251.185      0.000
   421         21  (g)                -33   419   420   473   473   227   228      0.201      0.696    104.100    104.103      0.000
   422          1  (d)                -33   419   420   474   474   228     0     -0.201     -0.696   -251.183    251.184      0.330
   423         21  (g)                -51   349     0   453   454   229   177     -0.760     -0.758     -2.860      3.054      0.000
   424         21  (g)                -51   349     0   694   694   199   229      0.202      0.544     -0.122      0.593      0.000
   425         21  (g)                -52   359   359   683   683   204   199      0.645      0.888      2.475      2.708      0.000
   426         21  (g)                -51   351     0   675   675   205   230      1.650      1.410      4.949      5.404      0.000
   427         21  (g)                -51   351     0   695   695   230   184      1.744      0.036      2.682      3.200      0.000
   428         21  (g)                -52   363   363   687   687   184   206      0.514     -0.079      0.205      0.559      0.000
   429         21  (g)                -51   376     0   610   610   231   108     -0.013     -3.362     27.650     27.853      0.000
   430         21  (g)                -51   376     0   639   639   132   231      0.857     -2.581     15.827     16.059      0.000
   431         21  (g)                -52   254   254   627   627   183   132     -1.142      0.928      6.796      6.954      0.000
   432         21  (g)                -51   148     0   619   619   137   232     -0.465     -0.308     -1.859      1.941      0.000
   433         21  (g)                -51   148     0   456   457   232   103     -1.741      0.688     -1.969      2.717      0.000
   434    4900001  (Dv)               -52   114   114   458   458   103     0    -14.967     16.133    308.232    505.745    400.358
   435         21  (g)                -51   418     0   485   486   233   174      1.247     -1.147     -0.523      1.773      0.000
   436         21  (g)                -51   418     0   696   696   117   233      0.125     -0.737     -4.267      4.332      0.000
   437         21  (g)                -52   415   415   678   678   175   117     -1.396     -0.216   -286.278    286.281      0.000
   438         21  (g)                -51   406     0   662   662   191   235     -0.362     -2.659   -194.225    194.244      0.000
   439         21  (g)                -51   406     0   666   666   235   196     -1.329     -2.903   -161.354    161.386      0.000
   440         21  (g)                -52   300   300   657   657   196   112     -1.171     -1.759   -161.292    161.305      0.000
   441         21  (g)                -51   282     0   494   495   236   190     -1.750      1.082      2.959      3.604      0.000
   442         21  (g)                -51   282     0   747   747   144   236      0.356     -0.020     -0.310      0.472      0.000
   443         21  (g)                -52   281   281   746   746   192   144     -0.208     -1.011     -8.356      8.419      0.000
   444          2  (u)                -51   393     0   461   461   218     0     -0.413     -0.568    -19.323     19.339      0.330
   445         -2  (ubar)             -51   393     0   774   774     0   163      0.598     -0.047    -23.027     23.038      0.330
   446         21  (g)                -52   394   394   772   772   163   214     -0.430     -0.520   -107.636    107.638      0.000
   447         21  (g)                -51   214     0   618   618   105   237     -2.845     -0.181     -1.883      3.416      0.000
   448         21  (g)                -51   214     0   641   641   237   176      0.098      0.184     -0.311      0.375      0.000
   449         21  (g)                -52   215   215   626   626   176   133     -1.258     -1.201     -3.282      3.714      0.000
   450         21  (g)                -51   205     0   531   531   131   238      1.505      1.028     15.586     15.692      0.000
   451         21  (g)                -51   205     0   465   466   238   139      0.841      1.413      7.283      7.466      0.000
   452         21  (g)                -52   203   203   467   467   139   128      0.007      1.562     93.239     93.252      0.000
   453         21  (g)                -51   423     0   673   673   229   239     -0.635     -0.194     -3.287      3.353      0.000
   454         21  (g)                -51   423     0   697   697   239   177      0.142     -0.224      0.051      0.270      0.000
   455          3  (s)                -52   355   355   679   679   177     0      1.694      2.170     -2.524      3.768      0.500
   456         21  (g)                -51   433     0   640   640   232   240     -1.440     -0.068     -0.906      1.702      0.000
   457         21  (g)                -51   433     0   642   642   240   103     -0.242      0.737     -0.843      1.146      0.000
   458    4900001  (Dv)               -52   434   434   605   605   103     0    -15.027     16.152    308.012    505.613    400.358
   459         21  (g)                -51   392     0   478   478   162   241     -1.162      1.135    -19.446     19.514      0.000
   460         21  (g)                -51   392     0   775   775   241   218      0.022     -0.293     -1.912      1.934      0.000
   461          2  (u)                -52   444   444   773   773   218     0     -0.259     -0.275    -11.056     11.067      0.330
   462         21  (g)                -51   314     0   558   558   157   242      1.140      0.558      5.748      5.887      0.000
   463         21  (g)                -51   314     0   713   713   242   123      2.682      1.444      6.209      6.916      0.000
   464         21  (g)                -52   249   249   705   705   123   122      5.396      2.709     11.947     13.386      0.000
   465         21  (g)                -51   451     0   534   534   238   243      0.277      1.588      7.882      8.045      0.000
   466         21  (g)                -51   451     0   535   535   243   139      0.565     -0.039      7.488      7.510      0.000
   467         21  (g)                -52   452   452   529   529   139   128      0.007      1.427     85.151     85.163      0.000
   468         21  (g)                -51   388     0   625   625   106   244     -0.964      1.760     66.446     66.477      0.000
   469         21  (g)                -51   388     0   643   643   244   169     -0.509      1.546     23.961     24.017      0.000
   470         21  (g)                -52   387   387   636   636   169   216     -1.274      4.709     77.103     77.257      0.000
   471         21  (g)                -41   782   782   475   419   245   226     -0.000     -0.000    105.827    105.827      0.000
   472          1  (d)                -42   783   783   420   420   226     0      0.000      0.000   -251.185    251.185      0.000
   473         21  (g)                -44   421   421   481   481   227   228     -0.427      0.722    104.124    104.128      0.000
   474          1  (d)                -44   422   422   479   480   228     0     -0.201     -0.696   -251.125    251.126      0.330
   475         21  (g)                -43   471     0   546   546   245   227      0.628     -0.027      1.642      1.758      0.000
   476         -1  (dbar)             -51   369     0   770   770     0   246     -0.541      0.698    -38.442     38.453      0.330
   477         21  (g)                -51   369     0   776   776   246   162      0.166      0.225     -1.743      1.765      0.000
   478         21  (g)                -52   459   459   768   768   162   241     -0.664      0.649    -11.120     11.159      0.000
   479          1  (d)                -51   474     0   518   519   247     0      0.094     -0.128   -244.693    244.693      0.330
   480         21  (g)                -51   474     0   514   514   228   247     -0.296     -0.568     -6.416      6.448      0.000
   481         21  (g)                -52   473   473   512   513   227   228     -0.427      0.722    104.109    104.112      0.000
   482         21  (g)                -51   378     0   564   564   248   213      0.111      0.813     -5.326      5.389      0.000
   483         21  (g)                -51   378     0   562   563   124   248      0.586      0.535    -27.787     27.798      0.000
   484         21  (g)                -53   573   573   379   379   124   118      0.000      0.000   -412.969    412.969      0.000
   485         21  (g)                -51   435     0   677   677   233   249      0.353     -0.016     -0.486      0.601      0.000
   486         21  (g)                -51   435     0   698   698   249   174      0.646     -1.502      0.096      1.638      0.000
   487         21  (g)                -52   417   417   693   693   174   225     -0.247     -0.369      0.132      0.463      0.000
   488         21  (g)                -51   206     0   532   532   129   250      1.335     -0.204      2.888      3.188      0.000
   489         21  (g)                -51   206     0   536   536   250   160      0.023     -0.758      1.029      1.278      0.000
   490         21  (g)                -53   528     0   202   202   130   160      0.000     -0.000     -2.358      2.358      0.000
   491         21  (g)                -51   343     0   580   581   251   107     -1.769      2.519     44.222     44.329      0.000
   492         21  (g)                -51   343     0   645   645   209   251     -0.913      1.940     48.516     48.563      0.000
   493         21  (g)                -52   344   344   633   633   195   209     -0.237      1.624     30.012     30.057      0.000
   494         21  (g)                -51   441     0   745   745   236   252     -0.308     -0.226      0.321      0.499      0.000
   495         21  (g)                -51   441     0   521   522   252   190     -1.421      1.360      3.892      4.361      0.000
   496         21  (g)                -52   274   274   523   523   190   187      0.086      0.204      4.921      4.926      0.000
   497         21  (g)                -51   398     0   674   674   253   220     -4.505      2.800    517.748    517.775      0.000
   498         21  (g)                -51   398     0   699   699   219   253     -0.081      0.079      2.532      2.535      0.000
   499         21  (g)                -52   396   396   690   690   119   219     -0.246      0.545     95.344     95.346      0.000
   500         21  (g)                -51   405     0   665   665   254   191      0.482      0.080     -3.779      3.811      0.000
   501         21  (g)                -51   405     0   667   667   222   254     -0.734      0.154     -9.014      9.045      0.000
   502         21  (g)                -52   404   404   661   661   207   222     -0.257     -0.243     -1.995      2.026      0.000
   503         21  (g)                -51   261     0   740   740   255   156      0.502     -0.729      0.286      0.931      0.000
   504         21  (g)                -51   261     0   749   749   142   255     -0.225     -0.366      1.424      1.487      0.000
   505         21  (g)                -52   260   260   743   743   185   142     -0.239      0.622      1.650      1.779      0.000
   506          3  (s)                -51   158     0   623   623   102     0      7.109     -9.928     31.685     33.961      0.500
   507         -3  (sbar)             -51   158     0   646   646     0   158     23.387    -31.461    100.657    108.022      0.500
   508          2  (u)                -52   157   157   607   607   158     0    104.472   -142.336    430.511    465.311      0.330
   509         21  (g)                -51   411     0   638   638   256   223      1.080     -0.560     -6.066      6.187      0.000
   510         21  (g)                -51   411     0   647   647   155   256      2.191     -0.308    -21.023     21.139      0.000
   511         21  (g)                -52   412   412   614   614   213   155      1.364      0.692     -6.889      7.057      0.000
   512         21  (g)                -51   481     0   544   545   227   257      0.087      0.429     99.958     99.959      0.000
   513         21  (g)                -51   481     0   559   560   257   228     -0.514      0.292      4.131      4.173      0.000
   514         21  (g)                -52   480   480   520   520   228   247     -0.295     -0.566     -6.396      6.428      0.000
   515         -1  (dbar)             -51   262     0   615   615     0   260      2.825      2.626    108.974    109.043      0.330
   516         21  (g)                -51   262     0   648   648   260   186      0.335      0.155      4.254      4.270      0.000
   517         21  (g)                -52   263   263   628   628   186   126      0.783      2.013    100.869    100.893      0.000
   518          1  (d)                -51   479     0   785   785   261     0     -0.394     -0.309   -208.202    208.202      0.330
   519         21  (g)                -51   479     0   789   789   247   261      0.455      0.117    -37.208     37.211      0.000
   520         21  (g)                -52   514   514   561   561   228   247     -0.262     -0.503     -5.679      5.708      0.000
   521         21  (g)                -51   495     0   748   748   252   262     -0.539      1.319      3.051      3.367      0.000
   522         21  (g)                -51   495     0   750   750   262   190     -0.856      0.102      2.341      2.494      0.000
   523         21  (g)                -52   496   496   744   744   190   187      0.060      0.142      3.421      3.425      0.000
   524         21  (g)                -51   386     0   632   632   216   263     -0.037      1.831     33.485     33.535      0.000
   525         21  (g)                -51   386     0   649   649   263   202     -2.203      6.282    131.414    131.582      0.000
   526         21  (g)                -52   345   345   609   609   202   195     -0.651      1.608     30.322     30.371      0.000
   527         21  (g)                -42   591   591   201   201   173   128     -0.000     -0.000    235.118    235.118      0.000
   528         21  (g)                -41   592     0   537   490   130   265      0.000      0.000     -2.757      2.757      0.000
   529         21  (g)                -44   467   467   593   593   139   128      0.005      1.426     85.024     85.036      0.000
   530         21  (g)                -44   204   204   594   594   130   131     -4.482     -1.609      1.011      4.868      0.000
   531         21  (g)                -44   450   450   595   595   131   238      1.492      1.025     15.367     15.474      0.000
   532         21  (g)                -44   488   488   596   596   129   250      1.301     -0.213      2.740      3.040      0.000
   533         21  (g)                -44   207   207   597   597   173   129      0.325     -1.547    112.154    112.165      0.000
   534         21  (g)                -44   465   465   598   598   238   243      0.258      1.583      7.797      7.960      0.000
   535         21  (g)                -44   466   466   599   599   243   139      0.562     -0.040      7.417      7.439      0.000
   536         21  (g)                -44   489   489   600   600   250   160     -0.005     -0.765      1.050      1.299      0.000
   537         21  (g)                -43   528     0   601   601   160   265      0.543      0.140     -0.199      0.595      0.000
   538         21  (g)                -51   225     0   659   659   266   172      0.755      0.534     -0.293      0.970      0.000
   539         21  (g)                -51   225     0   668   668   113   266      0.772      0.109     -2.687      2.797      0.000
   540         21  (g)                -53   655   655   221   221   113   178     -0.000     -0.000   -673.842    673.842      0.000
   541         21  (g)                -51   400     0   685   685   267   204     -0.250     -0.262     15.088     15.092      0.000
   542         21  (g)                -51   400     0   700   700   115   267     -1.046      0.962     30.311     30.344      0.000
   543         21  (g)                -52   399   399   691   691   220   115     -0.236      0.315     17.493     17.498      0.000
   544         21  (g)                -51   512     0   565   566   268   257      0.049     -0.119     85.013     85.013      0.000
   545         21  (g)                -51   512     0   790   790   227   268      0.088      0.546     15.077     15.087      0.000
   546         21  (g)                -52   475   475   786   786   245   227      0.578     -0.025      1.511      1.618      0.000
   547         21  (g)                -51   372     0   664   664   269   207     -0.486     -0.026     -1.973      2.032      0.000
   548         21  (g)                -51   372     0   669   669   212   269      0.442      0.509     -1.781      1.904      0.000
   549         21  (g)                -52   371   371   663   663   111   212      0.100     -0.103      0.057      0.154      0.000
   550          3  (s)                -51   384     0   712   712   125     0     -1.163     -0.300      0.252      1.325      0.500
   551         -3  (sbar)             -51   384     0   714   714     0   215     -0.437     -0.148      0.417      0.798      0.500
   552         21  (g)                -52   383   383   710   710   215   197     -0.804     -0.053      1.197      1.443      0.000
   553         21  (g)                -51   234     0   755   755   270   159     -0.134      0.387      0.885      0.976      0.000
   554         21  (g)                -51   234     0   757   757   146   270      0.353      1.749      0.778      1.947      0.000
   555         21  (g)                -52   232   232   753   753   149   146     -0.788      0.430     -1.198      1.497      0.000
   556         21  (g)                -51   313     0   711   711   200   271     -3.297     -4.242     62.545     62.776      0.000
   557         21  (g)                -51   313     0   715   715   271   157     -0.293      0.138      3.662      3.676      0.000
   558         21  (g)                -52   462   462   707   707   157   242      1.049      0.513      5.288      5.415      0.000
   559         21  (g)                -51   513     0   567   567   257   273      0.192      0.253      2.645      2.664      0.000
   560         21  (g)                -51   513     0   791   791   273   228     -0.709      0.032      1.414      1.582      0.000
   561         21  (g)                -52   520   520   787   787   228   247     -0.258     -0.496     -5.607      5.635      0.000
   562         21  (g)                -51   483     0   644   644   124   274      0.563      0.822    -29.994     30.011      0.000
   563         21  (g)                -51   483     0   650   650   274   248      0.075      0.093     -0.282      0.306      0.000
   564         21  (g)                -52   482   482   635   635   248   213      0.059      0.433     -2.838      2.871      0.000
   565         21  (g)                -51   544     0   784   784   268   275     -0.166      0.452     30.246     30.250      0.000
   566         21  (g)                -51   544     0   792   792   275   257      0.280     -0.484     55.677     55.680      0.000
   567         21  (g)                -52   559   559   788   788   257   273      0.126      0.166      1.734      1.746      0.000
   568         21  (g)                -51   409     0   760   760   151   276      0.479     -0.251      1.423      1.522      0.000
   569         21  (g)                -51   409     0   765   765   276   154      0.011     -0.250     -0.145      0.289      0.000
   570          3  (s)                -52   408   408   764   764   154     0     -0.570      0.220      0.405      0.888      0.500
   571         21  (g)                -51   130     0   613   613   145   277     -0.546     -0.674    -11.136     11.170      0.000
   572         21  (g)                -51   130     0   651   651   277   118     -5.693     -1.398    -50.263     50.604      0.000
   573         21  (g)                -53   604   604   484   484   124   118      0.000      0.000   -416.843    416.843      0.000
   574         21  (g)                -51   390     0   689   689   217   278     -0.310     -0.068      0.087      0.329      0.000
   575         21  (g)                -51   390     0   701   701   278   203      0.330     -1.506     -0.022      1.542      0.000
   576         21  (g)                -52   391   391   684   684   203   114      0.259     -0.429      0.294      0.581      0.000
   577         21  (g)                -51   403     0   631   631   201   279     -3.633     -1.894      6.210      7.440      0.000
   578         21  (g)                -51   403     0   652   652   279   168     -8.136     -2.733     15.075     17.347      0.000
   579         21  (g)                -52   402   402   637   637   168   221     -2.804     -2.235      3.636      5.106      0.000
   580         21  (g)                -51   491     0   629   629   251   280     -1.420      1.797     39.824     39.889      0.000
   581         21  (g)                -51   491     0   653   653   280   107     -0.679      0.672      8.057      8.113      0.000
   582         21  (g)                -52   299   299   617   617   107   183     -2.278     -0.350     25.265     25.370      0.000
   583         21  (g)                -42   728   728   336   336   135   136     -0.000     -0.000      1.302      1.302      0.000
   584         21  (g)                -41   729   729   590   337   134   281      0.000      0.000   -191.271    191.271      0.000
   585         21  (g)                -44   338   338   730   730   134   136      3.249      0.340    -11.613     12.063      0.000
   586          4  (c)                -44   339   339   731   731   135     0     -3.155      1.998     -3.062      5.056      1.500
   587         -4  (cbar)             -44   340   340   732   732     0   180      0.150     -0.358     -9.665      9.789      1.500
   588         21  (g)                -44   341   341   733   733   180   150     -0.567     -1.157    -32.085     32.111      0.000
   589         21  (g)                -44   342   342   734   734   150   208      0.797     -0.665    -77.373     77.380      0.000
   590         21  (g)                -43   584     0   735   735   208   281     -0.474     -0.158    -56.172     56.174      0.000
   591         21  (g)                -42   716   716   527   527   173   128      0.000     -0.000    235.118    235.118      0.000
   592         -1  (dbar)             -41   717   717   602   528     0   265     -0.000      0.000    -22.183     22.183      0.000
   593         21  (g)                -44   529   529   718   718   139   128      0.005      1.427     85.095     85.107      0.000
   594         21  (g)                -44   530   530   719   719   130   131     -4.595     -1.404      1.064      4.921      0.000
   595         21  (g)                -44   531   531   720   720   131   238      1.489      1.031     15.377     15.484      0.000
   596         21  (g)                -44   532   532   721   721   129   250      1.292     -0.197      2.691      2.991      0.000
   597         21  (g)                -44   533   533   722   722   173   129      0.325     -1.547    112.056    112.068      0.000
   598         21  (g)                -44   534   534   723   723   238   243      0.254      1.591      7.873      8.036      0.000
   599         21  (g)                -44   535   535   724   724   243   139      0.562     -0.039      7.398      7.420      0.000
   600         21  (g)                -44   536   536   725   725   250   160     -0.013     -0.752      1.010      1.259      0.000
   601         21  (g)                -44   537   537   726   726   160   265      0.520      0.182     -0.206      0.588      0.000
   602         -1  (dbar)             -43   592     0   727   727     0   130      0.161     -0.292    -19.423     19.428      0.330
   603          2  (u)                -61     1     0    97    97   109     0     -1.027      2.802   3379.467   3379.469      0.000
   604         21  (g)                -61     2     0   573   573   124   118     -1.320     -1.382   -416.841    416.845      0.000
   605    4900001  (Dv)               -62   458   458   796   797   103     0    -15.463     16.161    308.001    505.620    400.358
   606   -4900001  (Dvbar)            -62   159   159   837   838     0   102     24.753    159.791    545.569    695.436    399.800
   607          2  (u)                -62   508   508   941   941   158     0    104.281   -142.023    430.657    465.307      0.330
   608         21  (g)                -62   184   184  1337  1337   101   105    -74.781      3.597    -36.790     83.418      0.000
   609         21  (g)                -62   526   526   917     0   202   195     -0.660      1.633     30.319     30.371      0.000
   610         21  (g)                -62   429   429  1026  1026   231   108     -0.022     -3.339     27.657     27.857      0.000
   611         21  (g)                -62   315   315  1342  1342   138   201    -34.072    -12.407     69.434     78.332      0.000
   612         21  (g)                -62   264   264  1038  1038   126   106     -3.823      1.909    320.537    320.565      0.000
   613         21  (g)                -62   571   571  1332  1332   145   277     -0.581     -0.711    -11.134     11.172      0.000
   614         21  (g)                -62   511   511  1381  1381   213   155      1.341      0.669     -6.893      7.054      0.000
   615         -1  (dbar)             -62   515   515  1041  1041     0   260      2.792      2.716    108.965    109.035      0.330
   616          1  (d)                -62    96    96  1397  1397   109     0     -1.452      2.831    530.526    530.536      0.330
   617         21  (g)                -62   582   582  1029  1029   107   183     -2.286     -0.329     25.269     25.374      0.000
   618         21  (g)                -62   447   447  1336  1336   105   237     -2.854     -0.189     -1.878      3.422      0.000
   619         21  (g)                -62   432   432  1384  1384   137   232     -0.471     -0.314     -1.858      1.942      0.000
   620         21  (g)                -62   306   306  1343  1343   198   138     -1.701     -0.534      4.359      4.710      0.000
   621         21  (g)                -62   216   216  1333  1333   133   145     -0.075      0.171     -0.271      0.329      0.000
   622         21  (g)                -62   410   410   888     0   223   137      2.403     -0.754    -11.989     12.250      0.000
   623          3  (s)                -62   506   506   986   986   102     0      7.095     -9.905     31.696     33.961      0.500
   624         21  (g)                -62   401   401  1338  1338   221   101     -0.243      0.190      0.091      0.322      0.000
   625         21  (g)                -62   468   468  1037  1037   106   244     -0.985      1.815     66.444     66.476      0.000
   626         21  (g)                -62   449   449  1334  1334   176   133     -1.269     -1.212     -3.277      3.717      0.000
   627         21  (g)                -62   431   431  1028  1028   183   132     -1.145      0.934      6.796      6.955      0.000
   628         21  (g)                -62   517   517  1039  1039   186   126      0.753      2.096    100.864    100.889      0.000
   629         21  (g)                -62   580   580  1031  1031   251   280     -1.432      1.830     39.822     39.890      0.000
   630         -1  (dbar)             -62   374   374  1344  1344     0   198     -0.149      0.351      2.004      2.066      0.330
   631         21  (g)                -62   577   577  1341  1341   201   279     -3.637     -1.890      6.219      7.448      0.000
   632         21  (g)                -62   524   524  1035  1035   216   263     -0.047      1.858     33.481     33.533      0.000
   633         21  (g)                -62   493   493   917     0   195   209     -0.246      1.649     30.009     30.056      0.000
   634          1  (d)                -62   375   375  1025  1025   108     0     -2.616     -1.370      1.981      3.571      0.330
   635         21  (g)                -62   564   564   887     0   248   213      0.050      0.423     -2.839      2.870      0.000
   636         21  (g)                -62   470   470   916     0   169   216     -1.298      4.773     77.095     77.254      0.000
   637         21  (g)                -62   579   579  1339  1339   168   221     -2.808     -2.233      3.644      5.114      0.000
   638         21  (g)                -62   509   509   888     0   256   223      1.061     -0.580     -6.066      6.185      0.000
   639         21  (g)                -62   430   430  1027  1027   132   231      0.852     -2.568     15.831     16.061      0.000
   640         21  (g)                -62   456   456  1385  1385   232   240     -1.444     -0.072     -0.904      1.705      0.000
   641         21  (g)                -62   448   448  1335  1335   237   176      0.097      0.183     -0.312      0.374      0.000
   642         21  (g)                -62   457   457  1386  1386   240   103     -0.245      0.734     -0.844      1.145      0.000
   643         21  (g)                -62   469   469   916     0   244   169     -0.517      1.566     23.959     24.016      0.000
   644         21  (g)                -62   562   562  1379  1379   124   274      0.468      0.723    -29.996     30.009      0.000
   645         21  (g)                -62   492   492  1032  1032   209   251     -0.928      1.980     48.513     48.562      0.000
   646         -3  (sbar)             -62   507   507   942   942     0   158     23.344    -31.387    100.689    108.021      0.500
   647         21  (g)                -62   510   510  1382  1382   155   256      2.125     -0.378    -21.025     21.136      0.000
   648         21  (g)                -62   516   516  1040  1040   260   186      0.334      0.158      4.254      4.270      0.000
   649         21  (g)                -62   525   525  1034  1034   263   202     -2.244      6.391    131.404    131.578      0.000
   650         21  (g)                -62   563   563   887     0   274   248      0.074      0.092     -0.282      0.306      0.000
   651         21  (g)                -62   572   572  1331  1331   277   118     -5.852     -1.565    -50.252     50.616      0.000
   652         21  (g)                -62   578   578  1340  1340   279   168     -8.144     -2.724     15.093     17.365      0.000
   653         21  (g)                -62   581   581  1030  1030   280   107     -0.681      0.678      8.057      8.114      0.000
   654         21  (g)                -61     1     0   220   220   250   110      1.986     -2.762      5.982      6.882      0.000
   655         21  (g)                -61     2     0   540   540   114   171     -1.955      1.835   -673.406    673.411      0.000
   656         21  (g)                -62   222   222  1234  1234   172   189      0.700      6.133     -7.034      9.359      0.000
   657         21  (g)                -62   440   440  1255  1255   196   112     -1.638     -1.323   -161.385    161.399      0.000
   658         21  (g)                -62   335   335  1178  1178   140   255      4.070     -1.505      3.579      5.625      0.000
   659         21  (g)                -62   538   538   892     0   266   161      0.857      0.390     -0.319      0.994      0.000
   660         21  (g)                -62   226   226   896     0   112   194     -1.588     -0.431   -124.852    124.862      0.000
   661         21  (g)                -62   502   502   890     0   207   143     -0.258     -0.244     -2.007      2.039      0.000
   662         21  (g)                -62   438   438  1257  1257   191   235     -0.924     -2.133   -194.618    194.632      0.000
   663         21  (g)                -62   549   549   901     0   111   276      0.132     -0.148      0.012      0.199      0.000
   664         21  (g)                -62   547   547   890     0   269   207     -0.483     -0.033     -1.904      1.964      0.000
   665         21  (g)                -62   500   500   889     0   254   218      0.475      0.083     -3.836      3.866      0.000
   666         21  (g)                -62   439   439  1256  1256   235   196     -1.794     -2.469   -161.671    161.700      0.000
   667         21  (g)                -62   501   501   891     0   222   162     -0.755      0.171     -8.861      8.895      0.000
   668         21  (g)                -62   539   539   893     0   113   144      0.780      0.093     -2.785      2.894      0.000
   669         21  (g)                -62   548   548  1175  1175   212   149      0.456      0.487     -1.743      1.866      0.000
   670         21  (g)                -61     1     0   346   346   110   114      1.045     -0.820    986.827    986.828      0.000
   671         21  (g)                -61     2     0   347   347   171   127      3.110      3.521  -1991.284   1991.290      0.000
   672         21  (g)                -62   416   416  1245  1245   225   217      0.565     -6.211      1.121      6.336      0.000
   673         21  (g)                -62   453   453  1076  1076   229   239     -0.630     -0.188     -3.287      3.352      0.000
   674         21  (g)                -62   497   497  1081  1081   253   220     -3.957      2.370    517.749    517.770      0.000
   675         21  (g)                -62   426   426  1203  1203   205   230      1.656      1.406      4.952      5.407      0.000
   676         21  (g)                -62   413   413  1252  1252   171   224      2.533      2.838  -1606.998   1607.002      0.000
   677         21  (g)                -62   485   485  1248  1248   233   249      0.354     -0.015     -0.486      0.601      0.000
   678         21  (g)                -62   437   437  1250  1250   175   117     -0.949      0.290   -286.278    286.280      0.000
   679          3  (s)                -62   455   455  1074  1074   177     0      1.700      2.175     -2.521      3.772      0.500
   680         -3  (sbar)             -62   356   356  1206  1206     0   116      0.993      2.162     -6.864      7.282      0.500
   681         21  (g)                -62   357   357  1200  1200   206   127     -1.509     -0.284     -0.386      1.584      0.000
   682         21  (g)                -62   358   358  1205  1205   116   193      0.422     -0.251     -0.193      0.528      0.000
   683         21  (g)                -62   425   425  1078  1078   204   199      0.648      0.886      2.477      2.709      0.000
   684         21  (g)                -62   576   576   900     0   203   114      0.259     -0.429      0.293      0.581      0.000
   685         21  (g)                -62   541   541  1079  1079   267   204     -0.234     -0.275     15.088     15.092      0.000
   686         21  (g)                -62   362   362  1204  1204   193   205     -0.254     -0.150      0.691      0.751      0.000
   687         21  (g)                -62   428   428  1201  1201   184   206      0.514     -0.079      0.205      0.559      0.000
   688         21  (g)                -62   397   397  1084  1084   110   119      1.001      0.080    288.045    288.046      0.000
   689         21  (g)                -62   574   574  1244  1244   217   278     -0.309     -0.068      0.087      0.328      0.000
   690         21  (g)                -62   499   499  1083  1083   119   219     -0.146      0.466     95.344     95.345      0.000
   691         21  (g)                -62   543   543   914     0   220   115     -0.217      0.300     17.493     17.497      0.000
   692         21  (g)                -62   414   414  1251  1251   224   175     -0.151      0.413    -72.376     72.377      0.000
   693         21  (g)                -62   487   487  1246  1246   174   225     -0.246     -0.369      0.131      0.463      0.000
   694         21  (g)                -62   424   424  1077  1077   199   229      0.203      0.545     -0.122      0.594      0.000
   695         21  (g)                -62   427   427  1202  1202   230   184      1.748      0.034      2.682      3.202      0.000
   696         21  (g)                -62   436   436  1249  1249   117   233      0.132     -0.729     -4.268      4.332      0.000
   697         21  (g)                -62   454   454  1075  1075   239   177      0.142     -0.224      0.050      0.270      0.000
   698         21  (g)                -62   486   486  1247  1247   249   174      0.648     -1.501      0.094      1.638      0.000
   699         21  (g)                -62   498   498  1082  1082   219   253     -0.079      0.077      2.532      2.535      0.000
   700         21  (g)                -62   542   542   914     0   115   267     -1.014      0.937     30.312     30.343      0.000
   701         21  (g)                -62   575   575   900     0   278   203      0.332     -1.505     -0.024      1.541      0.000
   702         21  (g)                -61     1     0   246   246   122   122      1.229      0.998    109.291    109.303      0.000
   703         21  (g)                -61     2     0   247   247   121   121     -1.445     -0.274     -8.650      8.775      0.000
   704         21  (g)                -62   312   312   905     0   120   187      0.535     -0.787     12.359     12.396      0.000
   705         21  (g)                -62   464   464   907     0   123   242      5.413      2.798     11.413     12.938      0.000
   706         21  (g)                -62   303   303  1102  1102   197   215     -2.104      1.407      2.660      3.671      0.000
   707         21  (g)                -62   558   558   911     0   157   167      1.098      0.559      5.182      5.327      0.000
   708         21  (g)                -62   271   271   952   952   182   269     -2.236     -1.451     -4.403      5.147      0.000
   709         21  (g)                -62   385   385  1233  1233   189   146     -0.246      0.707     -1.180      1.397      0.000
   710         21  (g)                -62   552   552   908     0   215   273     -0.809     -0.045      1.270      1.506      0.000
   711         21  (g)                -62   556   556  1093  1093   200   173     -2.608     -3.671     62.890     63.051      0.000
   712          3  (s)                -62   550   550   932   932   125     0     -1.242     -0.309      0.365      1.422      0.500
   713         21  (g)                -62   463   463   907     0   242   170      2.694      1.491      5.942      6.692      0.000
   714         -3  (sbar)             -62   551   551  1103  1103     0   197     -0.461     -0.148      0.460      0.835      0.500
   715         21  (g)                -62   557   557  1088  1088   271   227     -0.253      0.172      3.683      3.696      0.000
   716         21  (g)                -61     1     0   591   591   114   128     -1.758     -2.133    235.175    235.191      0.000
   717         -1  (dbar)             -61     2     0   592   592     0   114     -0.523     -0.634    -22.174     22.189      0.000
   718         21  (g)                -62   593   593  1090  1090   139   268     -0.631      0.655     85.101     85.106      0.000
   719         21  (g)                -62   594   594   933   933   130   125     -4.663     -1.487      1.116      5.020      0.000
   720         21  (g)                -62   595   595   912     0   131   243      1.373      0.889     15.359     15.446      0.000
   721         21  (g)                -62   596   596   910     0   129   110      1.267     -0.227      2.683      2.976      0.000
   722         21  (g)                -62   597   597  1092  1092   173   275     -0.513     -2.563    112.096    112.126      0.000
   723         21  (g)                -62   598   598  1086  1086   238   245      0.192      1.517      7.857      8.004      0.000
   724         21  (g)                -62   599   599  1095  1095   243   120      0.506     -0.106      7.396      7.414      0.000
   725         21  (g)                -62   600   600  1180  1180   250   142     -0.024     -0.766      1.017      1.274      0.000
   726         21  (g)                -62   601   601   892     0   160   266      0.509      0.169     -0.212      0.577      0.000
   727         -1  (dbar)             -62   602   602  1013  1013     0   128     -0.297     -0.848    -19.413     19.437      0.330
   728         21  (g)                -61     1     0   583   583   281   281      0.457      1.435      0.870      1.739      0.000
   729         21  (g)                -61     2     0   584   584   136   136      0.979      0.786   -191.505    191.509      0.000
   730         21  (g)                -62   585   585   893     0   134   113      3.393      0.641    -12.449     12.919      0.000
   731          4  (c)                -62   586   586   903     0   135     0     -2.781      3.116     -3.950      5.941      1.500
   732         -4  (cbar)             -62   587   587   953   953     0   182      0.221     -0.251     -9.527      9.650      1.500
   733         21  (g)                -62   588   588  1241  1241   180   179     -0.402     -1.014    -31.396     31.415      0.000
   734         21  (g)                -62   589   589   895     0   150   147      1.193     -0.344    -77.241     77.250      0.000
   735         21  (g)                -62   590   590  1253  1253   208   171     -0.187      0.073    -56.072     56.073      0.000
   736         21  (g)                -61     1     0   239   239   141   141     -0.377      0.874     36.319     36.332      0.000
   737         21  (g)                -61     2     0   240   240   156   156      0.303     -1.371    -54.692     54.710      0.000
   738         21  (g)                -62   280   280   950   950   143   222     -3.056     -0.238    -27.913     28.081      0.000
   739         21  (g)                -62   265   265   905     0   187   200      0.298     -0.524      6.990      7.016      0.000
   740         21  (g)                -62   503   503   901     0   255   111      0.498     -0.723      0.308      0.930      0.000
   741         21  (g)                -62   259   259   911     0   167   257      2.967      1.528     15.680     16.032      0.000
   742         21  (g)                -62   245   245  1238  1238   181   134      1.259     -1.179    -16.948     17.036      0.000
   743         21  (g)                -62   505   505   906     0   185   252     -0.256      0.661      1.632      1.780      0.000
   744         21  (g)                -62   523   523   909     0   190   238      0.024      0.224      3.417      3.424      0.000
   745         21  (g)                -62   494   494   904     0   236   130     -0.311     -0.218      0.324      0.500      0.000
   746         21  (g)                -62   443   443   894     0   192   241     -0.162     -1.220     -8.331      8.421      0.000
   747         21  (g)                -62   442   442   898     0   144   160      0.357     -0.028     -0.307      0.472      0.000
   748         21  (g)                -62   521   521   906     0   252   270     -0.571      1.392      3.013      3.368      0.000
   749         21  (g)                -62   504   504   902     0   142   151     -0.240     -0.331      1.431      1.488      0.000
   750         21  (g)                -62   522   522   913     0   262   185     -0.880      0.158      2.331      2.496      0.000
   751         21  (g)                -61     1     0   230   230   148   148     -0.421      0.703      2.402      2.538      0.000
   752         21  (g)                -61     2     0   231   231   159   159      0.235     -0.013   -157.365    157.365      0.000
   753         21  (g)                -62   555   555   903     0   149   135     -0.811      0.472     -1.331      1.629      0.000
   754         21  (g)                -62   233   233  1259  1259   147   163      1.285     -1.316   -134.245    134.258      0.000
   755         21  (g)                -62   553   553  1099  1099   270   123     -0.292      0.652      0.793      1.068      0.000
   756         21  (g)                -62   235   235   897     0   179   228     -0.490     -1.255    -20.702     20.746      0.000
   757         21  (g)                -62   554   554  1232  1232   146   154      0.123      2.137      0.522      2.203      0.000
   758         21  (g)                -61     1     0   286   286   153   153     -1.587     -0.585      4.985      5.264      0.000
   759         21  (g)                -61     2     0   287   287   152   152     -2.818     -0.592   -290.112    290.126      0.000
   760         21  (g)                -62   568   568   902     0   151   140      0.022     -0.419      1.441      1.501      0.000
   761         21  (g)                -62   289   289   915     0   170   157      0.601      0.421      2.554      2.658      0.000
   762         -3  (sbar)             -62   407   407   904     0     0   236     -0.326     -0.552     -0.198      0.836      0.500
   763         21  (g)                -62   291   291   896     0   194   208     -3.916     -0.515   -289.080    289.107      0.000
   764          3  (s)                -62   570   570  1231  1231   154     0     -0.773      0.146      0.315      0.984      0.500
   765         21  (g)                -62   569   569  1176  1176   276   212     -0.013     -0.259     -0.160      0.304      0.000
   766         -1  (dbar)             -61     1     0   365   365     0   118      0.035     -0.943     -1.296      1.603      0.000
   767          1  (d)                -61     2     0   366   366   118     0      0.914     -0.631   -355.838    355.839      0.000
   768         21  (g)                -62   478   478   891     0   162   246     -0.636      0.514     -9.277      9.313      0.000
   769          1  (d)                -62   380   380   937   940   214     0      1.316     -1.597   -162.081    162.095      0.330
   770         -1  (dbar)             -62   476   476   937   940     0   214     -0.447      0.598    -36.432     36.441      0.330
   771         21  (g)                -62   370   370  1235  1235   161   172      0.229      0.296     -0.302      0.481      0.000
   772         21  (g)                -62   446   446  1258  1258   163   191     -0.148     -0.721   -109.597    109.599      0.000
   773          2  (u)                -62   461   461   947   947   218     0     -0.227     -0.331    -11.970     11.981      0.330
   774         -2  (ubar)             -62   445   445   899     0     0   164      0.659     -0.119    -23.365     23.377      0.330
   775         21  (g)                -62   460   460   894     0   241   181      0.032     -0.368     -2.931      2.954      0.000
   776         21  (g)                -62   477   477   889     0   246   254      0.172      0.155     -1.178      1.201      0.000
   777         21  (g)                -61     1     0   270   270   188   109     -0.333      0.058     -1.283      1.327      0.000
   778          2  (u)                -61     2     0   176   176   109     0      1.376     -0.179   -493.729    493.731      0.000
   779         21  (g)                -62   177   177   899     0   164   247      1.697     -0.863    -49.124     49.161      0.000
   780          2  (u)                -62   268   268  1396  1396   188     0     -1.299     -0.072   -359.768    359.771      0.330
   781         21  (g)                -62   269   269  1242  1242   114   180      0.645      0.814    -86.120     86.126      0.000
   782         21  (g)                -61     1     0   471   471   118   188      0.286      0.434    105.824    105.826      0.000
   783          1  (d)                -61     2     0   472   472   188     0      1.358     -1.136   -251.185    251.191      0.000
   784         21  (g)                -62   565   565  1089  1089   268   271     -0.084      0.576     30.244     30.249      0.000
   785          1  (d)                -62   518   518  1330  1330   118     0      0.732     -1.250   -208.201    208.206      0.330
   786         21  (g)                -62   546   546   910     0   245   129      0.582     -0.018      1.512      1.620      0.000
   787         21  (g)                -62   561   561   897     0   228   192     -0.228     -0.522     -5.605      5.634      0.000
   788         21  (g)                -62   567   567   912     0   257   131      0.130      0.173      1.733      1.747      0.000
   789         21  (g)                -62   519   519   895     0   247   150      0.657     -0.051    -37.208     37.214      0.000
   790         21  (g)                -62   545   545   909     0   227   190      0.129      0.608     15.074     15.087      0.000
   791         21  (g)                -62   560   560   908     0   273   262     -0.705      0.038      1.413      1.579      0.000
   792         21  (g)                -62   566   566  1091  1091   275   139      0.431     -0.256     55.678     55.681      0.000
   793       2101  (ud_0)             -63     1     0  1181  1181     0   250      0.122      0.291   1905.473   1905.473      0.579
   794          1  (d)                -63     1     0  1012  1012   128     0      0.341     -0.352     25.990     25.997      0.330
   795          2  (u)                -63     2     0  1199  1199   127     0     -0.214      0.071  -1889.248   1889.248      0.330
   796          1  (d)                -23   605     0   800   800   103     0    -20.850    -71.720    378.592    385.890      0.330
   797    4900101  (qv1)              -23   605     0   798   799     0     0      5.387     87.881    -70.592    119.730     40.000
   798    4900101  (qv1)              -51   797     0   806   806     0     0     16.883     55.749     31.043     77.180     40.000
   799    4900021  (gv)               -51   797     0   801   802     0     0    -13.268     26.036    -69.454     75.351      0.000
   800          1  (d)                -52   796   796   803   803   103     0    -19.078    -65.624    346.412    353.089      0.330
   801    4900021  (gv)               -51   799     0   807   808     0     0    -10.101     41.651    -56.178     70.660      0.000
   802    4900021  (gv)               -51   799     0   810   811     0     0     -3.920    -18.206      0.397     18.627      0.000
   803          1  (d)                -52   800   800   804   805   103     0    -18.325    -63.033    332.740    339.153      0.330
   804          1  (d)                -51   803     0   812   812   287     0    -13.317    -31.760    241.801    244.241      0.330
   805         21  (g)                -51   803     0   816   817   103   287     -4.623    -29.998     91.016     95.944      0.000
   806    4900101  (qv1)              -52   798   798   809   809     0     0     16.498     54.474     30.966     76.148     40.000
   807    4900021  (gv)               -51   801     0   813   814     0     0     -0.134     29.768    -49.531     57.788      0.000
   808    4900021  (gv)               -51   801     0   918     0     0     0     -8.121     15.644     -2.026     17.742      0.000
   809    4900101  (qv1)              -52   806   806   818   818     0     0     14.652     50.714     26.344     71.278     40.000
   810    4900021  (gv)               -51   802     0   815   815     0     0     -9.988    -10.863     -1.503     14.833      0.000
   811    4900021  (gv)               -51   802     0   923   923     0     0      4.378    -11.374     32.592     34.796      0.000
   812          1  (d)                -52   804   804   821   821   287     0    -11.627    -27.728    211.109    213.239      0.330
   813    4900021  (gv)               -51   807     0   920   920     0     0     -9.175     20.938    -46.668     51.966      0.000
   814    4900021  (gv)               -51   807     0   921   921     0     0      6.546      6.117     -3.238      9.527      0.000
   815    4900021  (gv)               -52   810   810   922   922     0     0     -7.493     -8.150     -1.128     11.128      0.000
   816         21  (g)                -51   805     0   819   820   291   287     -2.457    -29.540     88.325     93.166      0.000
   817         21  (g)                -51   805     0   822   823   103   291     -1.962      0.296      2.717      3.364      0.000
   818    4900101  (qv1)              -52   809   809   824   824     0     0     14.448     49.959     26.317     70.691     40.000
   819         21  (g)                -51   816     0   830   830   291   292     -3.340    -29.902     90.480     95.352      0.000
   820         21  (g)                -51   816     0  1394  1394   292   287      0.393     -0.806      6.743      6.803      0.000
   821          1  (d)                -52   812   812  1395  1395   287     0    -11.136    -26.560    202.210    204.251      0.330
   822         21  (g)                -51   817     0   827   827   293   291     -1.134     -0.425      0.365      1.265      0.000
   823         21  (g)                -51   817     0   825   826   103   293     -0.156      1.710      2.392      2.945      0.000
   824    4900101  (qv1)              -52   818   818   918     0     0     0     13.777     48.970     26.278     69.845     40.000
   825         21  (g)                -51   823     0   834   835   103   295      0.026      0.790      2.271      2.404      0.000
   826         21  (g)                -51   823     0   836   836   295   293     -0.597      0.765      0.255      1.003      0.000
   827         21  (g)                -52   822   822   828   829   293   291     -0.719     -0.270      0.231      0.802      0.000
   828         21  (g)                -51   827     0  1390  1390   293   296     -0.160     -0.482     -0.063      0.512      0.000
   829         21  (g)                -51   827     0   831   832   296   291     -0.669     -0.773      3.276      3.432      0.000
   830         21  (g)                -52   819   819   833   833   291   292     -3.230    -28.917     87.499     92.210      0.000
   831         21  (g)                -51   829     0  1391  1391   296   297     -1.324     -3.710     11.278     11.946      0.000
   832         21  (g)                -51   829     0  1392  1392   297   291      0.200     -1.140      4.335      4.487      0.000
   833         21  (g)                -52   830   830  1393  1393   291   292     -2.775    -24.840     75.162     79.209      0.000
   834         21  (g)                -51   825     0  1387  1387   103   298     -0.099      0.537      0.168      0.571      0.000
   835         21  (g)                -51   825     0  1388  1388   298   295     -0.163      0.621      2.225      2.316      0.000
   836         21  (g)                -52   826   826  1389  1389   295   293     -0.310      0.396      0.132      0.520      0.000
   837         -1  (dbar)             -23   606     0   839   840     0   102     24.764   -133.125    181.700    226.606      0.330
   838   -4900101  (qv1bar)           -23   606     0   841   841     0     0     -0.011    292.917    363.869    468.830     40.000
   839         -1  (dbar)             -51   837     0   842   843     0   299    -81.891    -48.342    114.228    148.631      0.330
   840         21  (g)                -51   837     0   844   844   299   102    106.519    -16.266    150.717    185.274      0.000
   841   -4900101  (qv1bar)           -52   838   838   847   847     0     0      0.125    224.399    280.624    361.531     40.000
   842         -1  (dbar)             -51   839     0   866   867     0   302    -65.579    -30.253     80.283    107.988      0.330
   843         21  (g)                -51   839     0   850   850   302   299    -15.018    -18.286     35.775     42.893      0.000
   844         21  (g)                -52   840   840   845   846   299   102    105.225    -16.068    148.887    183.024      0.000
   845         21  (g)                -51   844     0   848   849   299   304     96.935    -13.580    140.610    171.324      0.000
   846         21  (g)                -51   844     0   851   852   304   102      8.282     -2.189      8.638     12.166      0.000
   847   -4900101  (qv1bar)           -52   841   841   865   865     0     0      0.133    224.100    280.263    361.065     40.000
   848         21  (g)                -51   845     0   853   853   305   304     54.435     -9.334     78.406     95.906      0.000
   849         21  (g)                -51   845     0   856   856   299   305     42.473     -4.278     62.267     75.495      0.000
   850         21  (g)                -52   843   843   854   855   302   299    -14.991    -18.254     35.711     42.816      0.000
   851         21  (g)                -51   846     0   863   864   306   102     21.927     -4.813     30.674     38.011      0.000
   852         21  (g)                -51   846     0   989   989   304   306      4.175     -0.432      3.631      5.550      0.000
   853         21  (g)                -52   848   848   990   990   305   304     36.616     -6.279     52.740     64.511      0.000
   854         21  (g)                -51   850     0   860   861   302   307    -12.624    -16.602     29.173     35.861      0.000
   855         21  (g)                -51   850     0   859   859   307   299     -2.095     -1.679      6.939      7.440      0.000
   856         21  (g)                -52   849   849   857   858   299   305     42.201     -4.251     61.867     75.010      0.000
   857         21  (g)                -51   856     0   991   991   308   305     31.511     -4.388     45.983     55.916      0.000
   858         21  (g)                -51   856     0   869   870   299   308     10.651      0.106     16.013     19.232      0.000
   859         21  (g)                -52   855   855   862   862   307   299     -2.056     -1.648      6.810      7.302      0.000
   860         21  (g)                -51   854     0   868   868   302   309    -10.197    -11.828     21.382     26.477      0.000
   861         21  (g)                -51   854     0   874   874   309   307     -2.949     -5.193      9.520     11.238      0.000
   862         21  (g)                -52   859   859   871   871   307   299     -1.534     -1.229      5.081      5.448      0.000
   863         21  (g)                -51   851     0   988   988   306   310     17.971     -4.969     25.385     31.497      0.000
   864         21  (g)                -51   851     0   987   987   310   102      3.952      0.320      5.487      6.769      0.000
   865   -4900101  (qv1bar)           -52   847   847   924   924     0     0      0.137    223.936    280.065    360.810     40.000
   866         -1  (dbar)             -51   842     0   884   885     0   311    -62.392    -28.874     77.687    103.739      0.330
   867         21  (g)                -51   842     0   877   877   311   302     -3.656     -1.923      3.579      5.466      0.000
   868         21  (g)                -52   860   860   872   873   302   309     -9.728    -11.284     20.399     25.261      0.000
   869         21  (g)                -51   858     0   992   992   312   308      9.784      0.641     14.673     17.648      0.000
   870         21  (g)                -51   858     0   878   879   299   312      0.768     -0.615      1.668      1.937      0.000
   871         21  (g)                -52   862   862   880   880   307   299     -1.435     -1.150      4.752      5.095      0.000
   872         21  (g)                -51   868     0   875   876   302   313     -8.255    -10.602     18.065     22.514      0.000
   873         21  (g)                -51   868     0   968   968   313   309     -2.531     -2.546      5.751      6.779      0.000
   874         21  (g)                -52   861   861   967   967   309   307     -1.891     -3.330      6.104      7.206      0.000
   875         21  (g)                -51   872     0   881   882   314   313     -8.240     -9.956     17.750     21.957      0.000
   876         21  (g)                -51   872     0   883   883   302   314     -0.618     -0.963      0.904      1.459      0.000
   877         21  (g)                -52   867   867   886   886   311   302     -3.053     -1.606      2.989      4.565      0.000
   878         -1  (dbar)             -51   870     0   993   993     0   312      0.446     -0.167      2.050      2.130      0.330
   879          1  (d)                -51   870     0   965   965   299     0     -0.161     -0.836      1.219      1.523      0.330
   880         21  (g)                -52   871   871   966   966   307   299     -0.951     -0.762      3.151      3.379      0.000
   881         21  (g)                -51   875     0   969   969   315   313     -1.684     -2.475      3.322      4.472      0.000
   882         21  (g)                -51   875     0   970   970   314   315     -6.918     -8.046     14.959     18.340      0.000
   883         21  (g)                -52   876   876   971   971   302   314     -0.256     -0.398      0.374      0.604      0.000
   884         -1  (dbar)             -51   866     0   974   974     0   316    -39.609    -17.790     48.798     65.320      0.330
   885         21  (g)                -51   866     0   973   973   316   311    -23.201    -11.303     29.298     39.043      0.000
   886         21  (g)                -52   877   877   972   972   311   302     -2.635     -1.386      2.580      3.940      0.000
   887         21  (g)                -73   635   650  1380  1380   274   213      0.123      0.515     -3.120      3.176      0.261
   888         21  (g)                -73   622   638  1383  1383   256   137      3.463     -1.334    -18.055     18.436      0.354
   889         21  (g)                -73   665   776   948   948   246   218      0.647      0.238     -5.014      5.067      0.236
   890         21  (g)                -73   661   664   951   951   269   143     -0.741     -0.277     -3.911      4.003      0.316
   891         21  (g)                -73   667   768   949   949   222   246     -1.391      0.685    -18.138     18.208      0.360
   892         21  (g)                -73   659   726   898     0   160   161      1.366      0.559     -0.530      1.571      0.084
   893         21  (g)                -73   668   730  1237  1237   134   144      4.173      0.734    -15.234     15.813      0.116
   894         21  (g)                -73   746   775  1239  1239   192   181     -0.130     -1.588    -11.261     11.375      0.182
   895         21  (g)                -73   734   789  1260  1260   247   147      1.849     -0.395   -114.449    114.465      0.203
   896         21  (g)                -73   660   763  1254  1254   112   208     -5.504     -0.946   -413.931    413.969      0.354
   897         21  (g)                -73   756   787  1240  1240   179   192     -0.718     -1.777    -26.307     26.380      0.393
   898         21  (g)                -73   747   892  1236  1236   144   161      1.723      0.532     -0.838      2.042      0.468
   899         -2  (ubar)             -73   774   779  1261  1261     0   247      2.356     -0.983    -72.489     72.537      0.750
   900         21  (g)                -73   684   701  1243  1243   278   114      0.592     -1.934      0.269      2.122      0.584
   901         21  (g)                -73   663   740  1177  1177   255   276      0.630     -0.871      0.320      1.129      0.130
   902         21  (g)                -73   749   760  1179  1179   142   140     -0.218     -0.751      2.872      2.989      0.277
   903          4  (c)                -73   731   753  1174  1174   149     0     -3.593      3.588     -5.281      7.570      1.906
   904         -3  (sbar)             -73   762   745   934   934     0   130     -0.637     -0.770      0.126      1.336      0.877
   905         21  (g)                -73   704   739  1094  1094   120   200      0.833     -1.310     19.349     19.411      0.105
   906         21  (g)                -73   743   748  1100  1100   185   270     -0.827      2.053      4.645      5.147      0.132
   907         21  (g)                -73   705   713  1098  1098   123   170      8.108      4.289     17.355     19.630      0.168
   908         21  (g)                -73   710   791   913     0   215   262     -1.514     -0.007      2.683      3.085      0.181
   909         21  (g)                -73   744   790  1087  1087   227   238      0.153      0.832     18.491     18.511      0.181
   910         21  (g)                -73   721   786  1085  1085   245   110      1.850     -0.246      4.195      4.596      0.215
   911         21  (g)                -73   707   741   915     0   157   257      4.065      2.087     20.863     21.358      0.219
   912         21  (g)                -73   720   788  1096  1096   257   243      1.503      1.063     17.092     17.193      0.229
   913         21  (g)                -73   750   908  1101  1101   215   185     -2.394      0.151      5.013      5.582      0.520
   914         21  (g)                -73   691   700  1080  1080   220   267     -1.231      1.237     47.805     47.841      0.579
   915         21  (g)                -73   761   911  1097  1097   170   257      4.666      2.508     23.417     24.016      0.592
   916         21  (g)                -73   636   643  1036  1036   244   216     -1.815      6.339    101.054    101.269      0.251
   917         21  (g)                -73   609   633  1033  1033   202   209     -0.906      3.282     60.329     60.426      0.411
   918    4900101  (qv1)              -73   824   808   919   919     0     0      5.656     64.614     24.252     87.588     53.633
   919    4900101  (qv1)              -71   918   918   925   931     0     0      5.656     64.614     24.252     87.588     53.633
   920    4900021  (gv)               -71   813   813   925   931     0     0     -9.175     20.938    -46.668     51.966      0.000
   921    4900021  (gv)               -71   814   814   925   931     0     0      6.546      6.117     -3.238      9.527      0.000
   922    4900021  (gv)               -71   815   815   925   931     0     0     -7.493     -8.150     -1.128     11.128      0.000
   923    4900021  (gv)               -71   811   811   925   931     0     0      4.378    -11.374     32.592     34.796      0.000
   924   -4900101  (qv1bar)           -71   865   865   925   931     0     0      0.137    223.936    280.065    360.810     40.000
   925    4900113  (rhovDiag)         -83   919   924  1668  1669     0     0      6.252     36.560     12.494     46.442     25.000
   926    4900113  (rhovDiag)         -83   919   924  1685  1686     0     0      7.077     20.865      2.166     33.394     25.000
   927    4900113  (rhovDiag)         -83   919   924  1696  1697     0     0     -9.439     14.282    -12.778     32.884     25.000
   928    4900113  (rhovDiag)         -83   919   924  1731  1732     0     0     -2.778     15.999    -38.893     49.004     25.000
   929    4900113  (rhovDiag)         -84   919   924  1745  1746     0     0      6.912     53.445    112.751    127.444     25.000
   930    4900113  (rhovDiag)         -84   919   924  1777  1778     0     0     -2.181     32.351     56.088     69.442     25.000
   931    4900111  (pivDiag)          -84   919   924  1788  1789     0     0     -5.794    122.578    154.049    197.206     10.000
   932          3  (s)                -71   712   712   935   936   125     0     -1.242     -0.309      0.365      1.422      0.500
   933         21  (g)                -71   719   719   935   936   130   125     -4.663     -1.487      1.116      5.020      0.000
   934         -3  (sbar)             -71   904   904   935   936     0   130     -0.637     -0.770      0.126      1.336      0.877
   935       -321  K-                  83   932   934     0     0     0     0     -5.556     -1.407      2.067      6.112      0.494
   936        321  K+                  84   932   934     0     0     0     0     -0.986     -1.160     -0.460      1.665      0.494
   937        111  (pi0)              -83   769   770  1802  1803     0     0     -0.018     -0.230    -22.017     22.019      0.135
   938       -211  pi-                 83   769   770     0     0     0     0      0.904     -0.079    -74.573     74.579      0.140
   939        211  pi+                 83   769   770     0     0     0     0     -0.040     -0.841    -59.042     59.048      0.140
   940        113  (rho0)             -84   769   770  1447  1448     0     0      0.024      0.152    -42.881     42.890      0.877
   941          2  (u)                -71   607   607   943   946   158     0    104.281   -142.023    430.657    465.307      0.330
   942         -3  (sbar)             -71   646   646   943   946     0   158     23.344    -31.387    100.689    108.021      0.500
   943        221  (eta)              -83   941   942  1804  1806     0     0     24.756    -33.768    101.834    110.107      0.548
   944        223  (omega)            -83   941   942  1807  1809     0     0     68.676    -93.685    286.124    308.805      0.765
   945        211  pi+                 83   941   942     0     0     0     0     17.242    -22.395     69.091     74.649      0.140
   946        311  (K0)               -84   941   942  1449  1449     0     0     16.951    -23.561     74.296     79.766      0.498
   947          2  (u)                -71   773   773   954   964   218     0     -0.227     -0.331    -11.970     11.981      0.330
   948         21  (g)                -71   889   889   954   964   246   218      0.647      0.238     -5.014      5.067      0.236
   949         21  (g)                -71   891   891   954   964   222   246     -1.391      0.685    -18.138     18.208      0.360
   950         21  (g)                -71   738   738   954   964   143   222     -3.056     -0.238    -27.913     28.081      0.000
   951         21  (g)                -71   890   890   954   964   269   143     -0.741     -0.277     -3.911      4.003      0.316
   952         21  (g)                -71   708   708   954   964   182   269     -2.236     -1.451     -4.403      5.147      0.000
   953         -4  (cbar)             -71   732   732   954   964     0   182      0.221     -0.251     -9.527      9.650      1.500
   954        221  (eta)              -83   947   953  1810  1811     0     0     -0.083     -0.299     -7.747      7.772      0.548
   955        323  (K*+)              -83   947   953  1450  1451     0     0     -0.395      0.307    -13.582     13.611      0.725
   956       -321  K-                  83   947   953     0     0     0     0     -0.173      0.373     -4.187      4.236      0.494
   957        223  (omega)            -83   947   953  1812  1813     0     0     -1.182     -0.649    -15.065     15.145      0.785
   958        211  pi+                 83   947   953     0     0     0     0     -0.917      0.639    -11.275     11.331      0.140
   959       2112  n0                  84   947   953     0     0     0     0     -1.257      0.057     -7.559      7.721      0.940
   960        211  pi+                 84   947   953     0     0     0     0     -0.466     -0.275     -3.202      3.251      0.140
   961      -2224  (Deltabar--)       -84   947   953  1452  1453     0     0     -1.241     -0.516     -5.379      5.687      1.263
   962        211  pi+                 84   947   953     0     0     0     0     -0.281     -0.296     -1.472      1.534      0.140
   963       -213  (rho-)             -84   947   953  1454  1455     0     0     -0.846     -0.384     -2.952      3.170      0.688
   964       -421  (Dbar0)            -84   947   953  1814  1815     0     0      0.059     -0.582     -8.456      8.679      1.865
   965          1  (d)                -71   879   879   975   985   299     0     -0.161     -0.836      1.219      1.523      0.330
   966         21  (g)                -71   880   880   975   985   307   299     -0.951     -0.762      3.151      3.379      0.000
   967         21  (g)                -71   874   874   975   985   309   307     -1.891     -3.330      6.104      7.206      0.000
   968         21  (g)                -71   873   873   975   985   313   309     -2.531     -2.546      5.751      6.779      0.000
   969         21  (g)                -71   881   881   975   985   315   313     -1.684     -2.475      3.322      4.472      0.000
   970         21  (g)                -71   882   882   975   985   314   315     -6.918     -8.046     14.959     18.340      0.000
   971         21  (g)                -71   883   883   975   985   302   314     -0.256     -0.398      0.374      0.604      0.000
   972         21  (g)                -71   886   886   975   985   311   302     -2.635     -1.386      2.580      3.940      0.000
   973         21  (g)                -71   885   885   975   985   316   311    -23.201    -11.303     29.298     39.043      0.000
   974         -1  (dbar)             -71   884   884   975   985     0   316    -39.609    -17.790     48.798     65.320      0.330
   975        113  (rho0)             -83   965   974  1456  1457     0     0     -0.869     -1.606      3.847      4.334      0.808
   976       -211  pi-                 83   965   974     0     0     0     0     -1.224     -1.761      2.829      3.553      0.140
   977        213  (rho+)             -83   965   974  1458  1459     0     0     -2.669     -3.169      7.004      8.174      0.779
   978        223  (omega)            -83   965   974  1816  1818     0     0     -2.292     -4.002      7.335      8.700      0.787
   979       -213  (rho-)             -84   965   974  1460  1461     0     0     -6.074     -6.165     11.140     14.126      0.734
   980        113  (rho0)             -84   965   974  1462  1463     0     0     -2.224     -1.718      3.019      4.205      0.821
   981        321  K+                  84   965   974     0     0     0     0     -9.182     -4.611     12.336     16.062      0.494
   982       -321  K-                  84   965   974     0     0     0     0     -5.361     -2.777      6.262      8.713      0.494
   983        111  (pi0)              -84   965   974  1819  1820     0     0     -6.367     -3.144      7.979     10.682      0.135
   984        111  (pi0)              -84   965   974  1821  1822     0     0     -1.264     -0.500      1.501      2.030      0.135
   985        213  (rho+)             -84   965   974  1464  1465     0     0    -42.310    -19.421     52.304     70.026      0.780
   986          3  (s)                -71   623   623   994  1011   102     0      7.095     -9.905     31.696     33.961      0.500
   987         21  (g)                -71   864   864   994  1011   310   102      3.952      0.320      5.487      6.769      0.000
   988         21  (g)                -71   863   863   994  1011   306   310     17.971     -4.969     25.385     31.497      0.000
   989         21  (g)                -71   852   852   994  1011   304   306      4.175     -0.432      3.631      5.550      0.000
   990         21  (g)                -71   853   853   994  1011   305   304     36.616     -6.279     52.740     64.511      0.000
   991         21  (g)                -71   857   857   994  1011   308   305     31.511     -4.388     45.983     55.916      0.000
   992         21  (g)                -71   869   869   994  1011   312   308      9.784      0.641     14.673     17.648      0.000
   993         -1  (dbar)             -71   878   878   994  1011     0   312      0.446     -0.167      2.050      2.130      0.330
   994       -323  (K*-)              -83   986   993  1466  1467     0     0      4.522     -6.491     21.022     22.478      0.875
   995        211  pi+                 83   986   993     0     0     0     0      0.931     -1.093      2.373      2.777      0.140
   996       2112  n0                  83   986   993     0     0     0     0      2.056     -1.830      8.400      8.890      0.940
   997      -2212  pbar-               83   986   993     0     0     0     0      3.423     -0.874      4.529      5.820      0.938
   998        211  pi+                 83   986   993     0     0     0     0      1.088      0.056      2.385      2.626      0.140
   999       -213  (rho-)             -83   986   993  1468  1469     0     0      9.347     -2.475     11.560     15.090      0.748
  1000        211  pi+                 83   986   993     0     0     0     0      5.718     -0.476      8.107      9.933      0.140
  1001        111  (pi0)              -83   986   993  1823  1824     0     0      6.878     -2.161     10.719     12.918      0.135
  1002        113  (rho0)             -83   986   993  1470  1471     0     0      8.890     -1.189     11.338     14.484      0.884
  1003        111  (pi0)              -83   986   993  1825  1826     0     0      0.974      0.063      1.335      1.659      0.135
  1004       -211  pi-                 83   986   993     0     0     0     0     13.248     -2.618     19.951     24.092      0.140
  1005        211  pi+                 83   986   993     0     0     0     0     10.516     -0.957     13.901     17.457      0.140
  1006       -211  pi-                 84   986   993     0     0     0     0      7.114     -0.487     11.012     13.120      0.140
  1007        211  pi+                 84   986   993     0     0     0     0     15.852     -3.207     22.763     27.923      0.140
  1008        223  (omega)            -84   986   993  1827  1829     0     0     12.379     -1.146     18.162     22.023      0.793
  1009       2114  (Delta0)           -84   986   993  1472  1473     0     0      3.924     -0.530      6.520      7.713      1.137
  1010        111  (pi0)              -84   986   993  1830  1831     0     0      1.192      0.100      1.737      2.113      0.135
  1011      -2112  nbar0               84   986   993     0     0     0     0      3.497      0.136      5.830      6.865      0.940
  1012          1  (d)                -71   794   794  1014  1024   128     0      0.341     -0.352     25.990     25.997      0.330
  1013         -1  (dbar)             -71   727   727  1014  1024     0   128     -0.297     -0.848    -19.413     19.437      0.330
  1014       -211  pi-                 83  1012  1013     0     0     0     0     -0.177     -0.461     15.492     15.500      0.140
  1015        213  (rho+)             -83  1012  1013  1474  1475     0     0     -0.094      0.234      2.411      2.504      0.626
  1016       -211  pi-                 83  1012  1013     0     0     0     0      0.280      0.233      0.780      0.872      0.140
  1017        321  K+                  83  1012  1013     0     0     0     0      0.477     -0.259      6.569      6.610      0.494
  1018       -321  K-                  84  1012  1013     0     0     0     0      0.109      0.052      0.040      0.510      0.494
  1019        213  (rho+)             -84  1012  1013  1476  1477     0     0     -0.202      0.152     -1.594      1.789      0.773
  1020        311  (K0)               -84  1012  1013  1478  1478     0     0     -0.286     -0.240     -0.993      1.171      0.498
  1021       -321  K-                  84  1012  1013     0     0     0     0     -0.089     -0.346     -0.730      0.951      0.494
  1022        211  pi+                 84  1012  1013     0     0     0     0      0.142     -0.020     -2.647      2.654      0.140
  1023        221  (eta)              -84  1012  1013  1832  1834     0     0     -0.479     -0.239     -4.715      4.777      0.548
  1024        113  (rho0)             -84  1012  1013  1479  1480     0     0      0.366     -0.307     -8.037      8.095      0.849
  1025          1  (d)                -71   634   634  1042  1073   108     0     -2.616     -1.370      1.981      3.571      0.330
  1026         21  (g)                -71   610   610  1042  1073   231   108     -0.022     -3.339     27.657     27.857      0.000
  1027         21  (g)                -71   639   639  1042  1073   132   231      0.852     -2.568     15.831     16.061      0.000
  1028         21  (g)                -71   627   627  1042  1073   183   132     -1.145      0.934      6.796      6.955      0.000
  1029         21  (g)                -71   617   617  1042  1073   107   183     -2.286     -0.329     25.269     25.374      0.000
  1030         21  (g)                -71   653   653  1042  1073   280   107     -0.681      0.678      8.057      8.114      0.000
  1031         21  (g)                -71   629   629  1042  1073   251   280     -1.432      1.830     39.822     39.890      0.000
  1032         21  (g)                -71   645   645  1042  1073   209   251     -0.928      1.980     48.513     48.562      0.000
  1033         21  (g)                -71   917   917  1042  1073   202   209     -0.906      3.282     60.329     60.426      0.411
  1034         21  (g)                -71   649   649  1042  1073   263   202     -2.244      6.391    131.404    131.578      0.000
  1035         21  (g)                -71   632   632  1042  1073   216   263     -0.047      1.858     33.481     33.533      0.000
  1036         21  (g)                -71   916   916  1042  1073   244   216     -1.815      6.339    101.054    101.269      0.251
  1037         21  (g)                -71   625   625  1042  1073   106   244     -0.985      1.815     66.444     66.476      0.000
  1038         21  (g)                -71   612   612  1042  1073   126   106     -3.823      1.909    320.537    320.565      0.000
  1039         21  (g)                -71   628   628  1042  1073   186   126      0.753      2.096    100.864    100.889      0.000
  1040         21  (g)                -71   648   648  1042  1073   260   186      0.334      0.158      4.254      4.270      0.000
  1041         -1  (dbar)             -71   615   615  1042  1073     0   260      2.792      2.716    108.965    109.035      0.330
  1042       -213  (rho-)             -83  1025  1041  1481  1482     0     0     -2.291     -1.429      2.485      3.741      0.730
  1043        111  (pi0)              -83  1025  1041  1835  1836     0     0      0.144      0.098      0.585      0.625      0.135
  1044        211  pi+                 83  1025  1041     0     0     0     0     -0.050     -0.305      2.125      2.151      0.140
  1045        311  (K0)               -83  1025  1041  1483  1483     0     0     -0.196     -0.146      1.346      1.456      0.498
  1046       -311  (Kbar0)            -83  1025  1041  1484  1484     0     0     -0.221     -0.182      1.457      1.566      0.498
  1047       -211  pi-                 83  1025  1041     0     0     0     0      0.190     -0.211      2.128      2.152      0.140
  1048        113  (rho0)             -83  1025  1041  1485  1486     0     0      0.337     -2.096     14.090     14.285      1.014
  1049        321  K+                  83  1025  1041     0     0     0     0     -0.474     -0.090      4.030      4.088      0.494
  1050       -321  K-                  83  1025  1041     0     0     0     0     -0.093     -0.918      5.608      5.705      0.494
  1051        211  pi+                 83  1025  1041     0     0     0     0      0.282     -0.510      7.631      7.655      0.140
  1052        113  (rho0)             -83  1025  1041  1487  1488     0     0     -0.225     -0.216      4.383      4.465      0.795
  1053       -211  pi-                 83  1025  1041     0     0     0     0     -0.349     -1.268      8.099      8.206      0.140
  1054        111  (pi0)              -83  1025  1041  1837  1838     0     0     -1.025      0.906     10.708     10.795      0.135
  1055        111  (pi0)              -83  1025  1041  1839  1840     0     0     -1.246      0.075      8.667      8.757      0.135
  1056        213  (rho+)             -83  1025  1041  1489  1490     0     0     -0.937      1.051     25.158     25.208      0.736
  1057       -211  pi-                 83  1025  1041     0     0     0     0     -1.148      1.543     41.419     41.464      0.140
  1058        211  pi+                 83  1025  1041     0     0     0     0     -0.312      1.719     30.021     30.072      0.140
  1059        223  (omega)            -83  1025  1041  1841  1843     0     0     -1.046      2.478     51.729     51.805      0.779
  1060       3212  (Sigma0)           -83  1025  1041  1844  1845     0     0     -3.651      8.450    169.582    169.836      1.193
  1061      -3122  (Lambdabar0)       -84  1025  1041  1846  1847     0     0     -0.044      3.291     66.435     66.526      1.116
  1062       -211  pi-                 84  1025  1041     0     0     0     0     -0.627      1.143     21.837     21.876      0.140
  1063        213  (rho+)             -84  1025  1041  1491  1492     0     0     -0.187      2.463     44.004     44.083      0.931
  1064        221  (eta)              -84  1025  1041  1848  1849     0     0     -1.172      0.903     70.037     70.055      0.548
  1065        221  (eta)              -84  1025  1041  1850  1852     0     0     -0.792     -0.064     49.885     49.894      0.548
  1066        111  (pi0)              -84  1025  1041  1853  1854     0     0     -1.028      1.844     81.591     81.618      0.135
  1067        311  (K0)               -84  1025  1041  1493  1493     0     0     -0.681      0.315     78.269     78.274      0.498
  1068       -321  K-                  84  1025  1041     0     0     0     0     -0.699      1.081     71.659     71.672      0.494
  1069       2212  p+                  84  1025  1041     0     0     0     0      1.063      0.682     65.116     65.135      0.938
  1070      -2212  pbar-               84  1025  1041     0     0     0     0      0.410      1.608     60.753     60.783      0.938
  1071        211  pi+                 84  1025  1041     0     0     0     0      0.386      0.522     36.912     36.918      0.140
  1072        223  (omega)            -84  1025  1041  1855  1856     0     0      1.015      0.809     42.102     42.129      0.770
  1073        111  (pi0)              -84  1025  1041  1857  1858     0     0      0.470      0.832     21.406     21.427      0.135
  1074          3  (s)                -71   679   679  1104  1173   177     0      1.700      2.175     -2.521      3.772      0.500
  1075         21  (g)                -71   697   697  1104  1173   239   177      0.142     -0.224      0.050      0.270      0.000
  1076         21  (g)                -71   673   673  1104  1173   229   239     -0.630     -0.188     -3.287      3.352      0.000
  1077         21  (g)                -71   694   694  1104  1173   199   229      0.203      0.545     -0.122      0.594      0.000
  1078         21  (g)                -71   683   683  1104  1173   204   199      0.648      0.886      2.477      2.709      0.000
  1079         21  (g)                -71   685   685  1104  1173   267   204     -0.234     -0.275     15.088     15.092      0.000
  1080         21  (g)                -71   914   914  1104  1173   220   267     -1.231      1.237     47.805     47.841      0.579
  1081         21  (g)                -71   674   674  1104  1173   253   220     -3.957      2.370    517.749    517.770      0.000
  1082         21  (g)                -71   699   699  1104  1173   219   253     -0.079      0.077      2.532      2.535      0.000
  1083         21  (g)                -71   690   690  1104  1173   119   219     -0.146      0.466     95.344     95.345      0.000
  1084         21  (g)                -71   688   688  1104  1173   110   119      1.001      0.080    288.045    288.046      0.000
  1085         21  (g)                -71   910   910  1104  1173   245   110      1.850     -0.246      4.195      4.596      0.215
  1086         21  (g)                -71   723   723  1104  1173   238   245      0.192      1.517      7.857      8.004      0.000
  1087         21  (g)                -71   909   909  1104  1173   227   238      0.153      0.832     18.491     18.511      0.181
  1088         21  (g)                -71   715   715  1104  1173   271   227     -0.253      0.172      3.683      3.696      0.000
  1089         21  (g)                -71   784   784  1104  1173   268   271     -0.084      0.576     30.244     30.249      0.000
  1090         21  (g)                -71   718   718  1104  1173   139   268     -0.631      0.655     85.101     85.106      0.000
  1091         21  (g)                -71   792   792  1104  1173   275   139      0.431     -0.256     55.678     55.681      0.000
  1092         21  (g)                -71   722   722  1104  1173   173   275     -0.513     -2.563    112.096    112.126      0.000
  1093         21  (g)                -71   711   711  1104  1173   200   173     -2.608     -3.671     62.890     63.051      0.000
  1094         21  (g)                -71   905   905  1104  1173   120   200      0.833     -1.310     19.349     19.411      0.105
  1095         21  (g)                -71   724   724  1104  1173   243   120      0.506     -0.106      7.396      7.414      0.000
  1096         21  (g)                -71   912   912  1104  1173   257   243      1.503      1.063     17.092     17.193      0.229
  1097         21  (g)                -71   915   915  1104  1173   170   257      4.666      2.508     23.417     24.016      0.592
  1098         21  (g)                -71   907   907  1104  1173   123   170      8.108      4.289     17.355     19.630      0.168
  1099         21  (g)                -71   755   755  1104  1173   270   123     -0.292      0.652      0.793      1.068      0.000
  1100         21  (g)                -71   906   906  1104  1173   185   270     -0.827      2.053      4.645      5.147      0.132
  1101         21  (g)                -71   913   913  1104  1173   215   185     -2.394      0.151      5.013      5.582      0.520
  1102         21  (g)                -71   706   706  1104  1173   197   215     -2.104      1.407      2.660      3.671      0.000
  1103         -3  (sbar)             -71   714   714  1104  1173     0   197     -0.461     -0.148      0.460      0.835      0.500
  1104       -311  (Kbar0)            -83  1074  1103  1494  1494     0     0      0.856      1.004     -1.525      2.077      0.498
  1105        313  (K*0)              -83  1074  1103  1495  1496     0     0      0.404      0.410     -0.875      1.362      0.870
  1106       -311  (Kbar0)            -83  1074  1103  1497  1497     0     0      0.335      0.850     -0.981      1.430      0.498
  1107       -211  pi-                 83  1074  1103     0     0     0     0     -0.428     -0.106     -0.149      0.486      0.140
  1108        211  pi+                 83  1074  1103     0     0     0     0      0.620     -0.204     -1.075      1.265      0.140
  1109       -211  pi-                 83  1074  1103     0     0     0     0     -0.091      0.064     -0.160      0.240      0.140
  1110        111  (pi0)              -83  1074  1103  1859  1860     0     0     -0.128      0.443     -0.136      0.499      0.135
  1111        211  pi+                 83  1074  1103     0     0     0     0     -0.329      0.050      0.777      0.857      0.140
  1112        111  (pi0)              -83  1074  1103  1861  1862     0     0      0.393     -0.076     -0.093      0.432      0.135
  1113       -211  pi-                 83  1074  1103     0     0     0     0      0.220      0.166      0.528      0.612      0.140
  1114        213  (rho+)             -83  1074  1103  1498  1499     0     0      0.017     -0.545      1.328      1.605      0.717
  1115        111  (pi0)              -83  1074  1103  1863  1864     0     0     -0.101      0.044      1.424      1.435      0.135
  1116       -211  pi-                 83  1074  1103     0     0     0     0     -0.105     -0.032     -0.096      0.202      0.140
  1117        211  pi+                 83  1074  1103     0     0     0     0     -0.024     -0.005      1.142      1.151      0.140
  1118       2112  n0                  83  1074  1103     0     0     0     0      0.055      0.159      1.741      1.986      0.940
  1119      -2112  nbar0               83  1074  1103     0     0     0     0     -0.239      0.485      3.455      3.621      0.940
  1120        311  (K0)               -83  1074  1103  1500  1500     0     0     -0.195     -0.059      2.619      2.673      0.498
  1121       -321  K-                  83  1074  1103     0     0     0     0     -0.050      0.384     15.235     15.248      0.494
  1122        111  (pi0)              -83  1074  1103  1865  1866     0     0     -0.106      0.293      2.912      2.931      0.135
  1123        111  (pi0)              -83  1074  1103  1867  1868     0     0      0.331      0.397      9.951      9.966      0.135
  1124        111  (pi0)              -83  1074  1103  1869  1870     0     0     -0.229     -0.029      0.602      0.659      0.135
  1125        213  (rho+)             -83  1074  1103  1501  1502     0     0     -0.394      0.081     40.623     40.632      0.715
  1126        313  (K*0)              -83  1074  1103  1503  1504     0     0     -1.427      1.001    160.804    160.816      0.913
  1127       -311  (Kbar0)            -83  1074  1103  1505  1505     0     0     -0.017     -0.299     31.675     31.680      0.498
  1128        223  (omega)            -83  1074  1103  1871  1873     0     0     -0.732      1.207    152.326    152.335      0.829
  1129       -213  (rho-)             -83  1074  1103  1506  1507     0     0     -0.234      0.061     86.314     86.318      0.818
  1130        211  pi+                 83  1074  1103     0     0     0     0     -0.379      0.761    184.604    184.606      0.140
  1131        313  (K*0)              -83  1074  1103  1508  1509     0     0     -0.852     -0.166     62.722     62.734      0.913
  1132       -321  K-                  83  1074  1103     0     0     0     0      0.141      0.690    101.794    101.798      0.494
  1133        211  pi+                 83  1074  1103     0     0     0     0      0.196      0.135     11.842     11.846      0.140
  1134       -213  (rho-)             -83  1074  1103  1510  1511     0     0      0.196     -0.494     69.115     69.121      0.810
  1135        211  pi+                 83  1074  1103     0     0     0     0     -0.331      0.128      3.556      3.577      0.140
  1136        311  (K0)               -83  1074  1103  1512  1512     0     0      1.094      0.210      6.210      6.329      0.498
  1137       -313  (K*bar0)           -83  1074  1103  1513  1514     0     0     -0.105      0.012      8.313      8.357      0.852
  1138       -211  pi-                 83  1074  1103     0     0     0     0      0.287      0.434      6.218      6.241      0.140
  1139        211  pi+                 83  1074  1103     0     0     0     0      0.449     -0.222      0.678      0.854      0.140
  1140        113  (rho0)             -83  1074  1103  1515  1516     0     0     -0.040      0.881     12.142     12.234      1.208
  1141        223  (omega)            -83  1074  1103  1874  1875     0     0      0.418      0.726     13.979     14.025      0.780
  1142        221  (eta)              -84  1074  1103  1876  1877     0     0     -0.317      0.106     30.178     30.185      0.548
  1143        113  (rho0)             -84  1074  1103  1517  1518     0     0      0.309      0.503     33.910     33.937      1.218
  1144        111  (pi0)              -84  1074  1103  1878  1879     0     0     -0.496      0.190     19.907     19.915      0.135
  1145       -213  (rho-)             -84  1074  1103  1519  1520     0     0      0.090     -0.001     19.522     19.530      0.559
  1146        323  (K*+)              -84  1074  1103  1521  1522     0     0     -0.205      0.155     59.865     59.872      0.920
  1147       -311  (Kbar0)            -84  1074  1103  1523  1523     0     0      0.173     -0.628     25.629     25.642      0.498
  1148       -211  pi-                 84  1074  1103     0     0     0     0     -0.842     -0.426     18.216     18.241      0.140
  1149        113  (rho0)             -84  1074  1103  1524  1525     0     0     -0.565     -1.336     33.924     33.972      1.064
  1150        111  (pi0)              -84  1074  1103  1880  1881     0     0     -0.321      0.202     17.142     17.146      0.135
  1151        211  pi+                 84  1074  1103     0     0     0     0      0.071     -0.435     31.326     31.329      0.140
  1152       -211  pi-                 84  1074  1103     0     0     0     0      0.400     -2.287     47.316     47.373      0.140
  1153        213  (rho+)             -84  1074  1103  1526  1527     0     0     -0.333     -0.231      9.404      9.444      0.759
  1154       -211  pi-                 84  1074  1103     0     0     0     0     -0.117     -0.069      3.053      3.059      0.140
  1155        211  pi+                 84  1074  1103     0     0     0     0     -0.047     -0.791     15.339     15.360      0.140
  1156       -213  (rho-)             -84  1074  1103  1528  1529     0     0      0.258      0.627      9.845      9.899      0.780
  1157        323  (K*+)              -84  1074  1103  1530  1531     0     0      0.634     -0.605      9.778      9.861      0.930
  1158       -311  (Kbar0)            -84  1074  1103  1532  1532     0     0      0.701     -0.191      4.782      4.862      0.498
  1159       3212  (Sigma0)           -84  1074  1103  1882  1883     0     0      1.506      1.220     11.841     12.057      1.193
  1160      -3212  (Sigmabar0)        -84  1074  1103  1884  1885     0     0      2.347      0.852     15.249     15.498      1.193
  1161       -211  pi-                 84  1074  1103     0     0     0     0      3.154      2.040      6.405      7.426      0.140
  1162        113  (rho0)             -84  1074  1103  1533  1534     0     0      0.654      0.269      3.777      3.940      0.870
  1163        211  pi+                 84  1074  1103     0     0     0     0      0.893      1.654      5.438      5.755      0.140
  1164        221  (eta)              -84  1074  1103  1886  1888     0     0      1.494      0.704      3.633      4.028      0.548
  1165       -211  pi-                 84  1074  1103     0     0     0     0      0.224     -0.032      0.421      0.498      0.140
  1166        323  (K*+)              -84  1074  1103  1535  1536     0     0      1.746      1.477      3.297      4.102      0.855
  1167       -321  K-                  84  1074  1103     0     0     0     0     -0.242     -0.105      1.864      1.946      0.494
  1168        213  (rho+)             -84  1074  1103  1537  1538     0     0     -0.619      1.077      2.835      3.183      0.741
  1169       -211  pi-                 84  1074  1103     0     0     0     0     -0.515      0.254      1.213      1.350      0.140
  1170        321  K+                  84  1074  1103     0     0     0     0     -0.950      0.723      1.802      2.218      0.494
  1171       -313  (K*bar0)           -84  1074  1103  1539  1540     0     0     -1.586      0.345      3.329      3.824      0.951
  1172       -211  pi-                 84  1074  1103     0     0     0     0     -1.217      0.492      1.126      1.735      0.140
  1173        321  K+                  84  1074  1103     0     0     0     0     -0.265      0.139      0.672      0.886      0.494
  1174          4  (c)                -71   903   903  1182  1198   149     0     -3.593      3.588     -5.281      7.570      1.906
  1175         21  (g)                -71   669   669  1182  1198   212   149      0.456      0.487     -1.743      1.866      0.000
  1176         21  (g)                -71   765   765  1182  1198   276   212     -0.013     -0.259     -0.160      0.304      0.000
  1177         21  (g)                -71   901   901  1182  1198   255   276      0.630     -0.871      0.320      1.129      0.130
  1178         21  (g)                -71   658   658  1182  1198   140   255      4.070     -1.505      3.579      5.625      0.000
  1179         21  (g)                -71   902   902  1182  1198   142   140     -0.218     -0.751      2.872      2.989      0.277
  1180         21  (g)                -71   725   725  1182  1198   250   142     -0.024     -0.766      1.017      1.274      0.000
  1181       2101  (ud_0)             -71   793   793  1182  1198     0   250      0.122      0.291   1905.473   1905.473      0.579
  1182        411  (D+)               -83  1174  1181  1889  1891     0     0     -1.856      2.530     -3.021      4.740      1.870
  1183       -211  pi-                 83  1174  1181     0     0     0     0     -0.718      0.532     -1.393      1.661      0.140
  1184        113  (rho0)             -83  1174  1181  1541  1542     0     0     -0.879      0.345     -0.887      1.451      0.654
  1185        211  pi+                 83  1174  1181     0     0     0     0      0.007      0.501     -1.313      1.413      0.140
  1186       -211  pi-                 83  1174  1181     0     0     0     0      0.756     -0.600     -0.458      1.077      0.140
  1187       2212  p+                  84  1174  1181     0     0     0     0      2.702     -1.289      2.932      4.294      0.938
  1188      -2112  nbar0               84  1174  1181     0     0     0     0      0.983     -1.009      1.418      2.209      0.940
  1189        111  (pi0)              -84  1174  1181  1892  1893     0     0     -0.081      0.170      0.118      0.260      0.135
  1190       -213  (rho-)             -84  1174  1181  1543  1544     0     0      0.108     -0.324      1.836      1.999      0.714
  1191        321  K+                  84  1174  1181     0     0     0     0      0.407     -0.628      2.351      2.516      0.494
  1192       -323  (K*-)              -84  1174  1181  1545  1546     0     0      0.001     -0.161      8.364      8.414      0.900
  1193        111  (pi0)              -84  1174  1181  1894  1895     0     0     -0.332     -0.235      3.593      3.618      0.135
  1194        223  (omega)            -84  1174  1181  1896  1898     0     0      0.107      0.077     19.713     19.729      0.779
  1195       3212  (Sigma0)           -84  1174  1181  1899  1900     0     0      0.462      0.203     40.780     40.801      1.193
  1196      -3112  (Sigmabar+)        -84  1174  1181  1901  1902     0     0     -0.509     -0.204    671.043    671.044      1.197
  1197       -211  pi-                 84  1174  1181     0     0     0     0      0.144      0.215    385.120    385.120      0.140
  1198       2212  p+                  84  1174  1181     0     0     0     0      0.127      0.090    775.883    775.884      0.938
  1199          2  (u)                -71   795   795  1207  1230   127     0     -0.214      0.071  -1889.248   1889.248      0.330
  1200         21  (g)                -71   681   681  1207  1230   206   127     -1.509     -0.284     -0.386      1.584      0.000
  1201         21  (g)                -71   687   687  1207  1230   184   206      0.514     -0.079      0.205      0.559      0.000
  1202         21  (g)                -71   695   695  1207  1230   230   184      1.748      0.034      2.682      3.202      0.000
  1203         21  (g)                -71   675   675  1207  1230   205   230      1.656      1.406      4.952      5.407      0.000
  1204         21  (g)                -71   686   686  1207  1230   193   205     -0.254     -0.150      0.691      0.751      0.000
  1205         21  (g)                -71   682   682  1207  1230   116   193      0.422     -0.251     -0.193      0.528      0.000
  1206         -3  (sbar)             -71   680   680  1207  1230     0   116      0.993      2.162     -6.864      7.282      0.500
  1207        211  pi+                 83  1199  1206     0     0     0     0      0.130     -0.551   -438.980    438.981      0.140
  1208        313  (K*0)              -83  1199  1206  1547  1548     0     0     -0.559      0.892  -1151.992   1151.993      1.143
  1209       -321  K-                  83  1199  1206     0     0     0     0     -0.300     -0.248   -158.908    158.909      0.494
  1210        111  (pi0)              -83  1199  1206  1903  1904     0     0      0.186     -0.055     -7.830      7.834      0.135
  1211        213  (rho+)             -83  1199  1206  1549  1550     0     0      0.687      0.167    -69.777     69.785      0.825
  1212        113  (rho0)             -83  1199  1206  1551  1552     0     0     -0.339      0.184    -26.116     26.132      0.828
  1213        311  (K0)               -83  1199  1206  1553  1553     0     0      0.028     -0.259    -13.351     13.362      0.498
  1214       -323  (K*-)              -83  1199  1206  1554  1555     0     0     -0.375     -0.164    -10.346     10.399      0.965
  1215        113  (rho0)             -83  1199  1206  1556  1557     0     0     -0.074     -0.420     -6.247      6.327      0.907
  1216        211  pi+                 83  1199  1206     0     0     0     0      0.092      0.647     -1.047      1.242      0.140
  1217        111  (pi0)              -83  1199  1206  1905  1906     0     0      0.007     -0.234     -2.112      2.129      0.135
  1218       -213  (rho-)             -83  1199  1206  1558  1559     0     0     -0.703     -0.409     -2.287      2.609      0.955
  1219        321  K+                  83  1199  1206     0     0     0     0      0.634      0.187     -0.579      1.008      0.494
  1220       -311  (Kbar0)            -83  1199  1206  1560  1560     0     0     -0.492     -0.177      0.527      0.894      0.498
  1221        223  (omega)            -84  1199  1206  1907  1909     0     0      0.877      0.417      2.501      2.796      0.789
  1222       -213  (rho-)             -84  1199  1206  1561  1562     0     0      0.685      0.408      1.111      1.574      0.779
  1223       2224  (Delta++)          -84  1199  1206  1563  1564     0     0      1.283      0.500      2.968      3.536      1.341
  1224       -211  pi-                 84  1199  1206     0     0     0     0      0.236      0.160      0.580      0.661      0.140
  1225      -2212  pbar-               84  1199  1206     0     0     0     0      0.560      0.153     -0.038      1.104      0.938
  1226        211  pi+                 84  1199  1206     0     0     0     0     -0.189      0.414     -1.185      1.277      0.140
  1227       -211  pi-                 84  1199  1206     0     0     0     0      0.088     -0.135     -0.043      0.217      0.140
  1228        111  (pi0)              -84  1199  1206  1910  1911     0     0     -0.299     -0.267     -0.392      0.577      0.135
  1229        211  pi+                 84  1199  1206     0     0     0     0      1.198      1.314     -3.623      4.038      0.140
  1230        311  (K0)               -84  1199  1206  1565  1565     0     0     -0.004      0.386     -0.995      1.177      0.498
  1231          3  (s)                -71   764   764  1262  1329   154     0     -0.773      0.146      0.315      0.984      0.500
  1232         21  (g)                -71   757   757  1262  1329   146   154      0.123      2.137      0.522      2.203      0.000
  1233         21  (g)                -71   709   709  1262  1329   189   146     -0.246      0.707     -1.180      1.397      0.000
  1234         21  (g)                -71   656   656  1262  1329   172   189      0.700      6.133     -7.034      9.359      0.000
  1235         21  (g)                -71   771   771  1262  1329   161   172      0.229      0.296     -0.302      0.481      0.000
  1236         21  (g)                -71   898   898  1262  1329   144   161      1.723      0.532     -0.838      2.042      0.468
  1237         21  (g)                -71   893   893  1262  1329   134   144      4.173      0.734    -15.234     15.813      0.116
  1238         21  (g)                -71   742   742  1262  1329   181   134      1.259     -1.179    -16.948     17.036      0.000
  1239         21  (g)                -71   894   894  1262  1329   192   181     -0.130     -1.588    -11.261     11.375      0.182
  1240         21  (g)                -71   897   897  1262  1329   179   192     -0.718     -1.777    -26.307     26.380      0.393
  1241         21  (g)                -71   733   733  1262  1329   180   179     -0.402     -1.014    -31.396     31.415      0.000
  1242         21  (g)                -71   781   781  1262  1329   114   180      0.645      0.814    -86.120     86.126      0.000
  1243         21  (g)                -71   900   900  1262  1329   278   114      0.592     -1.934      0.269      2.122      0.584
  1244         21  (g)                -71   689   689  1262  1329   217   278     -0.309     -0.068      0.087      0.328      0.000
  1245         21  (g)                -71   672   672  1262  1329   225   217      0.565     -6.211      1.121      6.336      0.000
  1246         21  (g)                -71   693   693  1262  1329   174   225     -0.246     -0.369      0.131      0.463      0.000
  1247         21  (g)                -71   698   698  1262  1329   249   174      0.648     -1.501      0.094      1.638      0.000
  1248         21  (g)                -71   677   677  1262  1329   233   249      0.354     -0.015     -0.486      0.601      0.000
  1249         21  (g)                -71   696   696  1262  1329   117   233      0.132     -0.729     -4.268      4.332      0.000
  1250         21  (g)                -71   678   678  1262  1329   175   117     -0.949      0.290   -286.278    286.280      0.000
  1251         21  (g)                -71   692   692  1262  1329   224   175     -0.151      0.413    -72.376     72.377      0.000
  1252         21  (g)                -71   676   676  1262  1329   171   224      2.533      2.838  -1606.998   1607.002      0.000
  1253         21  (g)                -71   735   735  1262  1329   208   171     -0.187      0.073    -56.072     56.073      0.000
  1254         21  (g)                -71   896   896  1262  1329   112   208     -5.504     -0.946   -413.931    413.969      0.354
  1255         21  (g)                -71   657   657  1262  1329   196   112     -1.638     -1.323   -161.385    161.399      0.000
  1256         21  (g)                -71   666   666  1262  1329   235   196     -1.794     -2.469   -161.671    161.700      0.000
  1257         21  (g)                -71   662   662  1262  1329   191   235     -0.924     -2.133   -194.618    194.632      0.000
  1258         21  (g)                -71   772   772  1262  1329   163   191     -0.148     -0.721   -109.597    109.599      0.000
  1259         21  (g)                -71   754   754  1262  1329   147   163      1.285     -1.316   -134.245    134.258      0.000
  1260         21  (g)                -71   895   895  1262  1329   247   147      1.849     -0.395   -114.449    114.465      0.203
  1261         -2  (ubar)             -71   899   899  1262  1329     0   247      2.356     -0.983    -72.489     72.537      0.750
  1262       -321  K-                  83  1231  1261     0     0     0     0     -0.805      0.723      0.120      1.195      0.494
  1263        211  pi+                 83  1231  1261     0     0     0     0      0.532      0.498      0.100      0.748      0.140
  1264       -211  pi-                 83  1231  1261     0     0     0     0     -0.110      0.058      0.179      0.259      0.140
  1265        223  (omega)            -83  1231  1261  1912  1914     0     0     -0.919      1.667     -1.034      2.303      0.782
  1266        213  (rho+)             -83  1231  1261  1566  1567     0     0      0.980      2.541     -2.785      4.110      1.312
  1267       -213  (rho-)             -83  1231  1261  1568  1569     0     0      0.148      1.090     -1.014      1.700      0.808
  1268        111  (pi0)              -83  1231  1261  1915  1916     0     0      0.853      0.361     -0.641      1.135      0.135
  1269        211  pi+                 83  1231  1261     0     0     0     0      0.142      0.694     -1.558      1.717      0.140
  1270       -211  pi-                 83  1231  1261     0     0     0     0      0.643      1.022     -0.834      1.474      0.140
  1271        211  pi+                 83  1231  1261     0     0     0     0      0.115      1.372     -2.833      3.153      0.140
  1272        113  (rho0)             -83  1231  1261  1570  1571     0     0      0.668      0.323     -1.580      1.914      0.786
  1273        111  (pi0)              -83  1231  1261  1917  1918     0     0      1.051     -0.335     -3.640      3.806      0.135
  1274       -213  (rho-)             -83  1231  1261  1572  1573     0     0      0.325      0.121     -2.007      2.205      0.846
  1275        211  pi+                 83  1231  1261     0     0     0     0      1.181      0.287     -4.676      4.833      0.140
  1276       -211  pi-                 83  1231  1261     0     0     0     0      0.661     -0.382     -3.980      4.055      0.140
  1277        211  pi+                 83  1231  1261     0     0     0     0      0.144      0.172     -0.859      0.899      0.140
  1278        113  (rho0)             -83  1231  1261  1574  1575     0     0      0.736     -0.255     -5.948      6.046      0.758
  1279        221  (eta)              -83  1231  1261  1919  1921     0     0      0.334     -1.038    -10.538     10.608      0.548
  1280        223  (omega)            -83  1231  1261  1922  1924     0     0     -0.028     -0.225     -7.508      7.558      0.831
  1281        311  (K0)               -83  1231  1261  1576  1576     0     0     -0.208     -2.319    -36.495     36.573      0.498
  1282       -313  (K*bar0)           -83  1231  1261  1577  1578     0     0     -0.113     -0.487    -14.001     14.036      0.865
  1283       -213  (rho-)             -83  1231  1261  1579  1580     0     0      0.378     -0.079    -24.092     24.107      0.760
  1284        213  (rho+)             -83  1231  1261  1581  1582     0     0     -0.633     -0.369    -24.735     24.756      0.703
  1285       2112  n0                  83  1231  1261     0     0     0     0      0.561      0.276    -25.051     25.077      0.940
  1286        221  (eta)              -83  1231  1261  1925  1927     0     0      0.101      0.162     -3.039      3.094      0.548
  1287      -2112  nbar0               83  1231  1261     0     0     0     0      0.066      0.200     -8.452      8.507      0.940
  1288       -211  pi-                 83  1231  1261     0     0     0     0     -0.239     -0.827     -4.599      4.681      0.140
  1289        211  pi+                 83  1231  1261     0     0     0     0      0.262      0.321     -2.459      2.498      0.140
  1290       2112  n0                  83  1231  1261     0     0     0     0      0.248     -0.260     -1.555      1.852      0.940
  1291      -2112  nbar0               83  1231  1261     0     0     0     0     -0.038     -0.652     -0.091      1.148      0.940
  1292        223  (omega)            -83  1231  1261  1928  1929     0     0     -0.267     -2.441      0.222      2.588      0.787
  1293        113  (rho0)             -83  1231  1261  1583  1584     0     0      0.672     -2.216      0.593      2.565      0.931
  1294        113  (rho0)             -83  1231  1261  1585  1586     0     0     -0.109     -0.504      0.204      0.893      0.700
  1295        221  (eta)              -83  1231  1261  1930  1932     0     0      0.291     -1.949     -0.248      2.060      0.548
  1296       -211  pi-                 83  1231  1261     0     0     0     0      0.265     -1.130     -0.255      1.197      0.140
  1297        223  (omega)            -83  1231  1261  1933  1935     0     0     -0.316     -0.503     -0.177      0.998      0.782
  1298        213  (rho+)             -83  1231  1261  1587  1588     0     0      0.219     -0.189     -1.115      1.368      0.738
  1299        223  (omega)            -83  1231  1261  1936  1938     0     0      0.483     -0.118     -2.359      2.536      0.785
  1300        111  (pi0)              -83  1231  1261  1939  1940     0     0     -0.223      0.104     -0.758      0.809      0.135
  1301        111  (pi0)              -84  1231  1261  1941  1942     0     0     -0.087     -0.398    -43.458     43.460      0.135
  1302        223  (omega)            -84  1231  1261  1943  1945     0     0      0.172     -0.151    -19.182     19.201      0.823
  1303       -211  pi-                 84  1231  1261     0     0     0     0      0.075      0.194    -18.349     18.350      0.140
  1304        321  K+                  84  1231  1261     0     0     0     0     -0.569     -0.013    -41.285     41.292      0.494
  1305       -321  K-                  84  1231  1261     0     0     0     0     -0.148     -0.059    -52.112     52.115      0.494
  1306        211  pi+                 84  1231  1261     0     0     0     0      0.106      0.111   -173.113    173.113      0.140
  1307        111  (pi0)              -84  1231  1261  1946  1947     0     0      0.924      0.374   -151.784    151.787      0.135
  1308       2112  n0                  84  1231  1261     0     0     0     0      0.329      1.005   -522.135    522.137      0.940
  1309      -2112  nbar0               84  1231  1261     0     0     0     0     -0.241      0.697   -231.526    231.529      0.940
  1310       -211  pi-                 84  1231  1261     0     0     0     0      0.220      0.610   -415.086    415.087      0.140
  1311        223  (omega)            -84  1231  1261  1948  1950     0     0     -0.029     -0.047    -83.113     83.116      0.786
  1312        213  (rho+)             -84  1231  1261  1589  1590     0     0     -0.267      0.369    -92.434     92.438      0.734
  1313       -211  pi-                 84  1231  1261     0     0     0     0     -0.865     -0.369   -205.928    205.930      0.140
  1314        211  pi+                 84  1231  1261     0     0     0     0      0.086      0.001     -4.314      4.317      0.140
  1315       -211  pi-                 84  1231  1261     0     0     0     0     -0.606      0.043    -53.612     53.616      0.140
  1316       2224  (Delta++)          -84  1231  1261  1591  1592     0     0     -1.040     -0.563   -179.509    179.518      1.331
  1317      -2212  pbar-               84  1231  1261     0     0     0     0     -1.387     -0.738   -120.238    120.252      0.938
  1318       -211  pi-                 84  1231  1261     0     0     0     0     -1.100     -0.133    -95.917     95.924      0.140
  1319        223  (omega)            -84  1231  1261  1951  1952     0     0     -1.481     -1.129   -110.297    110.316      0.780
  1320        321  K+                  84  1231  1261     0     0     0     0     -1.200     -1.900   -218.734    218.747      0.494
  1321       -323  (K*-)              -84  1231  1261  1593  1594     0     0     -1.100     -1.751   -120.010    120.031      0.883
  1322        211  pi+                 84  1231  1261     0     0     0     0      1.267     -1.243   -185.802    185.811      0.140
  1323        221  (eta)              -84  1231  1261  1953  1955     0     0      0.113     -0.185    -19.202     19.211      0.548
  1324       -211  pi-                 84  1231  1261     0     0     0     0      0.106     -0.307    -25.613     25.615      0.140
  1325        211  pi+                 84  1231  1261     0     0     0     0      0.688      0.011    -33.801     33.809      0.140
  1326       -211  pi-                 84  1231  1261     0     0     0     0      0.207     -0.493    -19.345     19.353      0.140
  1327        213  (rho+)             -84  1231  1261  1595  1596     0     0      1.327     -0.781    -91.699     91.715      0.777
  1328        111  (pi0)              -84  1231  1261  1956  1957     0     0      0.297     -0.314    -11.480     11.489      0.135
  1329       -211  pi-                 84  1231  1261     0     0     0     0      1.201     -0.108    -44.369     44.386      0.140
  1330          1  (d)                -71   785   785  1345  1378   118     0      0.732     -1.250   -208.201    208.206      0.330
  1331         21  (g)                -71   651   651  1345  1378   277   118     -5.852     -1.565    -50.252     50.616      0.000
  1332         21  (g)                -71   613   613  1345  1378   145   277     -0.581     -0.711    -11.134     11.172      0.000
  1333         21  (g)                -71   621   621  1345  1378   133   145     -0.075      0.171     -0.271      0.329      0.000
  1334         21  (g)                -71   626   626  1345  1378   176   133     -1.269     -1.212     -3.277      3.717      0.000
  1335         21  (g)                -71   641   641  1345  1378   237   176      0.097      0.183     -0.312      0.374      0.000
  1336         21  (g)                -71   618   618  1345  1378   105   237     -2.854     -0.189     -1.878      3.422      0.000
  1337         21  (g)                -71   608   608  1345  1378   101   105    -74.781      3.597    -36.790     83.418      0.000
  1338         21  (g)                -71   624   624  1345  1378   221   101     -0.243      0.190      0.091      0.322      0.000
  1339         21  (g)                -71   637   637  1345  1378   168   221     -2.808     -2.233      3.644      5.114      0.000
  1340         21  (g)                -71   652   652  1345  1378   279   168     -8.144     -2.724     15.093     17.365      0.000
  1341         21  (g)                -71   631   631  1345  1378   201   279     -3.637     -1.890      6.219      7.448      0.000
  1342         21  (g)                -71   611   611  1345  1378   138   201    -34.072    -12.407     69.434     78.332      0.000
  1343         21  (g)                -71   620   620  1345  1378   198   138     -1.701     -0.534      4.359      4.710      0.000
  1344         -1  (dbar)             -71   630   630  1345  1378     0   198     -0.149      0.351      2.004      2.066      0.330
  1345       -213  (rho-)             -83  1330  1344  1597  1598     0     0      0.206     -0.295    -44.651     44.657      0.639
  1346        321  K+                  83  1330  1344     0     0     0     0      0.454     -1.163   -156.918    156.924      0.494
  1347       -311  (Kbar0)            -83  1330  1344  1599  1599     0     0     -0.615     -0.313     -7.256      7.306      0.498
  1348        111  (pi0)              -83  1330  1344  1958  1959     0     0     -0.988      0.150     -8.829      8.886      0.135
  1349        113  (rho0)             -83  1330  1344  1600  1601     0     0     -1.438     -0.575    -21.333     21.410      0.940
  1350       2214  (Delta+)           -83  1330  1344  1602  1603     0     0     -2.319     -0.987    -20.328     20.513      1.098
  1351        111  (pi0)              -83  1330  1344  1960  1961     0     0      0.037     -0.159     -0.785      0.813      0.135
  1352      -2224  (Deltabar--)       -83  1330  1344  1604  1605     0     0     -1.763     -0.412     -9.466      9.729      1.334
  1353        211  pi+                 83  1330  1344     0     0     0     0      0.371     -0.333     -1.239      1.343      0.140
  1354        313  (K*0)              -83  1330  1344  1606  1607     0     0     -2.081     -0.985     -3.115      3.978      0.905
  1355       -321  K-                  83  1330  1344     0     0     0     0     -3.973      1.006     -2.233      4.693      0.494
  1356        113  (rho0)             -83  1330  1344  1608  1609     0     0    -26.563      1.339    -13.015     29.624      0.907
  1357        111  (pi0)              -83  1330  1344  1962  1963     0     0     -4.902     -0.048     -2.296      5.415      0.135
  1358        111  (pi0)              -83  1330  1344  1964  1965     0     0     -2.163     -0.013     -1.222      2.488      0.135
  1359        223  (omega)            -83  1330  1344  1966  1968     0     0    -13.723      1.371     -6.998     15.486      0.821
  1360        211  pi+                 83  1330  1344     0     0     0     0    -12.283      0.046     -6.235     13.776      0.140
  1361        311  (K0)               -84  1330  1344  1610  1610     0     0     -1.374     -0.209     -0.715      1.640      0.498
  1362       -313  (K*bar0)           -84  1330  1344  1611  1612     0     0     -4.604      0.208     -2.266      5.211      0.880
  1363       -211  pi-                 84  1330  1344     0     0     0     0     -4.629      0.092     -1.422      4.845      0.140
  1364        213  (rho+)             -84  1330  1344  1613  1614     0     0     -1.596      0.320     -0.715      1.961      0.827
  1365        311  (K0)               -84  1330  1344  1615  1615     0     0     -0.439      0.118      0.456      0.814      0.498
  1366       -313  (K*bar0)           -84  1330  1344  1616  1617     0     0     -1.674     -0.808      0.070      2.071      0.910
  1367       -211  pi-                 84  1330  1344     0     0     0     0     -0.158     -0.365      0.442      0.611      0.140
  1368        223  (omega)            -84  1330  1344  1969  1971     0     0     -2.011     -0.430      3.744      4.343      0.783
  1369        211  pi+                 84  1330  1344     0     0     0     0     -6.373     -3.260     11.573     13.609      0.140
  1370        111  (pi0)              -84  1330  1344  1972  1973     0     0     -1.711     -0.022      3.390      3.800      0.135
  1371       -213  (rho-)             -84  1330  1344  1618  1619     0     0     -7.870     -3.073     15.044     17.266      0.652
  1372        111  (pi0)              -84  1330  1344  1974  1975     0     0     -0.264     -0.288      1.036      1.115      0.135
  1373        111  (pi0)              -84  1330  1344  1976  1977     0     0     -8.132     -2.986     16.434     18.578      0.135
  1374        111  (pi0)              -84  1330  1344  1978  1979     0     0     -4.653     -1.881      7.485      9.013      0.135
  1375        221  (eta)              -84  1330  1344  1980  1982     0     0    -11.217     -4.537     23.577     26.506      0.548
  1376        323  (K*+)              -84  1330  1344  1620  1621     0     0     -3.215     -0.522      7.815      8.526      1.007
  1377       -321  K-                  84  1330  1344     0     0     0     0     -3.178     -1.189      5.971      6.886      0.494
  1378        211  pi+                 84  1330  1344     0     0     0     0     -0.495     -0.018      2.728      2.777      0.140
  1379         21  (g)                -71   644   644  1398  1446   124   274      0.468      0.723    -29.996     30.009      0.000
  1380         21  (g)                -71   887   887  1398  1446   274   213      0.123      0.515     -3.120      3.176      0.261
  1381         21  (g)                -71   614   614  1398  1446   213   155      1.341      0.669     -6.893      7.054      0.000
  1382         21  (g)                -71   647   647  1398  1446   155   256      2.125     -0.378    -21.025     21.136      0.000
  1383         21  (g)                -71   888   888  1398  1446   256   137      3.463     -1.334    -18.055     18.436      0.354
  1384         21  (g)                -71   619   619  1398  1446   137   232     -0.471     -0.314     -1.858      1.942      0.000
  1385         21  (g)                -71   640   640  1398  1446   232   240     -1.444     -0.072     -0.904      1.705      0.000
  1386         21  (g)                -71   642   642  1398  1446   240   103     -0.245      0.734     -0.844      1.145      0.000
  1387         21  (g)                -71   834   834  1398  1446   103   298     -0.099      0.537      0.168      0.571      0.000
  1388         21  (g)                -71   835   835  1398  1446   298   295     -0.163      0.621      2.225      2.316      0.000
  1389         21  (g)                -71   836   836  1398  1446   295   293     -0.310      0.396      0.132      0.520      0.000
  1390         21  (g)                -71   828   828  1398  1446   293   296     -0.160     -0.482     -0.063      0.512      0.000
  1391         21  (g)                -71   831   831  1398  1446   296   297     -1.324     -3.710     11.278     11.946      0.000
  1392         21  (g)                -71   832   832  1398  1446   297   291      0.200     -1.140      4.335      4.487      0.000
  1393         21  (g)                -71   833   833  1398  1446   291   292     -2.775    -24.840     75.162     79.209      0.000
  1394         21  (g)                -71   820   820  1398  1446   292   287      0.393     -0.806      6.743      6.803      0.000
  1395          1  (d)                -71   821   821  1398  1446   287     0    -11.136    -26.560    202.210    204.251      0.330
  1396          2  (u)                -71   780   780  1398  1446   188     0     -1.299     -0.072   -359.768    359.771      0.330
  1397          1  (d)                -71   616   616  1398  1446   109     0     -1.452      2.831    530.526    530.536      0.330
  1398        223  (omega)            -85  1379  1397  1983  1985     0     0     -0.726     -0.072   -271.326    271.328      0.790
  1399        211  pi+                 85  1379  1397     0     0     0     0     -0.216      0.204    -15.278     15.282      0.140
  1400       -213  (rho-)             -85  1379  1397  1622  1623     0     0     -0.823     -0.404    -64.340     64.351      0.775
  1401        213  (rho+)             -85  1379  1397  1624  1625     0     0      0.592      0.158     -6.032      6.104      0.705
  1402       2112  n0                  86  1379  1397     0     0     0     0     -5.716    -14.429    109.077    110.179      0.940
  1403      -2212  pbar-               86  1379  1397     0     0     0     0     -2.974     -6.944     54.737     55.264      0.938
  1404        211  pi+                 86  1379  1397     0     0     0     0     -0.231     -0.502      3.486      3.532      0.140
  1405        113  (rho0)             -86  1379  1397  1626  1627     0     0     -1.126     -3.378     24.674     24.946      0.911
  1406        311  (K0)               -86  1379  1397  1628  1628     0     0     -0.307     -1.134      7.797      7.901      0.498
  1407        333  (phi)              -86  1379  1397  1986  1987     0     0     -0.791     -4.100     13.620     14.282      1.016
  1408       -311  (Kbar0)            -86  1379  1397  1629  1629     0     0     -0.445     -1.900      8.185      8.429      0.498
  1409       -211  pi-                 86  1379  1397     0     0     0     0      0.687     -2.678     10.308     10.674      0.140
  1410        213  (rho+)             -86  1379  1397  1630  1631     0     0     -0.736     -4.434     12.773     13.570      0.884
  1411        113  (rho0)             -86  1379  1397  1632  1633     0     0     -1.630     -9.658     30.485     32.030      0.819
  1412       -211  pi-                 86  1379  1397     0     0     0     0     -0.365     -2.246      8.254      8.563      0.140
  1413        213  (rho+)             -86  1379  1397  1634  1635     0     0     -0.295     -2.546      6.414      6.949      0.764
  1414       -211  pi-                 86  1379  1397     0     0     0     0     -0.102     -0.890      2.990      3.124      0.140
  1415        211  pi+                 86  1379  1397     0     0     0     0     -0.218     -0.283      0.839      0.922      0.140
  1416       -213  (rho-)             -86  1379  1397  1636  1637     0     0     -0.276     -0.811      2.458      2.709      0.751
  1417       2212  p+                  86  1379  1397     0     0     0     0     -0.009     -0.156      1.901      2.125      0.938
  1418        113  (rho0)             -86  1379  1397  1638  1639     0     0     -0.761     -0.108      2.044      2.311      0.755
  1419      -2112  nbar0               86  1379  1397     0     0     0     0      0.204     -0.157      0.785      1.251      0.940
  1420        223  (omega)            -86  1379  1397  1988  1990     0     0      0.157      0.226     -0.259      0.858      0.770
  1421        113  (rho0)             -86  1379  1397  1640  1641     0     0     -0.151      0.387      0.789      1.413      1.096
  1422        111  (pi0)              -86  1379  1397  1991  1992     0     0     -1.386      0.145     -0.372      1.449      0.135
  1423       -213  (rho-)             -86  1379  1397  1642  1643     0     0     -0.374      0.536     -1.021      1.420      0.740
  1424        213  (rho+)             -86  1379  1397  1644  1645     0     0      0.497     -0.871     -4.478      4.647      0.734
  1425       -211  pi-                 86  1379  1397     0     0     0     0      0.655     -0.847     -6.155      6.249      0.140
  1426        111  (pi0)              -86  1379  1397  1993  1994     0     0      0.565      0.409     -4.894      4.945      0.135
  1427        223  (omega)            -86  1379  1397  1995  1997     0     0      0.527     -0.201     -7.080      7.148      0.813
  1428        111  (pi0)              -86  1379  1397  1998  1999     0     0      0.437      0.085     -2.336      2.382      0.135
  1429       2212  p+                  86  1379  1397     0     0     0     0      1.010      0.278     -5.261      5.446      0.938
  1430      -2212  pbar-               86  1379  1397     0     0     0     0      1.397     -0.269    -17.480     17.563      0.938
  1431        313  (K*0)              -83  1379  1397  1646  1647     0     0     -0.888      2.017    390.463    390.470      0.947
  1432       -311  (Kbar0)            -83  1379  1397  1648  1648     0     0     -0.301      0.691     42.716     42.726      0.498
  1433       -211  pi-                 83  1379  1397     0     0     0     0     -0.041     -0.212     22.336     22.337      0.140
  1434        211  pi+                 83  1379  1397     0     0     0     0     -0.085      0.087      9.102      9.104      0.140
  1435        111  (pi0)              -83  1379  1397  2000  2001     0     0     -0.345     -0.147     19.218     19.222      0.135
  1436        111  (pi0)              -83  1379  1397  2002  2003     0     0     -0.071     -0.030     20.261     20.261      0.135
  1437       -211  pi-                 83  1379  1397     0     0     0     0      0.367      0.461     15.855     15.867      0.140
  1438        321  K+                  83  1379  1397     0     0     0     0      0.176      0.076      3.101      3.146      0.494
  1439       -321  K-                  83  1379  1397     0     0     0     0     -0.511      0.346      2.940      3.044      0.494
  1440        323  (K*+)              -83  1379  1397  1649  1650     0     0      0.093     -0.618      2.348      2.608      0.949
  1441       -323  (K*-)              -83  1379  1397  1651  1652     0     0      0.022      0.221      1.267      1.562      0.885
  1442        323  (K*+)              -84  1379  1397  1653  1654     0     0      0.178      0.386     -0.620      1.178      0.907
  1443       -311  (Kbar0)            -84  1379  1397  1655  1655     0     0      0.284     -0.136     -0.554      0.808      0.498
  1444        113  (rho0)             -84  1379  1397  1656  1657     0     0      0.079     -0.673     -1.961      2.200      0.733
  1445        221  (eta)              -84  1379  1397  2004  2005     0     0      0.703      0.040    -15.538     15.564      0.548
  1446       2112  n0                  88  1379  1397     0     0     0     0      0.508      1.399    -15.986     16.082      0.940
  1447        211  pi+                 91   940     0     0     0     0     0     -0.348     -0.004    -11.002     11.008      0.140
  1448       -211  pi-                 91   940     0     0     0     0     0      0.372      0.155    -31.879     31.882      0.140
  1449        130  K_L0                91   946   946     0     0     0     0     16.951    -23.561     74.296     79.766      0.498
  1450        311  (K0)               -91   955     0  1658  1658     0     0     -0.382      0.340     -9.881      9.907      0.498
  1451        211  pi+                 91   955     0     0     0     0     0     -0.013     -0.033     -3.701      3.704      0.140
  1452      -2212  pbar-               91   961     0     0     0     0     0     -1.312     -0.462     -4.910      5.189      0.938
  1453       -211  pi-                 91   961     0     0     0     0     0      0.071     -0.054     -0.469      0.498      0.140
  1454       -211  pi-                 91   963     0     0     0     0     0     -0.630     -0.464     -2.654      2.770      0.140
  1455        111  (pi0)              -91   963     0  2006  2007     0     0     -0.216      0.079     -0.298      0.400      0.135
  1456        211  pi+                 91   975     0     0     0     0     0     -0.455     -0.716      0.995      1.315      0.140
  1457       -211  pi-                 91   975     0     0     0     0     0     -0.414     -0.890      2.852      3.019      0.140
  1458        211  pi+                 91   977     0     0     0     0     0     -1.247     -1.042      2.319      2.835      0.140
  1459        111  (pi0)              -91   977     0  2008  2009     0     0     -1.422     -2.127      4.684      5.339      0.135
  1460       -211  pi-                 91   979     0     0     0     0     0     -2.640     -2.403      4.153      5.479      0.140
  1461        111  (pi0)              -91   979     0  2010  2011     0     0     -3.434     -3.761      6.987      8.647      0.135
  1462        211  pi+                 91   980     0     0     0     0     0     -1.969     -1.414      2.163      3.252      0.140
  1463       -211  pi-                 91   980     0     0     0     0     0     -0.255     -0.304      0.856      0.953      0.140
  1464        211  pi+                 91   985     0     0     0     0     0    -26.270    -11.921     31.912     43.019      0.140
  1465        111  (pi0)              -91   985     0  2012  2013     0     0    -16.041     -7.500     20.392     27.008      0.135
  1466       -311  (Kbar0)            -91   994     0  1659  1659     0     0      3.028     -4.652     15.310     16.293      0.498
  1467       -211  pi-                 91   994     0     0     0     0     0      1.494     -1.839      5.712      6.185      0.140
  1468       -211  pi-                 91   999     0     0     0     0     0      2.663     -0.392      3.276      4.242      0.140
  1469        111  (pi0)              -91   999     0  2014  2015     0     0      6.684     -2.083      8.284     10.847      0.135
  1470        211  pi+                 91  1002     0     0     0     0     0      4.431     -0.602      6.326      7.748      0.140
  1471       -211  pi-                 91  1002     0     0     0     0     0      4.459     -0.587      5.012      6.736      0.140
  1472       2112  n0                  91  1009     0     0     0     0     0      3.630     -0.458      6.133      7.203      0.940
  1473        111  (pi0)              -91  1009     0  2016  2017     0     0      0.294     -0.072      0.387      0.509      0.135
  1474        211  pi+                 91  1015     0     0     0     0     0     -0.291     -0.014      1.346      1.384      0.140
  1475        111  (pi0)              -91  1015     0  2018  2019     0     0      0.197      0.248      1.065      1.120      0.135
  1476        211  pi+                 91  1019     0     0     0     0     0      0.160     -0.004     -0.093      0.232      0.140
  1477        111  (pi0)              -91  1019     0  2020  2021     0     0     -0.363      0.157     -1.500      1.557      0.135
  1478        130  K_L0                91  1020  1020     0     0     0     0     -0.286     -0.240     -0.993      1.171      0.498
  1479        211  pi+                 91  1024     0     0     0     0     0     -0.235     -0.007     -2.979      2.992      0.140
  1480       -211  pi-                 91  1024     0     0     0     0     0      0.601     -0.300     -5.058      5.104      0.140
  1481       -211  pi-                 91  1042     0     0     0     0     0     -0.057     -0.053      0.075      0.177      0.140
  1482        111  (pi0)              -91  1042     0  2022  2023     0     0     -2.233     -1.376      2.410      3.565      0.135
  1483        310  (K_S0)             -91  1045  1045  2024  2025     0     0     -0.196     -0.146      1.346      1.456      0.498
  1484        310  (K_S0)             -91  1046  1046  2026  2027     0     0     -0.221     -0.182      1.457      1.566      0.498
  1485        211  pi+                 91  1048     0     0     0     0     0      0.594     -1.907     12.196     12.359      0.140
  1486       -211  pi-                 91  1048     0     0     0     0     0     -0.257     -0.188      1.895      1.926      0.140
  1487        211  pi+                 91  1052     0     0     0     0     0     -0.031      0.248      2.315      2.333      0.140
  1488       -211  pi-                 91  1052     0     0     0     0     0     -0.194     -0.464      2.068      2.132      0.140
  1489        211  pi+                 91  1056     0     0     0     0     0      0.060      0.030      2.528      2.533      0.140
  1490        111  (pi0)              -91  1056     0  2028  2029     0     0     -0.998      1.021     22.630     22.675      0.135
  1491        211  pi+                 91  1063     0     0     0     0     0      0.026      0.635     18.976     18.987      0.140
  1492        111  (pi0)              -91  1063     0  2030  2031     0     0     -0.212      1.829     25.028     25.096      0.135
  1493        130  K_L0                91  1067  1067     0     0     0     0     -0.681      0.315     78.269     78.274      0.498
  1494        310  (K_S0)             -91  1104  1104  2032  2033     0     0      0.856      1.004     -1.525      2.077      0.498
  1495        311  (K0)               -91  1105     0  1660  1660     0     0      0.490      0.198     -0.431      0.844      0.498
  1496        111  (pi0)              -91  1105     0  2034  2035     0     0     -0.086      0.212     -0.444      0.517      0.135
  1497        310  (K_S0)             -91  1106  1106  2036  2037     0     0      0.335      0.850     -0.981      1.430      0.498
  1498        211  pi+                 91  1114     0     0     0     0     0      0.160      0.088      0.442      0.498      0.140
  1499        111  (pi0)              -91  1114     0  2038  2039     0     0     -0.143     -0.633      0.886      1.107      0.135
  1500        310  (K_S0)             -91  1120  1120  2040  2041     0     0     -0.195     -0.059      2.619      2.673      0.498
  1501        211  pi+                 91  1125     0     0     0     0     0     -0.018      0.233     27.484     27.486      0.140
  1502        111  (pi0)              -91  1125     0  2042  2043     0     0     -0.376     -0.152     13.139     13.146      0.135
  1503        311  (K0)               -91  1126     0  1661  1661     0     0     -1.028      1.022    117.925    117.935      0.498
  1504        111  (pi0)              -91  1126     0  2044  2045     0     0     -0.398     -0.022     42.879     42.881      0.135
  1505        310  (K_S0)             -91  1127  1127  2046  2047     0     0     -0.017     -0.299     31.675     31.680      0.498
  1506       -211  pi-                 91  1129     0     0     0     0     0     -0.400     -0.110     26.702     26.705      0.140
  1507        111  (pi0)              -91  1129     0  2048  2049     0     0      0.166      0.171     59.613     59.613      0.135
  1508        321  K+                  91  1131     0     0     0     0     0     -0.516     -0.408     41.645     41.653      0.494
  1509       -211  pi-                 91  1131     0     0     0     0     0     -0.336      0.242     21.077     21.081      0.140
  1510       -211  pi-                 91  1134     0     0     0     0     0      0.103     -0.421     66.035     66.036      0.140
  1511        111  (pi0)              -91  1134     0  2050  2051     0     0      0.093     -0.073      3.080      3.085      0.135
  1512        130  K_L0                91  1136  1136     0     0     0     0      1.094      0.210      6.210      6.329      0.498
  1513       -321  K-                  91  1137     0     0     0     0     0     -0.221     -0.154      6.906      6.929      0.494
  1514        211  pi+                 91  1137     0     0     0     0     0      0.116      0.166      1.406      1.428      0.140
  1515        211  pi+                 91  1140     0     0     0     0     0      0.135     -0.260      3.206      3.223      0.140
  1516       -211  pi-                 91  1140     0     0     0     0     0     -0.174      1.141      8.936      9.011      0.140
  1517        211  pi+                 91  1143     0     0     0     0     0      0.044     -0.203      1.749      1.767      0.140
  1518       -211  pi-                 91  1143     0     0     0     0     0      0.265      0.707     32.161     32.170      0.140
  1519       -211  pi-                 91  1145     0     0     0     0     0      0.241     -0.093      6.898      6.904      0.140
  1520        111  (pi0)              -91  1145     0  2052  2053     0     0     -0.151      0.091     12.624     12.626      0.135
  1521        311  (K0)               -91  1146     0  1662  1662     0     0     -0.404      0.001     34.206     34.212      0.498
  1522        211  pi+                 91  1146     0     0     0     0     0      0.199      0.154     25.659     25.660      0.140
  1523        130  K_L0                91  1147  1147     0     0     0     0      0.173     -0.628     25.629     25.642      0.498
  1524        211  pi+                 91  1149     0     0     0     0     0     -0.688     -1.193     32.409     32.438      0.140
  1525       -211  pi-                 91  1149     0     0     0     0     0      0.123     -0.144      1.515      1.533      0.140
  1526        211  pi+                 91  1153     0     0     0     0     0      0.096     -0.206      6.409      6.414      0.140
  1527        111  (pi0)              -91  1153     0  2054  2055     0     0     -0.429     -0.025      2.996      3.030      0.135
  1528       -211  pi-                 91  1156     0     0     0     0     0     -0.068      0.616      7.592      7.618      0.140
  1529        111  (pi0)              -91  1156     0  2056  2057     0     0      0.326      0.011      2.253      2.281      0.135
  1530        321  K+                  91  1157     0     0     0     0     0      0.293     -0.418      3.596      3.666      0.494
  1531        111  (pi0)              -91  1157     0  2058  2059     0     0      0.341     -0.188      6.182      6.196      0.135
  1532        130  K_L0                91  1158  1158     0     0     0     0      0.701     -0.191      4.782      4.862      0.498
  1533        211  pi+                 91  1162     0     0     0     0     0      0.588      0.058      1.153      1.303      0.140
  1534       -211  pi-                 91  1162     0     0     0     0     0      0.067      0.211      2.624      2.637      0.140
  1535        321  K+                  91  1166     0     0     0     0     0      1.725      1.317      3.081      3.801      0.494
  1536        111  (pi0)              -91  1166     0  2060  2061     0     0      0.020      0.160      0.216      0.301      0.135
  1537        211  pi+                 91  1168     0     0     0     0     0      0.068      0.541      1.166      1.295      0.140
  1538        111  (pi0)              -91  1168     0  2062  2063     0     0     -0.688      0.536      1.669      1.888      0.135
  1539       -321  K-                  91  1171     0     0     0     0     0     -1.536      0.420      3.216      3.623      0.494
  1540        211  pi+                 91  1171     0     0     0     0     0     -0.050     -0.076      0.113      0.201      0.140
  1541        211  pi+                 91  1184     0     0     0     0     0     -0.293     -0.137     -0.423      0.550      0.140
  1542       -211  pi-                 91  1184     0     0     0     0     0     -0.586      0.483     -0.464      0.901      0.140
  1543       -211  pi-                 91  1190     0     0     0     0     0     -0.239     -0.313      0.928      1.018      0.140
  1544        111  (pi0)              -91  1190     0  2064  2065     0     0      0.347     -0.011      0.907      0.981      0.135
  1545       -321  K-                  91  1192     0     0     0     0     0     -0.115     -0.137      2.915      2.962      0.494
  1546        111  (pi0)              -91  1192     0  2066  2067     0     0      0.116     -0.024      5.449      5.452      0.135
  1547        321  K+                  91  1208     0     0     0     0     0     -0.208      0.214   -230.873    230.873      0.494
  1548       -211  pi-                 91  1208     0     0     0     0     0     -0.351      0.678   -921.119    921.120      0.140
  1549        211  pi+                 91  1211     0     0     0     0     0      0.191     -0.190    -43.303     43.304      0.140
  1550        111  (pi0)              -91  1211     0  2068  2069     0     0      0.496      0.357    -26.474     26.481      0.135
  1551        211  pi+                 91  1212     0     0     0     0     0     -0.139     -0.006    -22.973     22.974      0.140
  1552       -211  pi-                 91  1212     0     0     0     0     0     -0.199      0.190     -3.142      3.157      0.140
  1553        310  (K_S0)             -91  1213  1213  2070  2071     0     0      0.028     -0.259    -13.351     13.362      0.498
  1554       -311  (Kbar0)            -91  1214     0  1663  1663     0     0     -0.062     -0.391     -5.969      6.003      0.498
  1555       -211  pi-                 91  1214     0     0     0     0     0     -0.313      0.226     -4.377      4.396      0.140
  1556        211  pi+                 91  1215     0     0     0     0     0      0.035     -0.473     -5.990      6.011      0.140
  1557       -211  pi-                 91  1215     0     0     0     0     0     -0.109      0.053     -0.257      0.317      0.140
  1558       -211  pi-                 91  1218     0     0     0     0     0     -0.771      0.033     -1.340      1.552      0.140
  1559        111  (pi0)              -91  1218     0  2072  2073     0     0      0.068     -0.442     -0.948      1.057      0.135
  1560        310  (K_S0)             -91  1220  1220  2074  2075     0     0     -0.492     -0.177      0.527      0.894      0.498
  1561       -211  pi-                 91  1222     0     0     0     0     0      0.538      0.586      0.635      1.027      0.140
  1562        111  (pi0)              -91  1222     0  2076  2077     0     0      0.147     -0.178      0.476      0.546      0.135
  1563       2212  p+                  91  1223     0     0     0     0     0      1.041      0.075      2.325      2.716      0.938
  1564        211  pi+                 91  1223     0     0     0     0     0      0.242      0.426      0.643      0.820      0.140
  1565        310  (K_S0)             -91  1230  1230  2078  2079     0     0     -0.004      0.386     -0.995      1.177      0.498
  1566        211  pi+                 91  1266     0     0     0     0     0      0.452      2.098     -1.425      2.580      0.140
  1567        111  (pi0)              -91  1266     0  2080  2081     0     0      0.528      0.443     -1.359      1.530      0.135
  1568       -211  pi-                 91  1267     0     0     0     0     0      0.243      0.873     -0.348      0.981      0.140
  1569        111  (pi0)              -91  1267     0  2082  2083     0     0     -0.095      0.217     -0.666      0.719      0.135
  1570        211  pi+                 91  1272     0     0     0     0     0      0.806      0.180     -1.212      1.474      0.140
  1571       -211  pi-                 91  1272     0     0     0     0     0     -0.139      0.143     -0.368      0.441      0.140
  1572       -211  pi-                 91  1274     0     0     0     0     0      0.534     -0.084     -0.960      1.111      0.140
  1573        111  (pi0)              -91  1274     0  2084  2085     0     0     -0.208      0.205     -1.046      1.095      0.135
  1574        211  pi+                 91  1278     0     0     0     0     0      0.480     -0.447     -4.794      4.840      0.140
  1575       -211  pi-                 91  1278     0     0     0     0     0      0.256      0.192     -1.154      1.206      0.140
  1576        310  (K_S0)             -91  1281  1281  2086  2087     0     0     -0.208     -2.319    -36.495     36.573      0.498
  1577       -321  K-                  91  1282     0     0     0     0     0      0.064     -0.232     -5.183      5.212      0.494
  1578        211  pi+                 91  1282     0     0     0     0     0     -0.177     -0.255     -8.818      8.825      0.140
  1579       -211  pi-                 91  1283     0     0     0     0     0     -0.051      0.074    -16.188     16.189      0.140
  1580        111  (pi0)              -91  1283     0  2088  2089     0     0      0.429     -0.153     -7.903      7.918      0.135
  1581        211  pi+                 91  1284     0     0     0     0     0     -0.122      0.136    -10.073     10.076      0.140
  1582        111  (pi0)              -91  1284     0  2090  2091     0     0     -0.511     -0.505    -14.662     14.680      0.135
  1583        211  pi+                 91  1293     0     0     0     0     0      0.193     -0.919      0.688      1.172      0.140
  1584       -211  pi-                 91  1293     0     0     0     0     0      0.479     -1.297     -0.095      1.393      0.140
  1585        211  pi+                 91  1294     0     0     0     0     0     -0.092     -0.406     -0.179      0.474      0.140
  1586       -211  pi-                 91  1294     0     0     0     0     0     -0.017     -0.098      0.382      0.419      0.140
  1587        211  pi+                 91  1298     0     0     0     0     0      0.324      0.172     -0.523      0.654      0.140
  1588        111  (pi0)              -91  1298     0  2092  2093     0     0     -0.104     -0.361     -0.592      0.715      0.135
  1589        211  pi+                 91  1312     0     0     0     0     0      0.040      0.203    -73.046     73.046      0.140
  1590        111  (pi0)              -91  1312     0  2094  2095     0     0     -0.307      0.166    -19.389     19.392      0.135
  1591       2212  p+                  91  1316     0     0     0     0     0     -0.678     -0.096   -127.350    127.355      0.938
  1592        211  pi+                 91  1316     0     0     0     0     0     -0.362     -0.467    -52.159     52.163      0.140
  1593       -321  K-                  91  1321     0     0     0     0     0     -0.792     -0.781    -61.149     61.161      0.494
  1594        111  (pi0)              -91  1321     0  2096  2097     0     0     -0.309     -0.971    -58.861     58.870      0.135
  1595        211  pi+                 91  1327     0     0     0     0     0      0.593     -0.761    -48.810     48.820      0.140
  1596        111  (pi0)              -91  1327     0  2098  2099     0     0      0.734     -0.021    -42.889     42.895      0.135
  1597       -211  pi-                 91  1345     0     0     0     0     0      0.155     -0.482    -36.299     36.302      0.140
  1598         22  gamma               91  1345     0     0     0     0     0      0.051      0.186     -8.352      8.355      0.000
  1599        310  (K_S0)             -91  1347  1347  2100  2101     0     0     -0.615     -0.313     -7.256      7.306      0.498
  1600        211  pi+                 91  1349     0     0     0     0     0     -1.315     -0.755    -19.391     19.451      0.140
  1601       -211  pi-                 91  1349     0     0     0     0     0     -0.123      0.179     -1.942      1.959      0.140
  1602       2212  p+                  91  1350     0     0     0     0     0     -2.103     -0.949    -18.573     18.740      0.938
  1603        111  (pi0)              -91  1350     0  2102  2103     0     0     -0.217     -0.038     -1.754      1.773      0.135
  1604      -2212  pbar-               91  1352     0     0     0     0     0     -1.327     -0.291     -5.716      5.949      0.938
  1605       -211  pi-                 91  1352     0     0     0     0     0     -0.436     -0.122     -3.750      3.780      0.140
  1606        311  (K0)               -91  1354     0  1664  1664     0     0     -1.153     -0.315     -1.355      1.874      0.498
  1607        111  (pi0)              -91  1354     0  2104  2105     0     0     -0.928     -0.670     -1.761      2.104      0.135
  1608        211  pi+                 91  1356     0     0     0     0     0    -18.206      1.218     -9.215     20.442      0.140
  1609       -211  pi-                 91  1356     0     0     0     0     0     -8.356      0.121     -3.800      9.182      0.140
  1610        130  K_L0                91  1361  1361     0     0     0     0     -1.374     -0.209     -0.715      1.640      0.498
  1611       -321  K-                  91  1362     0     0     0     0     0     -1.584     -0.025     -0.838      1.859      0.494
  1612        211  pi+                 91  1362     0     0     0     0     0     -3.021      0.233     -1.427      3.352      0.140
  1613        211  pi+                 91  1364     0     0     0     0     0     -0.387      0.118      0.151      0.454      0.140
  1614        111  (pi0)              -91  1364     0  2106  2107     0     0     -1.209      0.201     -0.866      1.507      0.135
  1615        130  K_L0                91  1365  1365     0     0     0     0     -0.439      0.118      0.456      0.814      0.498
  1616       -321  K-                  91  1366     0     0     0     0     0     -1.536     -0.478      0.018      1.683      0.494
  1617        211  pi+                 91  1366     0     0     0     0     0     -0.138     -0.331      0.052      0.388      0.140
  1618       -211  pi-                 91  1371     0     0     0     0     0     -0.929     -0.334      1.475      1.780      0.140
  1619        111  (pi0)              -91  1371     0  2108  2109     0     0     -6.941     -2.739     13.569     15.486      0.135
  1620        311  (K0)               -91  1376     0  1665  1665     0     0     -2.796     -0.172      6.463      7.061      0.498
  1621        211  pi+                 91  1376     0     0     0     0     0     -0.419     -0.350      1.352      1.465      0.140
  1622       -211  pi-                 91  1400     0     0     0     0     0     -0.484     -0.121    -14.833     14.842      0.140
  1623        111  (pi0)              -91  1400     0  2110  2111     0     0     -0.339     -0.282    -49.507     49.509      0.135
  1624        211  pi+                 91  1401     0     0     0     0     0      0.439      0.360     -2.866      2.925      0.140
  1625        111  (pi0)              -91  1401     0  2112  2113     0     0      0.154     -0.202     -3.167      3.180      0.135
  1626        211  pi+                 91  1405     0     0     0     0     0     -0.546     -2.394     14.462     14.669      0.140
  1627       -211  pi-                 91  1405     0     0     0     0     0     -0.579     -0.984     10.212     10.277      0.140
  1628        130  K_L0                91  1406  1406     0     0     0     0     -0.307     -1.134      7.797      7.901      0.498
  1629        310  (K_S0)             -91  1408  1408  2114  2115     0     0     -0.445     -1.900      8.185      8.429      0.498
  1630        211  pi+                 91  1410     0     0     0     0     0     -0.450     -3.481     10.780     11.338      0.140
  1631        111  (pi0)              -91  1410     0  2116  2117     0     0     -0.286     -0.953      1.993      2.232      0.135
  1632        211  pi+                 91  1411     0     0     0     0     0     -1.227     -5.558     16.861     17.797      0.140
  1633       -211  pi-                 91  1411     0     0     0     0     0     -0.403     -4.100     13.623     14.233      0.140
  1634        211  pi+                 91  1413     0     0     0     0     0      0.119     -0.280      1.235      1.280      0.140
  1635        111  (pi0)              -91  1413     0  2118  2119     0     0     -0.414     -2.266      5.179      5.669      0.135
  1636       -211  pi-                 91  1416     0     0     0     0     0     -0.099     -0.500      0.548      0.761      0.140
  1637        111  (pi0)              -91  1416     0  2120  2121     0     0     -0.177     -0.311      1.910      1.948      0.135
  1638        211  pi+                 91  1418     0     0     0     0     0     -0.599      0.142      0.775      1.000      0.140
  1639       -211  pi-                 91  1418     0     0     0     0     0     -0.162     -0.250      1.269      1.311      0.140
  1640        211  pi+                 91  1421     0     0     0     0     0     -0.032      0.577      0.015      0.595      0.140
  1641       -211  pi-                 91  1421     0     0     0     0     0     -0.119     -0.190      0.774      0.818      0.140
  1642       -211  pi-                 91  1423     0     0     0     0     0      0.121      0.177     -0.635      0.685      0.140
  1643        111  (pi0)              -91  1423     0  2122  2123     0     0     -0.495      0.359     -0.386      0.735      0.135
  1644        211  pi+                 91  1424     0     0     0     0     0      0.390     -0.157     -2.461      2.501      0.140
  1645        111  (pi0)              -91  1424     0  2124  2125     0     0      0.107     -0.714     -2.016      2.146      0.135
  1646        321  K+                  91  1431     0     0     0     0     0     -0.133      0.964    189.537    189.540      0.494
  1647       -211  pi-                 91  1431     0     0     0     0     0     -0.755      1.053    200.926    200.930      0.140
  1648        130  K_L0                91  1432  1432     0     0     0     0     -0.301      0.691     42.716     42.726      0.498
  1649        321  K+                  91  1440     0     0     0     0     0      0.122     -0.720      1.475      1.719      0.494
  1650        111  (pi0)              -91  1440     0  2126  2127     0     0     -0.030      0.103      0.873      0.890      0.135
  1651       -311  (Kbar0)            -91  1441     0  1666  1666     0     0      0.231      0.013      0.995      1.136      0.498
  1652       -211  pi-                 91  1441     0     0     0     0     0     -0.209      0.209      0.272      0.425      0.140
  1653        311  (K0)               -91  1442     0  1667  1667     0     0     -0.056      0.247     -0.090      0.565      0.498
  1654        211  pi+                 91  1442     0     0     0     0     0      0.233      0.139     -0.531      0.612      0.140
  1655        130  K_L0                91  1443  1443     0     0     0     0      0.284     -0.136     -0.554      0.808      0.498
  1656        211  pi+                 91  1444     0     0     0     0     0      0.065     -0.107     -0.039      0.191      0.140
  1657       -211  pi-                 91  1444     0     0     0     0     0      0.014     -0.566     -1.922      2.009      0.140
  1658        130  K_L0                91  1450  1450     0     0     0     0     -0.382      0.340     -9.881      9.907      0.498
  1659        130  K_L0                91  1466  1466     0     0     0     0      3.028     -4.652     15.310     16.293      0.498
  1660        310  (K_S0)             -91  1495  1495  2128  2129     0     0      0.490      0.198     -0.431      0.844      0.498
  1661        310  (K_S0)             -91  1503  1503  2130  2131     0     0     -1.028      1.022    117.925    117.935      0.498
  1662        310  (K_S0)             -91  1521  1521  2132  2133     0     0     -0.404      0.001     34.206     34.212      0.498
  1663        310  (K_S0)             -91  1554  1554  2134  2135     0     0     -0.062     -0.391     -5.969      6.003      0.498
  1664        310  (K_S0)             -91  1606  1606  2136  2137     0     0     -1.153     -0.315     -1.355      1.874      0.498
  1665        130  K_L0                91  1620  1620     0     0     0     0     -2.796     -0.172      6.463      7.061      0.498
  1666        130  K_L0                91  1651  1651     0     0     0     0      0.231      0.013      0.995      1.136      0.498
  1667        310  (K_S0)             -91  1653  1653  2138  2139     0     0     -0.056      0.247     -0.090      0.565      0.498
  1668          1  (d)                -91   925     0  1672  1672   317     0      2.639     -2.193     -2.979      4.556      0.330
  1669         -1  (dbar)             -91   925     0  1670  1671     0   317      3.613     38.753     15.472     41.885      0.330
  1670         -1  (dbar)             -51  1669     0  1678  1678     0   319      1.992     31.145     12.812     33.738      0.330
  1671         21  (g)                -51  1669     0  1673  1674   319   317      1.648      7.585      2.629      8.195      0.000
  1672          1  (d)                -52  1668  1668  1675  1675   317     0      2.612     -2.170     -2.947      4.508      0.330
  1673         21  (g)                -51  1671     0  1676  1677   319   320      1.927      7.232      2.905      8.029      0.000
  1674         21  (g)                -51  1671     0  1679  1680   320   317     -0.050      0.161     -0.535      0.561      0.000
  1675          1  (d)                -52  1672  1672  1684  1684   317     0      2.382     -1.978     -2.688      4.114      0.330
  1676         21  (g)                -51  1673     0  1681  1681   322   320      0.986      3.116      1.769      3.716      0.000
  1677         21  (g)                -51  1673     0  2328  2328   319   322      1.543     13.733      5.093     14.729      0.000
  1678         -1  (dbar)             -52  1670  1670  2329  2329     0   319      1.390     21.528      8.855     23.322      0.330
  1679         21  (g)                -51  1674     0  1682  1683   323   317     -0.341      0.862     -0.355      0.992      0.000
  1680         21  (g)                -51  1674     0  2326  2326   320   323      0.631      0.374      0.430      0.850      0.000
  1681         21  (g)                -52  1676  1676  2327  2327   322   320      0.646      2.042      1.159      2.435      0.000
  1682         21  (g)                -51  1679     0  2325  2325   323   324     -0.354      0.605     -0.922      1.158      0.000
  1683         21  (g)                -51  1679     0  2324  2324   324   317      0.341     -0.017      0.199      0.395      0.000
  1684          1  (d)                -52  1675  1675  2323  2323   317     0      2.055     -1.705     -2.321      3.553      0.330
  1685          1  (d)                -91   926     0  1687  1688   325     0     -4.075     10.310     -9.100     14.346      0.330
  1686         -1  (dbar)             -91   926     0  1689  1689     0   325     11.152     10.555     11.266     19.047      0.330
  1687          1  (d)                -51  1685     0  2309  2309   326     0     -4.505     10.423     -8.044     13.919      0.330
  1688         21  (g)                -51  1685     0  1690  1691   325   326      0.815      0.251     -0.668      1.083      0.000
  1689         -1  (dbar)             -52  1686  1686  1692  1692     0   325     10.767     10.191     10.877     18.391      0.330
  1690         21  (g)                -51  1688     0  1693  1694   327   326      1.034      0.829     -0.669      1.485      0.000
  1691         21  (g)                -51  1688     0  1695  1695   325   327      1.184      0.749      1.419      1.994      0.000
  1692         -1  (dbar)             -52  1689  1689  2313  2313     0   325      9.365      8.863      9.459     15.995      0.330
  1693         21  (g)                -51  1690     0  2310  2310   328   326      0.717      0.163     -0.564      0.926      0.000
  1694         21  (g)                -51  1690     0  2311  2311   327   328      0.691      0.903      0.343      1.188      0.000
  1695         21  (g)                -52  1691  1691  2312  2312   325   327      0.810      0.513      0.971      1.364      0.000
  1696          1  (d)                -91   927     0  1700  1700   329     0      2.039      7.939    -17.187     19.045      0.330
  1697         -1  (dbar)             -91   927     0  1698  1699     0   329    -11.478      6.342      4.409     13.839      0.330
  1698         -1  (dbar)             -51  1697     0  1707  1708     0   330    -11.852      7.028      2.400     13.990      0.330
  1699         21  (g)                -51  1697     0  1701  1702   330   329      0.503     -0.180      0.916      1.061      0.000
  1700          1  (d)                -52  1696  1696  1703  1703   329     0      1.909      7.434    -16.094     17.833      0.330
  1701         21  (g)                -51  1699     0  1704  1705   330   331     -1.113      1.706     -0.337      2.065      0.000
  1702         21  (g)                -51  1699     0  1706  1706   331   329      2.103      0.011     -2.855      3.546      0.000
  1703          1  (d)                -52  1700  1700  1712  1712   329     0      1.422      5.537    -11.986     13.284      0.330
  1704         21  (g)                -51  1701     0  1709  1709   330   332      0.810      1.673     -1.235      2.232      0.000
  1705         21  (g)                -51  1701     0  1715  1715   332   331     -1.140      0.037     -0.164      1.152      0.000
  1706         21  (g)                -52  1702  1702  1710  1711   331   329      1.320      0.007     -1.793      2.227      0.000
  1707         -1  (dbar)             -51  1698     0  1722  1723     0   333     -8.480      5.862      2.685     10.658      0.330
  1708         21  (g)                -51  1698     0  1718  1718   333   330     -3.284      1.347     -0.420      3.574      0.000
  1709         21  (g)                -52  1704  1704  1713  1714   330   332      0.722      1.491     -1.101      1.989      0.000
  1710         21  (g)                -51  1706     0  1730  1730   331   334      2.236      1.259     -4.823      5.463      0.000
  1711         21  (g)                -51  1706     0  2285  2285   334   329     -0.414      0.743     -1.275      1.533      0.000
  1712          1  (d)                -52  1703  1703  2284  2284   329     0      0.920      3.541     -7.681      8.514      0.330
  1713         21  (g)                -51  1709     0  1716  1717   330   335      0.612      0.769      0.118      0.990      0.000
  1714         21  (g)                -51  1709     0  1725  1726   335   332     -0.444      0.740     -1.299      1.559      0.000
  1715         21  (g)                -52  1705  1705  1728  1729   332   331     -0.586      0.019     -0.084      0.593      0.000
  1716         21  (g)                -51  1713     0  1727  1727   336   335      0.038      0.226      0.671      0.709      0.000
  1717         21  (g)                -51  1713     0  1719  1720   330   336     -0.153      0.842     -0.646      1.072      0.000
  1718         21  (g)                -52  1708  1708  1721  1721   333   330     -2.557      1.049     -0.327      2.783      0.000
  1719         21  (g)                -51  1717     0  2292  2292   337   336     -0.588      0.582     -1.006      1.302      0.000
  1720         21  (g)                -51  1717     0  2270     0   330   337     -0.909      0.812      0.188      1.233      0.000
  1721         21  (g)                -52  1718  1718  1724  1724   333   330     -1.213      0.498     -0.155      1.320      0.000
  1722         -1  (dbar)             -51  1707     0  2295  2295     0   338     -7.473      5.028      1.648      9.163      0.330
  1723         21  (g)                -51  1707     0  2294  2294   338   333     -1.674      1.108      0.952      2.222      0.000
  1724         21  (g)                -52  1721  1721  2270     0   333   330     -0.545      0.224     -0.070      0.593      0.000
  1725         21  (g)                -51  1714     0  2289  2289   339   332      0.068      0.899     -0.428      0.998      0.000
  1726         21  (g)                -51  1714     0  2290  2290   335   339     -0.499     -0.080     -0.634      0.811      0.000
  1727         21  (g)                -52  1716  1716  2291  2291   336   335      0.024      0.146      0.435      0.459      0.000
  1728         21  (g)                -51  1715     0  2288  2288   332   340     -0.214     -0.200      0.192      0.350      0.000
  1729         21  (g)                -51  1715     0  2287  2287   340   331      0.044      0.453     -1.173      1.259      0.000
  1730         21  (g)                -52  1710  1710  2286  2286   331   334      1.820      1.025     -3.926      4.447      0.000
  1731          1  (d)                -91   928     0  1735  1735   341     0     -8.624     -1.270     -3.923      9.565      0.330
  1732         -1  (dbar)             -91   928     0  1733  1734     0   341      5.846     17.270    -34.970     39.439      0.330
  1733         -1  (dbar)             -51  1732     0  2346  2346     0   342      3.599     12.498    -27.231     30.179      0.330
  1734         21  (g)                -51  1732     0  1738  1738   342   341      2.146      4.757     -7.785      9.373      0.000
  1735          1  (d)                -52  1731  1731  1736  1737   341     0     -8.522     -1.255     -3.877      9.452      0.330
  1736          1  (d)                -51  1735     0  2341  2341   344     0     -4.613     -1.250     -1.914      5.159      0.330
  1737         21  (g)                -51  1735     0  1741  1741   341   344     -3.887      0.045     -2.044      4.392      0.000
  1738         21  (g)                -52  1734  1734  1739  1740   342   341      2.123      4.707     -7.703      9.274      0.000
  1739         21  (g)                -51  1738     0  2345  2345   342   345      1.345      2.931     -5.958      6.775      0.000
  1740         21  (g)                -51  1738     0  1744  1744   345   341      0.672      1.777     -1.801      2.618      0.000
  1741         21  (g)                -52  1737  1737  1742  1743   341   344     -3.782      0.044     -1.989      4.273      0.000
  1742         21  (g)                -51  1741     0  2342  2342   346   344     -3.824      0.401     -2.035      4.351      0.000
  1743         21  (g)                -51  1741     0  2343  2343   341   346      0.130     -0.128     -0.187      0.261      0.000
  1744         21  (g)                -52  1740  1740  2344  2344   345   341      0.585      1.547     -1.568      2.279      0.000
  1745          1  (d)                -91   929     0  1747  1748   347     0     15.562     31.442     57.688     67.519      0.330
  1746         -1  (dbar)             -91   929     0  1749  1749     0   347     -8.650     22.003     55.063     59.925      0.330
  1747          1  (d)                -51  1745     0  1750  1751   349     0      5.589     16.009     43.669     46.847      0.330
  1748         21  (g)                -51  1745     0  1752  1752   347   349      7.808     20.934     27.787     35.655      0.000
  1749         -1  (dbar)             -52  1746  1746  1753  1754     0   347     -6.485     16.502     41.295     44.942      0.330
  1750          1  (d)                -51  1747     0  1758  1758   350     0      4.179     16.875     37.660     41.480      0.330
  1751         21  (g)                -51  1747     0  1756  1757   349   350      2.656      2.474     10.443     11.056      0.000
  1752         21  (g)                -52  1748  1748  1755  1755   347   349      6.562     17.594     23.353     29.966      0.000
  1753         -1  (dbar)             -51  1749     0  2367  2367     0   351     -5.321     16.770     42.195     45.717      0.330
  1754         21  (g)                -51  1749     0  1759  1760   351   347     -0.634      1.152      0.985      1.644      0.000
  1755         21  (g)                -52  1752  1752  1761  1761   347   349      6.032     16.174     21.468     27.548      0.000
  1756         21  (g)                -51  1751     0  1768  1769   349   353      1.950      4.648     11.245     12.323      0.000
  1757         21  (g)                -51  1751     0  1764  1764   353   350      1.483      0.979      6.225      6.473      0.000
  1758          1  (d)                -52  1750  1750  1762  1763   350     0      3.402     13.722     30.633     33.739      0.330
  1759         21  (g)                -51  1754     0  1773  1773   351   354      0.512      3.814      3.517      5.213      0.000
  1760         21  (g)                -51  1754     0  1767  1767   354   347     -0.105      0.132      1.176      1.188      0.000
  1761         21  (g)                -52  1755  1755  1765  1766   347   349      4.991     13.380     17.760     22.790      0.000
  1762          1  (d)                -51  1758     0  1776  1776   355     0      3.256      9.978     21.815     24.211      0.330
  1763         21  (g)                -51  1758     0  1774  1775   350   355      0.400      3.912      9.888     10.641      0.000
  1764         21  (g)                -52  1757  1757  2359  2359   353   350      1.228      0.811      5.154      5.360      0.000
  1765         21  (g)                -51  1761     0  1770  1770   356   349      4.421     10.125     13.917     17.769      0.000
  1766         21  (g)                -51  1761     0  2363  2363   347   356      0.546      3.285      4.110      5.290      0.000
  1767         21  (g)                -52  1760  1760  1771  1772   354   347     -0.081      0.102      0.910      0.919      0.000
  1768         21  (g)                -51  1756     0  2360  2360   357   353      1.319      4.126      9.793     10.708      0.000
  1769         21  (g)                -51  1756     0  2361  2361   349   357      1.559      2.646      4.372      5.343      0.000
  1770         21  (g)                -52  1765  1765  2362  2362   356   349      3.493      8.001     10.997     14.041      0.000
  1771         21  (g)                -51  1767     0  2364  2364   360   347      0.455      1.511      1.420      2.123      0.000
  1772         21  (g)                -51  1767     0  2365  2365   354   360     -0.298      0.362      1.123      1.218      0.000
  1773         21  (g)                -52  1759  1759  2366  2366   351   354      0.274      2.043      1.884      2.792      0.000
  1774         21  (g)                -51  1763     0  2358  2358   350   361      0.684      3.459      9.470     10.105      0.000
  1775         21  (g)                -51  1763     0  2269     0   361   355      0.865      3.891      7.892      8.841      0.000
  1776          1  (d)                -52  1762  1762  2269     0   355     0      2.107      6.541     14.341     15.906      0.330
  1777          1  (d)                -91   930     0  1781  1781   362     0     -2.692     10.384     41.974     43.324      0.330
  1778         -1  (dbar)             -91   930     0  1779  1780     0   362      0.510     21.968     14.114     26.118      0.330
  1779         -1  (dbar)             -51  1778     0  1784  1784     0   363      0.525     19.273     10.731     22.068      0.330
  1780         21  (g)                -51  1778     0  1782  1783   363   362     -0.583      4.886     12.248     13.200      0.000
  1781          1  (d)                -52  1777  1777  2384  2384   362     0     -2.123      8.192     33.108     34.174      0.330
  1782         21  (g)                -51  1780     0  1787  1787   365   362      0.030      4.031      7.958      8.921      0.000
  1783         21  (g)                -51  1780     0  1785  1786   363   365     -0.604      1.215      4.489      4.690      0.000
  1784         -1  (dbar)             -52  1779  1779  2388  2388     0   363      0.515     18.914     10.531     21.656      0.330
  1785         21  (g)                -51  1783     0  2387  2387   363   366      0.081     -0.045      0.084      0.125      0.000
  1786         21  (g)                -51  1783     0  2386  2386   366   365     -0.669      3.360      8.551      9.212      0.000
  1787         21  (g)                -52  1782  1782  2385  2385   365   362      0.015      1.931      3.812      4.274      0.000
  1788          1  (d)                -91   931     0  1790  1791   367     0      0.748     29.098     30.826     42.399      0.330
  1789         -1  (dbar)             -91   931     0  1792  1792     0   367     -6.542     93.480    123.223    154.807      0.330
  1790          1  (d)                -51  1788     0  1798  1798   368     0      0.615      3.154      2.437      4.047      0.330
  1791         21  (g)                -51  1788     0  1793  1794   367   368     -1.710     52.248     63.068     81.916      0.000
  1792         -1  (dbar)             -52  1789  1789  1795  1795     0   367     -4.699     67.176     88.544    111.242      0.330
  1793         21  (g)                -51  1791     0  1796  1797   369   368     -3.933     65.031     79.716    102.952      0.000
  1794         21  (g)                -51  1791     0  1799  1800   367   369      0.011     18.640     24.812     31.033      0.000
  1795         -1  (dbar)             -52  1792  1792  2278  2278     0   367     -2.487     35.753     47.084     59.173      0.330
  1796          1  (d)                -51  1793     0  1801  1801   369     0     -3.290     54.136     67.278     86.417      0.330
  1797         -1  (dbar)             -51  1793     0  2272  2272     0   368     -0.579     11.176     12.637     16.883      0.330
  1798          1  (d)                -52  1790  1790  2271  2271   368     0      0.551      2.874      2.238      3.699      0.330
  1799         21  (g)                -51  1794     0  2277  2277   367   370     -0.404     29.350     37.940     47.969      0.000
  1800         21  (g)                -51  1794     0  2276  2276   370   369     -0.372      2.070      2.741      3.455      0.000
  1801          1  (d)                -52  1796  1796  2275  2275   369     0     -2.504     41.355     51.409     66.026      0.330
  1802         22  gamma               91   937     0     0     0     0     0     -0.003     -0.166    -19.659     19.660      0.000
  1803         22  gamma               91   937     0     0     0     0     0     -0.015     -0.064     -2.358      2.359      0.000
  1804        111  (pi0)              -91   943     0  2140  2141     0     0      5.532     -7.704     23.300     25.157      0.135
  1805        111  (pi0)              -91   943     0  2142  2143     0     0     13.053    -17.605     53.120     57.464      0.135
  1806        111  (pi0)              -91   943     0  2144  2145     0     0      6.171     -8.459     25.414     27.487      0.135
  1807        211  pi+                 91   944     0     0     0     0     0     10.103    -13.948     42.503     45.860      0.140
  1808       -211  pi-                 91   944     0     0     0     0     0     37.843    -51.870    158.354    170.876      0.140
  1809        111  (pi0)              -91   944     0  2146  2147     0     0     20.730    -27.867     85.266     92.069      0.135
  1810         22  gamma               91   954     0     0     0     0     0     -0.272     -0.197     -2.680      2.701      0.000
  1811         22  gamma               91   954     0     0     0     0     0      0.190     -0.102     -5.067      5.071      0.000
  1812        111  (pi0)              -91   957     0  2148  2149     0     0     -0.017     -0.189     -4.604      4.610      0.135
  1813         22  gamma               91   957     0     0     0     0     0     -1.165     -0.460    -10.461     10.535      0.000
  1814     -20213  (a_1(1260)-)       -91   964     0  2150  2151     0     0      0.009     -0.329     -7.027      7.145      1.252
  1815        321  K+                  91   964     0     0     0     0     0      0.049     -0.253     -1.429      1.534      0.494
  1816        211  pi+                 91   978     0     0     0     0     0     -1.765     -3.208      5.712      6.786      0.140
  1817       -211  pi-                 91   978     0     0     0     0     0     -0.391     -0.440      1.081      1.239      0.140
  1818        111  (pi0)              -91   978     0  2152  2153     0     0     -0.136     -0.354      0.542      0.675      0.135
  1819         22  gamma               91   983     0     0     0     0     0     -3.562     -1.743      4.357      5.892      0.000
  1820         22  gamma               91   983     0     0     0     0     0     -2.805     -1.400      3.622      4.791      0.000
  1821         22  gamma               91   984     0     0     0     0     0     -0.554     -0.207      0.556      0.811      0.000
  1822         22  gamma               91   984     0     0     0     0     0     -0.711     -0.294      0.945      1.219      0.000
  1823         22  gamma               91  1001     0     0     0     0     0      2.574     -0.827      3.908      4.752      0.000
  1824         22  gamma               91  1001     0     0     0     0     0      4.303     -1.334      6.811      8.166      0.000
  1825         22  gamma               91  1003     0     0     0     0     0      0.337     -0.032      0.519      0.619      0.000
  1826         22  gamma               91  1003     0     0     0     0     0      0.637      0.095      0.816      1.040      0.000
  1827        211  pi+                 91  1008     0     0     0     0     0      1.378     -0.256      2.205      2.617      0.140
  1828       -211  pi-                 91  1008     0     0     0     0     0      2.377     -0.074      3.411      4.161      0.140
  1829        111  (pi0)              -91  1008     0  2154  2155     0     0      8.623     -0.816     12.546     15.246      0.135
  1830         22  gamma               91  1010     0     0     0     0     0      0.679      0.040      1.100      1.294      0.000
  1831         22  gamma               91  1010     0     0     0     0     0      0.512      0.060      0.637      0.819      0.000
  1832        211  pi+                 91  1023     0     0     0     0     0     -0.192     -0.005     -2.272      2.284      0.140
  1833       -211  pi-                 91  1023     0     0     0     0     0     -0.215     -0.102     -1.714      1.736      0.140
  1834        111  (pi0)              -91  1023     0  2156  2157     0     0     -0.073     -0.132     -0.729      0.757      0.135
  1835         22  gamma               91  1043     0     0     0     0     0      0.084      0.065      0.146      0.181      0.000
  1836         22  gamma               91  1043     0     0     0     0     0      0.059      0.033      0.439      0.444      0.000
  1837         22  gamma               91  1054     0     0     0     0     0     -0.926      0.860      9.708      9.790      0.000
  1838         22  gamma               91  1054     0     0     0     0     0     -0.099      0.045      1.000      1.006      0.000
  1839         22  gamma               91  1055     0     0     0     0     0     -0.047     -0.022      0.429      0.432      0.000
  1840         22  gamma               91  1055     0     0     0     0     0     -1.199      0.097      8.238      8.325      0.000
  1841        211  pi+                 91  1059     0     0     0     0     0     -0.408      0.414     10.325     10.342      0.140
  1842       -211  pi-                 91  1059     0     0     0     0     0     -0.533      1.426     30.770     30.808      0.140
  1843        111  (pi0)              -91  1059     0  2158  2159     0     0     -0.105      0.638     10.634     10.655      0.135
  1844       3122  (Lambda0)          -91  1060     0  2160  2161     0     0     -3.267      7.650    152.394    152.625      1.116
  1845         22  gamma               91  1060     0     0     0     0     0     -0.385      0.800     17.188     17.211      0.000
  1846      -2212  pbar-               91  1061     0     0     0     0     0     -0.077      2.990     58.668     58.752      0.938
  1847        211  pi+                 91  1061     0     0     0     0     0      0.032      0.301      7.767      7.774      0.140
  1848         22  gamma               91  1064     0     0     0     0     0     -0.895      0.700     41.017     41.033      0.000
  1849         22  gamma               91  1064     0     0     0     0     0     -0.277      0.203     29.020     29.023      0.000
  1850        111  (pi0)              -91  1065     0  2162  2163     0     0     -0.220      0.063     12.418     12.420      0.135
  1851        111  (pi0)              -91  1065     0  2164  2165     0     0     -0.269      0.040     21.698     21.700      0.135
  1852        111  (pi0)              -91  1065     0  2166  2167     0     0     -0.303     -0.167     15.769     15.774      0.135
  1853         22  gamma               91  1066     0     0     0     0     0     -0.416      0.701     33.908     33.917      0.000
  1854         22  gamma               91  1066     0     0     0     0     0     -0.611      1.143     47.683     47.701      0.000
  1855         13  mu-                 91  1072     0     0     0     0     0     -0.071      0.256      7.581      7.586      0.106
  1856        -13  mu+                 91  1072     0     0     0     0     0      1.086      0.553     34.521     34.543      0.106
  1857         22  gamma               91  1073     0     0     0     0     0      0.464      0.756     20.000     20.019      0.000
  1858         22  gamma               91  1073     0     0     0     0     0      0.006      0.077      1.406      1.408      0.000
  1859         22  gamma               91  1110     0     0     0     0     0     -0.039      0.250     -0.135      0.287      0.000
  1860         22  gamma               91  1110     0     0     0     0     0     -0.089      0.193     -0.001      0.212      0.000
  1861         22  gamma               91  1112     0     0     0     0     0      0.182     -0.021     -0.110      0.213      0.000
  1862         22  gamma               91  1112     0     0     0     0     0      0.211     -0.056      0.017      0.219      0.000
  1863         22  gamma               91  1115     0     0     0     0     0      0.011     -0.029      0.500      0.501      0.000
  1864         22  gamma               91  1115     0     0     0     0     0     -0.112      0.074      0.924      0.933      0.000
  1865         22  gamma               91  1122     0     0     0     0     0     -0.110      0.287      2.398      2.418      0.000
  1866         22  gamma               91  1122     0     0     0     0     0      0.005      0.006      0.514      0.514      0.000
  1867         22  gamma               91  1123     0     0     0     0     0      0.241      0.284      8.178      8.186      0.000
  1868         22  gamma               91  1123     0     0     0     0     0      0.089      0.113      1.774      1.779      0.000
  1869         22  gamma               91  1124     0     0     0     0     0     -0.194      0.020      0.362      0.411      0.000
  1870         22  gamma               91  1124     0     0     0     0     0     -0.035     -0.049      0.241      0.248      0.000
  1871        211  pi+                 91  1128     0     0     0     0     0     -0.534      0.937     95.445     95.451      0.140
  1872       -211  pi-                 91  1128     0     0     0     0     0      0.057      0.112     30.100     30.101      0.140
  1873        111  (pi0)              -91  1128     0  2168  2169     0     0     -0.254      0.158     26.781     26.783      0.135
  1874        211  pi+                 91  1141     0     0     0     0     0      0.620      0.567     10.532     10.567      0.140
  1875       -211  pi-                 91  1141     0     0     0     0     0     -0.202      0.159      3.446      3.459      0.140
  1876         22  gamma               91  1142     0     0     0     0     0      0.146      0.098      7.043      7.046      0.000
  1877         22  gamma               91  1142     0     0     0     0     0     -0.463      0.008     23.135     23.139      0.000
  1878         22  gamma               91  1144     0     0     0     0     0     -0.153      0.054      8.599      8.601      0.000
  1879         22  gamma               91  1144     0     0     0     0     0     -0.342      0.136     11.308     11.314      0.000
  1880         22  gamma               91  1150     0     0     0     0     0     -0.038     -0.009      0.828      0.829      0.000
  1881         22  gamma               91  1150     0     0     0     0     0     -0.283      0.211     16.314     16.318      0.000
  1882       3122  (Lambda0)          -91  1159     0  2170  2171     0     0      1.473      1.249     11.669     11.880      1.116
  1883         22  gamma               91  1159     0     0     0     0     0      0.033     -0.029      0.172      0.177      0.000
  1884      -3122  (Lambdabar0)       -91  1160     0  2172  2173     0     0      2.301      0.874     14.667     14.914      1.116
  1885         22  gamma               91  1160     0     0     0     0     0      0.047     -0.022      0.582      0.584      0.000
  1886        211  pi+                 91  1164     0     0     0     0     0      0.704      0.214      1.493      1.671      0.140
  1887       -211  pi-                 91  1164     0     0     0     0     0      0.589      0.295      1.344      1.503      0.140
  1888        111  (pi0)              -91  1164     0  2174  2175     0     0      0.201      0.196      0.796      0.855      0.135
  1889        -11  e+                  91  1182     0     0     0     0     0     -1.281      1.969     -2.230      3.239      0.001
  1890         12  nu_e                91  1182     0     0     0     0     0     -0.104      0.356      0.166      0.406      0.000
  1891        111  (pi0)              -91  1182     0  2176  2177     0     0     -0.471      0.204     -0.957      1.095      0.135
  1892         22  gamma               91  1189     0     0     0     0     0      0.006      0.104      0.108      0.150      0.000
  1893         22  gamma               91  1189     0     0     0     0     0     -0.087      0.066      0.009      0.110      0.000
  1894         22  gamma               91  1193     0     0     0     0     0     -0.115     -0.026      0.703      0.713      0.000
  1895         22  gamma               91  1193     0     0     0     0     0     -0.217     -0.209      2.889      2.905      0.000
  1896        211  pi+                 91  1194     0     0     0     0     0      0.020      0.226     11.157     11.160      0.140
  1897       -211  pi-                 91  1194     0     0     0     0     0      0.038      0.022      1.152      1.162      0.140
  1898        111  (pi0)              -91  1194     0  2178  2179     0     0      0.049     -0.172      7.404      7.407      0.135
  1899       3122  (Lambda0)          -91  1195     0  2180  2181     0     0      0.415      0.219     36.084     36.104      1.116
  1900         22  gamma               91  1195     0     0     0     0     0      0.046     -0.016      4.696      4.697      0.000
  1901      -2112  nbar0               91  1196     0     0     0     0     0     -0.439     -0.133    637.310    637.311      0.940
  1902        211  pi+                 91  1196     0     0     0     0     0     -0.070     -0.071     33.733     33.733      0.140
  1903         22  gamma               91  1210     0     0     0     0     0      0.159     -0.033     -3.879      3.883      0.000
  1904         22  gamma               91  1210     0     0     0     0     0      0.026     -0.023     -3.951      3.951      0.000
  1905         22  gamma               91  1217     0     0     0     0     0     -0.043     -0.080     -0.435      0.444      0.000
  1906         22  gamma               91  1217     0     0     0     0     0      0.050     -0.154     -1.677      1.685      0.000
  1907        211  pi+                 91  1221     0     0     0     0     0      0.263     -0.040      0.394      0.496      0.140
  1908       -211  pi-                 91  1221     0     0     0     0     0      0.249      0.077      1.261      1.295      0.140
  1909        111  (pi0)              -91  1221     0  2182  2183     0     0      0.364      0.380      0.846      1.005      0.135
  1910         22  gamma               91  1228     0     0     0     0     0     -0.283     -0.183     -0.304      0.454      0.000
  1911         22  gamma               91  1228     0     0     0     0     0     -0.016     -0.084     -0.089      0.123      0.000
  1912        211  pi+                 91  1265     0     0     0     0     0      0.012      0.110     -0.076      0.194      0.140
  1913       -211  pi-                 91  1265     0     0     0     0     0     -0.671      1.228     -0.888      1.663      0.140
  1914        111  (pi0)              -91  1265     0  2184  2185     0     0     -0.260      0.329     -0.070      0.446      0.135
  1915         22  gamma               91  1268     0     0     0     0     0      0.459      0.122     -0.343      0.586      0.000
  1916         22  gamma               91  1268     0     0     0     0     0      0.395      0.238     -0.298      0.549      0.000
  1917         22  gamma               91  1273     0     0     0     0     0      0.239     -0.102     -0.691      0.738      0.000
  1918         22  gamma               91  1273     0     0     0     0     0      0.812     -0.233     -2.949      3.067      0.000
  1919        211  pi+                 91  1279     0     0     0     0     0     -0.048     -0.241     -3.003      3.016      0.140
  1920       -211  pi-                 91  1279     0     0     0     0     0      0.159     -0.424     -3.689      3.719      0.140
  1921        111  (pi0)              -91  1279     0  2186  2187     0     0      0.223     -0.373     -3.846      3.873      0.135
  1922        211  pi+                 91  1280     0     0     0     0     0      0.206      0.003     -1.624      1.643      0.140
  1923       -211  pi-                 91  1280     0     0     0     0     0     -0.003     -0.210     -4.326      4.333      0.140
  1924        111  (pi0)              -91  1280     0  2188  2189     0     0     -0.232     -0.018     -1.558      1.581      0.135
  1925        211  pi+                 91  1286     0     0     0     0     0     -0.049     -0.007     -1.145      1.154      0.140
  1926       -211  pi-                 91  1286     0     0     0     0     0      0.093      0.016     -1.253      1.264      0.140
  1927        111  (pi0)              -91  1286     0  2190  2191     0     0      0.057      0.153     -0.641      0.675      0.135
  1928        211  pi+                 91  1292     0     0     0     0     0     -0.019     -0.688      0.391      0.804      0.140
  1929       -211  pi-                 91  1292     0     0     0     0     0     -0.249     -1.754     -0.169      1.785      0.140
  1930        211  pi+                 91  1295     0     0     0     0     0      0.169     -0.849     -0.059      0.879      0.140
  1931       -211  pi-                 91  1295     0     0     0     0     0      0.096     -0.648      0.008      0.670      0.140
  1932        111  (pi0)              -91  1295     0  2192  2193     0     0      0.025     -0.451     -0.196      0.511      0.135
  1933        211  pi+                 91  1297     0     0     0     0     0      0.090     -0.200     -0.119      0.286      0.140
  1934       -211  pi-                 91  1297     0     0     0     0     0     -0.107      0.083     -0.066      0.205      0.140
  1935        111  (pi0)              -91  1297     0  2194  2195     0     0     -0.300     -0.385      0.008      0.507      0.135
  1936        211  pi+                 91  1299     0     0     0     0     0      0.024     -0.286     -0.997      1.047      0.140
  1937       -211  pi-                 91  1299     0     0     0     0     0      0.283      0.019     -0.916      0.969      0.140
  1938        111  (pi0)              -91  1299     0  2196  2197     0     0      0.176      0.148     -0.446      0.520      0.135
  1939         22  gamma               91  1300     0     0     0     0     0     -0.066      0.100     -0.395      0.413      0.000
  1940         22  gamma               91  1300     0     0     0     0     0     -0.157      0.004     -0.363      0.396      0.000
  1941         22  gamma               91  1301     0     0     0     0     0     -0.069     -0.063     -9.946      9.947      0.000
  1942         22  gamma               91  1301     0     0     0     0     0     -0.018     -0.335    -33.512     33.514      0.000
  1943        211  pi+                 91  1302     0     0     0     0     0     -0.141      0.022     -4.895      4.899      0.140
  1944       -211  pi-                 91  1302     0     0     0     0     0      0.002      0.126     -2.939      2.945      0.140
  1945        111  (pi0)              -91  1302     0  2198  2199     0     0      0.310     -0.298    -11.348     11.357      0.135
  1946         22  gamma               91  1307     0     0     0     0     0      0.870      0.383   -142.653    142.656      0.000
  1947         22  gamma               91  1307     0     0     0     0     0      0.054     -0.010     -9.131      9.131      0.000
  1948        211  pi+                 91  1311     0     0     0     0     0     -0.031      0.192    -48.932     48.933      0.140
  1949       -211  pi-                 91  1311     0     0     0     0     0      0.034      0.013     -6.266      6.267      0.140
  1950        111  (pi0)              -91  1311     0  2200  2201     0     0     -0.031     -0.252    -27.915     27.916      0.135
  1951        111  (pi0)              -91  1319     0  2202  2203     0     0     -1.097     -0.555    -53.564     53.579      0.135
  1952         22  gamma               91  1319     0     0     0     0     0     -0.384     -0.574    -56.733     56.737      0.000
  1953        111  (pi0)              -91  1323     0  2204  2205     0     0      0.062      0.012     -3.453      3.456      0.135
  1954        111  (pi0)              -91  1323     0  2206  2207     0     0     -0.008      0.015     -2.837      2.840      0.135
  1955        111  (pi0)              -91  1323     0  2208  2209     0     0      0.059     -0.211    -12.912     12.915      0.135
  1956         22  gamma               91  1328     0     0     0     0     0      0.195     -0.278     -9.357      9.363      0.000
  1957         22  gamma               91  1328     0     0     0     0     0      0.102     -0.036     -2.124      2.127      0.000
  1958         22  gamma               91  1348     0     0     0     0     0     -0.670      0.144     -5.600      5.642      0.000
  1959         22  gamma               91  1348     0     0     0     0     0     -0.318      0.006     -3.229      3.244      0.000
  1960         22  gamma               91  1351     0     0     0     0     0      0.031      0.001     -0.036      0.047      0.000
  1961         22  gamma               91  1351     0     0     0     0     0      0.007     -0.160     -0.749      0.766      0.000
  1962         22  gamma               91  1357     0     0     0     0     0     -0.917      0.021     -0.478      1.035      0.000
  1963         22  gamma               91  1357     0     0     0     0     0     -3.985     -0.069     -1.818      4.381      0.000
  1964         22  gamma               91  1358     0     0     0     0     0     -0.318      0.022     -0.229      0.393      0.000
  1965         22  gamma               91  1358     0     0     0     0     0     -1.845     -0.035     -0.993      2.095      0.000
  1966        211  pi+                 91  1359     0     0     0     0     0     -5.488      0.434     -2.665      6.117      0.140
  1967       -211  pi-                 91  1359     0     0     0     0     0     -2.889      0.443     -1.306      3.204      0.140
  1968        111  (pi0)              -91  1359     0  2210  2211     0     0     -5.346      0.494     -3.027      6.165      0.135
  1969        211  pi+                 91  1368     0     0     0     0     0     -0.277     -0.191      0.870      0.943      0.140
  1970       -211  pi-                 91  1368     0     0     0     0     0     -0.709      0.003      1.484      1.651      0.140
  1971        111  (pi0)              -91  1368     0  2212  2213     0     0     -1.024     -0.242      1.390      1.749      0.135
  1972         22  gamma               91  1370     0     0     0     0     0     -1.066     -0.039      2.244      2.484      0.000
  1973         22  gamma               91  1370     0     0     0     0     0     -0.645      0.017      1.146      1.316      0.000
  1974         22  gamma               91  1372     0     0     0     0     0     -0.064     -0.128      0.520      0.539      0.000
  1975         22  gamma               91  1372     0     0     0     0     0     -0.200     -0.160      0.516      0.576      0.000
  1976         22  gamma               91  1373     0     0     0     0     0     -1.876     -0.746      3.786      4.290      0.000
  1977         22  gamma               91  1373     0     0     0     0     0     -6.256     -2.240     12.648     14.287      0.000
  1978         22  gamma               91  1374     0     0     0     0     0     -3.352     -1.291      5.380      6.469      0.000
  1979         22  gamma               91  1374     0     0     0     0     0     -1.301     -0.590      2.105      2.544      0.000
  1980        111  (pi0)              -91  1375     0  2214  2215     0     0     -4.189     -1.584      8.886      9.952      0.135
  1981        111  (pi0)              -91  1375     0  2216  2217     0     0     -2.736     -1.136      5.509      6.257      0.135
  1982        111  (pi0)              -91  1375     0  2218  2219     0     0     -4.291     -1.817      9.182     10.297      0.135
  1983        211  pi+                 91  1398     0     0     0     0     0     -0.403      0.159    -85.283     85.284      0.140
  1984       -211  pi-                 91  1398     0     0     0     0     0     -0.355     -0.191   -120.133    120.134      0.140
  1985        111  (pi0)              -91  1398     0  2220  2221     0     0      0.032     -0.039    -65.910     65.910      0.135
  1986        113  (rho0)             -91  1407     0  2222  2223     0     0     -0.608     -3.335     11.711     12.213      0.716
  1987        111  (pi0)              -91  1407     0  2224  2225     0     0     -0.183     -0.765      1.910      2.070      0.135
  1988        211  pi+                 91  1420     0     0     0     0     0      0.110      0.123     -0.309      0.377      0.140
  1989       -211  pi-                 91  1420     0     0     0     0     0      0.177      0.025      0.131      0.262      0.140
  1990        111  (pi0)              -91  1420     0  2226  2227     0     0     -0.130      0.078     -0.081      0.218      0.135
  1991         22  gamma               91  1422     0     0     0     0     0     -1.107      0.144     -0.249      1.144      0.000
  1992         22  gamma               91  1422     0     0     0     0     0     -0.279      0.001     -0.123      0.305      0.000
  1993         22  gamma               91  1426     0     0     0     0     0      0.286      0.270     -3.033      3.058      0.000
  1994         22  gamma               91  1426     0     0     0     0     0      0.279      0.139     -1.861      1.887      0.000
  1995        211  pi+                 91  1427     0     0     0     0     0      0.137      0.198     -1.434      1.460      0.140
  1996       -211  pi-                 91  1427     0     0     0     0     0      0.122     -0.065     -2.812      2.819      0.140
  1997        111  (pi0)              -91  1427     0  2228  2229     0     0      0.268     -0.333     -2.834      2.869      0.135
  1998         22  gamma               91  1428     0     0     0     0     0      0.103      0.019     -0.900      0.906      0.000
  1999         22  gamma               91  1428     0     0     0     0     0      0.334      0.066     -1.436      1.476      0.000
  2000         22  gamma               91  1435     0     0     0     0     0     -0.306     -0.166     17.991     17.994      0.000
  2001         22  gamma               91  1435     0     0     0     0     0     -0.039      0.019      1.228      1.228      0.000
  2002         22  gamma               91  1436     0     0     0     0     0     -0.109     -0.007     12.864     12.864      0.000
  2003         22  gamma               91  1436     0     0     0     0     0      0.038     -0.023      7.397      7.397      0.000
  2004         22  gamma               91  1445     0     0     0     0     0      0.202      0.080     -1.405      1.422      0.000
  2005         22  gamma               91  1445     0     0     0     0     0      0.501     -0.040    -14.133     14.142      0.000
  2006         22  gamma               91  1455     0     0     0     0     0     -0.115     -0.013     -0.201      0.232      0.000
  2007         22  gamma               91  1455     0     0     0     0     0     -0.101      0.093     -0.097      0.168      0.000
  2008         22  gamma               91  1459     0     0     0     0     0     -0.482     -0.785      1.800      2.022      0.000
  2009         22  gamma               91  1459     0     0     0     0     0     -0.940     -1.341      2.884      3.317      0.000
  2010         22  gamma               91  1461     0     0     0     0     0     -2.647     -2.824      5.354      6.607      0.000
  2011         22  gamma               91  1461     0     0     0     0     0     -0.787     -0.937      1.632      2.040      0.000
  2012         22  gamma               91  1465     0     0     0     0     0     -1.568     -0.774      1.990      2.649      0.000
  2013         22  gamma               91  1465     0     0     0     0     0    -14.473     -6.726     18.403     24.359      0.000
  2014         22  gamma               91  1469     0     0     0     0     0      3.861     -1.213      4.686      6.192      0.000
  2015         22  gamma               91  1469     0     0     0     0     0      2.823     -0.870      3.598      4.655      0.000
  2016         22  gamma               91  1473     0     0     0     0     0      0.035     -0.031      0.007      0.048      0.000
  2017         22  gamma               91  1473     0     0     0     0     0      0.258     -0.041      0.381      0.462      0.000
  2018         22  gamma               91  1475     0     0     0     0     0      0.082      0.035      0.167      0.189      0.000
  2019         22  gamma               91  1475     0     0     0     0     0      0.115      0.213      0.899      0.931      0.000
  2020         22  gamma               91  1477     0     0     0     0     0     -0.338      0.175     -1.299      1.353      0.000
  2021         22  gamma               91  1477     0     0     0     0     0     -0.025     -0.019     -0.202      0.204      0.000
  2022         22  gamma               91  1482     0     0     0     0     0     -0.611     -0.435      0.641      0.987      0.000
  2023         22  gamma               91  1482     0     0     0     0     0     -1.623     -0.941      1.769      2.578      0.000
  2024        111  (pi0)              -91  1483     0  2230  2231     0     0     -0.220     -0.267      0.916      0.989      0.135
  2025        111  (pi0)              -91  1483     0  2232  2233     0     0      0.024      0.121      0.430      0.467      0.135
  2026        211  pi+                 91  1484     0     0     0     0     0     -0.325     -0.149      0.825      0.909      0.140
  2027       -211  pi-                 91  1484     0     0     0     0     0      0.103     -0.033      0.632      0.657      0.140
  2028         22  gamma               91  1490     0     0     0     0     0     -0.627      0.731     15.010     15.041      0.000
  2029         22  gamma               91  1490     0     0     0     0     0     -0.371      0.290      7.620      7.635      0.000
  2030         22  gamma               91  1492     0     0     0     0     0     -0.069      0.224      2.993      3.002      0.000
  2031         22  gamma               91  1492     0     0     0     0     0     -0.144      1.605     22.036     22.094      0.000
  2032        111  (pi0)              -91  1494     0  2234  2235     0     0      0.259      0.184     -0.627      0.716      0.135
  2033        111  (pi0)              -91  1494     0  2236  2237     0     0      0.598      0.819     -0.899      1.362      0.135
  2034         22  gamma               91  1496     0     0     0     0     0      0.023      0.074     -0.071      0.105      0.000
  2035         22  gamma               91  1496     0     0     0     0     0     -0.109      0.138     -0.372      0.412      0.000
  2036        111  (pi0)              -91  1497     0  2238  2239     0     0      0.418      0.657     -0.763      1.098      0.135
  2037        111  (pi0)              -91  1497     0  2240  2241     0     0     -0.083      0.193     -0.218      0.332      0.135
  2038         22  gamma               91  1499     0     0     0     0     0     -0.112     -0.361      0.411      0.558      0.000
  2039         22  gamma               91  1499     0     0     0     0     0     -0.031     -0.273      0.475      0.548      0.000
  2040        211  pi+                 91  1500     0     0     0     0     0     -0.163     -0.086      0.512      0.562      0.140
  2041       -211  pi-                 91  1500     0     0     0     0     0     -0.032      0.026      2.106      2.111      0.140
  2042         22  gamma               91  1502     0     0     0     0     0     -0.332     -0.177     11.783     11.789      0.000
  2043         22  gamma               91  1502     0     0     0     0     0     -0.044      0.025      1.355      1.356      0.000
  2044         22  gamma               91  1504     0     0     0     0     0     -0.376      0.014     36.781     36.783      0.000
  2045         22  gamma               91  1504     0     0     0     0     0     -0.023     -0.036      6.098      6.098      0.000
  2046        211  pi+                 91  1505     0     0     0     0     0      0.127     -0.326     19.569     19.573      0.140
  2047       -211  pi-                 91  1505     0     0     0     0     0     -0.144      0.027     12.106     12.108      0.140
  2048         22  gamma               91  1507     0     0     0     0     0      0.093      0.020     14.286     14.287      0.000
  2049         22  gamma               91  1507     0     0     0     0     0      0.072      0.151     45.326     45.327      0.000
  2050         22  gamma               91  1511     0     0     0     0     0      0.115     -0.034      2.687      2.690      0.000
  2051         22  gamma               91  1511     0     0     0     0     0     -0.022     -0.039      0.392      0.395      0.000
  2052         22  gamma               91  1520     0     0     0     0     0     -0.033     -0.028      1.309      1.310      0.000
  2053         22  gamma               91  1520     0     0     0     0     0     -0.118      0.119     11.315     11.316      0.000
  2054         22  gamma               91  1527     0     0     0     0     0     -0.163      0.022      1.543      1.552      0.000
  2055         22  gamma               91  1527     0     0     0     0     0     -0.266     -0.047      1.453      1.478      0.000
  2056         22  gamma               91  1529     0     0     0     0     0      0.150     -0.040      0.717      0.734      0.000
  2057         22  gamma               91  1529     0     0     0     0     0      0.176      0.051      1.536      1.547      0.000
  2058         22  gamma               91  1531     0     0     0     0     0      0.217     -0.182      4.698      4.707      0.000
  2059         22  gamma               91  1531     0     0     0     0     0      0.124     -0.006      1.484      1.489      0.000
  2060         22  gamma               91  1536     0     0     0     0     0      0.009      0.088      0.210      0.228      0.000
  2061         22  gamma               91  1536     0     0     0     0     0      0.011      0.072      0.006      0.073      0.000
  2062         22  gamma               91  1538     0     0     0     0     0     -0.161      0.060      0.298      0.344      0.000
  2063         22  gamma               91  1538     0     0     0     0     0     -0.527      0.476      1.371      1.544      0.000
  2064         22  gamma               91  1544     0     0     0     0     0      0.263      0.025      0.784      0.827      0.000
  2065         22  gamma               91  1544     0     0     0     0     0      0.084     -0.036      0.124      0.154      0.000
  2066         22  gamma               91  1546     0     0     0     0     0      0.109     -0.040      5.361      5.362      0.000
  2067         22  gamma               91  1546     0     0     0     0     0      0.007      0.016      0.088      0.090      0.000
  2068         22  gamma               91  1550     0     0     0     0     0      0.210      0.078     -8.438      8.441      0.000
  2069         22  gamma               91  1550     0     0     0     0     0      0.286      0.278    -18.036     18.040      0.000
  2070        211  pi+                 91  1553     0     0     0     0     0     -0.084     -0.023     -9.098      9.099      0.140
  2071       -211  pi-                 91  1553     0     0     0     0     0      0.112     -0.237     -4.253      4.263      0.140
  2072         22  gamma               91  1559     0     0     0     0     0      0.051     -0.048     -0.187      0.200      0.000
  2073         22  gamma               91  1559     0     0     0     0     0      0.017     -0.395     -0.760      0.857      0.000
  2074        211  pi+                 91  1560     0     0     0     0     0     -0.117      0.099      0.279      0.348      0.140
  2075       -211  pi-                 91  1560     0     0     0     0     0     -0.375     -0.277      0.247      0.546      0.140
  2076         22  gamma               91  1562     0     0     0     0     0      0.069      0.004      0.115      0.134      0.000
  2077         22  gamma               91  1562     0     0     0     0     0      0.078     -0.182      0.361      0.412      0.000
  2078        211  pi+                 91  1565     0     0     0     0     0     -0.021     -0.058     -0.159      0.220      0.140
  2079       -211  pi-                 91  1565     0     0     0     0     0      0.017      0.444     -0.836      0.957      0.140
  2080         22  gamma               91  1567     0     0     0     0     0      0.484      0.420     -1.318      1.466      0.000
  2081         22  gamma               91  1567     0     0     0     0     0      0.044      0.022     -0.041      0.064      0.000
  2082         22  gamma               91  1569     0     0     0     0     0     -0.060      0.192     -0.374      0.425      0.000
  2083         22  gamma               91  1569     0     0     0     0     0     -0.035      0.025     -0.291      0.294      0.000
  2084         22  gamma               91  1573     0     0     0     0     0     -0.032      0.119     -0.339      0.361      0.000
  2085         22  gamma               91  1573     0     0     0     0     0     -0.176      0.086     -0.707      0.734      0.000
  2086        211  pi+                 91  1576     0     0     0     0     0     -0.227     -2.106    -33.097     33.165      0.140
  2087       -211  pi-                 91  1576     0     0     0     0     0      0.018     -0.214     -3.398      3.408      0.140
  2088         22  gamma               91  1580     0     0     0     0     0      0.089     -0.055     -2.827      2.829      0.000
  2089         22  gamma               91  1580     0     0     0     0     0      0.340     -0.098     -5.076      5.088      0.000
  2090         22  gamma               91  1582     0     0     0     0     0     -0.232     -0.143     -5.897      5.903      0.000
  2091         22  gamma               91  1582     0     0     0     0     0     -0.279     -0.363     -8.765      8.777      0.000
  2092         22  gamma               91  1588     0     0     0     0     0     -0.109     -0.149     -0.233      0.297      0.000
  2093         22  gamma               91  1588     0     0     0     0     0      0.004     -0.212     -0.360      0.417      0.000
  2094         22  gamma               91  1590     0     0     0     0     0     -0.291      0.123    -18.167     18.170      0.000
  2095         22  gamma               91  1590     0     0     0     0     0     -0.015      0.043     -1.222      1.222      0.000
  2096         22  gamma               91  1594     0     0     0     0     0     -0.237     -0.524    -33.292     33.296      0.000
  2097         22  gamma               91  1594     0     0     0     0     0     -0.072     -0.447    -25.569     25.573      0.000
  2098         22  gamma               91  1596     0     0     0     0     0      0.397      0.055    -22.341     22.345      0.000
  2099         22  gamma               91  1596     0     0     0     0     0      0.337     -0.076    -20.548     20.551      0.000
  2100        111  (pi0)              -91  1599     0  2242  2243     0     0     -0.034     -0.054     -0.612      0.630      0.135
  2101        111  (pi0)              -91  1599     0  2244  2245     0     0     -0.582     -0.259     -6.644      6.676      0.135
  2102         22  gamma               91  1603     0     0     0     0     0     -0.156     -0.070     -1.502      1.512      0.000
  2103         22  gamma               91  1603     0     0     0     0     0     -0.061      0.032     -0.252      0.261      0.000
  2104         22  gamma               91  1607     0     0     0     0     0     -0.825     -0.590     -1.629      1.918      0.000
  2105         22  gamma               91  1607     0     0     0     0     0     -0.104     -0.080     -0.132      0.186      0.000
  2106         22  gamma               91  1614     0     0     0     0     0     -0.736      0.185     -0.560      0.944      0.000
  2107         22  gamma               91  1614     0     0     0     0     0     -0.473      0.016     -0.306      0.563      0.000
  2108         22  gamma               91  1619     0     0     0     0     0     -1.190     -0.450      2.216      2.555      0.000
  2109         22  gamma               91  1619     0     0     0     0     0     -5.751     -2.289     11.353     12.931      0.000
  2110         22  gamma               91  1623     0     0     0     0     0     -0.018     -0.011     -0.646      0.646      0.000
  2111         22  gamma               91  1623     0     0     0     0     0     -0.321     -0.272    -48.861     48.863      0.000
  2112         22  gamma               91  1625     0     0     0     0     0      0.102     -0.206     -2.788      2.797      0.000
  2113         22  gamma               91  1625     0     0     0     0     0      0.052      0.004     -0.379      0.382      0.000
  2114        211  pi+                 91  1629     0     0     0     0     0     -0.405     -1.160      5.681      5.814      0.140
  2115       -211  pi-                 91  1629     0     0     0     0     0     -0.040     -0.740      2.504      2.615      0.140
  2116         22  gamma               91  1631     0     0     0     0     0     -0.221     -0.510      1.138      1.266      0.000
  2117         22  gamma               91  1631     0     0     0     0     0     -0.065     -0.443      0.856      0.966      0.000
  2118         22  gamma               91  1635     0     0     0     0     0     -0.129     -0.413      0.974      1.066      0.000
  2119         22  gamma               91  1635     0     0     0     0     0     -0.285     -1.852      4.205      4.603      0.000
  2120         22  gamma               91  1637     0     0     0     0     0     -0.181     -0.199      1.275      1.304      0.000
  2121         22  gamma               91  1637     0     0     0     0     0      0.004     -0.111      0.634      0.644      0.000
  2122         22  gamma               91  1643     0     0     0     0     0     -0.011     -0.000     -0.038      0.040      0.000
  2123         22  gamma               91  1643     0     0     0     0     0     -0.483      0.359     -0.347      0.695      0.000
  2124         22  gamma               91  1645     0     0     0     0     0      0.043     -0.440     -1.406      1.474      0.000
  2125         22  gamma               91  1645     0     0     0     0     0      0.064     -0.274     -0.610      0.672      0.000
  2126         22  gamma               91  1650     0     0     0     0     0     -0.080      0.072      0.452      0.464      0.000
  2127         22  gamma               91  1650     0     0     0     0     0      0.051      0.030      0.421      0.425      0.000
  2128        211  pi+                 91  1660     0     0     0     0     0      0.448     -0.001     -0.213      0.516      0.140
  2129       -211  pi-                 91  1660     0     0     0     0     0      0.042      0.198     -0.218      0.329      0.140
  2130        211  pi+                 91  1661     0     0     0     0     0     -0.872      0.711     96.752     96.758      0.140
  2131       -211  pi-                 91  1661     0     0     0     0     0     -0.156      0.311     21.173     21.177      0.140
  2132        211  pi+                 91  1662     0     0     0     0     0     -0.109     -0.027      3.775      3.779      0.140
  2133       -211  pi-                 91  1662     0     0     0     0     0     -0.295      0.028     30.431     30.433      0.140
  2134        111  (pi0)              -91  1663     0  2246  2247     0     0      0.139     -0.083     -3.088      3.095      0.135
  2135        111  (pi0)              -91  1663     0  2248  2249     0     0     -0.202     -0.308     -2.881      2.908      0.135
  2136        111  (pi0)              -91  1664     0  2250  2251     0     0     -0.065     -0.091     -0.199      0.265      0.135
  2137        111  (pi0)              -91  1664     0  2252  2253     0     0     -1.088     -0.224     -1.156      1.609      0.135
  2138        111  (pi0)              -91  1667     0  2254  2255     0     0     -0.136      0.315     -0.129      0.390      0.135
  2139        111  (pi0)              -91  1667     0  2256  2257     0     0      0.080     -0.068      0.039      0.175      0.135
  2140         22  gamma               91  1804     0     0     0     0     0      0.020     -0.022      0.094      0.099      0.000
  2141         22  gamma               91  1804     0     0     0     0     0      5.513     -7.681     23.206     25.058      0.000
  2142         22  gamma               91  1805     0     0     0     0     0      2.507     -3.352     10.278     11.098      0.000
  2143         22  gamma               91  1805     0     0     0     0     0     10.546    -14.253     42.842     46.366      0.000
  2144         22  gamma               91  1806     0     0     0     0     0      5.649     -7.737     23.152     25.056      0.000
  2145         22  gamma               91  1806     0     0     0     0     0      0.522     -0.722      2.262      2.431      0.000
  2146         22  gamma               91  1809     0     0     0     0     0     20.721    -27.850     85.222     92.020      0.000
  2147         22  gamma               91  1809     0     0     0     0     0      0.010     -0.018      0.044      0.049      0.000
  2148         22  gamma               91  1812     0     0     0     0     0      0.022     -0.009     -1.653      1.653      0.000
  2149         22  gamma               91  1812     0     0     0     0     0     -0.039     -0.180     -2.952      2.957      0.000
  2150       -323  (K*-)              -91  1814     0  2258  2259     0     0     -0.170     -0.220     -4.123      4.192      0.702
  2151        311  (K0)               -91  1814     0  2260  2260     0     0      0.179     -0.109     -2.904      2.953      0.498
  2152         22  gamma               91  1818     0     0     0     0     0     -0.118     -0.212      0.430      0.494      0.000
  2153         22  gamma               91  1818     0     0     0     0     0     -0.018     -0.141      0.113      0.182      0.000
  2154         22  gamma               91  1829     0     0     0     0     0      0.148     -0.032      0.216      0.264      0.000
  2155         22  gamma               91  1829     0     0     0     0     0      8.475     -0.784     12.330     14.982      0.000
  2156         22  gamma               91  1834     0     0     0     0     0     -0.008      0.021     -0.026      0.034      0.000
  2157         22  gamma               91  1834     0     0     0     0     0     -0.065     -0.152     -0.703      0.723      0.000
  2158         22  gamma               91  1843     0     0     0     0     0     -0.108      0.586     10.197     10.215      0.000
  2159         22  gamma               91  1843     0     0     0     0     0      0.003      0.052      0.437      0.440      0.000
  2160       2112  n0                  91  1844     0     0     0     0     0     -2.507      6.024    118.809    118.992      0.940
  2161        111  (pi0)              -91  1844     0  2261  2262     0     0     -0.759      1.626     33.585     33.633      0.135
  2162         22  gamma               91  1850     0     0     0     0     0     -0.018     -0.035      1.324      1.325      0.000
  2163         22  gamma               91  1850     0     0     0     0     0     -0.203      0.097     11.093     11.095      0.000
  2164         22  gamma               91  1851     0     0     0     0     0      0.008      0.023      1.282      1.282      0.000
  2165         22  gamma               91  1851     0     0     0     0     0     -0.277      0.017     20.417     20.418      0.000
  2166         22  gamma               91  1852     0     0     0     0     0     -0.108     -0.053      8.537      8.537      0.000
  2167         22  gamma               91  1852     0     0     0     0     0     -0.195     -0.113      7.233      7.236      0.000
  2168         22  gamma               91  1873     0     0     0     0     0     -0.086      0.117      9.024      9.025      0.000
  2169         22  gamma               91  1873     0     0     0     0     0     -0.168      0.041     17.757     17.758      0.000
  2170       2212  p+                  91  1882     0     0     0     0     0      1.391      1.076     10.444     10.633      0.938
  2171       -211  pi-                 91  1882     0     0     0     0     0      0.081      0.173      1.225      1.248      0.140
  2172      -2112  nbar0               91  1884     0     0     0     0     0      2.142      0.734     13.304     13.528      0.940
  2173        111  (pi0)              -91  1884     0  2263  2264     0     0      0.159      0.139      1.363      1.386      0.135
  2174         22  gamma               91  1888     0     0     0     0     0      0.188      0.097      0.562      0.600      0.000
  2175         22  gamma               91  1888     0     0     0     0     0      0.013      0.099      0.234      0.254      0.000
  2176         22  gamma               91  1891     0     0     0     0     0     -0.269      0.180     -0.525      0.617      0.000
  2177         22  gamma               91  1891     0     0     0     0     0     -0.203      0.024     -0.432      0.478      0.000
  2178         22  gamma               91  1898     0     0     0     0     0      0.041      0.009      1.137      1.138      0.000
  2179         22  gamma               91  1898     0     0     0     0     0      0.008     -0.181      6.266      6.269      0.000
  2180       2212  p+                  91  1899     0     0     0     0     0      0.397      0.264     32.997     33.013      0.938
  2181       -211  pi-                 91  1899     0     0     0     0     0      0.018     -0.044      3.087      3.091      0.140
  2182         22  gamma               91  1909     0     0     0     0     0      0.282      0.278      0.517      0.652      0.000
  2183         22  gamma               91  1909     0     0     0     0     0      0.081      0.102      0.329      0.354      0.000
  2184         22  gamma               91  1914     0     0     0     0     0     -0.084      0.208     -0.060      0.232      0.000
  2185         22  gamma               91  1914     0     0     0     0     0     -0.176      0.121     -0.009      0.214      0.000
  2186         22  gamma               91  1921     0     0     0     0     0      0.149     -0.331     -3.355      3.374      0.000
  2187         22  gamma               91  1921     0     0     0     0     0      0.073     -0.042     -0.491      0.498      0.000
  2188         22  gamma               91  1924     0     0     0     0     0     -0.154     -0.001     -1.344      1.353      0.000
  2189         22  gamma               91  1924     0     0     0     0     0     -0.077     -0.017     -0.214      0.229      0.000
  2190         22  gamma               91  1927     0     0     0     0     0      0.017      0.151     -0.354      0.386      0.000
  2191         22  gamma               91  1927     0     0     0     0     0      0.040      0.002     -0.287      0.290      0.000
  2192         22  gamma               91  1932     0     0     0     0     0      0.007      0.001      0.011      0.013      0.000
  2193         22  gamma               91  1932     0     0     0     0     0      0.018     -0.452     -0.207      0.498      0.000
  2194         22  gamma               91  1935     0     0     0     0     0     -0.114     -0.184     -0.059      0.225      0.000
  2195         22  gamma               91  1935     0     0     0     0     0     -0.187     -0.201      0.067      0.282      0.000
  2196         22  gamma               91  1938     0     0     0     0     0      0.184      0.149     -0.452      0.511      0.000
  2197         22  gamma               91  1938     0     0     0     0     0     -0.008     -0.001      0.006      0.010      0.000
  2198         22  gamma               91  1945     0     0     0     0     0      0.174     -0.232     -6.264      6.270      0.000
  2199         22  gamma               91  1945     0     0     0     0     0      0.137     -0.067     -5.084      5.087      0.000
  2200         22  gamma               91  1950     0     0     0     0     0      0.003     -0.202    -25.171     25.172      0.000
  2201         22  gamma               91  1950     0     0     0     0     0     -0.034     -0.050     -2.744      2.744      0.000
  2202         22  gamma               91  1951     0     0     0     0     0     -0.181     -0.043     -8.981      8.983      0.000
  2203         22  gamma               91  1951     0     0     0     0     0     -0.916     -0.512    -44.583     44.596      0.000
  2204         22  gamma               91  1953     0     0     0     0     0     -0.016      0.053     -1.789      1.790      0.000
  2205         22  gamma               91  1953     0     0     0     0     0      0.078     -0.042     -1.664      1.666      0.000
  2206         22  gamma               91  1954     0     0     0     0     0      0.005     -0.053     -1.876      1.876      0.000
  2207         22  gamma               91  1954     0     0     0     0     0     -0.013      0.068     -0.961      0.963      0.000
  2208         22  gamma               91  1955     0     0     0     0     0      0.058     -0.014     -2.707      2.708      0.000
  2209         22  gamma               91  1955     0     0     0     0     0      0.001     -0.197    -10.205     10.207      0.000
  2210         22  gamma               91  1968     0     0     0     0     0     -4.235      0.443     -2.379      4.878      0.000
  2211         22  gamma               91  1968     0     0     0     0     0     -1.111      0.051     -0.648      1.287      0.000
  2212         22  gamma               91  1971     0     0     0     0     0     -0.963     -0.194      1.308      1.636      0.000
  2213         22  gamma               91  1971     0     0     0     0     0     -0.062     -0.048      0.082      0.113      0.000
  2214         22  gamma               91  1980     0     0     0     0     0     -4.044     -1.528      8.517      9.552      0.000
  2215         22  gamma               91  1980     0     0     0     0     0     -0.146     -0.055      0.368      0.400      0.000
  2216         22  gamma               91  1981     0     0     0     0     0     -1.467     -0.680      2.971      3.382      0.000
  2217         22  gamma               91  1981     0     0     0     0     0     -1.270     -0.456      2.539      2.875      0.000
  2218         22  gamma               91  1982     0     0     0     0     0     -1.628     -0.701      3.636      4.045      0.000
  2219         22  gamma               91  1982     0     0     0     0     0     -2.663     -1.116      5.546      6.253      0.000
  2220         22  gamma               91  1985     0     0     0     0     0      0.067     -0.040    -60.407     60.407      0.000
  2221         22  gamma               91  1985     0     0     0     0     0     -0.034      0.001     -5.503      5.503      0.000
  2222        211  pi+                 91  1986     0     0     0     0     0     -0.558     -2.138      8.472      8.757      0.140
  2223       -211  pi-                 91  1986     0     0     0     0     0     -0.050     -1.197      3.239      3.456      0.140
  2224         22  gamma               91  1987     0     0     0     0     0      0.010     -0.152      0.441      0.467      0.000
  2225         22  gamma               91  1987     0     0     0     0     0     -0.193     -0.613      1.468      1.603      0.000
  2226         22  gamma               91  1990     0     0     0     0     0     -0.077      0.115     -0.056      0.150      0.000
  2227         22  gamma               91  1990     0     0     0     0     0     -0.053     -0.037     -0.024      0.069      0.000
  2228         22  gamma               91  1997     0     0     0     0     0      0.217     -0.244     -1.737      1.768      0.000
  2229         22  gamma               91  1997     0     0     0     0     0      0.051     -0.089     -1.097      1.102      0.000
  2230         22  gamma               91  2024     0     0     0     0     0     -0.123     -0.131      0.650      0.674      0.000
  2231         22  gamma               91  2024     0     0     0     0     0     -0.097     -0.136      0.267      0.315      0.000
  2232         22  gamma               91  2025     0     0     0     0     0     -0.023      0.031      0.017      0.042      0.000
  2233         22  gamma               91  2025     0     0     0     0     0      0.047      0.090      0.413      0.426      0.000
  2234         22  gamma               91  2032     0     0     0     0     0      0.044      0.094     -0.126      0.163      0.000
  2235         22  gamma               91  2032     0     0     0     0     0      0.215      0.090     -0.501      0.552      0.000
  2236         22  gamma               91  2033     0     0     0     0     0      0.193      0.342     -0.284      0.485      0.000
  2237         22  gamma               91  2033     0     0     0     0     0      0.404      0.477     -0.614      0.877      0.000
  2238         22  gamma               91  2036     0     0     0     0     0      0.361      0.479     -0.624      0.866      0.000
  2239         22  gamma               91  2036     0     0     0     0     0      0.056      0.178     -0.139      0.233      0.000
  2240         22  gamma               91  2037     0     0     0     0     0      0.019      0.063     -0.126      0.142      0.000
  2241         22  gamma               91  2037     0     0     0     0     0     -0.102      0.131     -0.092      0.189      0.000
  2242         22  gamma               91  2100     0     0     0     0     0      0.048     -0.027     -0.350      0.355      0.000
  2243         22  gamma               91  2100     0     0     0     0     0     -0.081     -0.027     -0.262      0.276      0.000
  2244         22  gamma               91  2101     0     0     0     0     0     -0.544     -0.198     -5.910      5.939      0.000
  2245         22  gamma               91  2101     0     0     0     0     0     -0.037     -0.061     -0.734      0.737      0.000
  2246         22  gamma               91  2134     0     0     0     0     0     -0.002      0.030     -0.465      0.466      0.000
  2247         22  gamma               91  2134     0     0     0     0     0      0.142     -0.113     -2.623      2.629      0.000
  2248         22  gamma               91  2135     0     0     0     0     0     -0.108     -0.052     -0.886      0.894      0.000
  2249         22  gamma               91  2135     0     0     0     0     0     -0.094     -0.256     -1.996      2.014      0.000
  2250         22  gamma               91  2136     0     0     0     0     0     -0.072     -0.083     -0.060      0.126      0.000
  2251         22  gamma               91  2136     0     0     0     0     0      0.007     -0.008     -0.139      0.140      0.000
  2252         22  gamma               91  2137     0     0     0     0     0     -0.588     -0.149     -0.718      0.940      0.000
  2253         22  gamma               91  2137     0     0     0     0     0     -0.500     -0.075     -0.438      0.668      0.000
  2254         22  gamma               91  2138     0     0     0     0     0     -0.039      0.033      0.023      0.056      0.000
  2255         22  gamma               91  2138     0     0     0     0     0     -0.097      0.282     -0.151      0.334      0.000
  2256         22  gamma               91  2139     0     0     0     0     0      0.050      0.013      0.067      0.085      0.000
  2257         22  gamma               91  2139     0     0     0     0     0      0.030     -0.080     -0.028      0.090      0.000
  2258       -321  K-                  91  2150     0     0     0     0     0     -0.242     -0.167     -2.784      2.842      0.494
  2259        111  (pi0)              -91  2150     0  2265  2266     0     0      0.073     -0.053     -1.339      1.349      0.135
  2260        310  (K_S0)             -91  2151  2151  2267  2268     0     0      0.179     -0.109     -2.904      2.953      0.498
  2261         22  gamma               91  2161     0     0     0     0     0     -0.146      0.287      7.024      7.031      0.000
  2262         22  gamma               91  2161     0     0     0     0     0     -0.614      1.340     26.561     26.602      0.000
  2263         22  gamma               91  2173     0     0     0     0     0      0.110      0.161      1.129      1.145      0.000
  2264         22  gamma               91  2173     0     0     0     0     0      0.049     -0.022      0.235      0.241      0.000
  2265         22  gamma               91  2259     0     0     0     0     0      0.042     -0.087     -1.159      1.163      0.000
  2266         22  gamma               91  2259     0     0     0     0     0      0.031      0.034     -0.181      0.186      0.000
  2267        211  pi+                 91  2260     0     0     0     0     0      0.214     -0.054     -0.750      0.794      0.140
  2268       -211  pi-                 91  2260     0     0     0     0     0     -0.035     -0.055     -2.153      2.159      0.140
  2269          1  (d)                -73  1776  1775  2357  2357   361     0      2.972     10.432     22.233     24.747      0.683
  2270         21  (g)                -73  1720  1724  2293  2293   333   337     -1.454      1.035      0.118      1.826      0.368
  2271          1  (d)                -71  1798  1798  2273  2274   368     0      0.551      2.874      2.238      3.699      0.330
  2272         -1  (dbar)             -71  1797  1797  2273  2274     0   368     -0.579     11.176     12.637     16.883      0.330
  2273        111  (pi0)              -83  2271  2272  2445  2446     0     0      0.548      5.105      4.145      6.600      0.135
  2274        111  (pi0)              -84  2271  2272  2447  2448     0     0     -0.576      8.945     10.730     13.982      0.135
  2275          1  (d)                -71  1801  1801  2279  2283   369     0     -2.504     41.355     51.409     66.026      0.330
  2276         21  (g)                -71  1800  1800  2279  2283   370   369     -0.372      2.070      2.741      3.455      0.000
  2277         21  (g)                -71  1799  1799  2279  2283   367   370     -0.404     29.350     37.940     47.969      0.000
  2278         -1  (dbar)             -71  1795  1795  2279  2283     0   367     -2.487     35.753     47.084     59.173      0.330
  2279       -211  pi-                 83  2275  2278     0     0     0     0     -2.319     45.910     57.211     73.391      0.140
  2280        223  (omega)            -84  2275  2278  2449  2451     0     0     -0.773     17.306     23.166     28.937      0.785
  2281        213  (rho+)             -84  2275  2278  2400  2401     0     0     -0.903     16.670     21.167     26.968      0.736
  2282       -211  pi-                 84  2275  2278     0     0     0     0     -1.018     19.339     25.141     31.735      0.140
  2283        211  pi+                 84  2275  2278     0     0     0     0     -0.754      9.305     12.489     15.593      0.140
  2284          1  (d)                -71  1712  1712  2296  2308   329     0      0.920      3.541     -7.681      8.514      0.330
  2285         21  (g)                -71  1711  1711  2296  2308   334   329     -0.414      0.743     -1.275      1.533      0.000
  2286         21  (g)                -71  1730  1730  2296  2308   331   334      1.820      1.025     -3.926      4.447      0.000
  2287         21  (g)                -71  1729  1729  2296  2308   340   331      0.044      0.453     -1.173      1.259      0.000
  2288         21  (g)                -71  1728  1728  2296  2308   332   340     -0.214     -0.200      0.192      0.350      0.000
  2289         21  (g)                -71  1725  1725  2296  2308   339   332      0.068      0.899     -0.428      0.998      0.000
  2290         21  (g)                -71  1726  1726  2296  2308   335   339     -0.499     -0.080     -0.634      0.811      0.000
  2291         21  (g)                -71  1727  1727  2296  2308   336   335      0.024      0.146      0.435      0.459      0.000
  2292         21  (g)                -71  1719  1719  2296  2308   337   336     -0.588      0.582     -1.006      1.302      0.000
  2293         21  (g)                -71  2270  2270  2296  2308   333   337     -1.454      1.035      0.118      1.826      0.368
  2294         21  (g)                -71  1723  1723  2296  2308   338   333     -1.674      1.108      0.952      2.222      0.000
  2295         -1  (dbar)             -71  1722  1722  2296  2308     0   338     -7.473      5.028      1.648      9.163      0.330
  2296        111  (pi0)              -83  2284  2295  2452  2453     0     0      0.310      0.586     -1.509      1.654      0.135
  2297       -213  (rho-)             -83  2284  2295  2402  2403     0     0      0.730      2.964     -6.270      7.082      1.230
  2298        111  (pi0)              -83  2284  2295  2454  2455     0     0      0.653      0.753     -1.016      1.430      0.135
  2299       2224  (Delta++)          -83  2284  2295  2404  2405     0     0     -0.401      0.903     -2.698      3.177      1.357
  2300       -211  pi-                 83  2284  2295     0     0     0     0      0.774      0.485     -1.115      1.448      0.140
  2301      -3122  (Lambdabar0)       -84  2284  2295  2456  2457     0     0     -0.535     -0.127     -1.652      2.068      1.116
  2302       -323  (K*-)              -84  2284  2295  2406  2407     0     0     -0.032      0.968     -0.796      1.532      0.881
  2303        111  (pi0)              -84  2284  2295  2458  2459     0     0     -0.102      0.096     -0.365      0.414      0.135
  2304        111  (pi0)              -84  2284  2295  2460  2461     0     0     -0.088     -0.043      0.389      0.424      0.135
  2305        211  pi+                 84  2284  2295     0     0     0     0     -0.550      0.566      0.006      0.802      0.140
  2306       -211  pi-                 84  2284  2295     0     0     0     0     -2.856      2.336      0.918      3.805      0.140
  2307        211  pi+                 84  2284  2295     0     0     0     0     -3.311      2.020     -0.132      3.883      0.140
  2308        223  (omega)            -84  2284  2295  2462  2463     0     0     -4.030      2.776      1.462      5.167      0.784
  2309          1  (d)                -71  1687  1687  2314  2322   326     0     -4.505     10.423     -8.044     13.919      0.330
  2310         21  (g)                -71  1693  1693  2314  2322   328   326      0.717      0.163     -0.564      0.926      0.000
  2311         21  (g)                -71  1694  1694  2314  2322   327   328      0.691      0.903      0.343      1.188      0.000
  2312         21  (g)                -71  1695  1695  2314  2322   325   327      0.810      0.513      0.971      1.364      0.000
  2313         -1  (dbar)             -71  1692  1692  2314  2322     0   325      9.365      8.863      9.459     15.995      0.330
  2314       -211  pi-                 83  2309  2313     0     0     0     0     -1.340      2.145     -1.892      3.162      0.140
  2315        223  (omega)            -83  2309  2313  2464  2466     0     0     -1.645      4.091     -3.146      5.472      0.782
  2316        221  (eta)              -83  2309  2313  2467  2469     0     0     -0.115      2.022     -1.374      2.508      0.548
  2317        113  (rho0)             -83  2309  2313  2408  2409     0     0     -0.702      1.913     -1.488      2.689      0.930
  2318        213  (rho+)             -84  2309  2313  2410  2411     0     0      0.301      0.774      0.106      1.174      0.823
  2319        223  (omega)            -84  2309  2313  2470  2471     0     0      0.055      0.309      0.354      0.910      0.776
  2320       2112  n0                  84  2309  2313     0     0     0     0      2.229      1.843      1.403      3.349      0.940
  2321        221  (eta)              -84  2309  2313  2472  2473     0     0      4.976      4.923      4.657      8.425      0.548
  2322      -2112  nbar0               84  2309  2313     0     0     0     0      3.318      2.844      3.545      5.705      0.940
  2323          1  (d)                -71  1684  1684  2330  2340   317     0      2.055     -1.705     -2.321      3.553      0.330
  2324         21  (g)                -71  1683  1683  2330  2340   324   317      0.341     -0.017      0.199      0.395      0.000
  2325         21  (g)                -71  1682  1682  2330  2340   323   324     -0.354      0.605     -0.922      1.158      0.000
  2326         21  (g)                -71  1680  1680  2330  2340   320   323      0.631      0.374      0.430      0.850      0.000
  2327         21  (g)                -71  1681  1681  2330  2340   322   320      0.646      2.042      1.159      2.435      0.000
  2328         21  (g)                -71  1677  1677  2330  2340   319   322      1.543     13.733      5.093     14.729      0.000
  2329         -1  (dbar)             -71  1678  1678  2330  2340     0   319      1.390     21.528      8.855     23.322      0.330
  2330       -211  pi-                 83  2323  2329     0     0     0     0      0.188      0.015     -0.038      0.238      0.140
  2331        213  (rho+)             -83  2323  2329  2412  2413     0     0      1.078     -0.581     -0.969      1.662      0.569
  2332       -211  pi-                 83  2323  2329     0     0     0     0      0.473     -0.972     -1.289      1.688      0.140
  2333        221  (eta)              -83  2323  2329  2474  2475     0     0      0.067      0.853      0.179      1.032      0.548
  2334        211  pi+                 84  2323  2329     0     0     0     0      1.158      0.181      0.315      1.221      0.140
  2335        111  (pi0)              -84  2323  2329  2476  2477     0     0     -0.448      1.039     -0.174      1.153      0.135
  2336       -211  pi-                 84  2323  2329     0     0     0     0      0.339      0.181      0.449      0.607      0.140
  2337        211  pi+                 84  2323  2329     0     0     0     0      0.039      0.874     -0.152      0.899      0.140
  2338        313  (K*0)              -84  2323  2329  2414  2415     0     0      1.610     11.582      4.814     12.678      0.911
  2339       -311  (Kbar0)            -84  2323  2329  2416  2416     0     0      1.502     21.376      8.520     23.066      0.498
  2340        111  (pi0)              -84  2323  2329  2478  2479     0     0      0.246      2.011      0.839      2.197      0.135
  2341          1  (d)                -71  1736  1736  2347  2356   344     0     -4.613     -1.250     -1.914      5.159      0.330
  2342         21  (g)                -71  1742  1742  2347  2356   346   344     -3.824      0.401     -2.035      4.351      0.000
  2343         21  (g)                -71  1743  1743  2347  2356   341   346      0.130     -0.128     -0.187      0.261      0.000
  2344         21  (g)                -71  1744  1744  2347  2356   345   341      0.585      1.547     -1.568      2.279      0.000
  2345         21  (g)                -71  1739  1739  2347  2356   342   345      1.345      2.931     -5.958      6.775      0.000
  2346         -1  (dbar)             -71  1733  1733  2347  2356     0   342      3.599     12.498    -27.231     30.179      0.330
  2347       -211  pi-                 83  2341  2346     0     0     0     0     -1.579     -0.082     -1.094      1.928      0.140
  2348        211  pi+                 83  2341  2346     0     0     0     0     -2.496     -0.503     -0.531      2.605      0.140
  2349       -211  pi-                 83  2341  2346     0     0     0     0     -1.218      0.143     -0.694      1.416      0.140
  2350        223  (omega)            -83  2341  2346  2480  2482     0     0     -1.472     -0.215     -0.934      1.927      0.793
  2351       2212  p+                  84  2341  2346     0     0     0     0     -1.140      0.044     -1.045      1.809      0.938
  2352      -2212  pbar-               84  2341  2346     0     0     0     0      0.208      0.568     -0.730      1.334      0.938
  2353        223  (omega)            -84  2341  2346  2483  2485     0     0      0.763      2.984     -6.272      7.031      0.786
  2354        213  (rho+)             -84  2341  2346  2417  2418     0     0      0.587      1.479     -2.413      2.984      0.742
  2355       -213  (rho-)             -84  2341  2346  2419  2420     0     0      1.966      5.933    -13.251     14.672      0.786
  2356        211  pi+                 84  2341  2346     0     0     0     0      1.603      5.648    -11.930     13.298      0.140
  2357          1  (d)                -71  2269  2269  2368  2383   361     0      2.972     10.432     22.233     24.747      0.683
  2358         21  (g)                -71  1774  1774  2368  2383   350   361      0.684      3.459      9.470     10.105      0.000
  2359         21  (g)                -71  1764  1764  2368  2383   353   350      1.228      0.811      5.154      5.360      0.000
  2360         21  (g)                -71  1768  1768  2368  2383   357   353      1.319      4.126      9.793     10.708      0.000
  2361         21  (g)                -71  1769  1769  2368  2383   349   357      1.559      2.646      4.372      5.343      0.000
  2362         21  (g)                -71  1770  1770  2368  2383   356   349      3.493      8.001     10.997     14.041      0.000
  2363         21  (g)                -71  1766  1766  2368  2383   347   356      0.546      3.285      4.110      5.290      0.000
  2364         21  (g)                -71  1771  1771  2368  2383   360   347      0.455      1.511      1.420      2.123      0.000
  2365         21  (g)                -71  1772  1772  2368  2383   354   360     -0.298      0.362      1.123      1.218      0.000
  2366         21  (g)                -71  1773  1773  2368  2383   351   354      0.274      2.043      1.884      2.792      0.000
  2367         -1  (dbar)             -71  1753  1753  2368  2383     0   351     -5.321     16.770     42.195     45.717      0.330
  2368       -211  pi-                 83  2357  2367     0     0     0     0      0.585      2.797      5.585      6.275      0.140
  2369        211  pi+                 83  2357  2367     0     0     0     0      2.705      8.642     20.781     22.669      0.140
  2370        113  (rho0)             -83  2357  2367  2421  2422     0     0      1.080      1.501      4.033      4.508      0.803
  2371       -211  pi-                 83  2357  2367     0     0     0     0      0.928      3.862      8.903      9.749      0.140
  2372        111  (pi0)              -83  2357  2367  2486  2487     0     0      0.145      0.069      1.211      1.229      0.135
  2373        321  K+                  83  2357  2367     0     0     0     0      1.015      1.900      3.606      4.229      0.494
  2374       -313  (K*bar0)           -83  2357  2367  2423  2424     0     0      1.253      2.633      4.336      5.299      0.878
  2375        221  (eta)              -83  2357  2367  2488  2490     0     0      0.799      2.000      5.044      5.512      0.548
  2376       -211  pi-                 84  2357  2367     0     0     0     0      0.525      2.366      2.745      3.664      0.140
  2377        223  (omega)            -84  2357  2367  2491  2493     0     0      1.030      2.351      3.697      4.568      0.783
  2378        213  (rho+)             -84  2357  2367  2425  2426     0     0      0.939      2.595      3.643      4.643      0.820
  2379        111  (pi0)              -84  2357  2367  2494  2495     0     0      1.452      3.911      5.482      6.891      0.135
  2380       -213  (rho-)             -84  2357  2367  2427  2428     0     0     -0.822      2.220      3.893      4.608      0.686
  2381       2214  (Delta+)           -84  2357  2367  2429  2430     0     0     -0.362      3.195      6.263      7.154      1.272
  2382       -213  (rho-)             -84  2357  2367  2431  2432     0     0     -1.160      2.123      5.560      6.095      0.621
  2383      -1114  (Deltabar+)        -84  2357  2367  2433  2434     0     0     -3.200     11.277     27.970     30.349      1.156
  2384          1  (d)                -71  1781  1781  2389  2399   362     0     -2.123      8.192     33.108     34.174      0.330
  2385         21  (g)                -71  1787  1787  2389  2399   365   362      0.015      1.931      3.812      4.274      0.000
  2386         21  (g)                -71  1786  1786  2389  2399   366   365     -0.669      3.360      8.551      9.212      0.000
  2387         21  (g)                -71  1785  1785  2389  2399   363   366      0.081     -0.045      0.084      0.125      0.000
  2388         -1  (dbar)             -71  1784  1784  2389  2399     0   363      0.515     18.914     10.531     21.656      0.330
  2389       -213  (rho-)             -83  2384  2388  2435  2436     0     0     -0.303      4.065     14.154     14.772      1.119
  2390        223  (omega)            -83  2384  2388  2496  2498     0     0     -1.892      4.368     16.917     17.592      0.781
  2391        221  (eta)              -83  2384  2388  2499  2501     0     0     -0.240      2.322      6.319      6.759      0.548
  2392        113  (rho0)             -83  2384  2388  2437  2438     0     0      0.093      1.828      5.153      5.522      0.772
  2393        213  (rho+)             -84  2384  2388  2439  2440     0     0     -0.081      0.986      1.421      1.904      0.792
  2394       -211  pi-                 84  2384  2388     0     0     0     0      0.040      0.905      0.615      1.104      0.140
  2395       2224  (Delta++)          -84  2384  2388  2441  2442     0     0     -0.090      2.500      2.486      3.762      1.309
  2396       -211  pi-                 84  2384  2388     0     0     0     0     -0.105      0.791      0.475      0.939      0.140
  2397      -2112  nbar0               84  2384  2388     0     0     0     0      0.382      3.810      2.600      4.722      0.940
  2398        111  (pi0)              -84  2384  2388  2502  2503     0     0     -0.222      3.283      1.554      3.642      0.135
  2399        223  (omega)            -84  2384  2388  2504  2506     0     0      0.237      7.493      4.394      8.724      0.780
  2400        211  pi+                 91  2281     0     0     0     0     0     -0.698      9.648     11.796     15.256      0.140
  2401        111  (pi0)              -91  2281     0  2507  2508     0     0     -0.205      7.022      9.371     11.712      0.135
  2402       -211  pi-                 91  2297     0     0     0     0     0     -0.145      0.171     -0.170      0.314      0.140
  2403        111  (pi0)              -91  2297     0  2509  2510     0     0      0.875      2.793     -6.100      6.767      0.135
  2404       2212  p+                  91  2299     0     0     0     0     0     -0.399      0.739     -1.492      1.952      0.938
  2405        211  pi+                 91  2299     0     0     0     0     0     -0.002      0.164     -1.206      1.225      0.140
  2406       -311  (Kbar0)            -91  2302     0  2443  2443     0     0     -0.215      0.679     -0.312      0.924      0.498
  2407       -211  pi-                 91  2302     0     0     0     0     0      0.183      0.288     -0.484      0.609      0.140
  2408        211  pi+                 91  2317     0     0     0     0     0     -0.901      1.600     -1.187      2.192      0.140
  2409       -211  pi-                 91  2317     0     0     0     0     0      0.200      0.313     -0.300      0.497      0.140
  2410        211  pi+                 91  2318     0     0     0     0     0     -0.227      0.445     -0.041      0.520      0.140
  2411        111  (pi0)              -91  2318     0  2511  2512     0     0      0.528      0.329      0.147      0.654      0.135
  2412        211  pi+                 91  2331     0     0     0     0     0      0.910     -0.326     -0.533      1.113      0.140
  2413        111  (pi0)              -91  2331     0  2513  2514     0     0      0.168     -0.255     -0.436      0.550      0.135
  2414        321  K+                  91  2338     0     0     0     0     0      0.608      6.459      2.608      7.009      0.494
  2415       -211  pi-                 91  2338     0     0     0     0     0      1.002      5.123      2.206      5.669      0.140
  2416        310  (K_S0)             -91  2339  2339  2515  2516     0     0      1.502     21.376      8.520     23.066      0.498
  2417        211  pi+                 91  2354     0     0     0     0     0      0.262      1.295     -1.602      2.082      0.140
  2418        111  (pi0)              -91  2354     0  2517  2518     0     0      0.325      0.184     -0.810      0.902      0.135
  2419       -211  pi-                 91  2355     0     0     0     0     0      0.244      0.401     -0.791      0.930      0.140
  2420        111  (pi0)              -91  2355     0  2519  2520     0     0      1.722      5.532    -12.461     13.742      0.135
  2421        211  pi+                 91  2370     0     0     0     0     0      0.549      0.325      0.854      1.076      0.140
  2422       -211  pi-                 91  2370     0     0     0     0     0      0.531      1.175      3.178      3.433      0.140
  2423       -311  (Kbar0)            -91  2374     0  2444  2444     0     0      1.062      1.655      2.678      3.359      0.498
  2424        111  (pi0)              -91  2374     0  2521  2522     0     0      0.191      0.978      1.658      1.939      0.135
  2425        211  pi+                 91  2378     0     0     0     0     0      0.216      0.103      0.420      0.503      0.140
  2426        111  (pi0)              -91  2378     0  2523  2525     0     0      0.723      2.492      3.222      4.139      0.135
  2427       -211  pi-                 91  2380     0     0     0     0     0     -0.140      0.159      0.695      0.740      0.140
  2428        111  (pi0)              -91  2380     0  2526  2527     0     0     -0.682      2.062      3.198      3.868      0.135
  2429       2112  n0                  91  2381     0     0     0     0     0     -0.520      2.486      4.680      5.407      0.940
  2430        211  pi+                 91  2381     0     0     0     0     0      0.158      0.709      1.583      1.747      0.140
  2431       -211  pi-                 91  2382     0     0     0     0     0     -0.138      0.742      1.927      2.075      0.140
  2432        111  (pi0)              -91  2382     0  2528  2529     0     0     -1.022      1.381      3.633      4.021      0.135
  2433      -2112  nbar0               91  2383     0     0     0     0     0     -2.536      8.676     21.278     23.137      0.940
  2434        211  pi+                 91  2383     0     0     0     0     0     -0.664      2.601      6.693      7.212      0.140
  2435       -211  pi-                 91  2389     0     0     0     0     0     -0.701      2.701      9.730     10.124      0.140
  2436        111  (pi0)              -91  2389     0  2530  2531     0     0      0.398      1.364      4.423      4.648      0.135
  2437        211  pi+                 91  2392     0     0     0     0     0     -0.281      0.638      1.499      1.659      0.140
  2438       -211  pi-                 91  2392     0     0     0     0     0      0.374      1.190      3.653      3.863      0.140
  2439        211  pi+                 91  2393     0     0     0     0     0     -0.056      1.079      1.314      1.707      0.140
  2440        111  (pi0)              -91  2393     0  2532  2533     0     0     -0.025     -0.093      0.107      0.197      0.135
  2441       2212  p+                  91  2395     0     0     0     0     0     -0.301      1.671      1.525      2.468      0.938
  2442        211  pi+                 91  2395     0     0     0     0     0      0.212      0.829      0.962      1.295      0.140
  2443        310  (K_S0)             -91  2406  2406  2534  2535     0     0     -0.215      0.679     -0.312      0.924      0.498
  2444        310  (K_S0)             -91  2423  2423  2536  2537     0     0      1.062      1.655      2.678      3.359      0.498
  2445         22  gamma               91  2273     0     0     0     0     0      0.035      0.128      0.104      0.169      0.000
  2446         22  gamma               91  2273     0     0     0     0     0      0.513      4.976      4.042      6.431      0.000
  2447         22  gamma               91  2274     0     0     0     0     0     -0.224      3.290      4.047      5.220      0.000
  2448         22  gamma               91  2274     0     0     0     0     0     -0.351      5.655      6.683      8.762      0.000
  2449        211  pi+                 91  2280     0     0     0     0     0     -0.053      7.620     10.290     12.805      0.140
  2450       -211  pi-                 91  2280     0     0     0     0     0     -0.379      4.170      5.687      7.064      0.140
  2451        111  (pi0)              -91  2280     0  2538  2539     0     0     -0.341      5.516      7.189      9.069      0.135
  2452         22  gamma               91  2296     0     0     0     0     0      0.168      0.384     -1.084      1.162      0.000
  2453         22  gamma               91  2296     0     0     0     0     0      0.142      0.202     -0.425      0.491      0.000
  2454         22  gamma               91  2298     0     0     0     0     0      0.362      0.380     -0.623      0.814      0.000
  2455         22  gamma               91  2298     0     0     0     0     0      0.291      0.374     -0.394      0.615      0.000
  2456      -2212  pbar-               91  2301     0     0     0     0     0     -0.534     -0.070     -1.531      1.875      0.938
  2457        211  pi+                 91  2301     0     0     0     0     0     -0.001     -0.057     -0.121      0.193      0.140
  2458         22  gamma               91  2303     0     0     0     0     0     -0.098      0.002     -0.155      0.183      0.000
  2459         22  gamma               91  2303     0     0     0     0     0     -0.004      0.094     -0.210      0.231      0.000
  2460         22  gamma               91  2304     0     0     0     0     0     -0.088     -0.026      0.108      0.142      0.000
  2461         22  gamma               91  2304     0     0     0     0     0     -0.000     -0.017      0.281      0.282      0.000
  2462        111  (pi0)              -91  2308     0  2540  2541     0     0     -2.577      1.665      1.287      3.330      0.135
  2463         22  gamma               91  2308     0     0     0     0     0     -1.453      1.110      0.175      1.837      0.000
  2464        211  pi+                 91  2315     0     0     0     0     0     -0.171      0.544     -0.214      0.625      0.140
  2465       -211  pi-                 91  2315     0     0     0     0     0     -0.779      1.792     -1.660      2.567      0.140
  2466        111  (pi0)              -91  2315     0  2542  2543     0     0     -0.695      1.755     -1.272      2.280      0.135
  2467        111  (pi0)              -91  2316     0  2544  2545     0     0      0.047      0.343     -0.366      0.522      0.135
  2468        111  (pi0)              -91  2316     0  2546  2547     0     0     -0.093      1.062     -0.589      1.226      0.135
  2469        111  (pi0)              -91  2316     0  2548  2549     0     0     -0.068      0.617     -0.419      0.761      0.135
  2470        111  (pi0)              -91  2319     0  2550  2551     0     0      0.386      0.292      0.251      0.562      0.135
  2471         22  gamma               91  2319     0     0     0     0     0     -0.332      0.018      0.103      0.348      0.000
  2472         22  gamma               91  2321     0     0     0     0     0      1.748      1.812      1.986      3.206      0.000
  2473         22  gamma               91  2321     0     0     0     0     0      3.228      3.112      2.671      5.219      0.000
  2474         22  gamma               91  2333     0     0     0     0     0      0.055      0.166      0.287      0.336      0.000
  2475         22  gamma               91  2333     0     0     0     0     0      0.013      0.687     -0.108      0.696      0.000
  2476         22  gamma               91  2335     0     0     0     0     0     -0.259      0.449     -0.110      0.530      0.000
  2477         22  gamma               91  2335     0     0     0     0     0     -0.189      0.590     -0.064      0.623      0.000
  2478         22  gamma               91  2340     0     0     0     0     0      0.101      0.952      0.325      1.011      0.000
  2479         22  gamma               91  2340     0     0     0     0     0      0.146      1.060      0.514      1.187      0.000
  2480        211  pi+                 91  2350     0     0     0     0     0     -0.620     -0.001     -0.213      0.670      0.140
  2481       -211  pi-                 91  2350     0     0     0     0     0     -0.579     -0.327     -0.351      0.765      0.140
  2482        111  (pi0)              -91  2350     0  2552  2553     0     0     -0.273      0.113     -0.370      0.492      0.135
  2483        211  pi+                 91  2353     0     0     0     0     0      0.234      1.386     -2.318      2.714      0.140
  2484       -211  pi-                 91  2353     0     0     0     0     0      0.266      0.478     -1.518      1.619      0.140
  2485        111  (pi0)              -91  2353     0  2554  2555     0     0      0.263      1.120     -2.436      2.698      0.135
  2486         22  gamma               91  2372     0     0     0     0     0      0.107      0.069      0.463      0.480      0.000
  2487         22  gamma               91  2372     0     0     0     0     0      0.038      0.001      0.747      0.748      0.000
  2488        111  (pi0)              -91  2375     0  2556  2557     0     0      0.140      0.296      0.729      0.811      0.135
  2489        111  (pi0)              -91  2375     0  2558  2559     0     0      0.464      0.989      2.288      2.539      0.135
  2490        111  (pi0)              -91  2375     0  2560  2561     0     0      0.195      0.716      2.026      2.162      0.135
  2491        211  pi+                 91  2377     0     0     0     0     0      0.638      1.281      2.047      2.502      0.140
  2492       -211  pi-                 91  2377     0     0     0     0     0      0.391      0.516      1.029      1.224      0.140
  2493        111  (pi0)              -91  2377     0  2562  2563     0     0      0.001      0.554      0.620      0.842      0.135
  2494         22  gamma               91  2379     0     0     0     0     0      0.425      1.327      1.843      2.311      0.000
  2495         22  gamma               91  2379     0     0     0     0     0      1.027      2.584      3.639      4.580      0.000
  2496        211  pi+                 91  2390     0     0     0     0     0     -0.176      0.855      3.515      3.625      0.140
  2497       -211  pi-                 91  2390     0     0     0     0     0     -0.850      1.946      6.818      7.142      0.140
  2498        111  (pi0)              -91  2390     0  2564  2565     0     0     -0.867      1.567      6.584      6.824      0.135
  2499         22  gamma               91  2391     0     0     0     0     0     -0.338      1.507      3.574      3.894      0.000
  2500         11  e-                  91  2391     0     0     0     0     0      0.006      0.089      0.281      0.295      0.001
  2501        -11  e+                  91  2391     0     0     0     0     0      0.093      0.726      2.464      2.570      0.001
  2502         22  gamma               91  2398     0     0     0     0     0     -0.155      1.512      0.672      1.662      0.000
  2503         22  gamma               91  2398     0     0     0     0     0     -0.067      1.771      0.883      1.980      0.000
  2504        211  pi+                 91  2399     0     0     0     0     0      0.290      3.663      2.252      4.312      0.140
  2505       -211  pi-                 91  2399     0     0     0     0     0     -0.112      2.268      1.083      2.520      0.140
  2506        111  (pi0)              -91  2399     0  2566  2567     0     0      0.059      1.562      1.059      1.893      0.135
  2507         22  gamma               91  2401     0     0     0     0     0     -0.124      5.512      7.422      9.246      0.000
  2508         22  gamma               91  2401     0     0     0     0     0     -0.082      1.510      1.949      2.466      0.000
  2509         22  gamma               91  2403     0     0     0     0     0      0.519      1.837     -4.055      4.481      0.000
  2510         22  gamma               91  2403     0     0     0     0     0      0.356      0.956     -2.046      2.286      0.000
  2511         22  gamma               91  2411     0     0     0     0     0      0.139      0.129     -0.006      0.190      0.000
  2512         22  gamma               91  2411     0     0     0     0     0      0.389      0.200      0.153      0.464      0.000
  2513         22  gamma               91  2413     0     0     0     0     0      0.054     -0.009     -0.035      0.066      0.000
  2514         22  gamma               91  2413     0     0     0     0     0      0.113     -0.246     -0.401      0.484      0.000
  2515        111  (pi0)              -91  2416     0  2568  2569     0     0      0.395      8.241      3.191      8.847      0.135
  2516        111  (pi0)              -91  2416     0  2570  2571     0     0      1.106     13.135      5.330     14.219      0.135
  2517         22  gamma               91  2418     0     0     0     0     0      0.198      0.181     -0.507      0.573      0.000
  2518         22  gamma               91  2418     0     0     0     0     0      0.127      0.003     -0.304      0.329      0.000
  2519         22  gamma               91  2420     0     0     0     0     0      1.600      5.062    -11.485     12.652      0.000
  2520         22  gamma               91  2420     0     0     0     0     0      0.122      0.470     -0.976      1.090      0.000
  2521         22  gamma               91  2424     0     0     0     0     0      0.022      0.013      0.034      0.043      0.000
  2522         22  gamma               91  2424     0     0     0     0     0      0.169      0.965      1.623      1.896      0.000
  2523         22  gamma               91  2426     0     0     0     0     0      0.695      2.260      2.921      3.758      0.000
  2524         11  e-                  91  2426     0     0     0     0     0      0.013      0.110      0.143      0.181      0.001
  2525        -11  e+                  91  2426     0     0     0     0     0      0.014      0.122      0.158      0.200      0.001
  2526         22  gamma               91  2428     0     0     0     0     0     -0.004      0.080      0.095      0.125      0.000
  2527         22  gamma               91  2428     0     0     0     0     0     -0.678      1.981      3.103      3.743      0.000
  2528         22  gamma               91  2432     0     0     0     0     0     -0.599      0.905      2.215      2.466      0.000
  2529         22  gamma               91  2432     0     0     0     0     0     -0.423      0.476      1.418      1.554      0.000
  2530         22  gamma               91  2436     0     0     0     0     0      0.322      0.892      2.864      3.017      0.000
  2531         22  gamma               91  2436     0     0     0     0     0      0.076      0.472      1.560      1.631      0.000
  2532         22  gamma               91  2440     0     0     0     0     0     -0.055     -0.029     -0.008      0.062      0.000
  2533         22  gamma               91  2440     0     0     0     0     0      0.030     -0.064      0.115      0.135      0.000
  2534        211  pi+                 91  2443     0     0     0     0     0     -0.013      0.257      0.073      0.301      0.140
  2535       -211  pi-                 91  2443     0     0     0     0     0     -0.202      0.423     -0.385      0.622      0.140
  2536        211  pi+                 91  2444     0     0     0     0     0      0.342      0.651      1.327      1.523      0.140
  2537       -211  pi-                 91  2444     0     0     0     0     0      0.720      1.004      1.351      1.836      0.140
  2538         22  gamma               91  2451     0     0     0     0     0     -0.081      0.659      0.837      1.068      0.000
  2539         22  gamma               91  2451     0     0     0     0     0     -0.260      4.857      6.352      8.000      0.000
  2540         22  gamma               91  2462     0     0     0     0     0     -0.772      0.454      0.429      0.993      0.000
  2541         22  gamma               91  2462     0     0     0     0     0     -1.805      1.211      0.858      2.337      0.000
  2542         22  gamma               91  2466     0     0     0     0     0     -0.242      0.713     -0.573      0.946      0.000
  2543         22  gamma               91  2466     0     0     0     0     0     -0.452      1.042     -0.699      1.334      0.000
  2544         22  gamma               91  2467     0     0     0     0     0     -0.023      0.265     -0.249      0.364      0.000
  2545         22  gamma               91  2467     0     0     0     0     0      0.070      0.078     -0.117      0.157      0.000
  2546         22  gamma               91  2468     0     0     0     0     0     -0.006      0.381     -0.278      0.472      0.000
  2547         22  gamma               91  2468     0     0     0     0     0     -0.087      0.681     -0.311      0.754      0.000
  2548         22  gamma               91  2469     0     0     0     0     0     -0.092      0.579     -0.410      0.715      0.000
  2549         22  gamma               91  2469     0     0     0     0     0      0.023      0.038     -0.009      0.046      0.000
  2550         22  gamma               91  2470     0     0     0     0     0      0.046      0.002     -0.005      0.047      0.000
  2551         22  gamma               91  2470     0     0     0     0     0      0.340      0.290      0.256      0.515      0.000
  2552         22  gamma               91  2482     0     0     0     0     0     -0.162      0.098     -0.315      0.367      0.000
  2553         22  gamma               91  2482     0     0     0     0     0     -0.111      0.015     -0.055      0.125      0.000
  2554         22  gamma               91  2485     0     0     0     0     0      0.007      0.024     -0.118      0.121      0.000
  2555         22  gamma               91  2485     0     0     0     0     0      0.255      1.096     -2.318      2.577      0.000
  2556         22  gamma               91  2488     0     0     0     0     0      0.086      0.223      0.373      0.443      0.000
  2557         22  gamma               91  2488     0     0     0     0     0      0.054      0.073      0.356      0.368      0.000
  2558         22  gamma               91  2489     0     0     0     0     0      0.309      0.501      1.241      1.374      0.000
  2559         22  gamma               91  2489     0     0     0     0     0      0.155      0.487      1.047      1.165      0.000
  2560         22  gamma               91  2490     0     0     0     0     0     -0.007     -0.003      0.020      0.021      0.000
  2561         22  gamma               91  2490     0     0     0     0     0      0.202      0.719      2.007      2.141      0.000
  2562         22  gamma               91  2493     0     0     0     0     0      0.024      0.453      0.426      0.622      0.000
  2563         22  gamma               91  2493     0     0     0     0     0     -0.023      0.101      0.195      0.220      0.000
  2564         22  gamma               91  2498     0     0     0     0     0     -0.626      1.153      4.589      4.773      0.000
  2565         22  gamma               91  2498     0     0     0     0     0     -0.240      0.415      1.995      2.051      0.000
  2566         22  gamma               91  2506     0     0     0     0     0      0.007      0.987      0.598      1.154      0.000
  2567         22  gamma               91  2506     0     0     0     0     0      0.052      0.575      0.462      0.739      0.000
  2568         22  gamma               91  2515     0     0     0     0     0      0.372      7.732      2.959      8.288      0.000
  2569         22  gamma               91  2515     0     0     0     0     0      0.023      0.508      0.232      0.559      0.000
  2570         22  gamma               91  2516     0     0     0     0     0      0.376      5.062      2.098      5.492      0.000
  2571         22  gamma               91  2516     0     0     0     0     0      0.731      8.073      3.232      8.727      0.000
                                   Charge sum:  2.000           Momentum sum:      0.000      0.000     -0.000  13600.000  13600.000

 --------  End PYTHIA Event Listing  -----------------------------------------------------------------------------------------------

 -- HV-coloured particles --
   i      no   colHV  acolHV
   0       5     104       0
   1       6       0     104
   2       8     104       0
   3      10       0     104
 ---------------------------

 -- HV-coloured particles --
   i      no   colHV  acolHV
   0       5     104       0
   1       6       0     104
   2       9     104       0
   3      10       0     104
   4      14     104       0
   5      15       0     104
   6      20     104       0
   7      21       0     104
   8      33     104       0
   9      34       0     104
  10      51     104       0
  11      52       0     104
  12      71     104       0
  13      72       0     104
  14     114     104       0
  15     159       0     104
  16     434     104       0
  17     458     104       0
  18     605     104       0
  19     606       0     104
  20     797     104       0
  21     798     285       0
  22     799     104     285
  23     801     286     285
  24     802     104     286
  25     806     285       0
  26     807     286     288
  27     808     288     285
  28     809     285       0
  29     810     289     286
  30     811     104     289
  31     813     290     288
  32     814     286     290
  33     815     289     286
  34     818     285       0
  35     824     285       0
  36     838       0     104
  37     841       0     104
  38     847       0     104
  39     865       0     104
 ---------------------------
#--------------------------------------------------------------------------
#                         FastJet release 3.5.1
#                 M. Cacciari, G.P. Salam and G. Soyez                  
#     A software package for jet finding and analysis at colliders      
#                           https://fastjet.fr                           
#	                                                                      
# Please cite EPJC72(2012)1896 [arXiv:1111.6097] if you use this package
# for scientific work and optionally PLB641(2006)57 [hep-ph/0512210].   
#                                                                       
# FastJet is provided without warranty under the GNU GPL v2 or higher.  
# It uses T. Chan's closest pair algorithm, S. Fortune's Voronoi code
# and 3rd party plugin jet algorithms. See COPYING file for details.
#--------------------------------------------------------------------------
 PYTHIA Error in SimpleSpaceShower::pT2nearThreshold: stuck in loop

 Pythia::next(): 1000 events have been generated 

 Pythia::next(): 2000 events have been generated 

 Pythia::next(): 3000 events have been generated 

 Pythia::next(): 4000 events have been generated 

 Pythia::next(): 5000 events have been generated 

 Pythia::next(): 6000 events have been generated 

 Pythia::next(): 7000 events have been generated 

 Pythia::next(): 8000 events have been generated 

 Pythia::next(): 9000 events have been generated 

 *-------  PYTHIA Event and Cross Section Statistics  -------------------------------------------------------------*
 |                                                                                                                 |
 | Subprocess                                    Code |            Number of events       |      sigma +- delta    |
 |                                                    |       Tried   Selected   Accepted |     (estimated) (mb)   |
 |                                                    |                                   |                        |
 |-----------------------------------------------------------------------------------------------------------------|
 |                                                    |                                   |                        |
 | g g -> Dv Dvbar                               4901 |      171099       8773       8773 |   3.868e-09  2.146e-11 |
 | q qbar -> Dv Dvbar                            4911 |       32053       1227       1227 |   5.544e-10  8.128e-12 |
 |                                                    |                                   |                        |
 | sum                                                |      203152      10000      10000 |   4.422e-09  2.295e-11 |
 |                                                                                                                 |
 *-------  End PYTHIA Event and Cross Section Statistics ----------------------------------------------------------*

 *-------  PYTHIA Multiparton Interactions Statistics  --------*
 |                                                             |
 |  Note: excludes hardest subprocess if already listed above  |
 |                                                             |
 | Subprocess                               Code |       Times |
 |                                               |             |
 |-------------------------------------------------------------|
 |                                               |             |
 | g g -> g g                                111 |       49629 |
 | g g -> q qbar (uds)                       112 |         728 |
 | q g -> q g                                113 |       21046 |
 | q q(bar)' -> q q(bar)'                    114 |        2052 |
 | q qbar -> g g                             115 |          19 |
 | q qbar -> q' qbar' (uds)                  116 |          11 |
 | g g -> c cbar                             121 |         216 |
 | q qbar -> c cbar                          122 |           2 |
 | g g -> b bbar                             123 |          49 |
 | q qbar -> b bbar                          124 |           0 |
 | q g -> q gamma (udscb)                    201 |           5 |
 | q qbar -> g gamma                         202 |           1 |
 | g g -> g gamma                            203 |           1 |
 | f fbar -> gamma gamma                     204 |           0 |
 | g g -> gamma gamma                        205 |           0 |
 | f f' -> f f' (t-channel gamma*/Z0)        211 |           0 |
 | f_1 f_2 -> f_3 f_4 (t-channel W+-)        212 |           0 |
 | f fbar -> f' fbar' (s-channel gamma*)     223 |           0 |
 | g g -> ccbar(3S1)[3S1(1)] g               401 |           0 |
 | g g -> ccbar(3S1)[3S1(8)] g               402 |           5 |
 | q g -> ccbar(3S1)[3S1(8)] q               403 |           1 |
 | q qbar -> ccbar(3S1)[3S1(8)] g            404 |           0 |
 | g g -> ccbar(3S1)[1S0(8)] g               405 |           4 |
 | q g -> ccbar(3S1)[1S0(8)] q               406 |           0 |
 | q qbar -> ccbar(3S1)[1S0(8)] g            407 |           0 |
 | g g -> ccbar(3S1)[3PJ(8)] g               408 |           3 |
 | q g -> ccbar(3S1)[3PJ(8)] q               409 |           0 |
 | q qbar -> ccbar(3S1)[3PJ(8)] g            410 |           0 |
 | g g -> ccbar(3PJ)[3PJ(1)] g               411 |          84 |
 | q g -> ccbar(3PJ)[3PJ(1)] q               412 |          10 |
 | q qbar -> ccbar(3PJ)[3PJ(1)] g            413 |           0 |
 | g g -> ccbar(3PJ)[3S1(8)] g               414 |           2 |
 | q g -> ccbar(3PJ)[3S1(8)] q               415 |           0 |
 | q qbar -> ccbar(3PJ)[3S1(8)] g            416 |           0 |
 | g g -> ccbar(3DJ)[3DJ(1)] g               417 |           0 |
 | g g -> ccbar(3DJ)[3PJ(8)] g               418 |           1 |
 | q g -> ccbar(3DJ)[3PJ(8)] q               419 |           0 |
 | q qbar -> ccbar(3DJ)[3PJ(8)] g            420 |           0 |
 | g g -> double ccbar(3S1)[3S1(1)]          421 |           0 |
 | q qbar -> double ccbar(3S1)[3S1(1)]       422 |           0 |
 | g g -> ccbar(3S1)[3S1(1)] gamma           441 |           0 |
 | g g -> bbbar(3S1)[3S1(1)] g               501 |           0 |
 | g g -> bbbar(3S1)[3S1(8)] g               502 |           0 |
 | q g -> bbbar(3S1)[3S1(8)] q               503 |           0 |
 | q qbar -> bbbar(3S1)[3S1(8)] g            504 |           0 |
 | g g -> bbbar(3S1)[1S0(8)] g               505 |           0 |
 | q g -> bbbar(3S1)[1S0(8)] q               506 |           0 |
 | q qbar -> bbbar(3S1)[1S0(8)] g            507 |           0 |
 | g g -> bbbar(3S1)[3PJ(8)] g               508 |           0 |
 | q g -> bbbar(3S1)[3PJ(8)] q               509 |           0 |
 | q qbar -> bbbar(3S1)[3PJ(8)] g            510 |           0 |
 | g g -> bbbar(3PJ)[3PJ(1)] g               511 |           2 |
 | q g -> bbbar(3PJ)[3PJ(1)] q               512 |           0 |
 | q qbar -> bbbar(3PJ)[3PJ(1)] g            513 |           0 |
 | g g -> bbbar(3PJ)[3S1(8)] g               514 |           0 |
 | q g -> bbbar(3PJ)[3S1(8)] q               515 |           0 |
 | q qbar -> bbbar(3PJ)[3S1(8)] g            516 |           0 |
 | g g -> double bbbar(3S1)[3S1(1)]          521 |           0 |
 | q qbar -> double bbbar(3S1)[3S1(1)]       522 |           0 |
 | g g -> bbbar(3S1)[3S1(1)] gamma           551 |           0 |
 |                                                             |
 | sum                                           |       73871 |
 |                                               |             |
 *-------  End PYTHIA Multiparton Interactions Statistics -----*

 *-------  PYTHIA Error and Warning Messages Statistics  ----------------------------------------------------------* 
 |                                                                                                                 | 
 |  times   message                                                                                                | 
 |                                                                                                                 | 
 |     11   Error in SimpleSpaceShower::pT2nearThreshold: stuck in loop                                            | 
 |      2   Warning in SimpleTimeShower::init: Hidden Valley                                                       | 
 |                                                                                                                 | 
 *-------  End PYTHIA Error and Warning Messages Statistics  ------------------------------------------------------* 


  2026-07-22 12:33       number of HV gluons

        2.00*10^ 3  8                                                                                                   
        1.92*10^ 3  X                                                                                                   
        1.84*10^ 3  X                                                                                                   
        1.76*10^ 3  X                                                                                                   
        1.68*10^ 3  X                                                                                                   
        1.60*10^ 3  X                                                                                                   
        1.52*10^ 3  X                                                                                                   
        1.44*10^ 3  X  2                                                                                                
        1.36*10^ 3  X  X8                                                                                               
        1.28*10^ 3  X  XX                                                                                               
        1.20*10^ 3  X  XX                                                                                               
        1.12*10^ 3  X 3XX1                                                                                              
        1.04*10^ 3  X XXXX                                                                                              
        0.96*10^ 3  X XXXX                                                                                              
        0.88*10^ 3  X XXXX5                                                                                             
        0.80*10^ 3  X XXXXX                                                                                             
        0.72*10^ 3  X XXXXX3                                                                                            
        0.64*10^ 3  X XXXXXX                                                                                            
        0.56*10^ 3  X XXXXXX                                                                                            
        0.48*10^ 3  X XXXXXX9                                                                                           
        0.40*10^ 3  X XXXXXXX                                                                                           
        0.32*10^ 3  X9XXXXXXXX                                                                                          
        0.24*10^ 3  XXXXXXXXXX8                                                                                         
        0.16*10^ 3  XXXXXXXXXXX71                                                                                       
        0.08*10^ 3  XXXXXXXXXXXXX64311                                                                                  

          Contents                                                                                                      
            *10^ 3  1011110000000000000000000000000000000000000000000000000000000000000000000000000000000000000000000000
            *10^ 2  9303308643210000000000000000000000000000000000000000000000000000000000000000000000000000000000000000
            *10^ 1  8167444671238432100000000000000000000000000000000000000000000000000000000000000000000000000000000000
            *10^ 0  6454081408166927173222010100000000000000000000000000000000000000000000000000000000000000000000000000

          Low edge  -                                                                                                   
            *10^ 1  0000000000011111111112222222222333333333344444444445555555555666666666677777777778888888888999999999
            *10^ 0  0012345678901234567890123456789012345678901234567890123456789012345678901234567890123456789012345678
            *10^-1  5555555555555555555555555555555555555555555555555555555555555555555555555555555555555555555555555555

   Entries  =     10000   xMin =    -0.500   Underflow =     0.000   Mean   =     4.023   RMS  =     3.199
   SumW(in) = 10000.000   xMax =    99.500   Overflow  =     0.000   Median =     3.695   nEff = 10000.000


  2026-07-22 12:33       number of HV gammas

        1.00*10^ 4  X                                                                                                   
        0.96*10^ 4  X                                                                                                   
        0.92*10^ 4  X                                                                                                   
        0.88*10^ 4  X                                                                                                   
        0.84*10^ 4  X                                                                                                   
        0.80*10^ 4  X                                                                                                   
        0.76*10^ 4  X                                                                                                   
        0.72*10^ 4  X                                                                                                   
        0.68*10^ 4  X                                                                                                   
        0.64*10^ 4  X                                                                                                   
        0.60*10^ 4  X                                                                                                   
        0.56*10^ 4  X                                                                                                   
        0.52*10^ 4  X                                                                                                   
        0.48*10^ 4  X                                                                                                   
        0.44*10^ 4  X                                                                                                   
        0.40*10^ 4  X                                                                                                   
        0.36*10^ 4  X                                                                                                   
        0.32*10^ 4  X                                                                                                   
        0.28*10^ 4  X                                                                                                   
        0.24*10^ 4  X                                                                                                   
        0.20*10^ 4  X                                                                                                   
        0.16*10^ 4  X                                                                                                   
        0.12*10^ 4  X                                                                                                   
        0.08*10^ 4  X                                                                                                   
        0.04*10^ 4  X                                                                                                   

          Contents                                                                                                      
            *10^ 4  1000000000000000000000000000000000000000000000000000000000000000000000000000000000000000000000000000
            *10^ 3  0000000000000000000000000000000000000000000000000000000000000000000000000000000000000000000000000000
            *10^ 2  0000000000000000000000000000000000000000000000000000000000000000000000000000000000000000000000000000
            *10^ 1  0000000000000000000000000000000000000000000000000000000000000000000000000000000000000000000000000000

          Low edge  -                                                                                                   
            *10^ 1  0000000000011111111112222222222333333333344444444445555555555666666666677777777778888888888999999999
            *10^ 0  0012345678901234567890123456789012345678901234567890123456789012345678901234567890123456789012345678
            *10^-1  5555555555555555555555555555555555555555555555555555555555555555555555555555555555555555555555555555

   Entries  =     10000   xMin =    -0.500   Underflow =     0.000   Mean   = 0.000e+00   RMS  = 0.000e+00
   SumW(in) = 10000.000   xMax =    99.500   Overflow  =     0.000   Median = 0.000e+00   nEff = 10000.000


  2026-07-22 12:33       number of HV hadrons

        1.80*10^ 3       1                                                                                              
        1.74*10^ 3       X                                                                                              
        1.68*10^ 3       X                                                                                              
        1.62*10^ 3       X                                                                                              
        1.56*10^ 3       X8                                                                                             
        1.50*10^ 3       XX                                                                                             
        1.44*10^ 3      8XX                                                                                             
        1.38*10^ 3      XXX1                                                                                            
        1.32*10^ 3      XXXX                                                                                            
        1.26*10^ 3      XXXX                                                                                            
        1.20*10^ 3      XXXX                                                                                            
        1.14*10^ 3      XXXX                                                                                            
        1.08*10^ 3      XXXX                                                                                            
        1.02*10^ 3      XXXX                                                                                            
        0.96*10^ 3      XXXX6                                                                                           
        0.90*10^ 3     5XXXXX                                                                                           
        0.84*10^ 3     XXXXXX                                                                                           
        0.78*10^ 3     XXXXXX                                                                                           
        0.72*10^ 3     XXXXXX                                                                                           
        0.66*10^ 3     XXXXXX3                                                                                          
        0.60*10^ 3     XXXXXXX                                                                                          
        0.54*10^ 3     XXXXXXX                                                                                          
        0.48*10^ 3     XXXXXXX                                                                                          
        0.42*10^ 3    7XXXXXXX5                                                                                         
        0.36*10^ 3    XXXXXXXXX                                                                                         
        0.30*10^ 3    XXXXXXXXX6                                                                                        
        0.24*10^ 3    XXXXXXXXXX1                                                                                       
        0.18*10^ 3    XXXXXXXXXXX                                                                                       
        0.12*10^ 3    XXXXXXXXXXX61                                                                                     
        0.06*10^ 3    XXXXXXXXXXXXX6332111                                                                              

          Contents                                                                                                      
            *10^ 3  0000111100000000000000000000000000000000000000000000000000000000000000000000000000000000000000000000
            *10^ 2  0048475396321000000000000000000000000000000000000000000000000000000000000000000000000000000000000000
            *10^ 1  0007244232978963221000000000000000000000000000000000000000000000000000000000000000000000000000000000
            *10^ 0  0021665870347764104853001101000000000000000000000000000000000000000000000000000000000000000000000000

          Low edge  -                                                                                                   
            *10^ 1  0000000000011111111112222222222333333333344444444445555555555666666666677777777778888888888999999999
            *10^ 0  0012345678901234567890123456789012345678901234567890123456789012345678901234567890123456789012345678
            *10^-1  5555555555555555555555555555555555555555555555555555555555555555555555555555555555555555555555555555

   Entries  =     10000   xMin =    -0.500   Underflow =     0.000   Mean   =     6.269   RMS  =     2.719
   SumW(in) = 10000.000   xMax =    99.500   Overflow  =     0.000   Median =     5.859   nEff = 10000.000


  2026-07-22 12:33       dN/dpTj

        2.00*10^ 3                      5                                                                               
        1.92*10^ 3                      X                                                                               
        1.84*10^ 3                      X3                                                                              
        1.76*10^ 3                      XX                                                                              
        1.68*10^ 3                      XX9                                                                             
        1.60*10^ 3                      XXX4                                                                            
        1.52*10^ 3                      XXXX62                                                                          
        1.44*10^ 3                      XXXXXX4                                                                         
        1.36*10^ 3                      XXXXXXXX                                                                        
        1.28*10^ 3                      XXXXXXXX7                                                                       
        1.20*10^ 3                      XXXXXXXXX46                                                                     
        1.12*10^ 3                      XXXXXXXXXXX33                                                                   
        1.04*10^ 3                      XXXXXXXXXXXXX7                                                                  
        0.96*10^ 3                      XXXXXXXXXXXXXX575                                                               
        0.88*10^ 3                      XXXXXXXXXXXXXXXXX98 3                                                           
        0.80*10^ 3                      XXXXXXXXXXXXXXXXXXX9X891                                                        
        0.72*10^ 3                      XXXXXXXXXXXXXXXXXXXXXXXX77                                                      
        0.64*10^ 3                      XXXXXXXXXXXXXXXXXXXXXXXXXXX954  12                                              
        0.56*10^ 3                      XXXXXXXXXXXXXXXXXXXXXXXXXXXXXX86XX2531                                          
        0.48*10^ 3                      XXXXXXXXXXXXXXXXXXXXXXXXXXXXXXXXXXXXXXX83347557                                 
        0.40*10^ 3                      XXXXXXXXXXXXXXXXXXXXXXXXXXXXXXXXXXXXXXXXXXXXXXX68XX876635  34  2       0        
        0.32*10^ 3                      XXXXXXXXXXXXXXXXXXXXXXXXXXXXXXXXXXXXXXXXXXXXXXXXXXXXXXXXXX8XX77XX959354X4234 34 
        0.24*10^ 3                      XXXXXXXXXXXXXXXXXXXXXXXXXXXXXXXXXXXXXXXXXXXXXXXXXXXXXXXXXXXXXXXXXXXXXXXXXXXX9XXX
        0.16*10^ 3                      XXXXXXXXXXXXXXXXXXXXXXXXXXXXXXXXXXXXXXXXXXXXXXXXXXXXXXXXXXXXXXXXXXXXXXXXXXXXXXXX
        0.08*10^ 3                      XXXXXXXXXXXXXXXXXXXXXXXXXXXXXXXXXXXXXXXXXXXXXXXXXXXXXXXXXXXXXXXXXXXXXXXXXXXXXXXX

          Contents                                                                                                      
            *10^ 3  0000000000000000000011111111111111000000000000000000000000000000000000000000000000000000000000000000
            *10^ 2  0000000000000000000097654433211000999887877766665555554554444444444333333333333332333323222322222222
            *10^ 1  0000000000000000000058749596557661231769289299339942679209862235445689987764620459041180687275673674
            *10^ 0  0000000000000000000070180550551532096055645525816339758441186533012568627166015219009328522453422503

          Low edge                                                                                                      
            *10^ 1  0000000000111111111122222222223333333333444444444455555555556666666666777777777788888888889999999999
            *10^ 0  0123456789012345678901234567890123456789012345678901234567890123456789012345678901234567890123456789
            *10^-1  0000000000000000000000000000000000000000000000000000000000000000000000000000000000000000000000000000

   Entries  =     83029   xMin =     0.000   Underflow =     0.000   Mean   =    46.729   RMS  =    22.017
   SumW(in) = 50351.000   xMax =   100.000   Overflow  = 32678.000   Median =    40.597   nEff = 50351.000
