
 *------------------------------------------------------------------------------------* 
 |                                                                                    | 
 |  *------------------------------------------------------------------------------*  | 
 |  |                                                                              |  | 
 |  |                                                                              |  | 
 |  |   PPP   Y   Y  TTTTT  H   H  III    A      Welcome to the Lund Monte Carlo!  |  | 
 |  |   P  P   Y Y     T    H   H   I    A A     This is PYTHIA version 8.315      |  | 
 |  |   PPP     Y      T    HHHHH   I   AAAAA    Last date of change: 27 May 2025  |  | 
 |  |   P       Y      T    H   H   I   A   A                                      |  | 
 |  |   P       Y      T    H   H  III  A   A    Now is 22 Jul 2026 at 12:31:02    |  | 
 |  |                                                                              |  | 
 |  |   Program documentation and an archive of historic versions is found on:     |  | 
 |  |                                                                              |  | 
 |  |                               https://pythia.org/                            |  | 
 |  |                                                                              |  | 
 |  |   PYTHIA is authored by a collaboration consisting of:                       |  | 
 |  |                                                                              |  | 
 |  |   Javira Altmann, Christian Bierlich, Naomi Cooke, Nishita Desai,            |  | 
 |  |   Ilkka Helenius, Philip Ilten, Leif Lonnblad, Stephen Mrenna,               |  | 
 |  |   Christian Preuss, Torbjorn Sjostrand, and Peter Skands.                    |  | 
 |  |                                                                              |  | 
 |  |   The complete list of authors, including contact information and            |  | 
 |  |   affiliations, can be found on https://pythia.org/.                         |  | 
 |  |   Problems or bugs should be reported on email at authors@pythia.org.        |  | 
 |  |                                                                              |  | 
 |  |   The main program reference is C. Bierlich et al,                           |  | 
 |  |   'A comprehensive guide to the physics and usage of Pythia 8.3',            |  | 
 |  |   SciPost Phys. Codebases 8-r8.3 (2022) [arXiv:2203.11601 [hep-ph]]          |  | 
 |  |                                                                              |  | 
 |  |   PYTHIA is released under the GNU General Public Licence version 2          |  | 
 |  |   or later. Please respect the MCnet Guidelines for Generator Authors        |  | 
 |  |   and Users.                                                                 |  | 
 |  |                                                                              |  | 
 |  |   Disclaimer: this program comes without any guarantees.                     |  | 
 |  |   Beware of errors and use common sense when interpreting results.           |  | 
 |  |                                                                              |  | 
 |  |   Copyright (C) 2025 Torbjorn Sjostrand                                      |  | 
 |  |                                                                              |  | 
 |  |                                                                              |  | 
 |  *------------------------------------------------------------------------------*  | 
 |                                                                                    | 
 *------------------------------------------------------------------------------------* 


 *-------  PYTHIA Process Initialization  --------------------------*
 |                                                                  |
 | We collide p+ with p+ at a CM energy of 1.360e+04 GeV            |
 |                                                                  |
 |------------------------------------------------------------------|
 |                                                    |             |
 | Subprocess                                    Code |   Estimated |
 |                                                    |    max (mb) |
 |                                                    |             |
 |------------------------------------------------------------------|
 |                                                    |             |
 | g g -> Dv Dvbar                               4901 |   7.674e-08 |
 | q qbar -> Dv Dvbar                            4911 |   1.445e-08 |
 |                                                                  |
 *-------  End PYTHIA Process Initialization -----------------------*
 PYTHIA Warning in SimpleTimeShower::init: Hidden Valley  pTmin too low, raised to 11.000

 *-------  PYTHIA Multiparton Interactions Initialization  ---------* 
 |                                                                  | 
 |                   sigmaNonDiffractive =    56.87 mb              | 
 |                                                                  | 
 |    pT0 =  2.63 gives sigmaInteraction =   324.16 mb: accepted    | 
 |                                                                  | 
 *-------  End PYTHIA Multiparton Interactions Initialization  -----* 

 *-------  PYTHIA Flag + Mode + Parm + Word + FVec + MVec + PVec + WVec Settings (changes only)  ------------------* 
 |                                                                                                                 | 
 | Name                                          |                      Now |      Default         Min         Max | 
 |                                               |                          |                                      | 
 | Beams:eCM                                     |                13600.000 |    14000.000         0.0             | 
 | HiddenValley:alphaOrder                       |                        1 |            0           0           3 | 
 | HiddenValley:fragment                         |                       on |          off                         | 
 | HiddenValley:FSR                              |                       on |          off                         | 
 | HiddenValley:gg2DvDvbar                       |                       on |          off                         | 
 | HiddenValley:Lambda                           |                 10.00000 |      0.40000   0.0100000             | 
 | HiddenValley:probVector                       |                  0.70000 |      0.75000         0.0     1.00000 | 
 | HiddenValley:pTminFSR                         |                  1.00000 |      0.44000     0.10000             | 
 | HiddenValley:qqbar2DvDvbar                    |                       on |          off                         | 
 | HiddenValley:setLambda                        |                       on |          off                         | 
 | Init:showChangedParticleData                  |                      off |           on                         | 
 | Main:writeLog                                 |                       on |          off                         | 
 | Stat:showPartonLevel                          |                       on |          off                         | 
 | StringZ:useOldAExtra                          |                       on |          off                         | 
 |                                                                                                                 | 
 *-------  End PYTHIA Flag + Mode + Parm + Word + FVec + MVec + PVec + WVec Settings  -----------------------------* 

 *-------  PYTHIA Flag + Mode + Parm + Word + FVec + MVec + PVec + WVec Settings (changes only)  ------------------* 
 |                                                                                                                 | 
 | Name                                          |                      Now |      Default         Min         Max | 
 |                                               |                          |                                      | 
 | Beams:eCM                                     |                13600.000 |    14000.000         0.0             | 
 | HiddenValley:alphaOrder                       |                        1 |            0           0           3 | 
 | HiddenValley:fragment                         |                       on |          off                         | 
 | HiddenValley:FSR                              |                       on |          off                         | 
 | HiddenValley:gg2DvDvbar                       |                       on |          off                         | 
 | HiddenValley:Lambda                           |                 10.00000 |      0.40000   0.0100000             | 
 | HiddenValley:probVector                       |                  0.70000 |      0.75000         0.0     1.00000 | 
 | HiddenValley:pTminFSR                         |                  1.00000 |      0.44000     0.10000             | 
 | HiddenValley:qqbar2DvDvbar                    |                       on |          off                         | 
 | HiddenValley:setLambda                        |                       on |          off                         | 
 | Init:showChangedParticleData                  |                      off |           on                         | 
 | Main:writeLog                                 |                       on |          off                         | 
 | Stat:showPartonLevel                          |                       on |          off                         | 
 | StringZ:useOldAExtra                          |                       on |          off                         | 
 |                                                                                                                 | 
 *-------  End PYTHIA Flag + Mode + Parm + Word + FVec + MVec + PVec + WVec Settings  -----------------------------* 

 --------  PYTHIA Particle Data Table (partial)  -----------------------------------------------------------------------------------
 
      id   name            antiName         spn chg col      m0        mWidth      mMin       mMax       tau0    res dec ext vis wid
             no onMode   bRatio   meMode     products 

 4900001  Dv               Dvbar              1  -1   1  400.00000    1.00000   50.00000    0.00000  1.97327e-13   1   1   0   1   0
              0     1   1.0000000  103        1  4900101 

 4900101  qv1              qv1bar             2   0   0    5.00000    0.00000    5.00000    5.00000  0.00000e+00   0   0   0   0   0

 4900102  qv2              qv2bar             2   0   0    5.00000    0.00000    5.00000    5.00000  0.00000e+00   0   0   0   0   0

 4900103  qv3              qv3bar             2   0   0    5.00000    0.00000    5.00000    5.00000  0.00000e+00   0   0   0   0   0

 4900021  gv                                  3   0   0    0.00000    0.00000    0.00000    0.00000  0.00000e+00   0   0   0   0   0

 4900022  gammav                              3   0   0    0.00000    0.00000    0.00000    0.00000  0.00000e+00   0   1   0   0   0
              0     0   0.0500000   91        1       -1 
              1     0   0.2000000   91        2       -2 
              2     0   0.0500000   91        3       -3 
              3     0   0.2000000   91        4       -4 
              4     0   0.0500000   91        5       -5 
              5     0   0.1500000   91       11      -11 
              6     0   0.0000000   91       12      -12 
              7     0   0.1500000   91       13      -13 
              8     0   0.0000000   91       14      -14 
              9     0   0.1500000   91       15      -15 
             10     0   0.0000000   91       16      -16 

 4900023  Zv                                  3   0   0  1.000e+03  2.000e+01  5.000e+02  1.500e+03  9.86635e-15   1   1   0   1   0
              0     1   0.0750000  102        1       -1 
              1     1   0.0750000  102        2       -2 
              2     1   0.0750000  102        3       -3 
              3     1   0.0750000  102        4       -4 
              4     1   0.0750000  102        5       -5 
              5     1   0.0750000  102        6       -6 
              6     1   0.0250000  102       11      -11 
              7     1   0.0250000  102       12      -12 
              8     1   0.0250000  102       13      -13 
              9     1   0.0250000  102       14      -14 
             10     1   0.0250000  102       15      -15 
             11     1   0.0250000  102       16      -16 
             12     1   0.0500000  102  4900101 -4900101 
             13     0   0.0500000  102  4900102 -4900102 
             14     0   0.0500000  102  4900103 -4900103 
             15     0   0.0500000  102  4900104 -4900104 
             16     0   0.0500000  102  4900105 -4900105 
             17     0   0.0500000  102  4900106 -4900106 
             18     0   0.0500000  102  4900107 -4900107 
             19     0   0.0500000  102  4900108 -4900108 

 4900111  pivDiag                             1   0   0   10.00000    0.00000   10.00000   10.00000  0.00000e+00   0   1   0   0   0
              0     1   1.0000000   91        1       -1 

 4900113  rhovDiag                            3   0   0   25.00000    0.00000   25.00000   25.00000  0.00000e+00   0   1   0   0   0
              0     1   1.0000000   91        1       -1 

 4900211  pivUp            pivDn              1   0   0   10.00000    0.00000   10.00000   10.00000  0.00000e+00   0   0   0   0   0

 4900213  rhovUp           rhovDn             3   0   0   10.00000    0.00000   10.00000   10.00000  0.00000e+00   0   0   0   0   0

 --------  End PYTHIA Particle Data Table  -----------------------------------------------------------------------------------------


 --------  PYTHIA Info Listing  ---------------------------------------- 
 
 Beam A: id =   2212, pz =  6.800e+03, e =  6.800e+03, m =  9.383e-01.
 Beam B: id =   2212, pz = -6.800e+03, e =  6.800e+03, m =  9.383e-01.

 In 1: id =   21, x =  1.318e-01, pdf =  5.019e-01 at Q2 =  1.638e+05.
 In 2: id =   21, x =  2.801e-02, pdf =  3.319e+00 at same Q2.

 Subprocess g g -> Dv Dvbar with code 4901 is 2 -> 2.
 It has sHat =  6.827e+05,    tHat = -2.485e+05,    uHat = -1.140e+05,
       pTHat =  6.310e+01,   m3Hat =  4.004e+02,   m4Hat =  3.998e+02,
    thetaHat =  2.482e+00,  phiHat =  4.174e+00.
     alphaEM =  7.952e-03,  alphaS =  1.062e-01    at Q2 =  1.640e+05.

 Impact parameter b =  3.696e-01 gives enhancement factor =  3.096e+00.
 Max pT scale for MPI =  1.360e+04, ISR =  1.360e+04, FSR =  1.360e+04.
 Number of MPI =    12, ISR =    29, FSRproc =   113, FSRreson =    23.

 --------  End PYTHIA Info Listing  ------------------------------------

 --------  PYTHIA Event Listing  (hard process)  -----------------------------------------------------------------------------------
 
    no         id  name            status     mothers   daughters     colours      p_x        p_y        p_z         e          m 
     0         90  (system)           -11     0     0     0     0     0     0      0.000      0.000      0.000  13600.000  13600.000
     1       2212  (p+)               -12     0     0     3     0     0     0      0.000      0.000   6800.000   6800.000      0.938
     2       2212  (p+)               -12     0     0     4     0     0     0      0.000      0.000  -6800.000   6800.000      0.938
     3         21  (g)                -21     1     0     5     6   101   102      0.000      0.000    896.039    896.039      0.000
     4         21  (g)                -21     2     0     5     6   103   101      0.000      0.000   -190.466    190.466      0.000
     5    4900001  (Dv)               -22     3     4     7     8   103     0    -32.368    -54.161    246.021    474.124    400.358
     6   -4900001  (Dvbar)            -22     3     4     9    10     0   102     32.368     54.161    459.552    612.380    399.800
     7          1  d                   23     5     0     0     0   103     0    -33.986   -126.211    334.950    359.550      0.330
     8    4900101  qv1                 23     5     0     0     0     0     0      1.617     72.050    -88.929    114.575      5.000
     9         -1  dbar                23     6     0     0     0     0   102     27.692   -171.653    153.213    231.746      0.330
    10   -4900101  qv1bar              23     6     0     0     0     0     0      4.676    225.814    306.339    380.634      5.000
                                   Charge sum:  0.000           Momentum sum:      0.000      0.000    705.573   1086.504    826.231

 --------  End PYTHIA Event Listing  -----------------------------------------------------------------------------------------------

 --------  PYTHIA Event Listing  (complete event)  ---------------------------------------------------------------------------------
 
    no         id  name            status     mothers   daughters     colours      p_x        p_y        p_z         e          m 
     0         90  (system)           -11     0     0     0     0     0     0      0.000      0.000      0.000  13600.000  13600.000
     1       2212  (p+)               -12     0     0   603     0     0     0      0.000      0.000   6800.000   6800.000      0.938
     2       2212  (p+)               -12     0     0   604     0     0     0      0.000      0.000  -6800.000   6800.000      0.938
     3         21  (g)                -21     7     0     5     6   101   102      0.000      0.000    896.039    896.039      0.000
     4         21  (g)                -21     8     8     5     6   103   101      0.000      0.000   -190.466    190.466      0.000
     5    4900001  (Dv)               -22     3     4     9     9   103     0    -32.368    -54.161    246.021    474.124    400.358
     6   -4900001  (Dvbar)            -22     3     4    10    10     0   102     32.368     54.161    459.552    612.380    399.800
     7          2  (u)                -41    12    12    11     3   101     0     -0.000     -0.000   1630.035   1630.035      0.000
     8         21  (g)                -42    13     0     4     4   103   101     -0.000      0.000   -190.466    190.466      0.000
     9    4900001  (Dv)               -44     5     5    14    14   103     0    -74.839     18.738    329.427    524.176    400.358
    10   -4900001  (Dvbar)            -44     6     6    15    15     0   102    -30.850    162.671    561.604    708.980    399.800
    11          2  (u)                -43     7     0    16    16   102     0    105.689   -181.409    548.538    587.344      0.330
    12          2  (u)                -42    18     0     7     7   101     0     -0.000      0.000   1630.035   1630.035      0.000
    13         21  (g)                -41    19    19    17     8   103   105      0.000     -0.000   -267.115    267.115      0.000
    14    4900001  (Dv)               -44     9     9    20    20   103     0    -29.592     16.758    305.369    504.672    400.358
    15   -4900001  (Dvbar)            -44    10    10    21    21     0   102      3.391    161.172    540.641    691.463    399.800
    16          2  (u)                -44    11    11    22    22   102     0    114.705   -181.804    561.930    601.644      0.330
    17         21  (g)                -43    13     0    23    23   101   105    -88.503      3.874    -45.021     99.371      0.000
    18          2  (u)                -41    31     0    24    12   106     0      0.000     -0.000   2283.525   2283.525      0.000
    19         21  (g)                -42    32    32    13    13   103   105      0.000      0.000   -267.115    267.115      0.000
    20    4900001  (Dv)               -44    14    14    33    33   103     0    -15.821     16.854    308.907    506.206    400.358
    21   -4900001  (Dvbar)            -44    15    15    34    34     0   102     24.337    161.319    544.714    695.104    399.800
    22          2  (u)                -44    16    16    35    35   102     0    134.486   -181.665    563.613    607.247      0.330
    23         21  (g)                -44    17    17    27    27   101   105    -87.579      3.880    -42.914     97.605      0.000
    24         21  (g)                -43    18     0    25    26   106   101    -55.424     -0.389    642.090    644.478      0.000
    25         21  (g)                -51    24     0    37    37   106   107     -8.869     27.624    489.701    490.560      0.000
    26         21  (g)                -51    24     0    28    29   107   101    -52.736    -27.739    149.360    160.807      0.000
    27         21  (g)                -52    23    23    30    30   101   105    -81.398      3.607    -39.885     90.716      0.000
    28         21  (g)                -51    26     0    38    38   107   108     -2.458     -8.096     50.857     51.556      0.000
    29         21  (g)                -51    26     0    39    39   108   101    -53.100    -19.518     97.120    112.396      0.000
    30         21  (g)                -52    27    27    36    36   101   105    -78.575      3.482    -38.503     87.571      0.000
    31          2  (u)                -41    49    49    40    18   109     0     -0.000      0.000   2572.929   2572.929      0.000
    32         21  (g)                -42    50     0    19    19   103   105      0.000     -0.000   -267.115    267.115      0.000
    33    4900001  (Dv)               -44    20    20    51    51   103     0    -15.567     15.251    309.096    506.263    400.358
    34   -4900001  (Dvbar)            -44    21    21    52    52     0   102     24.723    158.881    545.231    694.961    399.800
    35          2  (u)                -44    22    22    53    53   102     0    134.851   -183.967    563.395    607.818      0.330
    36         21  (g)                -44    30    30    54    54   101   105    -78.560      3.385    -38.445     87.528      0.000
    37         21  (g)                -44    25    25    55    55   106   107     -8.564     25.696    489.904    490.652      0.000
    38         21  (g)                -44    28    28    56    56   107   108     -2.426     -8.297     50.857     51.587      0.000
    39         21  (g)                -44    29    29    57    57   108   101    -53.035    -19.930     97.132    112.448      0.000
    40         21  (g)                -43    31     0    58    58   109   106     -1.422      8.981    288.643    288.786      0.000
    41         21  (g)                -31   121     0    43    44   111   110      0.000      0.000      1.575      1.575      0.000
    42         21  (g)                -31   122   122    43    44   113   112      0.000      0.000   -544.643    544.643      0.000
    43         21  (g)                -33    41    42   123   123   113   110      4.593      7.716    -11.576     14.651      0.000
    44         21  (g)                -33    41    42   124   124   111   112     -4.593     -7.716   -531.492    531.568      0.000
    45         21  (g)                -31    60     0    47    48   115   114      0.000      0.000      5.996      5.996      0.000
    46         21  (g)                -31    61    61    47    48   117   116      0.000      0.000    -19.415     19.415      0.000
    47         21  (g)                -33    45    46    62    62   117   114     -2.291     -6.472      3.091      7.529      0.000
    48         21  (g)                -33    45    46    63    63   115   116      2.291      6.472    -16.511     17.881      0.000
    49          2  (u)                -42    69    69    31    31   109     0     -0.000     -0.000   2572.929   2572.929      0.000
    50         21  (g)                -41    70     0    59    32   103   118      0.000      0.000   -329.096    329.096      0.000
    51    4900001  (Dv)               -44    33    33    71    71   103     0    -13.312     16.396    308.977    506.161    400.358
    52   -4900001  (Dvbar)            -44    34    34    72    72     0   102     26.436    159.751    546.386    696.130    399.800
    53          2  (u)                -44    35    35    73    73   102     0    135.359   -183.710    563.818    608.245      0.330
    54         21  (g)                -44    36    36    74    74   101   105    -77.119      4.117    -39.321     86.663      0.000
    55         21  (g)                -44    37    37    75    75   106   107     -8.556     25.700    489.911    490.659      0.000
    56         21  (g)                -44    38    38    76    76   107   108     -2.417     -8.293     50.777     51.506      0.000
    57         21  (g)                -44    39    39    77    77   108   101    -52.860    -19.841     96.401    111.718      0.000
    58         21  (g)                -44    40    40    78    78   109   106     -1.420      8.982    288.653    288.796      0.000
    59         21  (g)                -43    50     0    79    79   105   118     -6.111     -3.102    -61.768     62.147      0.000
    60         21  (g)                -41    89    89    64    45   119   114     -0.000      0.000    653.358    653.358      0.000
    61         21  (g)                -42    90     0    46    46   117   116     -0.000      0.000    -19.415     19.415      0.000
    62         21  (g)                -44    47    47    91    91   117   114      1.993    -10.672      0.793     10.885      0.000
    63         21  (g)                -44    48    48    92    92   115   116      2.844      5.930    -13.598     15.105      0.000
    64         21  (g)                -43    60     0    93    93   119   115     -4.836      4.741    646.748    646.783      0.000
    65         21  (g)                -31    81    81    67    68   120   121      0.000      0.000    109.351    109.351      0.000
    66         21  (g)                -31    82     0    67    68   121   122      0.000      0.000     -1.127      1.127      0.000
    67         21  (g)                -33    65    66    83    83   120   123     -3.378     -4.765    101.088    101.257      0.000
    68         21  (g)                -33    65    66    84    84   123   122      3.378      4.765      7.136      9.221      0.000
    69          2  (u)                -42    88    88    49    49   109     0     -0.000     -0.000   2572.929   2572.929      0.000
    70         21  (g)                -41   379   379    80    50   124   118      0.000      0.000   -389.523    389.523      0.000
    71    4900001  (Dv)               -44    51    51   114   114   103     0    -14.985     16.150    309.046    506.242    400.358
    72   -4900001  (Dvbar)            -44    52    52   159   159     0   102     25.165    159.564    545.926    695.678    399.800
    73          2  (u)                -44    53    53   157   158   102     0    134.982   -183.765    562.863    607.293      0.330
    74         21  (g)                -44    54    54   107   107   101   105    -78.188      3.959    -38.673     87.319      0.000
    75         21  (g)                -44    55    55   104   104   106   107     -8.562     25.699    489.922    490.670      0.000
    76         21  (g)                -44    56    56   102   103   107   108     -2.424     -8.294     50.804     51.534      0.000
    77         21  (g)                -44    57    57   115   116   108   101    -52.990    -19.860     96.868    112.186      0.000
    78         21  (g)                -44    58    58    86    87   109   106     -1.421      8.982    288.636    288.779      0.000
    79         21  (g)                -44    59    59   105   106   105   118     -7.162     -3.256    -61.711     62.211      0.000
    80         21  (g)                -43    70     0   112   113   124   103      5.585      0.821    -60.274     60.538      0.000
    81         21  (g)                -42   246   246    65    65   120   121     -0.000      0.000    109.351    109.351      0.000
    82         21  (g)                -41   247     0    85    66   125   122      0.000     -0.000     -2.202      2.202      0.000
    83         21  (g)                -44    67    67   154   155   120   123     -2.989     -4.803     83.786     83.977      0.000
    84         21  (g)                -44    68    68   156   156   123   122      8.189      4.287     16.920     19.280      0.000
    85         21  (g)                -43    82     0   250   250   125   121     -5.200      0.517      6.443      8.296      0.000
    86         21  (g)                -51    78     0   187   187   126   106     -4.375      1.929    376.338    376.368      0.000
    87         21  (g)                -51    78     0    95    96   109   126      2.953      7.052    258.978    259.091      0.000
    88          2  (u)                -53    97    97    69    69   109     0     -0.000     -0.000   2919.609   2919.609      0.000
    89         21  (g)                -42   191   191    60    60   119   114     -0.000     -0.000    653.358    653.358      0.000
    90         21  (g)                -41   192     0    94    61   117   127      0.000      0.000    -19.902     19.902      0.000
    91         21  (g)                -44    62    62   193   193   117   114      1.315    -10.821      0.665     10.921      0.000
    92         21  (g)                -44    63    63   194   194   115   116      0.917      5.506    -14.049     15.117      0.000
    93         21  (g)                -44    64    64   195   195   119   115     -4.839      4.741    636.720    636.756      0.000
    94         21  (g)                -43    90     0   196   196   116   127      2.606      0.574     10.120     10.466      0.000
    95         -1  (dbar)             -51    87     0   262   263     0   126      4.244      4.662    188.308    188.413      0.330
    96          1  (d)                -51    87     0   616   616   109     0     -1.291      2.391    530.530    530.537      0.330
    97          2  (u)                -53   603   603    88    88   109     0     -0.000     -0.000   3379.468   3379.468      0.000
    98         21  (g)                -31   165   165   100   101   129   128      0.000      0.000    122.274    122.274      0.000
    99         21  (g)                -31   166     0   100   101   130   129      0.000      0.000     -1.998      1.998      0.000
   100         21  (g)                -33    98    99   118   119   131   128      2.896      2.603    120.315    120.378      0.000
   101         21  (g)                -33    98    99   120   120   130   131     -2.896     -2.603     -0.038      3.894      0.000
   102         21  (g)                -51    76     0   117   117   132   108      1.125     -7.383     52.967     53.491      0.000
   103         21  (g)                -51    76     0   253   254   107   132     -4.211      1.075     35.706     35.969      0.000
   104         21  (g)                -52    75    75   185   186   106   107     -7.900     23.713    452.054    452.744      0.000
   105         21  (g)                -51    79     0   130   131   133   118     -5.772     -0.538    -58.102     58.391      0.000
   106         21  (g)                -51    79     0   132   132   105   133     -4.544     -2.558     -5.169      7.343      0.000
   107         21  (g)                -52    74    74   184   184   101   105    -75.034      3.800    -37.113     83.796      0.000
   108         21  (g)                -31   137   137   110   111   135   136      0.000      0.000      1.302      1.302      0.000
   109          4  (c)                -31   138     0   110   111   134     0      0.000      0.000    -13.878     13.878      0.000
   110         21  (g)                -33   108   109   139   139   134   136      3.179     -1.401    -10.043     10.626      0.000
   111          4  (c)                -33   108   109   140   140   135     0     -3.179      1.401     -2.533      4.554      1.500
   112         21  (g)                -51    80     0   146   147   124   137      8.246      0.377    -54.790     55.409      0.000
   113         21  (g)                -51    80     0   148   148   137   103     -2.705      0.461     -4.813      5.540      0.000
   114    4900001  (Dv)               -52    71    71   434   434   103     0    -14.941     16.132    308.375    505.831    400.358
   115         21  (g)                -51    77     0   182   183   138   101    -48.401    -19.148     94.595    107.970      0.000
   116         21  (g)                -51    77     0   306   307   108   138     -4.541     -1.027      4.531      6.496      0.000
   117         21  (g)                -52   102   102   255   255   132   108      1.077     -7.068     50.710     51.211      0.000
   118         21  (g)                -51   100     0   167   167   139   128      0.266      0.403    100.181    100.182      0.000
   119         21  (g)                -51   100     0   169   169   131   139      2.486      2.070     20.133     20.391      0.000
   120         21  (g)                -52   101   101   168   168   130   131     -2.751     -2.473     -0.036      3.700      0.000
   121         21  (g)                -41   220   220   125    41   140   110      0.000      0.000      6.435      6.435      0.000
   122         21  (g)                -42   200   200    42    42   113   112     -0.000     -0.000   -544.643    544.643      0.000
   123         21  (g)                -44    43    43   198   199   113   110      1.869      7.233     -7.506     10.590      0.000
   124         21  (g)                -44    44    44   223   223   111   112     -4.660     -7.728   -535.143    535.219      0.000
   125         21  (g)                -43   121     0   224   224   140   111      2.791      0.495      4.441      5.269      0.000
   126         21  (g)                -31   149     0   128   129   141   142      0.000      0.000     33.618     33.618      0.000
   127         21  (g)                -31   150   150   128   129   143   141      0.000      0.000    -37.655     37.655      0.000
   128         21  (g)                -33   126   127   151   151   143   144     -2.287     -1.371    -37.555     37.650      0.000
   129         21  (g)                -33   126   127   152   152   144   142      2.287      1.371     33.518     33.624      0.000
   130         21  (g)                -51   105     0   571   572   145   118     -6.238     -2.072    -57.525     57.900      0.000
   131         21  (g)                -51   105     0   216   216   133   145     -0.441      1.023     -1.609      1.957      0.000
   132         21  (g)                -52   106   106   214   215   105   133     -3.637     -2.048     -4.137      5.877      0.000
   133         21  (g)                -31   160     0   135   136   147   146      0.000      0.000      0.170      0.170      0.000
   134         21  (g)                -31   161   161   135   136   149   148      0.000      0.000   -135.127    135.127      0.000
   135         21  (g)                -33   133   134   162   162   149   146     -0.598      2.398     -9.516      9.832      0.000
   136         21  (g)                -33   133   134   163   163   147   148      0.598     -2.398   -125.441    125.465      0.000
   137         21  (g)                -42   336   336   108   108   135   136     -0.000     -0.000      1.302      1.302      0.000
   138         21  (g)                -41   238   238   141   109   134   150      0.000      0.000    -35.116     35.116      0.000
   139         21  (g)                -44   110   110   338   338   134   136      3.315      0.171    -11.531     12.000      0.000
   140          4  (c)                -44   111   111   339   339   135     0     -3.132      1.940     -3.054      5.015      1.500
   141         -4  (cbar)             -43   138     0   236   237     0   150     -0.184     -2.112    -19.229     19.404      1.500
   142         21  (g)                -31   286   286   144   145   151   152      0.000      0.000      5.123      5.123      0.000
   143         21  (g)                -31   287     0   144   145   152   153      0.000      0.000     -1.131      1.131      0.000
   144         21  (g)                -33   142   143   190   190   151   154      1.655     -1.702      2.517      3.460      0.000
   145         21  (g)                -33   142   143   188   189   154   153     -1.655      1.702      1.475      2.794      0.000
   146         21  (g)                -51   112     0   377   378   124   155      2.958      2.495    -21.089     21.442      0.000
   147         21  (g)                -51   112     0   410   411   155   137      4.816     -2.037    -34.543     34.936      0.000
   148         21  (g)                -52   113   113   432   433   137   103     -2.232      0.380     -3.971      4.571      0.000
   149         21  (g)                -41   239   239   153   126   141   156      0.000      0.000     36.334     36.334      0.000
   150         21  (g)                -42   240     0   127   127   143   141      0.000      0.000    -37.655     37.655      0.000
   151         21  (g)                -44   128   128   241   241   143   144     -2.288     -1.368    -36.994     37.090      0.000
   152         21  (g)                -44   129   129   179   180   144   142      1.712      3.412     33.951     34.165      0.000
   153         21  (g)                -43   149     0   181   181   142   156      0.576     -2.043      1.722      2.734      0.000
   154         21  (g)                -51    83     0   248   248   120   157     -3.533     -5.166     78.811     79.059      0.000
   155         21  (g)                -51    83     0   251   251   157   123      1.423      0.823      6.792      6.988      0.000
   156         21  (g)                -52    84    84   249   249   123   122      7.310      3.826     15.103     17.210      0.000
   157          2  (u)                -51    73     0   508   508   158     0    110.277   -150.245    454.429    491.162      0.330
   158         21  (g)                -51    73     0   506   507   102   158     24.691    -33.481    108.425    116.132      0.000
   159   -4900001  (Dvbar)            -52    72    72   606   606     0   102     25.179    159.525    545.935    695.678    399.800
   160         21  (g)                -41   230   230   164   133   147   159      0.000     -0.000      2.470      2.470      0.000
   161         21  (g)                -42   231     0   134   134   149   148     -0.000     -0.000   -135.127    135.127      0.000
   162         21  (g)                -44   135   135   232   232   149   146     -0.875      0.460     -1.305      1.637      0.000
   163         21  (g)                -44   136   136   233   233   147   148      0.576     -2.548   -133.157    133.183      0.000
   164         21  (g)                -43   160     0   234   234   146   159      0.299      2.088      1.806      2.776      0.000
   165         21  (g)                -42   201     0    98    98   129   128      0.000     -0.000    122.274    122.274      0.000
   166         21  (g)                -41   202   202   170    99   130   160     -0.000      0.000     -2.249      2.249      0.000
   167         21  (g)                -44   118   118   203   203   139   128      0.265      0.404     96.486     96.487      0.000
   168         21  (g)                -44   120   120   204   204   130   131     -4.032     -1.524      0.455      4.334      0.000
   169         21  (g)                -44   119   119   205   205   131   139      2.397      2.136     19.086     19.355      0.000
   170         21  (g)                -43   166     0   206   206   129   160      1.370     -1.015      3.998      4.346      0.000
   171         21  (g)                -31   292     0   173   174   162   161      0.000      0.000      0.054      0.054      0.000
   172          1  (d)                -31   293   293   173   174   161     0      0.000      0.000   -354.541    354.541      0.000
   173         21  (g)                -33   171   172   294   294   162   163     -0.306      2.005    -20.211     20.313      0.000
   174          1  (d)                -33   171   172   295   295   163     0      0.306     -2.005   -334.276    334.282      0.330
   175         21  (g)                -31   270   270   177   178   165   166      0.000      0.000      0.019      0.019      0.000
   176          2  (u)                -31   778   778   177   178   164     0      0.000      0.000   -488.952    488.952      0.000
   177         21  (g)                -33   175   176   779   779   164   166      1.802     -0.888    -62.310     62.343      0.000
   178          2  (u)                -33   175   176   268   269   165     0     -1.802      0.888   -426.623    426.628      0.330
   179         21  (g)                -51   152     0   242   242   144   167     -0.900      0.703     16.557     16.596      0.000
   180         21  (g)                -51   152     0   244   244   167   142      2.716      2.337     17.708     18.067      0.000
   181         21  (g)                -52   153   153   243   243   142   156      0.471     -1.671      1.408      2.236      0.000
   182         21  (g)                -51   115     0   315   316   138   168    -46.650    -17.210     92.467    104.989      0.000
   183         21  (g)                -51   115     0   317   317   168   101     -2.201     -1.915      1.904      3.484      0.000
   184         21  (g)                -52   107   107   608   608   101   105    -74.583      3.777    -36.890     83.293      0.000
   185         21  (g)                -51   104     0   297   298   169   107     -6.864     21.753    396.528    397.183      0.000
   186         21  (g)                -51   104     0   320   320   106   169     -1.385      2.113     85.538     85.576      0.000
   187         21  (g)                -52    86    86   264   264   126   106     -4.026      1.775    346.325    346.353      0.000
   188         21  (g)                -51   145     0   289   289   170   153      1.187      0.735      1.913      2.369      0.000
   189         21  (g)                -51   145     0   290   290   154   170     -2.006      0.107      0.834      2.175      0.000
   190         21  (g)                -52   144   144   288   288   151   154      0.818     -0.842      1.245      1.711      0.000
   191         21  (g)                -42   323   323    89    89   119   114     -0.000      0.000    653.358    653.358      0.000
   192         21  (g)                -41   258   258   197    90   171   127      0.000     -0.000  -1989.857   1989.857      0.000
   193         21  (g)                -44    91    91   208   209   117   114      1.743    -10.838      0.747     11.003      0.000
   194         21  (g)                -44    92    92   217   218   115   116      2.132      5.457    -13.996     15.172      0.000
   195         21  (g)                -44    93    93   311   311   119   115     -4.837      4.741    636.476    636.512      0.000
   196         21  (g)                -44    94    94   219   219   116   127      2.621      0.573     10.227     10.573      0.000
   197         21  (g)                -43   192     0   210   210   171   117     -1.659      0.067  -1969.954   1969.955      0.000
   198         21  (g)                -51   123     0   222   222   172   110      0.346      6.593     -8.325     10.625      0.000
   199         21  (g)                -51   123     0   225   225   113   172      1.522      0.640     -1.348      2.132      0.000
   200         21  (g)                -53   221     0   122   122   113   112      0.000     -0.000   -546.810    546.810      0.000
   201         21  (g)                -41   527   527   207   165   173   128      0.000     -0.000    235.118    235.118      0.000
   202         21  (g)                -42   490   490   166   166   130   160      0.000     -0.000     -2.249      2.249      0.000
   203         21  (g)                -44   167   167   452   452   139   128      0.008      1.624     96.939     96.953      0.000
   204         21  (g)                -44   168   168   530   530   130   131     -4.038     -1.494      0.480      4.332      0.000
   205         21  (g)                -44   169   169   450   451   131   139      2.346      2.379     19.168     19.457      0.000
   206         21  (g)                -44   170   170   488   489   129   160      1.358     -0.962      4.027      4.357      0.000
   207         21  (g)                -43   201     0   533   533   173   129      0.327     -1.547    112.256    112.267      0.000
   208         21  (g)                -51   193     0   321   322   174   114      0.145     -8.677      1.441      8.798      0.000
   209         21  (g)                -51   193     0   213   213   117   174      1.596     -2.160     -1.632      3.143      0.000
   210         21  (g)                -52   197   197   211   212   171   117     -1.658      0.067  -1969.016   1969.017      0.000
   211         21  (g)                -51   210     0   352   352   171   175      0.159      0.343  -1597.441   1597.441      0.000
   212         21  (g)                -51   210     0   354   354   175   117     -1.812     -0.281   -371.579    371.584      0.000
   213         21  (g)                -52   209   209   353   353   117   174      1.592     -2.155     -1.628      3.135      0.000
   214         21  (g)                -51   132     0   447   448   105   176     -2.377      0.356     -1.230      2.700      0.000
   215         21  (g)                -51   132     0   449   449   176   133     -1.627     -1.553     -4.245      4.804      0.000
   216         21  (g)                -52   131   131   621   621   133   145     -0.074      0.172     -0.271      0.329      0.000
   217         21  (g)                -51   194     0   309   310   115   177     -0.766      0.683     -3.371      3.524      0.000
   218         21  (g)                -51   194     0   227   228   177   116      2.948      4.784    -10.431     11.848      0.000
   219         21  (g)                -52   196   196   229   229   116   127      2.571      0.562     10.034     10.373      0.000
   220         21  (g)                -42   654   654   121   121   140   110      0.000      0.000      6.435      6.435      0.000
   221         21  (g)                -41   540   540   226   200   113   178     -0.000     -0.000   -672.210    672.210      0.000
   222         21  (g)                -44   198   198   656   656   172   110      0.368      6.606     -8.329     10.637      0.000
   223         21  (g)                -44   124   124   277   278   111   112     -3.459     -6.975   -535.582    535.639      0.000
   224         21  (g)                -44   125   125   279   279   140   111      2.792      0.496      4.440      5.269      0.000
   225         21  (g)                -44   199   199   538   539   113   172      1.526      0.642     -1.347      2.135      0.000
   226         21  (g)                -43   221     0   660   660   112   178     -1.227     -0.769   -124.957    124.965      0.000
   227          3  (s)                -51   218     0   355   355   177     0      1.961      2.511     -2.903      4.339      0.500
   228         -3  (sbar)             -51   218     0   285   285     0   116      1.044      2.286     -7.304      7.741      0.500
   229         21  (g)                -52   219   219   256   257   116   127      2.514      0.550      9.810     10.142      0.000
   230         21  (g)                -42   751   751   160   160   147   159     -0.000     -0.000      2.470      2.470      0.000
   231         21  (g)                -41   752   752   235   161   179   148      0.000      0.000   -157.407    157.407      0.000
   232         21  (g)                -44   162   162   555   555   149   146     -0.870      0.474     -1.322      1.652      0.000
   233         21  (g)                -44   163   163   754   754   147   148      1.086     -1.306   -134.560    134.571      0.000
   234         21  (g)                -44   164   164   553   554   146   159      0.301      2.092      1.787      2.768      0.000
   235         21  (g)                -43   231     0   756   756   179   149     -0.517     -1.260    -20.842     20.886      0.000
   236         -4  (cbar)             -51   141     0   340   340     0   180      0.205     -0.497     -9.602      9.733      1.500
   237         21  (g)                -51   141     0   341   341   180   150     -0.388     -1.614    -31.880     31.923      0.000
   238         21  (g)                -53   337     0   138   138   134   150      0.000      0.000    -57.368     57.368      0.000
   239         21  (g)                -42   736   736   149   149   141   156      0.000     -0.000     36.334     36.334      0.000
   240         21  (g)                -41   737   737   245   150   181   141     -0.000      0.000    -54.707     54.707      0.000
   241         21  (g)                -44   151   151   267   267   143   144     -3.434     -0.626    -37.002     37.166      0.000
   242         21  (g)                -44   179   179   265   266   144   167     -0.900      0.703     16.559     16.599      0.000
   243         21  (g)                -44   181   181   261   261   142   156      0.459     -1.663      1.382      2.210      0.000
   244         21  (g)                -44   180   180   259   260   167   142      2.711      2.340     17.669     18.028      0.000
   245         21  (g)                -43   240     0   742   742   181   143      1.165     -0.754    -16.981     17.037      0.000
   246         21  (g)                -42   702   702    81    81   120   121      0.000      0.000    109.351    109.351      0.000
   247         21  (g)                -41   703   703   252    82   182   122     -0.000     -0.000     -8.718      8.718      0.000
   248         21  (g)                -44   154   154   312   313   120   157     -3.461     -5.149     77.252     77.501      0.000
   249         21  (g)                -44   156   156   464   464   123   122      7.918      3.975     17.531     19.643      0.000
   250         21  (g)                -44    85    85   273   273   125   121     -4.665      0.647      5.043      6.900      0.000
   251         21  (g)                -44   155   155   314   314   157   123      1.479      0.837      7.252      7.448      0.000
   252         21  (g)                -43   247     0   271   272   182   125     -1.272     -0.311     -6.445      6.576      0.000
   253         21  (g)                -51   103     0   299   299   107   183     -2.915     -0.447     32.338     32.473      0.000
   254         21  (g)                -51   103     0   431   431   183   132     -1.213      0.986      7.219      7.386      0.000
   255         21  (g)                -52   117   117   308   308   132   108      0.996     -6.531     46.858     47.321      0.000
   256         21  (g)                -51   229     0   283   284   116   184      3.536      1.150      9.335     10.048      0.000
   257         21  (g)                -51   229     0   330   331   184   127     -1.022     -0.600     -0.952      1.520      0.000
   258         21  (g)                -53   347   347   192   192   171   127     -0.000     -0.000  -1991.284   1991.284      0.000
   259         21  (g)                -51   244     0   741   741   167   185      3.131      1.151     15.690     16.041      0.000
   260         21  (g)                -51   244     0   505   505   185   142     -0.327      0.852      2.260      2.437      0.000
   261         21  (g)                -52   243   243   503   504   142   156      0.365     -1.325      1.101      1.761      0.000
   262         -1  (dbar)             -51    95     0   515   516     0   186      2.988      2.337     90.982     91.062      0.330
   263         21  (g)                -51    95     0   517   517   186   126      0.956      2.457    123.116    123.144      0.000
   264         21  (g)                -52   187   187   612   612   126   106     -3.726      1.643    320.535    320.561      0.000
   265         21  (g)                -51   242     0   739   739   187   167      0.371     -0.692      6.973      7.017      0.000
   266         21  (g)                -51   242     0   274   275   144   187     -1.280      1.393      9.491      9.678      0.000
   267         21  (g)                -52   241   241   276   276   143   144     -3.425     -0.625    -36.907     37.071      0.000
   268          2  (u)                -51   178     0   780   780   188     0     -2.245      0.049   -339.259    339.266      0.330
   269         21  (g)                -51   178     0   781   781   165   188      0.444      0.839    -87.361     87.366      0.000
   270         21  (g)                -53   777   777   175   175   165   166     -0.000     -0.000      0.023      0.023      0.000
   271         21  (g)                -51   252     0   708   708   182   189     -1.445     -1.303     -4.594      4.989      0.000
   272         21  (g)                -51   252     0   305   305   189   125     -0.046      1.023     -1.614      1.911      0.000
   273         21  (g)                -52   250   250   303   304   125   121     -4.446      0.617      4.806      6.576      0.000
   274         21  (g)                -51   266     0   496   496   190   187      0.108      0.256      6.175      6.181      0.000
   275         21  (g)                -51   266     0   282   282   144   190     -1.402      1.135      3.168      3.645      0.000
   276         21  (g)                -52   267   267   280   281   143   144     -3.412     -0.622    -36.758     36.922      0.000
   277         21  (g)                -51   223     0   300   301   191   112     -2.874     -7.601   -529.884    529.947      0.000
   278         21  (g)                -51   223     0   302   302   111   191     -0.565      0.630     -5.666      5.729      0.000
   279         21  (g)                -52   224   224   335   335   140   111      2.772      0.492      4.409      5.231      0.000
   280         21  (g)                -51   276     0   738   738   143   192     -3.210      0.462    -27.883     28.071      0.000
   281         21  (g)                -51   276     0   443   443   192   144     -0.220     -1.069     -8.833      8.900      0.000
   282         21  (g)                -52   275   275   441   442   144   190     -1.383      1.120      3.125      3.596      0.000
   283         21  (g)                -51   256     0   327   328   193   184      3.020      1.631      9.164      9.785      0.000
   284         21  (g)                -51   256     0   329   329   116   193      0.578     -0.345     -0.265      0.723      0.000
   285         -3  (sbar)             -52   228   228   356   356     0   116      0.982      2.150     -6.868      7.281      0.500
   286         21  (g)                -42   758   758   142   142   151   152      0.000     -0.000      5.123      5.123      0.000
   287         21  (g)                -41   759   759   291   143   194   153     -0.000     -0.000   -289.752    289.752      0.000
   288         21  (g)                -44   190   190   409   409   151   154      1.047     -0.857      1.618      2.109      0.000
   289         21  (g)                -44   188   188   761   761   170   153      1.410      0.719      2.373      2.853      0.000
   290         21  (g)                -44   189   189   407   408   154   170     -1.349      0.062     -0.060      1.352      0.000
   291         21  (g)                -43   287     0   763   763   194   152     -1.107      0.076   -288.559    288.561      0.000
   292         -1  (dbar)             -41   365     0   296   171     0   161     -0.000     -0.000      0.063      0.063      0.000
   293          1  (d)                -42   366   366   172   172   161     0      0.000      0.000   -354.541    354.541      0.000
   294         21  (g)                -44   173   173   367   367   162   163     -0.429      1.563    -11.536     11.649      0.000
   295          1  (d)                -44   174   174   368   368   163     0      0.298     -2.033   -307.335    307.342      0.330
   296         -1  (dbar)             -43   292     0   369   369     0   162      0.130      0.470    -35.608     35.613      0.330
   297         21  (g)                -51   185     0   318   319   169   195     -6.700     21.668    391.183    391.840      0.000
   298         21  (g)                -51   185     0   343   344   195   107     -0.473      0.038      8.759      8.772      0.000
   299         21  (g)                -52   253   253   582   582   107   183     -2.608     -0.400     28.923     29.043      0.000
   300         21  (g)                -51   277     0   440   440   196   112     -2.045     -3.071   -281.563    281.587      0.000
   301         21  (g)                -51   277     0   406   406   191   196     -0.864     -4.491   -248.674    248.716      0.000
   302         21  (g)                -52   278   278   333   334   111   191     -0.530      0.590     -5.313      5.372      0.000
   303         21  (g)                -51   273     0   706   706   197   121     -2.054      1.395      2.504      3.526      0.000
   304         21  (g)                -51   273     0   383   384   125   197     -2.397     -0.662      2.119      3.267      0.000
   305         21  (g)                -52   272   272   385   385   189   125     -0.040      0.907     -1.431      1.694      0.000
   306         21  (g)                -51   116     0   620   620   198   138     -1.699     -0.537      4.356      4.706      0.000
   307         21  (g)                -51   116     0   374   375   108   198     -2.809     -0.711      1.758      3.389      0.000
   308         21  (g)                -52   255   255   376   376   132   108      0.962     -6.311     45.275     45.723      0.000
   309         21  (g)                -51   217     0   349   349   199   177     -0.631     -0.314     -3.263      3.339      0.000
   310         21  (g)                -51   217     0   324   325   115   199     -0.148      1.011      1.634      1.927      0.000
   311         21  (g)                -52   195   195   326   326   119   115     -4.824      4.728    634.735    634.771      0.000
   312         21  (g)                -51   248     0   704   704   120   200      0.399     -0.899     12.383     12.422      0.000
   313         21  (g)                -51   248     0   556   557   200   157     -3.681     -4.148     65.747     65.981      0.000
   314         21  (g)                -52   251   251   462   463   157   123      1.300      0.736      6.373      6.546      0.000
   315         21  (g)                -51   182     0   611   611   138   201    -34.035    -12.453     69.360     78.258      0.000
   316         21  (g)                -51   182     0   403   403   201   168    -12.720     -4.848     23.198     26.898      0.000
   317         21  (g)                -52   183   183   401   402   168   101     -2.096     -1.823      1.813      3.317      0.000
   318         21  (g)                -51   297     0   345   345   202   195     -4.449     10.996    207.348    207.687      0.000
   319         21  (g)                -51   297     0   386   387   169   202     -2.414     10.920    193.879    194.201      0.000
   320         21  (g)                -52   186   186   388   388   106   169     -1.222      1.865     75.495     75.528      0.000
   321         21  (g)                -51   208     0   348   348   174   203     -0.775     -7.155      0.917      7.255      0.000
   322         21  (g)                -51   208     0   360   360   203   114      0.920     -1.523      1.043      2.063      0.000
   323         21  (g)                -53   346     0   191   191   119   114     -0.000      0.000    653.877    653.877      0.000
   324         21  (g)                -51   310     0   359   359   204   199      0.722      0.991      2.756      3.017      0.000
   325         21  (g)                -51   310     0   361   361   115   204     -0.992      0.140     14.936     14.970      0.000
   326         21  (g)                -52   311   311   350   350   119   115     -4.702      4.608    618.676    618.711      0.000
   327         21  (g)                -51   283     0   332   332   205   184      3.430      1.687      8.401      9.230      0.000
   328         21  (g)                -51   283     0   362   362   193   205     -0.254     -0.149      0.691      0.751      0.000
   329         21  (g)                -52   284   284   358   358   116   193      0.422     -0.252     -0.193      0.528      0.000
   330         21  (g)                -51   257     0   357   357   206   127     -1.511     -0.285     -0.384      1.585      0.000
   331         21  (g)                -51   257     0   363   363   184   206      0.860     -0.132      0.342      0.935      0.000
   332         21  (g)                -52   327   327   351   351   205   184      3.058      1.504      7.491      8.230      0.000
   333         21  (g)                -51   302     0   373   373   207   191     -1.239      0.620     -3.803      4.048      0.000
   334         21  (g)                -51   302     0   371   372   111   207      0.831     -0.008     -1.315      1.556      0.000
   335         21  (g)                -52   279   279   658   658   140   111      2.650      0.470      4.214      5.000      0.000
   336         21  (g)                -42   583   583   137   137   135   136      0.000     -0.000      1.302      1.302      0.000
   337         21  (g)                -41   584     0   342   238   134   208     -0.000      0.000   -134.935    134.935      0.000
   338         21  (g)                -44   139   139   585   585   134   136      3.208      0.326    -11.604     12.043      0.000
   339          4  (c)                -44   140   140   586   586   135     0     -3.169      1.993     -3.051      5.057      1.500
   340         -4  (cbar)             -44   236   236   587   587     0   180      0.116     -0.370     -9.654      9.777      1.500
   341         21  (g)                -44   237   237   588   588   180   150     -0.680     -1.194    -32.045     32.074      0.000
   342         21  (g)                -43   337     0   589   589   150   208      0.525     -0.756    -77.280     77.285      0.000
   343         21  (g)                -51   298     0   491   492   209   107     -2.479      3.070     67.063     67.179      0.000
   344         21  (g)                -51   298     0   493   493   195   209     -0.439      3.014     55.687     55.770      0.000
   345         21  (g)                -52   318   318   526   526   202   195     -2.003      4.951     93.357     93.510      0.000
   346         21  (g)                -41   670   670   364   323   210   114      0.000      0.000    986.829    986.829      0.000
   347         21  (g)                -42   671   671   258   258   171   127     -0.000     -0.000  -1991.284   1991.284      0.000
   348         21  (g)                -44   321   321   389   390   174   203     -0.780     -7.157      0.915      7.257      0.000
   349         21  (g)                -44   309   309   423   424   199   177     -0.631     -0.315     -3.264      3.339      0.000
   350         21  (g)                -44   326   326   395   396   119   115     -5.463      4.259    618.674    618.713      0.000
   351         21  (g)                -44   332   332   426   427   205   184      3.049      1.499      7.493      8.228      0.000
   352         21  (g)                -44   211   211   413   414   171   175      0.159      0.343  -1597.440   1597.440      0.000
   353         21  (g)                -44   213   213   418   418   117   174      1.591     -2.155     -1.628      3.135      0.000
   354         21  (g)                -44   212   212   415   415   175   117     -1.812     -0.281   -371.580    371.585      0.000
   355          3  (s)                -44   227   227   455   455   177     0      1.960      2.510     -2.901      4.337      0.500
   356         -3  (sbar)             -44   285   285   680   680     0   116      0.982      2.150     -6.867      7.279      0.500
   357         21  (g)                -44   330   330   681   681   206   127     -1.511     -0.285     -0.385      1.586      0.000
   358         21  (g)                -44   329   329   682   682   116   193      0.421     -0.252     -0.193      0.527      0.000
   359         21  (g)                -44   324   324   425   425   204   199      0.719      0.989      2.757      3.016      0.000
   360         21  (g)                -44   322   322   391   391   203   114      0.918     -1.524      1.044      2.062      0.000
   361         21  (g)                -44   325   325   400   400   115   204     -1.011      0.131     14.936     14.970      0.000
   362         21  (g)                -44   328   328   686   686   193   205     -0.255     -0.149      0.691      0.751      0.000
   363         21  (g)                -44   331   331   428   428   184   206      0.859     -0.133      0.343      0.935      0.000
   364         21  (g)                -43   346     0   397   397   210   119      0.804      0.369    332.950    332.952      0.000
   365         -1  (dbar)             -41   766   766   370   292     0   211     -0.000      0.000      0.153      0.153      0.000
   366          1  (d)                -42   767   767   293   293   161     0     -0.000      0.000   -354.541    354.541      0.000
   367         21  (g)                -44   294   294   382   382   162   163     -0.618      0.797     -4.367      4.482      0.000
   368          1  (d)                -44   295   295   380   381   163     0      0.286     -2.081   -316.131    316.138      0.330
   369         -1  (dbar)             -44   296   296   476   477     0   162      0.122      0.437    -31.859     31.864      0.330
   370         21  (g)                -43   365     0   771   771   161   211      0.210      0.847     -2.032      2.211      0.000
   371         21  (g)                -51   334     0   549   549   111   212      0.167     -0.171      0.095      0.257      0.000
   372         21  (g)                -51   334     0   547   548   212   207     -0.111      0.552     -3.792      3.833      0.000
   373         21  (g)                -52   333   333   404   405   207   191     -0.463      0.232     -1.422      1.513      0.000
   374         -1  (dbar)             -51   307     0   630   630     0   198     -0.149      0.349      2.004      2.067      0.330
   375          1  (d)                -51   307     0   634   634   108     0     -2.613     -1.369      1.974      3.565      0.330
   376         21  (g)                -52   308   308   429   430   132   108      0.915     -6.001     43.054     43.480      0.000
   377         21  (g)                -51   146     0   412   412   213   155      2.261      1.147    -11.422     11.700      0.000
   378         21  (g)                -51   146     0   482   483   124   213      0.697      1.348    -15.499     15.573      0.000
   379         21  (g)                -53   484   484    70    70   124   118      0.000      0.000   -395.354    395.354      0.000
   380          1  (d)                -51   368     0   769   769   214     0      0.899     -1.284   -157.420    157.428      0.330
   381         21  (g)                -51   368     0   394   394   163   214     -0.635     -0.768   -158.867    158.871      0.000
   382         21  (g)                -52   367   367   392   393   162   163     -0.596      0.768     -4.210      4.321      0.000
   383         21  (g)                -51   304     0   552   552   215   197     -1.352     -0.090      2.014      2.428      0.000
   384         21  (g)                -51   304     0   550   551   125   215     -1.052     -0.412     -0.147      1.139      0.000
   385         21  (g)                -52   305   305   709   709   189   125     -0.033      0.746     -1.178      1.395      0.000
   386         21  (g)                -51   319     0   524   525   216   202     -0.888      4.770    101.863    101.979      0.000
   387         21  (g)                -51   319     0   470   470   169   216     -1.762      6.510    106.582    106.795      0.000
   388         21  (g)                -52   320   320   468   469   106   169     -0.986      1.505     60.929     60.956      0.000
   389         21  (g)                -51   348     0   416   417   174   217     -0.141     -6.678      1.599      6.869      0.000
   390         21  (g)                -51   348     0   574   575   217   203     -0.320     -1.008     -0.322      1.106      0.000
   391         21  (g)                -52   360   360   576   576   203   114      0.599     -0.994      0.681      1.345      0.000
   392         21  (g)                -51   382     0   459   460   162   218     -0.986      1.135    -13.090     13.176      0.000
   393         21  (g)                -51   382     0   444   445   218   163      0.331     -0.439     -6.019      6.044      0.000
   394         21  (g)                -52   381   381   446   446   163   214     -0.575     -0.696   -143.968    143.970      0.000
   395         21  (g)                -51   350     0   398   399   219   115     -4.930      3.370    499.430    499.466      0.000
   396         21  (g)                -51   350     0   499   499   119   219     -0.424      0.939    164.150    164.153      0.000
   397         21  (g)                -52   364   364   688   688   210   119      0.696      0.319    288.045    288.046      0.000
   398         21  (g)                -51   395     0   497   498   219   220     -4.409      2.486    451.474    451.502      0.000
   399         21  (g)                -51   395     0   543   543   220   115     -0.677      0.904     50.257     50.270      0.000
   400         21  (g)                -52   361   361   541   542   115   204     -0.855      0.111     12.635     12.664      0.000
   401         21  (g)                -51   317     0   624   624   221   101     -0.243      0.190      0.091      0.322      0.000
   402         21  (g)                -51   317     0   579   579   168   221     -3.144     -2.505      4.076      5.724      0.000
   403         21  (g)                -52   316   316   577   578   201   168    -11.430     -4.357     20.845     24.169      0.000
   404         21  (g)                -51   373     0   502   502   207   222     -0.627     -0.592     -4.867      4.943      0.000
   405         21  (g)                -51   373     0   500   501   222   191      0.118      0.583     -9.921      9.939      0.000
   406         21  (g)                -52   301   301   438   439   191   196     -0.818     -4.249   -235.308    235.348      0.000
   407         -3  (sbar)             -51   290     0   762   762     0   170     -0.223     -0.514     -0.126      0.762      0.500
   408          3  (s)                -51   290     0   570   570   154     0     -0.846      0.346      0.499      1.156      0.500
   409         21  (g)                -52   288   288   568   569   151   154      0.766     -0.627      1.184      1.544      0.000
   410         21  (g)                -51   147     0   622   622   223   137      2.441     -0.714    -11.987     12.254      0.000
   411         21  (g)                -51   147     0   509   510   155   223      2.855     -1.080    -24.984     25.170      0.000
   412         21  (g)                -52   377   377   511   511   213   155      1.780      0.904     -8.994      9.213      0.000
   413         21  (g)                -51   352     0   676   676   171   224      0.023     -0.004  -1606.998   1606.998      0.000
   414         21  (g)                -51   352     0   692   692   224   175     -0.264      0.285    -72.376     72.377      0.000
   415         21  (g)                -52   354   354   437   437   175   117     -1.413     -0.219   -289.646    289.650      0.000
   416         21  (g)                -51   389     0   672   672   225   217      0.557     -6.212      1.129      6.339      0.000
   417         21  (g)                -51   389     0   487   487   174   225     -0.495     -0.740      0.264      0.929      0.000
   418         21  (g)                -52   353   353   435   436   117   174      1.389     -1.881     -1.421      2.736      0.000
   419         21  (g)                -31   471     0   421   422   227   226      0.000      0.000    104.102    104.102      0.000
   420          1  (d)                -31   472   472   421   422   226     0      0.000      0.000   -251.185    251.185      0.000
   421         21  (g)                -33   419   420   473   473   227   228      0.201      0.696    104.100    104.103      0.000
   422          1  (d)                -33   419   420   474   474   228     0     -0.201     -0.696   -251.183    251.184      0.330
   423         21  (g)                -51   349     0   453   454   229   177     -0.760     -0.758     -2.860      3.054      0.000
   424         21  (g)                -51   349     0   694   694   199   229      0.202      0.544     -0.122      0.593      0.000
   425         21  (g)                -52   359   359   683   683   204   199      0.645      0.888      2.475      2.708      0.000
   426         21  (g)                -51   351     0   675   675   205   230      1.650      1.410      4.949      5.404      0.000
   427         21  (g)                -51   351     0   695   695   230   184      1.744      0.036      2.682      3.200      0.000
   428         21  (g)                -52   363   363   687   687   184   206      0.514     -0.079      0.205      0.559      0.000
   429         21  (g)                -51   376     0   610   610   231   108     -0.013     -3.362     27.650     27.853      0.000
   430         21  (g)                -51   376     0   639   639   132   231      0.857     -2.581     15.827     16.059      0.000
   431         21  (g)                -52   254   254   627   627   183   132     -1.142      0.928      6.796      6.954      0.000
   432         21  (g)                -51   148     0   619   619   137   232     -0.465     -0.308     -1.859      1.941      0.000
   433         21  (g)                -51   148     0   456   457   232   103     -1.741      0.688     -1.969      2.717      0.000
   434    4900001  (Dv)               -52   114   114   458   458   103     0    -14.967     16.133    308.232    505.745    400.358
   435         21  (g)                -51   418     0   485   486   233   174      1.247     -1.147     -0.523      1.773      0.000
   436         21  (g)                -51   418     0   696   696   117   233      0.125     -0.737     -4.267      4.332      0.000
   437         21  (g)                -52   415   415   678   678   175   117     -1.396     -0.216   -286.278    286.281      0.000
   438         21  (g)                -51   406     0   662   662   191   235     -0.362     -2.659   -194.225    194.244      0.000
   439         21  (g)                -51   406     0   666   666   235   196     -1.329     -2.903   -161.354    161.386      0.000
   440         21  (g)                -52   300   300   657   657   196   112     -1.171     -1.759   -161.292    161.305      0.000
   441         21  (g)                -51   282     0   494   495   236   190     -1.750      1.082      2.959      3.604      0.000
   442         21  (g)                -51   282     0   747   747   144   236      0.356     -0.020     -0.310      0.472      0.000
   443         21  (g)                -52   281   281   746   746   192   144     -0.208     -1.011     -8.356      8.419      0.000
   444          2  (u)                -51   393     0   461   461   218     0     -0.413     -0.568    -19.323     19.339      0.330
   445         -2  (ubar)             -51   393     0   774   774     0   163      0.598     -0.047    -23.027     23.038      0.330
   446         21  (g)                -52   394   394   772   772   163   214     -0.430     -0.520   -107.636    107.638      0.000
   447         21  (g)                -51   214     0   618   618   105   237     -2.845     -0.181     -1.883      3.416      0.000
   448         21  (g)                -51   214     0   641   641   237   176      0.098      0.184     -0.311      0.375      0.000
   449         21  (g)                -52   215   215   626   626   176   133     -1.258     -1.201     -3.282      3.714      0.000
   450         21  (g)                -51   205     0   531   531   131   238      1.505      1.028     15.586     15.692      0.000
   451         21  (g)                -51   205     0   465   466   238   139      0.841      1.413      7.283      7.466      0.000
   452         21  (g)                -52   203   203   467   467   139   128      0.007      1.562     93.239     93.252      0.000
   453         21  (g)                -51   423     0   673   673   229   239     -0.635     -0.194     -3.287      3.353      0.000
   454         21  (g)                -51   423     0   697   697   239   177      0.142     -0.224      0.051      0.270      0.000
   455          3  (s)                -52   355   355   679   679   177     0      1.694      2.170     -2.524      3.768      0.500
   456         21  (g)                -51   433     0   640   640   232   240     -1.440     -0.068     -0.906      1.702      0.000
   457         21  (g)                -51   433     0   642   642   240   103     -0.242      0.737     -0.843      1.146      0.000
   458    4900001  (Dv)               -52   434   434   605   605   103     0    -15.027     16.152    308.012    505.613    400.358
   459         21  (g)                -51   392     0   478   478   162   241     -1.162      1.135    -19.446     19.514      0.000
   460         21  (g)                -51   392     0   775   775   241   218      0.022     -0.293     -1.912      1.934      0.000
   461          2  (u)                -52   444   444   773   773   218     0     -0.259     -0.275    -11.056     11.067      0.330
   462         21  (g)                -51   314     0   558   558   157   242      1.140      0.558      5.748      5.887      0.000
   463         21  (g)                -51   314     0   713   713   242   123      2.682      1.444      6.209      6.916      0.000
   464         21  (g)                -52   249   249   705   705   123   122      5.396      2.709     11.947     13.386      0.000
   465         21  (g)                -51   451     0   534   534   238   243      0.277      1.588      7.882      8.045      0.000
   466         21  (g)                -51   451     0   535   535   243   139      0.565     -0.039      7.488      7.510      0.000
   467         21  (g)                -52   452   452   529   529   139   128      0.007      1.427     85.151     85.163      0.000
   468         21  (g)                -51   388     0   625   625   106   244     -0.964      1.760     66.446     66.477      0.000
   469         21  (g)                -51   388     0   643   643   244   169     -0.509      1.546     23.961     24.017      0.000
   470         21  (g)                -52   387   387   636   636   169   216     -1.274      4.709     77.103     77.257      0.000
   471         21  (g)                -41   782   782   475   419   245   226     -0.000     -0.000    105.827    105.827      0.000
   472          1  (d)                -42   783   783   420   420   226     0      0.000      0.000   -251.185    251.185      0.000
   473         21  (g)                -44   421   421   481   481   227   228     -0.427      0.722    104.124    104.128      0.000
   474          1  (d)                -44   422   422   479   480   228     0     -0.201     -0.696   -251.125    251.126      0.330
   475         21  (g)                -43   471     0   546   546   245   227      0.628     -0.027      1.642      1.758      0.000
   476         -1  (dbar)             -51   369     0   770   770     0   246     -0.541      0.698    -38.442     38.453      0.330
   477         21  (g)                -51   369     0   776   776   246   162      0.166      0.225     -1.743      1.765      0.000
   478         21  (g)                -52   459   459   768   768   162   241     -0.664      0.649    -11.120     11.159      0.000
   479          1  (d)                -51   474     0   518   519   247     0      0.094     -0.128   -244.693    244.693      0.330
   480         21  (g)                -51   474     0   514   514   228   247     -0.296     -0.568     -6.416      6.448      0.000
   481         21  (g)                -52   473   473   512   513   227   228     -0.427      0.722    104.109    104.112      0.000
   482         21  (g)                -51   378     0   564   564   248   213      0.111      0.813     -5.326      5.389      0.000
   483         21  (g)                -51   378     0   562   563   124   248      0.586      0.535    -27.787     27.798      0.000
   484         21  (g)                -53   573   573   379   379   124   118      0.000      0.000   -412.969    412.969      0.000
   485         21  (g)                -51   435     0   677   677   233   249      0.353     -0.016     -0.486      0.601      0.000
   486         21  (g)                -51   435     0   698   698   249   174      0.646     -1.502      0.096      1.638      0.000
   487         21  (g)                -52   417   417   693   693   174   225     -0.247     -0.369      0.132      0.463      0.000
   488         21  (g)                -51   206     0   532   532   129   250      1.335     -0.204      2.888      3.188      0.000
   489         21  (g)                -51   206     0   536   536   250   160      0.023     -0.758      1.029      1.278      0.000
   490         21  (g)                -53   528     0   202   202   130   160      0.000     -0.000     -2.358      2.358      0.000
   491         21  (g)                -51   343     0   580   581   251   107     -1.769      2.519     44.222     44.329      0.000
   492         21  (g)                -51   343     0   645   645   209   251     -0.913      1.940     48.516     48.563      0.000
   493         21  (g)                -52   344   344   633   633   195   209     -0.237      1.624     30.012     30.057      0.000
   494         21  (g)                -51   441     0   745   745   236   252     -0.308     -0.226      0.321      0.499      0.000
   495         21  (g)                -51   441     0   521   522   252   190     -1.421      1.360      3.892      4.361      0.000
   496         21  (g)                -52   274   274   523   523   190   187      0.086      0.204      4.921      4.926      0.000
   497         21  (g)                -51   398     0   674   674   253   220     -4.505      2.800    517.748    517.775      0.000
   498         21  (g)                -51   398     0   699   699   219   253     -0.081      0.079      2.532      2.535      0.000
   499         21  (g)                -52   396   396   690   690   119   219     -0.246      0.545     95.344     95.346      0.000
   500         21  (g)                -51   405     0   665   665   254   191      0.482      0.080     -3.779      3.811      0.000
   501         21  (g)                -51   405     0   667   667   222   254     -0.734      0.154     -9.014      9.045      0.000
   502         21  (g)                -52   404   404   661   661   207   222     -0.257     -0.243     -1.995      2.026      0.000
   503         21  (g)                -51   261     0   740   740   255   156      0.502     -0.729      0.286      0.931      0.000
   504         21  (g)                -51   261     0   749   749   142   255     -0.225     -0.366      1.424      1.487      0.000
   505         21  (g)                -52   260   260   743   743   185   142     -0.239      0.622      1.650      1.779      0.000
   506          3  (s)                -51   158     0   623   623   102     0      7.109     -9.928     31.685     33.961      0.500
   507         -3  (sbar)             -51   158     0   646   646     0   158     23.387    -31.461    100.657    108.022      0.500
   508          2  (u)                -52   157   157   607   607   158     0    104.472   -142.336    430.511    465.311      0.330
   509         21  (g)                -51   411     0   638   638   256   223      1.080     -0.560     -6.066      6.187      0.000
   510         21  (g)                -51   411     0   647   647   155   256      2.191     -0.308    -21.023     21.139      0.000
   511         21  (g)                -52   412   412   614   614   213   155      1.364      0.692     -6.889      7.057      0.000
   512         21  (g)                -51   481     0   544   545   227   257      0.087      0.429     99.958     99.959      0.000
   513         21  (g)                -51   481     0   559   560   257   228     -0.514      0.292      4.131      4.173      0.000
   514         21  (g)                -52   480   480   520   520   228   247     -0.295     -0.566     -6.396      6.428      0.000
   515         -1  (dbar)             -51   262     0   615   615     0   260      2.825      2.626    108.974    109.043      0.330
   516         21  (g)                -51   262     0   648   648   260   186      0.335      0.155      4.254      4.270      0.000
   517         21  (g)                -52   263   263   628   628   186   126      0.783      2.013    100.869    100.893      0.000
   518          1  (d)                -51   479     0   785   785   261     0     -0.394     -0.309   -208.202    208.202      0.330
   519         21  (g)                -51   479     0   789   789   247   261      0.455      0.117    -37.208     37.211      0.000
   520         21  (g)                -52   514   514   561   561   228   247     -0.262     -0.503     -5.679      5.708      0.000
   521         21  (g)                -51   495     0   748   748   252   262     -0.539      1.319      3.051      3.367      0.000
   522         21  (g)                -51   495     0   750   750   262   190     -0.856      0.102      2.341      2.494      0.000
   523         21  (g)                -52   496   496   744   744   190   187      0.060      0.142      3.421      3.425      0.000
   524         21  (g)                -51   386     0   632   632   216   263     -0.037      1.831     33.485     33.535      0.000
   525         21  (g)                -51   386     0   649   649   263   202     -2.203      6.282    131.414    131.582      0.000
   526         21  (g)                -52   345   345   609   609   202   195     -0.651      1.608     30.322     30.371      0.000
   527         21  (g)                -42   591   591   201   201   173   128     -0.000     -0.000    235.118    235.118      0.000
   528         21  (g)                -41   592     0   537   490   130   265      0.000      0.000     -2.757      2.757      0.000
   529         21  (g)                -44   467   467   593   593   139   128      0.005      1.426     85.024     85.036      0.000
   530         21  (g)                -44   204   204   594   594   130   131     -4.482     -1.609      1.011      4.868      0.000
   531         21  (g)                -44   450   450   595   595   131   238      1.492      1.025     15.367     15.474      0.000
   532         21  (g)                -44   488   488   596   596   129   250      1.301     -0.213      2.740      3.040      0.000
   533         21  (g)                -44   207   207   597   597   173   129      0.325     -1.547    112.154    112.165      0.000
   534         21  (g)                -44   465   465   598   598   238   243      0.258      1.583      7.797      7.960      0.000
   535         21  (g)                -44   466   466   599   599   243   139      0.562     -0.040      7.417      7.439      0.000
   536         21  (g)                -44   489   489   600   600   250   160     -0.005     -0.765      1.050      1.299      0.000
   537         21  (g)                -43   528     0   601   601   160   265      0.543      0.140     -0.199      0.595      0.000
   538         21  (g)                -51   225     0   659   659   266   172      0.755      0.534     -0.293      0.970      0.000
   539         21  (g)                -51   225     0   668   668   113   266      0.772      0.109     -2.687      2.797      0.000
   540         21  (g)                -53   655   655   221   221   113   178     -0.000     -0.000   -673.842    673.842      0.000
   541         21  (g)                -51   400     0   685   685   267   204     -0.250     -0.262     15.088     15.092      0.000
   542         21  (g)                -51   400     0   700   700   115   267     -1.046      0.962     30.311     30.344      0.000
   543         21  (g)                -52   399   399   691   691   220   115     -0.236      0.315     17.493     17.498      0.000
   544         21  (g)                -51   512     0   565   566   268   257      0.049     -0.119     85.013     85.013      0.000
   545         21  (g)                -51   512     0   790   790   227   268      0.088      0.546     15.077     15.087      0.000
   546         21  (g)                -52   475   475   786   786   245   227      0.578     -0.025      1.511      1.618      0.000
   547         21  (g)                -51   372     0   664   664   269   207     -0.486     -0.026     -1.973      2.032      0.000
   548         21  (g)                -51   372     0   669   669   212   269      0.442      0.509     -1.781      1.904      0.000
   549         21  (g)                -52   371   371   663   663   111   212      0.100     -0.103      0.057      0.154      0.000
   550          3  (s)                -51   384     0   712   712   125     0     -1.163     -0.300      0.252      1.325      0.500
   551         -3  (sbar)             -51   384     0   714   714     0   215     -0.437     -0.148      0.417      0.798      0.500
   552         21  (g)                -52   383   383   710   710   215   197     -0.804     -0.053      1.197      1.443      0.000
   553         21  (g)                -51   234     0   755   755   270   159     -0.134      0.387      0.885      0.976      0.000
   554         21  (g)                -51   234     0   757   757   146   270      0.353      1.749      0.778      1.947      0.000
   555         21  (g)                -52   232   232   753   753   149   146     -0.788      0.430     -1.198      1.497      0.000
   556         21  (g)                -51   313     0   711   711   200   271     -3.297     -4.242     62.545     62.776      0.000
   557         21  (g)                -51   313     0   715   715   271   157     -0.293      0.138      3.662      3.676      0.000
   558         21  (g)                -52   462   462   707   707   157   242      1.049      0.513      5.288      5.415      0.000
   559         21  (g)                -51   513     0   567   567   257   273      0.192      0.253      2.645      2.664      0.000
   560         21  (g)                -51   513     0   791   791   273   228     -0.709      0.032      1.414      1.582      0.000
   561         21  (g)                -52   520   520   787   787   228   247     -0.258     -0.496     -5.607      5.635      0.000
   562         21  (g)                -51   483     0   644   644   124   274      0.563      0.822    -29.994     30.011      0.000
   563         21  (g)                -51   483     0   650   650   274   248      0.075      0.093     -0.282      0.306      0.000
   564         21  (g)                -52   482   482   635   635   248   213      0.059      0.433     -2.838      2.871      0.000
   565         21  (g)                -51   544     0   784   784   268   275     -0.166      0.452     30.246     30.250      0.000
   566         21  (g)                -51   544     0   792   792   275   257      0.280     -0.484     55.677     55.680      0.000
   567         21  (g)                -52   559   559   788   788   257   273      0.126      0.166      1.734      1.746      0.000
   568         21  (g)                -51   409     0   760   760   151   276      0.479     -0.251      1.423      1.522      0.000
   569         21  (g)                -51   409     0   765   765   276   154      0.011     -0.250     -0.145      0.289      0.000
   570          3  (s)                -52   408   408   764   764   154     0     -0.570      0.220      0.405      0.888      0.500
   571         21  (g)                -51   130     0   613   613   145   277     -0.546     -0.674    -11.136     11.170      0.000
   572         21  (g)                -51   130     0   651   651   277   118     -5.693     -1.398    -50.263     50.604      0.000
   573         21  (g)                -53   604   604   484   484   124   118      0.000      0.000   -416.843    416.843      0.000
   574         21  (g)                -51   390     0   689   689   217   278     -0.310     -0.068      0.087      0.329      0.000
   575         21  (g)                -51   390     0   701   701   278   203      0.330     -1.506     -0.022      1.542      0.000
   576         21  (g)                -52   391   391   684   684   203   114      0.259     -0.429      0.294      0.581      0.000
   577         21  (g)                -51   403     0   631   631   201   279     -3.633     -1.894      6.210      7.440      0.000
   578         21  (g)                -51   403     0   652   652   279   168     -8.136     -2.733     15.075     17.347      0.000
   579         21  (g)                -52   402   402   637   637   168   221     -2.804     -2.235      3.636      5.106      0.000
   580         21  (g)                -51   491     0   629   629   251   280     -1.420      1.797     39.824     39.889      0.000
   581         21  (g)                -51   491     0   653   653   280   107     -0.679      0.672      8.057      8.113      0.000
   582         21  (g)                -52   299   299   617   617   107   183     -2.278     -0.350     25.265     25.370      0.000
   583         21  (g)                -42   728   728   336   336   135   136     -0.000     -0.000      1.302      1.302      0.000
   584         21  (g)                -41   729   729   590   337   134   281      0.000      0.000   -191.271    191.271      0.000
   585         21  (g)                -44   338   338   730   730   134   136      3.249      0.340    -11.613     12.063      0.000
   586          4  (c)                -44   339   339   731   731   135     0     -3.155      1.998     -3.062      5.056      1.500
   587         -4  (cbar)             -44   340   340   732   732     0   180      0.150     -0.358     -9.665      9.789      1.500
   588         21  (g)                -44   341   341   733   733   180   150     -0.567     -1.157    -32.085     32.111      0.000
   589         21  (g)                -44   342   342   734   734   150   208      0.797     -0.665    -77.373     77.380      0.000
   590         21  (g)                -43   584     0   735   735   208   281     -0.474     -0.158    -56.172     56.174      0.000
   591         21  (g)                -42   716   716   527   527   173   128      0.000     -0.000    235.118    235.118      0.000
   592         -1  (dbar)             -41   717   717   602   528     0   265     -0.000      0.000    -22.183     22.183      0.000
   593         21  (g)                -44   529   529   718   718   139   128      0.005      1.427     85.095     85.107      0.000
   594         21  (g)                -44   530   530   719   719   130   131     -4.595     -1.404      1.064      4.921      0.000
   595         21  (g)                -44   531   531   720   720   131   238      1.489      1.031     15.377     15.484      0.000
   596         21  (g)                -44   532   532   721   721   129   250      1.292     -0.197      2.691      2.991      0.000
   597         21  (g)                -44   533   533   722   722   173   129      0.325     -1.547    112.056    112.068      0.000
   598         21  (g)                -44   534   534   723   723   238   243      0.254      1.591      7.873      8.036      0.000
   599         21  (g)                -44   535   535   724   724   243   139      0.562     -0.039      7.398      7.420      0.000
   600         21  (g)                -44   536   536   725   725   250   160     -0.013     -0.752      1.010      1.259      0.000
   601         21  (g)                -44   537   537   726   726   160   265      0.520      0.182     -0.206      0.588      0.000
   602         -1  (dbar)             -43   592     0   727   727     0   130      0.161     -0.292    -19.423     19.428      0.330
   603          2  (u)                -61     1     0    97    97   109     0     -1.027      2.802   3379.467   3379.469      0.000
   604         21  (g)                -61     2     0   573   573   124   118     -1.320     -1.382   -416.841    416.845      0.000
   605    4900001  (Dv)               -62   458   458   796   797   103     0    -15.463     16.161    308.001    505.620    400.358
   606   -4900001  (Dvbar)            -62   159   159   849   850     0   102     24.753    159.791    545.569    695.436    399.800
   607          2  (u)                -62   508   508   928   928   158     0    104.281   -142.023    430.657    465.307      0.330
   608         21  (g)                -62   184   184  1319  1319   101   105    -74.781      3.597    -36.790     83.418      0.000
   609         21  (g)                -62   526   526   900     0   202   195     -0.660      1.633     30.319     30.371      0.000
   610         21  (g)                -62   429   429  1021  1021   231   108     -0.022     -3.339     27.657     27.857      0.000
   611         21  (g)                -62   315   315  1324  1324   138   201    -34.072    -12.407     69.434     78.332      0.000
   612         21  (g)                -62   264   264  1033  1033   126   106     -3.823      1.909    320.537    320.565      0.000
   613         21  (g)                -62   571   571  1314  1314   145   277     -0.581     -0.711    -11.134     11.172      0.000
   614         21  (g)                -62   511   511  1371  1371   213   155      1.341      0.669     -6.893      7.054      0.000
   615         -1  (dbar)             -62   515   515  1036  1036     0   260      2.792      2.716    108.965    109.035      0.330
   616          1  (d)                -62    96    96  1379  1379   109     0     -1.452      2.831    530.526    530.536      0.330
   617         21  (g)                -62   582   582  1024  1024   107   183     -2.286     -0.329     25.269     25.374      0.000
   618         21  (g)                -62   447   447  1318  1318   105   237     -2.854     -0.189     -1.878      3.422      0.000
   619         21  (g)                -62   432   432  1374  1374   137   232     -0.471     -0.314     -1.858      1.942      0.000
   620         21  (g)                -62   306   306  1325  1325   198   138     -1.701     -0.534      4.359      4.710      0.000
   621         21  (g)                -62   216   216  1315  1315   133   145     -0.075      0.171     -0.271      0.329      0.000
   622         21  (g)                -62   410   410   870     0   223   137      2.403     -0.754    -11.989     12.250      0.000
   623          3  (s)                -62   506   506   901     0   102     0      7.095     -9.905     31.696     33.961      0.500
   624         21  (g)                -62   401   401  1320  1320   221   101     -0.243      0.190      0.091      0.322      0.000
   625         21  (g)                -62   468   468  1032  1032   106   244     -0.985      1.815     66.444     66.476      0.000
   626         21  (g)                -62   449   449  1316  1316   176   133     -1.269     -1.212     -3.277      3.717      0.000
   627         21  (g)                -62   431   431  1023  1023   183   132     -1.145      0.934      6.796      6.955      0.000
   628         21  (g)                -62   517   517  1034  1034   186   126      0.753      2.096    100.864    100.889      0.000
   629         21  (g)                -62   580   580  1026  1026   251   280     -1.432      1.830     39.822     39.890      0.000
   630         -1  (dbar)             -62   374   374  1326  1326     0   198     -0.149      0.351      2.004      2.066      0.330
   631         21  (g)                -62   577   577  1323  1323   201   279     -3.637     -1.890      6.219      7.448      0.000
   632         21  (g)                -62   524   524  1030  1030   216   263     -0.047      1.858     33.481     33.533      0.000
   633         21  (g)                -62   493   493   900     0   195   209     -0.246      1.649     30.009     30.056      0.000
   634          1  (d)                -62   375   375  1020  1020   108     0     -2.616     -1.370      1.981      3.571      0.330
   635         21  (g)                -62   564   564   869     0   248   213      0.050      0.423     -2.839      2.870      0.000
   636         21  (g)                -62   470   470   899     0   169   216     -1.298      4.773     77.095     77.254      0.000
   637         21  (g)                -62   579   579  1321  1321   168   221     -2.808     -2.233      3.644      5.114      0.000
   638         21  (g)                -62   509   509   870     0   256   223      1.061     -0.580     -6.066      6.185      0.000
   639         21  (g)                -62   430   430  1022  1022   132   231      0.852     -2.568     15.831     16.061      0.000
   640         21  (g)                -62   456   456  1375  1375   232   240     -1.444     -0.072     -0.904      1.705      0.000
   641         21  (g)                -62   448   448  1317  1317   237   176      0.097      0.183     -0.312      0.374      0.000
   642         21  (g)                -62   457   457  1376  1376   240   103     -0.245      0.734     -0.844      1.145      0.000
   643         21  (g)                -62   469   469   899     0   244   169     -0.517      1.566     23.959     24.016      0.000
   644         21  (g)                -62   562   562  1369  1369   124   274      0.468      0.723    -29.996     30.009      0.000
   645         21  (g)                -62   492   492  1027  1027   209   251     -0.928      1.980     48.513     48.562      0.000
   646         -3  (sbar)             -62   507   507   929   929     0   158     23.344    -31.387    100.689    108.021      0.500
   647         21  (g)                -62   510   510  1372  1372   155   256      2.125     -0.378    -21.025     21.136      0.000
   648         21  (g)                -62   516   516  1035  1035   260   186      0.334      0.158      4.254      4.270      0.000
   649         21  (g)                -62   525   525  1029  1029   263   202     -2.244      6.391    131.404    131.578      0.000
   650         21  (g)                -62   563   563   869     0   274   248      0.074      0.092     -0.282      0.306      0.000
   651         21  (g)                -62   572   572  1313  1313   277   118     -5.852     -1.565    -50.252     50.616      0.000
   652         21  (g)                -62   578   578  1322  1322   279   168     -8.144     -2.724     15.093     17.365      0.000
   653         21  (g)                -62   581   581  1025  1025   280   107     -0.681      0.678      8.057      8.114      0.000
   654         21  (g)                -61     1     0   220   220   250   110      1.986     -2.762      5.982      6.882      0.000
   655         21  (g)                -61     2     0   540   540   114   171     -1.955      1.835   -673.406    673.411      0.000
   656         21  (g)                -62   222   222  1224  1224   172   189      0.700      6.133     -7.034      9.359      0.000
   657         21  (g)                -62   440   440  1245  1245   196   112     -1.638     -1.323   -161.385    161.399      0.000
   658         21  (g)                -62   335   335  1163  1163   140   255      4.070     -1.505      3.579      5.625      0.000
   659         21  (g)                -62   538   538   875     0   266   161      0.857      0.390     -0.319      0.994      0.000
   660         21  (g)                -62   226   226   879     0   112   194     -1.588     -0.431   -124.852    124.862      0.000
   661         21  (g)                -62   502   502   873     0   207   143     -0.258     -0.244     -2.007      2.039      0.000
   662         21  (g)                -62   438   438  1247  1247   191   235     -0.924     -2.133   -194.618    194.632      0.000
   663         21  (g)                -62   549   549   884     0   111   276      0.132     -0.148      0.012      0.199      0.000
   664         21  (g)                -62   547   547   873     0   269   207     -0.483     -0.033     -1.904      1.964      0.000
   665         21  (g)                -62   500   500   872     0   254   218      0.475      0.083     -3.836      3.866      0.000
   666         21  (g)                -62   439   439  1246  1246   235   196     -1.794     -2.469   -161.671    161.700      0.000
   667         21  (g)                -62   501   501   874     0   222   162     -0.755      0.171     -8.861      8.895      0.000
   668         21  (g)                -62   539   539   876     0   113   144      0.780      0.093     -2.785      2.894      0.000
   669         21  (g)                -62   548   548  1160  1160   212   149      0.456      0.487     -1.743      1.866      0.000
   670         21  (g)                -61     1     0   346   346   110   114      1.045     -0.820    986.827    986.828      0.000
   671         21  (g)                -61     2     0   347   347   171   127      3.110      3.521  -1991.284   1991.290      0.000
   672         21  (g)                -62   416   416  1235  1235   225   217      0.565     -6.211      1.121      6.336      0.000
   673         21  (g)                -62   453   453  1067  1067   229   239     -0.630     -0.188     -3.287      3.352      0.000
   674         21  (g)                -62   497   497  1072  1072   253   220     -3.957      2.370    517.749    517.770      0.000
   675         21  (g)                -62   426   426  1195  1195   205   230      1.656      1.406      4.952      5.407      0.000
   676         21  (g)                -62   413   413  1242  1242   171   224      2.533      2.838  -1606.998   1607.002      0.000
   677         21  (g)                -62   485   485  1238  1238   233   249      0.354     -0.015     -0.486      0.601      0.000
   678         21  (g)                -62   437   437  1240  1240   175   117     -0.949      0.290   -286.278    286.280      0.000
   679          3  (s)                -62   455   455  1065  1065   177     0      1.700      2.175     -2.521      3.772      0.500
   680         -3  (sbar)             -62   356   356  1198  1198     0   116      0.993      2.162     -6.864      7.282      0.500
   681         21  (g)                -62   357   357  1192  1192   206   127     -1.509     -0.284     -0.386      1.584      0.000
   682         21  (g)                -62   358   358  1197  1197   116   193      0.422     -0.251     -0.193      0.528      0.000
   683         21  (g)                -62   425   425  1069  1069   204   199      0.648      0.886      2.477      2.709      0.000
   684         21  (g)                -62   576   576   883     0   203   114      0.259     -0.429      0.293      0.581      0.000
   685         21  (g)                -62   541   541  1070  1070   267   204     -0.234     -0.275     15.088     15.092      0.000
   686         21  (g)                -62   362   362  1196  1196   193   205     -0.254     -0.150      0.691      0.751      0.000
   687         21  (g)                -62   428   428  1193  1193   184   206      0.514     -0.079      0.205      0.559      0.000
   688         21  (g)                -62   397   397  1075  1075   110   119      1.001      0.080    288.045    288.046      0.000
   689         21  (g)                -62   574   574  1234  1234   217   278     -0.309     -0.068      0.087      0.328      0.000
   690         21  (g)                -62   499   499  1074  1074   119   219     -0.146      0.466     95.344     95.345      0.000
   691         21  (g)                -62   543   543   897     0   220   115     -0.217      0.300     17.493     17.497      0.000
   692         21  (g)                -62   414   414  1241  1241   224   175     -0.151      0.413    -72.376     72.377      0.000
   693         21  (g)                -62   487   487  1236  1236   174   225     -0.246     -0.369      0.131      0.463      0.000
   694         21  (g)                -62   424   424  1068  1068   199   229      0.203      0.545     -0.122      0.594      0.000
   695         21  (g)                -62   427   427  1194  1194   230   184      1.748      0.034      2.682      3.202      0.000
   696         21  (g)                -62   436   436  1239  1239   117   233      0.132     -0.729     -4.268      4.332      0.000
   697         21  (g)                -62   454   454  1066  1066   239   177      0.142     -0.224      0.050      0.270      0.000
   698         21  (g)                -62   486   486  1237  1237   249   174      0.648     -1.501      0.094      1.638      0.000
   699         21  (g)                -62   498   498  1073  1073   219   253     -0.079      0.077      2.532      2.535      0.000
   700         21  (g)                -62   542   542   897     0   115   267     -1.014      0.937     30.312     30.343      0.000
   701         21  (g)                -62   575   575   883     0   278   203      0.332     -1.505     -0.024      1.541      0.000
   702         21  (g)                -61     1     0   246   246   122   122      1.229      0.998    109.291    109.303      0.000
   703         21  (g)                -61     2     0   247   247   121   121     -1.445     -0.274     -8.650      8.775      0.000
   704         21  (g)                -62   312   312   888     0   120   187      0.535     -0.787     12.359     12.396      0.000
   705         21  (g)                -62   464   464   890     0   123   242      5.413      2.798     11.413     12.938      0.000
   706         21  (g)                -62   303   303  1093  1093   197   215     -2.104      1.407      2.660      3.671      0.000
   707         21  (g)                -62   558   558   894     0   157   167      1.098      0.559      5.182      5.327      0.000
   708         21  (g)                -62   271   271   944   944   182   269     -2.236     -1.451     -4.403      5.147      0.000
   709         21  (g)                -62   385   385  1223  1223   189   146     -0.246      0.707     -1.180      1.397      0.000
   710         21  (g)                -62   552   552   891     0   215   273     -0.809     -0.045      1.270      1.506      0.000
   711         21  (g)                -62   556   556  1084  1084   200   173     -2.608     -3.671     62.890     63.051      0.000
   712          3  (s)                -62   550   550   919   919   125     0     -1.242     -0.309      0.365      1.422      0.500
   713         21  (g)                -62   463   463   890     0   242   170      2.694      1.491      5.942      6.692      0.000
   714         -3  (sbar)             -62   551   551  1094  1094     0   197     -0.461     -0.148      0.460      0.835      0.500
   715         21  (g)                -62   557   557  1079  1079   271   227     -0.253      0.172      3.683      3.696      0.000
   716         21  (g)                -61     1     0   591   591   114   128     -1.758     -2.133    235.175    235.191      0.000
   717         -1  (dbar)             -61     2     0   592   592     0   114     -0.523     -0.634    -22.174     22.189      0.000
   718         21  (g)                -62   593   593  1081  1081   139   268     -0.631      0.655     85.101     85.106      0.000
   719         21  (g)                -62   594   594   920   920   130   125     -4.663     -1.487      1.116      5.020      0.000
   720         21  (g)                -62   595   595   895     0   131   243      1.373      0.889     15.359     15.446      0.000
   721         21  (g)                -62   596   596   893     0   129   110      1.267     -0.227      2.683      2.976      0.000
   722         21  (g)                -62   597   597  1083  1083   173   275     -0.513     -2.563    112.096    112.126      0.000
   723         21  (g)                -62   598   598  1077  1077   238   245      0.192      1.517      7.857      8.004      0.000
   724         21  (g)                -62   599   599  1086  1086   243   120      0.506     -0.106      7.396      7.414      0.000
   725         21  (g)                -62   600   600  1165  1165   250   142     -0.024     -0.766      1.017      1.274      0.000
   726         21  (g)                -62   601   601   875     0   160   266      0.509      0.169     -0.212      0.577      0.000
   727         -1  (dbar)             -62   602   602  1006  1006     0   128     -0.297     -0.848    -19.413     19.437      0.330
   728         21  (g)                -61     1     0   583   583   281   281      0.457      1.435      0.870      1.739      0.000
   729         21  (g)                -61     2     0   584   584   136   136      0.979      0.786   -191.505    191.509      0.000
   730         21  (g)                -62   585   585   876     0   134   113      3.393      0.641    -12.449     12.919      0.000
   731          4  (c)                -62   586   586   886     0   135     0     -2.781      3.116     -3.950      5.941      1.500
   732         -4  (cbar)             -62   587   587   945   945     0   182      0.221     -0.251     -9.527      9.650      1.500
   733         21  (g)                -62   588   588  1231  1231   180   179     -0.402     -1.014    -31.396     31.415      0.000
   734         21  (g)                -62   589   589   878     0   150   147      1.193     -0.344    -77.241     77.250      0.000
   735         21  (g)                -62   590   590  1243  1243   208   171     -0.187      0.073    -56.072     56.073      0.000
   736         21  (g)                -61     1     0   239   239   141   141     -0.377      0.874     36.319     36.332      0.000
   737         21  (g)                -61     2     0   240   240   156   156      0.303     -1.371    -54.692     54.710      0.000
   738         21  (g)                -62   280   280   942   942   143   222     -3.056     -0.238    -27.913     28.081      0.000
   739         21  (g)                -62   265   265   888     0   187   200      0.298     -0.524      6.990      7.016      0.000
   740         21  (g)                -62   503   503   884     0   255   111      0.498     -0.723      0.308      0.930      0.000
   741         21  (g)                -62   259   259   894     0   167   257      2.967      1.528     15.680     16.032      0.000
   742         21  (g)                -62   245   245  1228  1228   181   134      1.259     -1.179    -16.948     17.036      0.000
   743         21  (g)                -62   505   505   889     0   185   252     -0.256      0.661      1.632      1.780      0.000
   744         21  (g)                -62   523   523   892     0   190   238      0.024      0.224      3.417      3.424      0.000
   745         21  (g)                -62   494   494   887     0   236   130     -0.311     -0.218      0.324      0.500      0.000
   746         21  (g)                -62   443   443   877     0   192   241     -0.162     -1.220     -8.331      8.421      0.000
   747         21  (g)                -62   442   442   881     0   144   160      0.357     -0.028     -0.307      0.472      0.000
   748         21  (g)                -62   521   521   889     0   252   270     -0.571      1.392      3.013      3.368      0.000
   749         21  (g)                -62   504   504   885     0   142   151     -0.240     -0.331      1.431      1.488      0.000
   750         21  (g)                -62   522   522   896     0   262   185     -0.880      0.158      2.331      2.496      0.000
   751         21  (g)                -61     1     0   230   230   148   148     -0.421      0.703      2.402      2.538      0.000
   752         21  (g)                -61     2     0   231   231   159   159      0.235     -0.013   -157.365    157.365      0.000
   753         21  (g)                -62   555   555   886     0   149   135     -0.811      0.472     -1.331      1.629      0.000
   754         21  (g)                -62   233   233  1249  1249   147   163      1.285     -1.316   -134.245    134.258      0.000
   755         21  (g)                -62   553   553  1090  1090   270   123     -0.292      0.652      0.793      1.068      0.000
   756         21  (g)                -62   235   235   880     0   179   228     -0.490     -1.255    -20.702     20.746      0.000
   757         21  (g)                -62   554   554  1222  1222   146   154      0.123      2.137      0.522      2.203      0.000
   758         21  (g)                -61     1     0   286   286   153   153     -1.587     -0.585      4.985      5.264      0.000
   759         21  (g)                -61     2     0   287   287   152   152     -2.818     -0.592   -290.112    290.126      0.000
   760         21  (g)                -62   568   568   885     0   151   140      0.022     -0.419      1.441      1.501      0.000
   761         21  (g)                -62   289   289   898     0   170   157      0.601      0.421      2.554      2.658      0.000
   762         -3  (sbar)             -62   407   407   887     0     0   236     -0.326     -0.552     -0.198      0.836      0.500
   763         21  (g)                -62   291   291   879     0   194   208     -3.916     -0.515   -289.080    289.107      0.000
   764          3  (s)                -62   570   570  1221  1221   154     0     -0.773      0.146      0.315      0.984      0.500
   765         21  (g)                -62   569   569  1161  1161   276   212     -0.013     -0.259     -0.160      0.304      0.000
   766         -1  (dbar)             -61     1     0   365   365     0   118      0.035     -0.943     -1.296      1.603      0.000
   767          1  (d)                -61     2     0   366   366   118     0      0.914     -0.631   -355.838    355.839      0.000
   768         21  (g)                -62   478   478   874     0   162   246     -0.636      0.514     -9.277      9.313      0.000
   769          1  (d)                -62   380   380   925   927   214     0      1.316     -1.597   -162.081    162.095      0.330
   770         -1  (dbar)             -62   476   476   925   927     0   214     -0.447      0.598    -36.432     36.441      0.330
   771         21  (g)                -62   370   370  1225  1225   161   172      0.229      0.296     -0.302      0.481      0.000
   772         21  (g)                -62   446   446  1248  1248   163   191     -0.148     -0.721   -109.597    109.599      0.000
   773          2  (u)                -62   461   461   939   939   218     0     -0.227     -0.331    -11.970     11.981      0.330
   774         -2  (ubar)             -62   445   445   882     0     0   164      0.659     -0.119    -23.365     23.377      0.330
   775         21  (g)                -62   460   460   877     0   241   181      0.032     -0.368     -2.931      2.954      0.000
   776         21  (g)                -62   477   477   872     0   246   254      0.172      0.155     -1.178      1.201      0.000
   777         21  (g)                -61     1     0   270   270   188   109     -0.333      0.058     -1.283      1.327      0.000
   778          2  (u)                -61     2     0   176   176   109     0      1.376     -0.179   -493.729    493.731      0.000
   779         21  (g)                -62   177   177   882     0   164   247      1.697     -0.863    -49.124     49.161      0.000
   780          2  (u)                -62   268   268  1378  1378   188     0     -1.299     -0.072   -359.768    359.771      0.330
   781         21  (g)                -62   269   269  1232  1232   114   180      0.645      0.814    -86.120     86.126      0.000
   782         21  (g)                -61     1     0   471   471   118   188      0.286      0.434    105.824    105.826      0.000
   783          1  (d)                -61     2     0   472   472   188     0      1.358     -1.136   -251.185    251.191      0.000
   784         21  (g)                -62   565   565  1080  1080   268   271     -0.084      0.576     30.244     30.249      0.000
   785          1  (d)                -62   518   518  1312  1312   118     0      0.732     -1.250   -208.201    208.206      0.330
   786         21  (g)                -62   546   546   893     0   245   129      0.582     -0.018      1.512      1.620      0.000
   787         21  (g)                -62   561   561   880     0   228   192     -0.228     -0.522     -5.605      5.634      0.000
   788         21  (g)                -62   567   567   895     0   257   131      0.130      0.173      1.733      1.747      0.000
   789         21  (g)                -62   519   519   878     0   247   150      0.657     -0.051    -37.208     37.214      0.000
   790         21  (g)                -62   545   545   892     0   227   190      0.129      0.608     15.074     15.087      0.000
   791         21  (g)                -62   560   560   891     0   273   262     -0.705      0.038      1.413      1.579      0.000
   792         21  (g)                -62   566   566  1082  1082   275   139      0.431     -0.256     55.678     55.681      0.000
   793       2101  (ud_0)             -63     1     0  1166  1166     0   250      0.122      0.291   1905.473   1905.473      0.579
   794          1  (d)                -63     1     0  1005  1005   128     0      0.341     -0.352     25.990     25.997      0.330
   795          2  (u)                -63     2     0  1191  1191   127     0     -0.214      0.071  -1889.248   1889.248      0.330
   796          1  (d)                -23   605     0   800   800   103     0    -21.057    -72.432    382.350    389.720      0.330
   797    4900101  (qv1)              -23   605     0   798   799     0     0      5.594     88.593    -74.349    115.900      5.000
   798    4900101  (qv1)              -51   797     0   806   806     0     0     17.881     52.204     34.690     65.371      5.000
   799    4900021  (gv)               -51   797     0   801   802     0     0    -14.072     30.248    -76.623     83.571      0.000
   800          1  (d)                -52   796   796   803   803   103     0    -19.272    -66.291    349.934    356.679      0.330
   801    4900021  (gv)               -51   799     0   809   809     0     0    -10.726     45.755    -62.742     78.391      0.000
   802    4900021  (gv)               -51   799     0   807   808     0     0     -4.062    -17.972     -0.865     18.446      0.000
   803          1  (d)                -52   800   800   804   805   103     0    -18.555    -63.825    336.918    343.412      0.330
   804          1  (d)                -51   803     0   812   812   287     0    -13.794    -33.238    251.027    253.593      0.330
   805         21  (g)                -51   803     0   816   817   103   287     -4.236    -29.054     86.891     91.717      0.000
   806    4900101  (qv1)              -52   798   798   818   818     0     0     17.355     50.670     33.690     63.472      5.000
   807    4900021  (gv)               -51   802     0   810   811     0     0      7.328    -11.802    -11.250     17.876      0.000
   808    4900021  (gv)               -51   802     0   904   904     0     0    -13.115      1.185      0.299     13.172      0.000
   809    4900021  (gv)               -52   801   801   903   903     0     0     -9.002     38.399    -52.655     65.789      0.000
   810    4900021  (gv)               -51   807     0   905   905     0     0     15.559     -5.447     -2.892     16.737      0.000
   811    4900021  (gv)               -51   807     0   813   814     0     0     -8.821     -7.778      2.394     12.002      0.000
   812          1  (d)                -52   804   804   815   815   287     0    -13.203    -31.814    240.275    242.731      0.330
   813    4900021  (gv)               -51   811     0   906   906     0     0    -14.483    -15.408     28.975     35.871      0.000
   814    4900021  (gv)               -51   811     0   907   907     0     0      4.015      3.662      3.382      6.401      0.000
   815          1  (d)                -52   812   812   824   824   287     0    -11.557    -27.847    210.311    212.462      0.330
   816         21  (g)                -51   805     0   821   821   293   287      4.002    -23.201     81.207     84.551      0.000
   817         21  (g)                -51   805     0   819   820   103   293     -7.210     -2.846      7.646     10.888      0.000
   818    4900101  (qv1)              -52   806   806   902   902     0     0     16.328     47.664     31.728     59.750      5.000
   819          4  (c)                -51   817     0  1377  1377   103     0     -2.157      1.150      3.996      4.919      1.500
   820         -4  (cbar)             -51   817     0   828   829     0   293     -4.737     -5.828     10.061     12.644      1.500
   821         21  (g)                -52   816   816   822   823   293   287      3.686    -21.369     74.797     77.877      0.000
   822         21  (g)                -51   821     0   827   827   293   295      1.455    -16.935     69.506     71.554      0.000
   823         21  (g)                -51   821     0   825   826   295   287      1.681     -5.760     15.305     16.439      0.000
   824          1  (d)                -52   815   815   831   832   287     0    -11.006    -26.521    200.298    202.346      0.330
   825         21  (g)                -51   823     0   833   833   297   287      1.944    -17.108     56.503     59.069      0.000
   826         21  (g)                -51   823     0   840   841   295   297      0.854     -1.658     12.181     12.323      0.000
   827         21  (g)                -52   822   822   830   830   293   295      0.338     -3.929     16.126     16.601      0.000
   828         -4  (cbar)             -51   820     0   986   986     0   298     -3.115     -2.065      4.830      6.289      1.500
   829         21  (g)                -51   820     0   985   985   298   293     -1.530     -4.830      9.610     10.864      0.000
   830         21  (g)                -52   827   827   984   984   293   295      0.246     -2.862     11.746     12.092      0.000
   831          1  (d)                -51   824     0   976   976   300     0     -9.239    -22.026    154.328    156.166      0.330
   832         21  (g)                -51   824     0   834   835   287   300     -1.700     -5.090     47.934     48.233      0.000
   833         21  (g)                -52   825   825   836   836   297   287      1.877    -16.513     54.539     57.015      0.000
   834         21  (g)                -51   832     0   837   838   303   300     -0.768     -5.507     48.427     48.745      0.000
   835         21  (g)                -51   832     0   839   839   287   303     -0.781     -0.914      3.905      4.086      0.000
   836         21  (g)                -52   833   833   842   842   297   287      1.725    -15.182     50.141     52.417      0.000
   837         21  (g)                -51   834     0   848   848   304   300     -0.293     -4.236     40.285     40.508      0.000
   838         21  (g)                -51   834     0   846   847   303   304     -0.813     -1.667      9.834     10.007      0.000
   839         21  (g)                -52   835   835   980   980   287   303     -0.443     -0.518      2.213      2.316      0.000
   840         21  (g)                -51   826     0   871     0   295   306     -0.375     -1.122      6.002      6.118      0.000
   841         21  (g)                -51   826     0   843   844   306   297      1.472     -2.680     13.259     13.607      0.000
   842         21  (g)                -52   836   836   845   845   297   287      1.482    -13.038     43.060     45.015      0.000
   843         21  (g)                -51   841     0   871     0   306   313      0.166     -1.508      7.601      7.751      0.000
   844         21  (g)                -51   841     0   982   982   313   297      1.521     -3.060     11.894     12.375      0.000
   845         21  (g)                -52   842   842   981   981   297   287      1.267    -11.150     36.825     38.496      0.000
   846         21  (g)                -51   838     0   979   979   303   314     -0.471     -2.640     19.245     19.431      0.000
   847         21  (g)                -51   838     0   978   978   314   304     -0.428     -0.267      2.387      2.440      0.000
   848         21  (g)                -52   837   837   977   977   304   300     -0.207     -2.995     28.486     28.644      0.000
   849         -1  (dbar)             -23   606     0   851   852     0   102     25.010   -134.450    183.508    228.862      0.330
   850   -4900101  (qv1bar)           -23   606     0   853   853     0     0     -0.257    294.242    362.061    466.574      5.000
   851         -1  (dbar)             -51   849     0   862   862     0   319      1.418    -55.730     78.735     96.474      0.330
   852         21  (g)                -51   849     0   854   855   319   102     23.592    -78.081    105.560    133.402      0.000
   853   -4900101  (qv1bar)           -52   850   850   856   856     0     0     -0.257    293.602    361.274    465.560      5.000
   854         21  (g)                -51   852     0   860   861   319   320     19.342    -62.671     78.757    102.491      0.000
   855         21  (g)                -51   852     0   857   858   320   102      4.250    -15.117     27.163     31.375      0.000
   856   -4900101  (qv1bar)           -52   853   853   859   859     0     0     -0.256    293.309    360.914    465.096      5.000
   857         21  (g)                -51   855     0   961   961   320   321      2.700     -7.709     10.836     13.569      0.000
   858         21  (g)                -51   855     0   863   864   321   102      1.550     -7.188     16.597     18.153      0.000
   859   -4900101  (qv1bar)           -52   856   856   865   865     0     0     -0.256    293.090    360.644    464.748      5.000
   860         -2  (ubar)             -51   854     0   962   962     0   320     17.083    -54.186     69.896     90.075      0.330
   861          2  (u)                -51   854     0   934   938   319     0      2.305    -10.293     11.416     15.547      0.330
   862         -1  (dbar)             -52   851   851   934   938     0   319      1.372    -53.922     76.180     93.343      0.330
   863         21  (g)                -51   858     0   960   960   321   323      1.587     -2.241      7.489      7.976      0.000
   864         21  (g)                -51   858     0   866   867   323   102     -0.037     -4.751      9.349     10.487      0.000
   865   -4900101  (qv1bar)           -52   859   859   868   868     0     0     -0.256    292.894    360.403    464.438      5.000
   866         21  (g)                -51   864     0   959   959   323   327     -0.536     -4.064      7.864      8.868      0.000
   867         21  (g)                -51   864     0   901     0   327   102      0.498     -0.580      1.617      1.789      0.000
   868   -4900101  (qv1bar)           -52   865   865   908   908     0     0     -0.256    292.787    360.272    464.268      5.000
   869         21  (g)                -73   635   650  1370  1370   274   213      0.123      0.515     -3.120      3.176      0.261
   870         21  (g)                -73   622   638  1373  1373   256   137      3.463     -1.334    -18.055     18.436      0.354
   871         21  (g)                -73   840   843   983   983   295   313     -0.209     -2.629     13.603     13.869      0.574
   872         21  (g)                -73   665   776   940   940   246   218      0.647      0.238     -5.014      5.067      0.236
   873         21  (g)                -73   661   664   943   943   269   143     -0.741     -0.277     -3.911      4.003      0.316
   874         21  (g)                -73   667   768   941   941   222   246     -1.391      0.685    -18.138     18.208      0.360
   875         21  (g)                -73   659   726   881     0   160   161      1.366      0.559     -0.530      1.571      0.084
   876         21  (g)                -73   668   730  1227  1227   134   144      4.173      0.734    -15.234     15.813      0.116
   877         21  (g)                -73   746   775  1229  1229   192   181     -0.130     -1.588    -11.261     11.375      0.182
   878         21  (g)                -73   734   789  1250  1250   247   147      1.849     -0.395   -114.449    114.465      0.203
   879         21  (g)                -73   660   763  1244  1244   112   208     -5.504     -0.946   -413.931    413.969      0.354
   880         21  (g)                -73   756   787  1230  1230   179   192     -0.718     -1.777    -26.307     26.380      0.393
   881         21  (g)                -73   747   875  1226  1226   144   161      1.723      0.532     -0.838      2.042      0.468
   882         -2  (ubar)             -73   774   779  1251  1251     0   247      2.356     -0.983    -72.489     72.537      0.750
   883         21  (g)                -73   684   701  1233  1233   278   114      0.592     -1.934      0.269      2.122      0.584
   884         21  (g)                -73   663   740  1162  1162   255   276      0.630     -0.871      0.320      1.129      0.130
   885         21  (g)                -73   749   760  1164  1164   142   140     -0.218     -0.751      2.872      2.989      0.277
   886          4  (c)                -73   731   753  1159  1159   149     0     -3.593      3.588     -5.281      7.570      1.906
   887         -3  (sbar)             -73   762   745   921   921     0   130     -0.637     -0.770      0.126      1.336      0.877
   888         21  (g)                -73   704   739  1085  1085   120   200      0.833     -1.310     19.349     19.411      0.105
   889         21  (g)                -73   743   748  1091  1091   185   270     -0.827      2.053      4.645      5.147      0.132
   890         21  (g)                -73   705   713  1089  1089   123   170      8.108      4.289     17.355     19.630      0.168
   891         21  (g)                -73   710   791   896     0   215   262     -1.514     -0.007      2.683      3.085      0.181
   892         21  (g)                -73   744   790  1078  1078   227   238      0.153      0.832     18.491     18.511      0.181
   893         21  (g)                -73   721   786  1076  1076   245   110      1.850     -0.246      4.195      4.596      0.215
   894         21  (g)                -73   707   741   898     0   157   257      4.065      2.087     20.863     21.358      0.219
   895         21  (g)                -73   720   788  1087  1087   257   243      1.503      1.063     17.092     17.193      0.229
   896         21  (g)                -73   750   891  1092  1092   215   185     -2.394      0.151      5.013      5.582      0.520
   897         21  (g)                -73   691   700  1071  1071   220   267     -1.231      1.237     47.805     47.841      0.579
   898         21  (g)                -73   761   894  1088  1088   170   257      4.666      2.508     23.417     24.016      0.592
   899         21  (g)                -73   636   643  1031  1031   244   216     -1.815      6.339    101.054    101.269      0.251
   900         21  (g)                -73   609   633  1028  1028   202   209     -0.906      3.282     60.329     60.426      0.411
   901          3  (s)                -73   623   867   958   958   327     0      7.594    -10.485     33.313     35.750      0.822
   902    4900101  (qv1)              -71   818   818   909   918     0     0     16.328     47.664     31.728     59.750      5.000
   903    4900021  (gv)               -71   809   809   909   918     0     0     -9.002     38.399    -52.655     65.789      0.000
   904    4900021  (gv)               -71   808   808   909   918     0     0    -13.115      1.185      0.299     13.172      0.000
   905    4900021  (gv)               -71   810   810   909   918     0     0     15.559     -5.447     -2.892     16.737      0.000
   906    4900021  (gv)               -71   813   813   909   918     0     0    -14.483    -15.408     28.975     35.871      0.000
   907    4900021  (gv)               -71   814   814   909   918     0     0      4.015      3.662      3.382      6.401      0.000
   908   -4900101  (qv1bar)           -71   868   868   909   918     0     0     -0.256    292.787    360.272    464.268      5.000
   909    4900113  (rhovDiag)         -83   902   908  1639  1640     0     0      5.764     19.621    -12.503     34.635     25.000
   910    4900113  (rhovDiag)         -83   902   908  1656  1657     0     0     -9.363     18.949     -5.589     33.211     25.000
   911    4900113  (rhovDiag)         -83   902   908  1679  1680     0     0     27.864     28.717     15.806     49.758     25.000
   912    4900113  (rhovDiag)         -83   902   908  1702  1703     0     0    -21.482      0.917      0.231     32.976     25.000
   913    4900113  (rhovDiag)         -83   902   908  1725  1726     0     0     -3.971     16.026     -2.729     30.084     25.000
   914    4900111  (pivDiag)          -84   902   908  1733  1734     0     0     -1.532     14.977     18.764     26.053     10.000
   915    4900111  (pivDiag)          -84   902   908  1738  1739     0     0      4.034     18.427     64.597     68.034     10.000
   916    4900113  (rhovDiag)         -84   902   908  1746  1747     0     0    -14.903     73.672     80.077    112.637     25.000
   917    4900111  (pivDiag)          -84   902   908  1781  1782     0     0     -2.652     67.864     80.424    105.738     10.000
   918    4900113  (rhovDiag)         -84   902   908  1792  1793     0     0     15.286    103.673    130.030    168.862     25.000
   919          3  (s)                -71   712   712   922   924   125     0     -1.242     -0.309      0.365      1.422      0.500
   920         21  (g)                -71   719   719   922   924   130   125     -4.663     -1.487      1.116      5.020      0.000
   921         -3  (sbar)             -71   887   887   922   924     0   130     -0.637     -0.770      0.126      1.336      0.877
   922       -321  K-                  83   919   921     0     0     0     0     -3.642     -1.067      0.600      3.874      0.494
   923        211  pi+                 83   919   921     0     0     0     0     -2.846     -1.006      1.050      3.199      0.140
   924        311  (K0)               -84   919   921  1421  1421     0     0     -0.054     -0.494     -0.043      0.705      0.498
   925       -211  pi-                 83   769   770     0     0     0     0      1.365     -1.285   -155.372    155.383      0.140
   926        211  pi+                 84   769   770     0     0     0     0      0.011     -0.036     -3.476      3.479      0.140
   927        221  (eta)              -84   769   770  1818  1820     0     0     -0.506      0.322    -39.665     39.674      0.548
   928          2  (u)                -71   607   607   930   933   158     0    104.281   -142.023    430.657    465.307      0.330
   929         -3  (sbar)             -71   646   646   930   933     0   158     23.344    -31.387    100.689    108.021      0.500
   930        113  (rho0)             -83   928   929  1422  1423     0     0     43.759    -59.857    181.772    196.316      1.104
   931        111  (pi0)              -83   928   929  1821  1822     0     0     38.606    -51.923    157.604    170.369      0.135
   932        111  (pi0)              -84   928   929  1823  1824     0     0     20.232    -27.428     86.634     93.097      0.135
   933        323  (K*+)              -84   928   929  1424  1425     0     0     25.028    -34.202    105.336    113.546      0.975
   934        111  (pi0)              -83   861   862  1825  1826     0     0      0.339     -1.261      1.223      1.794      0.135
   935        223  (omega)            -83   861   862  1827  1829     0     0      1.967    -10.373     12.330     16.252      0.783
   936        111  (pi0)              -84   861   862  1830  1831     0     0      0.429     -6.374      9.247     11.240      0.135
   937        113  (rho0)             -84   861   862  1426  1427     0     0      0.118    -20.504     28.286     34.947      0.846
   938        211  pi+                 84   861   862     0     0     0     0      0.825    -25.702     36.510     44.658      0.140
   939          2  (u)                -71   773   773   946   957   218     0     -0.227     -0.331    -11.970     11.981      0.330
   940         21  (g)                -71   872   872   946   957   246   218      0.647      0.238     -5.014      5.067      0.236
   941         21  (g)                -71   874   874   946   957   222   246     -1.391      0.685    -18.138     18.208      0.360
   942         21  (g)                -71   738   738   946   957   143   222     -3.056     -0.238    -27.913     28.081      0.000
   943         21  (g)                -71   873   873   946   957   269   143     -0.741     -0.277     -3.911      4.003      0.316
   944         21  (g)                -71   708   708   946   957   182   269     -2.236     -1.451     -4.403      5.147      0.000
   945         -4  (cbar)             -71   732   732   946   957     0   182      0.221     -0.251     -9.527      9.650      1.500
   946        321  K+                  83   939   945     0     0     0     0      0.111      0.463     -8.372      8.400      0.494
   947       -311  (Kbar0)            -83   939   945  1428  1428     0     0     -0.612     -0.193     -8.534      8.573      0.498
   948        311  (K0)               -83   939   945  1429  1429     0     0     -0.684      0.121    -11.825     11.856      0.498
   949       -321  K-                  83   939   945     0     0     0     0     -0.039     -0.061     -7.312      7.329      0.494
   950        113  (rho0)             -83   939   945  1430  1431     0     0     -1.194      0.061     -6.719      6.858      0.674
   951        211  pi+                 84   939   945     0     0     0     0     -0.138     -0.096     -8.022      8.025      0.140
   952       -211  pi-                 84   939   945     0     0     0     0     -0.842     -0.462     -3.778      3.901      0.140
   953        213  (rho+)             -84   939   945  1432  1433     0     0     -0.371     -0.075     -3.049      3.167      0.769
   954        313  (K*0)              -84   939   945  1434  1435     0     0     -1.671     -0.448     -8.062      8.297      0.917
   955       -323  (K*-)              -84   939   945  1436  1437     0     0     -0.575     -0.505     -6.857      6.956      0.885
   956        211  pi+                 84   939   945     0     0     0     0     -0.521      0.245     -1.008      1.169      0.140
   957       -411  (D-)               -84   939   945  1832  1834     0     0     -0.246     -0.675     -7.337      7.605      1.870
   958          3  (s)                -71   901   901   963   975   327     0      7.594    -10.485     33.313     35.750      0.822
   959         21  (g)                -71   866   866   963   975   323   327     -0.536     -4.064      7.864      8.868      0.000
   960         21  (g)                -71   863   863   963   975   321   323      1.587     -2.241      7.489      7.976      0.000
   961         21  (g)                -71   857   857   963   975   320   321      2.700     -7.709     10.836     13.569      0.000
   962         -2  (ubar)             -71   860   860   963   975     0   320     17.083    -54.186     69.896     90.075      0.330
   963       -323  (K*-)              -83   958   962  1438  1439     0     0      3.550     -4.726     15.179     16.313      0.886
   964        211  pi+                 83   958   962     0     0     0     0      1.898     -2.853      9.400     10.006      0.140
   965        221  (eta)              -83   958   962  1835  1837     0     0      0.404     -1.420      2.883      3.285      0.548
   966       -211  pi-                 83   958   962     0     0     0     0     -0.041     -0.073      0.841      0.857      0.140
   967       3222  (Sigma+)           -83   958   962  1838  1839     0     0      1.024     -4.369     10.741     11.702      1.189
   968      -3222  (Sigmabar-)        -84   958   962  1840  1841     0     0      1.228     -2.724      6.166      6.954      1.189
   969        211  pi+                 84   958   962     0     0     0     0      0.403     -1.275      2.485      2.825      0.140
   970        331  (eta')             -84   958   962  1842  1843     0     0      1.081     -3.299      4.934      6.108      0.957
   971        221  (eta)              -84   958   962  1844  1845     0     0      0.736     -1.590      2.928      3.455      0.548
   972       -211  pi-                 84   958   962     0     0     0     0      0.323     -1.412      1.992      2.467      0.140
   973        211  pi+                 84   958   962     0     0     0     0      1.032     -1.585      2.245      2.939      0.140
   974        113  (rho0)             -84   958   962  1440  1441     0     0      4.078    -12.923     17.011     21.770      0.973
   975       -213  (rho-)             -84   958   962  1442  1443     0     0     12.712    -40.438     52.592     67.556      1.052
   976          1  (d)                -71   831   831   987  1004   300     0     -9.239    -22.026    154.328    156.166      0.330
   977         21  (g)                -71   848   848   987  1004   304   300     -0.207     -2.995     28.486     28.644      0.000
   978         21  (g)                -71   847   847   987  1004   314   304     -0.428     -0.267      2.387      2.440      0.000
   979         21  (g)                -71   846   846   987  1004   303   314     -0.471     -2.640     19.245     19.431      0.000
   980         21  (g)                -71   839   839   987  1004   287   303     -0.443     -0.518      2.213      2.316      0.000
   981         21  (g)                -71   845   845   987  1004   297   287      1.267    -11.150     36.825     38.496      0.000
   982         21  (g)                -71   844   844   987  1004   313   297      1.521     -3.060     11.894     12.375      0.000
   983         21  (g)                -71   871   871   987  1004   295   313     -0.209     -2.629     13.603     13.869      0.574
   984         21  (g)                -71   830   830   987  1004   293   295      0.246     -2.862     11.746     12.092      0.000
   985         21  (g)                -71   829   829   987  1004   298   293     -1.530     -4.830      9.610     10.864      0.000
   986         -4  (cbar)             -71   828   828   987  1004     0   298     -3.115     -2.065      4.830      6.289      1.500
   987       -211  pi-                 83   976   986     0     0     0     0     -0.722     -2.608     20.233     20.414      0.140
   988        211  pi+                 83   976   986     0     0     0     0     -0.132     -0.796      5.357      5.419      0.140
   989        313  (K*0)              -83   976   986  1444  1445     0     0     -6.393    -14.651    102.908    104.146      0.872
   990       -321  K-                  83   976   986     0     0     0     0     -1.006     -3.152     24.260     24.490      0.494
   991        211  pi+                 83   976   986     0     0     0     0     -0.863     -1.802     10.514     10.703      0.140
   992        311  (K0)               -83   976   986  1446  1446     0     0     -0.626     -1.862     13.480     13.631      0.498
   993       -311  (Kbar0)            -83   976   986  1447  1447     0     0     -0.155     -0.944      8.542      8.609      0.498
   994        311  (K0)               -83   976   986  1448  1448     0     0     -0.204     -1.168     10.089     10.170      0.498
   995       3122  (Lambda0)          -83   976   986  1846  1847     0     0      0.227     -2.471     11.623     11.937      1.116
   996      -2112  nbar0               83   976   986     0     0     0     0     -0.243     -2.389     10.536     10.847      0.940
   997        223  (omega)            -83   976   986  1848  1850     0     0      0.043     -1.942      6.005      6.360      0.780
   998       -211  pi-                 83   976   986     0     0     0     0      1.504    -10.784     37.948     39.479      0.140
   999        111  (pi0)              -84   976   986  1851  1852     0     0      0.126     -0.491      4.551      4.581      0.135
  1000       2212  p+                  84   976   986     0     0     0     0      0.093     -1.926      6.087      6.453      0.938
  1001        213  (rho+)             -84   976   986  1449  1450     0     0     -0.467     -1.367      6.618      6.818      0.779
  1002      -2224  (Deltabar--)       -84   976   986  1451  1452     0     0     -0.077     -2.098      5.641      6.157      1.294
  1003        223  (omega)            -84   976   986  1853  1855     0     0     -0.535     -1.951      4.419      4.923      0.785
  1004       -423  (D*bar0)           -84   976   986  1856  1857     0     0     -3.178     -2.642      6.360      7.846      2.007
  1005          1  (d)                -71   794   794  1007  1019   128     0      0.341     -0.352     25.990     25.997      0.330
  1006         -1  (dbar)             -71   727   727  1007  1019     0   128     -0.297     -0.848    -19.413     19.437      0.330
  1007        111  (pi0)              -83  1005  1006  1858  1859     0     0      0.079      0.065     10.748     10.749      0.135
  1008       -211  pi-                 83  1005  1006     0     0     0     0      0.109     -0.407      0.992      1.087      0.140
  1009        113  (rho0)             -83  1005  1006  1453  1454     0     0      0.206      0.098     12.059     12.102      0.989
  1010        223  (omega)            -83  1005  1006  1860  1862     0     0     -0.014     -0.273      1.043      1.332      0.782
  1011        111  (pi0)              -83  1005  1006  1863  1864     0     0      0.214      0.276      0.277      0.466      0.135
  1012        211  pi+                 83  1005  1006     0     0     0     0     -0.377      0.134     -0.119      0.440      0.140
  1013       -211  pi-                 83  1005  1006     0     0     0     0      0.406     -0.386     -0.277      0.640      0.140
  1014        111  (pi0)              -84  1005  1006  1865  1866     0     0     -0.637     -0.014     -1.291      1.446      0.135
  1015        213  (rho+)             -84  1005  1006  1455  1456     0     0      0.258      0.160     -1.841      2.015      0.761
  1016       -211  pi-                 84  1005  1006     0     0     0     0      0.061      0.089     -1.615      1.625      0.140
  1017        211  pi+                 84  1005  1006     0     0     0     0      0.128     -0.523     -1.785      1.870      0.140
  1018       -211  pi-                 84  1005  1006     0     0     0     0     -0.439     -0.515     -5.230      5.275      0.140
  1019        211  pi+                 84  1005  1006     0     0     0     0      0.051      0.096     -6.385      6.387      0.140
  1020          1  (d)                -71   634   634  1037  1064   108     0     -2.616     -1.370      1.981      3.571      0.330
  1021         21  (g)                -71   610   610  1037  1064   231   108     -0.022     -3.339     27.657     27.857      0.000
  1022         21  (g)                -71   639   639  1037  1064   132   231      0.852     -2.568     15.831     16.061      0.000
  1023         21  (g)                -71   627   627  1037  1064   183   132     -1.145      0.934      6.796      6.955      0.000
  1024         21  (g)                -71   617   617  1037  1064   107   183     -2.286     -0.329     25.269     25.374      0.000
  1025         21  (g)                -71   653   653  1037  1064   280   107     -0.681      0.678      8.057      8.114      0.000
  1026         21  (g)                -71   629   629  1037  1064   251   280     -1.432      1.830     39.822     39.890      0.000
  1027         21  (g)                -71   645   645  1037  1064   209   251     -0.928      1.980     48.513     48.562      0.000
  1028         21  (g)                -71   900   900  1037  1064   202   209     -0.906      3.282     60.329     60.426      0.411
  1029         21  (g)                -71   649   649  1037  1064   263   202     -2.244      6.391    131.404    131.578      0.000
  1030         21  (g)                -71   632   632  1037  1064   216   263     -0.047      1.858     33.481     33.533      0.000
  1031         21  (g)                -71   899   899  1037  1064   244   216     -1.815      6.339    101.054    101.269      0.251
  1032         21  (g)                -71   625   625  1037  1064   106   244     -0.985      1.815     66.444     66.476      0.000
  1033         21  (g)                -71   612   612  1037  1064   126   106     -3.823      1.909    320.537    320.565      0.000
  1034         21  (g)                -71   628   628  1037  1064   186   126      0.753      2.096    100.864    100.889      0.000
  1035         21  (g)                -71   648   648  1037  1064   260   186      0.334      0.158      4.254      4.270      0.000
  1036         -1  (dbar)             -71   615   615  1037  1064     0   260      2.792      2.716    108.965    109.035      0.330
  1037       -211  pi-                 83  1020  1036     0     0     0     0     -1.852     -0.404      1.288      2.296      0.140
  1038        213  (rho+)             -83  1020  1036  1457  1458     0     0     -0.538     -1.812      4.437      5.000      1.321
  1039        111  (pi0)              -83  1020  1036  1867  1868     0     0      0.151     -0.487      9.905      9.919      0.135
  1040        311  (K0)               -83  1020  1036  1459  1459     0     0     -0.090     -0.457      2.235      2.337      0.498
  1041       -313  (K*bar0)           -83  1020  1036  1460  1461     0     0     -0.343     -0.988      7.893      8.020      0.969
  1042        113  (rho0)             -83  1020  1036  1462  1463     0     0      0.250     -1.025     10.960     11.076      1.198
  1043       -213  (rho-)             -83  1020  1036  1464  1465     0     0     -0.297     -0.430      5.322      5.381      0.604
  1044        111  (pi0)              -83  1020  1036  1869  1870     0     0     -0.212     -0.907      7.781      7.838      0.135
  1045        211  pi+                 83  1020  1036     0     0     0     0      0.421     -0.014      4.500      4.522      0.140
  1046       -211  pi-                 83  1020  1036     0     0     0     0     -0.441     -0.132      1.443      1.521      0.140
  1047        211  pi+                 83  1020  1036     0     0     0     0     -1.525      0.273     11.782     11.884      0.140
  1048       3212  (Sigma0)           -83  1020  1036  1871  1872     0     0     -1.182      0.547     18.013     18.099      1.193
  1049      -3222  (Sigmabar-)        -84  1020  1036  1873  1874     0     0     -1.148      2.702     65.615     65.691      1.189
  1050        213  (rho+)             -84  1020  1036  1466  1467     0     0     -2.041      4.581     85.644     85.793      0.669
  1051       -211  pi-                 84  1020  1036     0     0     0     0     -0.220      0.855     10.937     10.973      0.140
  1052        211  pi+                 84  1020  1036     0     0     0     0     -0.469      0.659     16.992     17.012      0.140
  1053        311  (K0)               -84  1020  1036  1468  1468     0     0     -1.550      5.802    113.197    113.357      0.498
  1054       -323  (K*-)              -84  1020  1036  1469  1470     0     0     -0.853      3.751     73.723     73.829      0.911
  1055        221  (eta)              -84  1020  1036  1875  1877     0     0     -1.573      2.045     48.328     48.400      0.548
  1056        211  pi+                 84  1020  1036     0     0     0     0      0.142      1.203     31.094     31.118      0.140
  1057        313  (K*0)              -84  1020  1036  1471  1472     0     0     -1.015      1.429     50.707     50.747      0.960
  1058       3214  (Sigma*0)          -84  1020  1036  1473  1474     0     0     -1.534      1.225    148.951    148.971      1.382
  1059        211  pi+                 84  1020  1036     0     0     0     0     -0.004      0.173      4.758      4.764      0.140
  1060      -2224  (Deltabar--)       -84  1020  1036  1475  1476     0     0     -0.851      1.576    119.496    119.518      1.422
  1061        211  pi+                 84  1020  1036     0     0     0     0     -0.518      0.201     65.917     65.920      0.140
  1062       -211  pi-                 84  1020  1036     0     0     0     0     -0.152     -0.103      7.706      7.710      0.140
  1063       2212  p+                  84  1020  1036     0     0     0     0      0.548      1.008     60.132     60.150      0.938
  1064      -2112  nbar0               84  1020  1036     0     0     0     0      2.700      3.110    112.499    112.578      0.940
  1065          3  (s)                -71   679   679  1095  1158   177     0      1.700      2.175     -2.521      3.772      0.500
  1066         21  (g)                -71   697   697  1095  1158   239   177      0.142     -0.224      0.050      0.270      0.000
  1067         21  (g)                -71   673   673  1095  1158   229   239     -0.630     -0.188     -3.287      3.352      0.000
  1068         21  (g)                -71   694   694  1095  1158   199   229      0.203      0.545     -0.122      0.594      0.000
  1069         21  (g)                -71   683   683  1095  1158   204   199      0.648      0.886      2.477      2.709      0.000
  1070         21  (g)                -71   685   685  1095  1158   267   204     -0.234     -0.275     15.088     15.092      0.000
  1071         21  (g)                -71   897   897  1095  1158   220   267     -1.231      1.237     47.805     47.841      0.579
  1072         21  (g)                -71   674   674  1095  1158   253   220     -3.957      2.370    517.749    517.770      0.000
  1073         21  (g)                -71   699   699  1095  1158   219   253     -0.079      0.077      2.532      2.535      0.000
  1074         21  (g)                -71   690   690  1095  1158   119   219     -0.146      0.466     95.344     95.345      0.000
  1075         21  (g)                -71   688   688  1095  1158   110   119      1.001      0.080    288.045    288.046      0.000
  1076         21  (g)                -71   893   893  1095  1158   245   110      1.850     -0.246      4.195      4.596      0.215
  1077         21  (g)                -71   723   723  1095  1158   238   245      0.192      1.517      7.857      8.004      0.000
  1078         21  (g)                -71   892   892  1095  1158   227   238      0.153      0.832     18.491     18.511      0.181
  1079         21  (g)                -71   715   715  1095  1158   271   227     -0.253      0.172      3.683      3.696      0.000
  1080         21  (g)                -71   784   784  1095  1158   268   271     -0.084      0.576     30.244     30.249      0.000
  1081         21  (g)                -71   718   718  1095  1158   139   268     -0.631      0.655     85.101     85.106      0.000
  1082         21  (g)                -71   792   792  1095  1158   275   139      0.431     -0.256     55.678     55.681      0.000
  1083         21  (g)                -71   722   722  1095  1158   173   275     -0.513     -2.563    112.096    112.126      0.000
  1084         21  (g)                -71   711   711  1095  1158   200   173     -2.608     -3.671     62.890     63.051      0.000
  1085         21  (g)                -71   888   888  1095  1158   120   200      0.833     -1.310     19.349     19.411      0.105
  1086         21  (g)                -71   724   724  1095  1158   243   120      0.506     -0.106      7.396      7.414      0.000
  1087         21  (g)                -71   895   895  1095  1158   257   243      1.503      1.063     17.092     17.193      0.229
  1088         21  (g)                -71   898   898  1095  1158   170   257      4.666      2.508     23.417     24.016      0.592
  1089         21  (g)                -71   890   890  1095  1158   123   170      8.108      4.289     17.355     19.630      0.168
  1090         21  (g)                -71   755   755  1095  1158   270   123     -0.292      0.652      0.793      1.068      0.000
  1091         21  (g)                -71   889   889  1095  1158   185   270     -0.827      2.053      4.645      5.147      0.132
  1092         21  (g)                -71   896   896  1095  1158   215   185     -2.394      0.151      5.013      5.582      0.520
  1093         21  (g)                -71   706   706  1095  1158   197   215     -2.104      1.407      2.660      3.671      0.000
  1094         -3  (sbar)             -71   714   714  1095  1158     0   197     -0.461     -0.148      0.460      0.835      0.500
  1095       -321  K-                  83  1065  1094     0     0     0     0      0.652      0.471     -0.788      1.230      0.494
  1096        211  pi+                 83  1065  1094     0     0     0     0      0.346      0.046     -0.758      0.846      0.140
  1097        111  (pi0)              -83  1065  1094  1878  1879     0     0     -0.448      0.572     -0.759      1.060      0.135
  1098       -211  pi-                 83  1065  1094     0     0     0     0      0.599      0.300     -1.794      1.920      0.140
  1099        211  pi+                 83  1065  1094     0     0     0     0      0.321      0.908      0.092      0.977      0.140
  1100        221  (eta)              -83  1065  1094  1880  1881     0     0      0.495     -0.222     -0.630      0.996      0.548
  1101        221  (eta)              -83  1065  1094  1882  1883     0     0     -0.096      0.461     -0.204      0.751      0.548
  1102        221  (eta)              -83  1065  1094  1884  1886     0     0     -0.263      0.376      0.008      0.715      0.548
  1103        221  (eta)              -83  1065  1094  1887  1889     0     0      0.043     -0.784      0.755      1.219      0.548
  1104       -211  pi-                 83  1065  1094     0     0     0     0      0.054      0.923      2.608      2.770      0.140
  1105       2212  p+                  83  1065  1094     0     0     0     0      0.051     -0.440      8.073      8.139      0.938
  1106        211  pi+                 83  1065  1094     0     0     0     0      0.041      0.474      4.995      5.020      0.140
  1107      -2214  (Deltabar-)        -83  1065  1094  1477  1478     0     0     -0.638      0.726     15.699     15.773      1.182
  1108       2114  (Delta0)           -83  1065  1094  1479  1480     0     0     -0.919      0.852    107.479    107.493      1.238
  1109        111  (pi0)              -83  1065  1094  1890  1892     0     0     -0.172     -0.021     34.935     34.935      0.135
  1110      -2112  nbar0               83  1065  1094     0     0     0     0     -1.394      1.072    214.473    214.482      0.940
  1111        313  (K*0)              -83  1065  1094  1481  1482     0     0     -0.853      0.386    158.783    158.788      0.870
  1112       -311  (Kbar0)            -83  1065  1094  1483  1483     0     0     -0.871      0.218    115.389    115.394      0.498
  1113        113  (rho0)             -83  1065  1094  1484  1485     0     0      0.473      0.037    148.917    148.920      0.974
  1114       -213  (rho-)             -83  1065  1094  1486  1487     0     0     -0.558      0.249     30.888     30.901      0.682
  1115        113  (rho0)             -83  1065  1094  1488  1489     0     0      0.283      0.323     28.908     28.922      0.777
  1116        211  pi+                 83  1065  1094     0     0     0     0     -0.120      0.040      3.984      3.989      0.140
  1117        223  (omega)            -83  1065  1094  1893  1895     0     0      0.874      0.047     61.117     61.129      0.779
  1118       -211  pi-                 83  1065  1094     0     0     0     0     -0.243     -0.476      6.620      6.643      0.140
  1119       2112  n0                  83  1065  1094     0     0     0     0      0.528      0.399     11.156     11.215      0.940
  1120        111  (pi0)              -83  1065  1094  1896  1897     0     0      0.538      0.043      1.648      1.740      0.135
  1121      -2112  nbar0               83  1065  1094     0     0     0     0      0.018      0.611     11.092     11.149      0.940
  1122        113  (rho0)             -83  1065  1094  1490  1491     0     0     -0.089      0.400      6.346      6.395      0.675
  1123        211  pi+                 83  1065  1094     0     0     0     0      0.622     -0.395      5.479      5.530      0.140
  1124        111  (pi0)              -83  1065  1094  1898  1899     0     0      0.013      0.776      4.146      4.220      0.135
  1125       -211  pi-                 84  1065  1094     0     0     0     0     -0.156      0.301     16.763     16.767      0.140
  1126        211  pi+                 84  1065  1094     0     0     0     0     -0.130     -0.082      2.007      2.018      0.140
  1127        113  (rho0)             -84  1065  1094  1492  1493     0     0      0.095     -0.188     25.638     25.651      0.774
  1128       1114  (Delta-)           -84  1065  1094  1494  1495     0     0      0.016      0.564     22.039     22.087      1.329
  1129       -311  (Kbar0)            -84  1065  1094  1496  1496     0     0      0.035     -0.084      5.554      5.577      0.498
  1130      -3112  (Sigmabar+)        -84  1065  1094  1900  1901     0     0      0.381      0.245     30.150     30.177      1.197
  1131       2112  n0                  84  1065  1094     0     0     0     0      0.070      0.300     25.312     25.331      0.940
  1132      -2112  nbar0               84  1065  1094     0     0     0     0     -0.708      0.631     55.844     55.860      0.940
  1133       1114  (Delta-)           -84  1065  1094  1497  1498     0     0     -0.637     -1.046     60.316     60.340      1.205
  1134        211  pi+                 84  1065  1094     0     0     0     0      0.026     -0.830     14.758     14.782      0.140
  1135      -2112  nbar0               84  1065  1094     0     0     0     0     -0.504     -1.130     48.479     48.504      0.940
  1136       -211  pi-                 84  1065  1094     0     0     0     0     -0.187     -0.132      2.963      2.976      0.140
  1137        223  (omega)            -84  1065  1094  1902  1904     0     0      0.136     -1.190     28.536     28.571      0.778
  1138        221  (eta)              -84  1065  1094  1905  1907     0     0     -0.298     -1.453     21.124     21.183      0.548
  1139        213  (rho+)             -84  1065  1094  1499  1500     0     0     -0.802     -0.571     14.538     14.589      0.726
  1140       -211  pi-                 84  1065  1094     0     0     0     0      0.382     -0.287     12.049     12.059      0.140
  1141        321  K+                  84  1065  1094     0     0     0     0      0.730      0.224      6.219      6.285      0.494
  1142       -313  (K*bar0)           -84  1065  1094  1501  1502     0     0      0.857     -0.050     10.146     10.227      0.951
  1143       -211  pi-                 84  1065  1094     0     0     0     0      1.691      0.954     13.956     14.091      0.140
  1144        211  pi+                 84  1065  1094     0     0     0     0      1.029      0.408      3.772      3.933      0.140
  1145       -213  (rho-)             -84  1065  1094  1503  1504     0     0      1.432      0.597      6.368      6.604      0.805
  1146        211  pi+                 84  1065  1094     0     0     0     0      0.617      0.650      2.394      2.560      0.140
  1147       -211  pi-                 84  1065  1094     0     0     0     0      1.984      1.123      6.394      6.789      0.140
  1148        223  (omega)            -84  1065  1094  1908  1910     0     0      1.774      0.977      4.309      4.825      0.781
  1149        111  (pi0)              -84  1065  1094  1911  1912     0     0      0.220      0.111      0.090      0.295      0.135
  1150        221  (eta)              -84  1065  1094  1913  1915     0     0      0.814      0.683      2.879      3.117      0.548
  1151        321  K+                  84  1065  1094     0     0     0     0      0.111      0.971      1.572      1.916      0.494
  1152       -311  (Kbar0)            -84  1065  1094  1505  1505     0     0      1.276      0.416      3.329      3.624      0.498
  1153       -211  pi-                 84  1065  1094     0     0     0     0      0.092      0.297      0.538      0.637      0.140
  1154       2224  (Delta++)          -84  1065  1094  1506  1507     0     0      0.576      1.334      5.484      5.967      1.849
  1155       -213  (rho-)             -84  1065  1094  1508  1509     0     0     -0.949      0.871      2.522      3.205      1.499
  1156      -2112  nbar0               84  1065  1094     0     0     0     0     -1.058      0.790      2.599      3.063      0.940
  1157       -213  (rho-)             -84  1065  1094  1510  1511     0     0     -1.881      0.494      2.881      3.539      0.664
  1158        323  (K*+)              -84  1065  1094  1512  1513     0     0     -0.826      0.456      1.400      1.906      0.883
  1159          4  (c)                -71   886   886  1167  1190   149     0     -3.593      3.588     -5.281      7.570      1.906
  1160         21  (g)                -71   669   669  1167  1190   212   149      0.456      0.487     -1.743      1.866      0.000
  1161         21  (g)                -71   765   765  1167  1190   276   212     -0.013     -0.259     -0.160      0.304      0.000
  1162         21  (g)                -71   884   884  1167  1190   255   276      0.630     -0.871      0.320      1.129      0.130
  1163         21  (g)                -71   658   658  1167  1190   140   255      4.070     -1.505      3.579      5.625      0.000
  1164         21  (g)                -71   885   885  1167  1190   142   140     -0.218     -0.751      2.872      2.989      0.277
  1165         21  (g)                -71   725   725  1167  1190   250   142     -0.024     -0.766      1.017      1.274      0.000
  1166       2101  (ud_0)             -71   793   793  1167  1190     0   250      0.122      0.291   1905.473   1905.473      0.579
  1167        421  (D0)               -83  1159  1166  1916  1920     0     0     -2.423      2.649     -3.993      5.685      1.865
  1168        213  (rho+)             -83  1159  1166  1514  1515     0     0     -0.344      0.709     -1.239      1.671      0.799
  1169       -211  pi-                 83  1159  1166     0     0     0     0     -0.046      0.235     -0.542      0.608      0.140
  1170        111  (pi0)              -83  1159  1166  1921  1922     0     0      0.026     -0.034     -0.046      0.149      0.135
  1171        111  (pi0)              -83  1159  1166  1923  1924     0     0     -0.395      0.047     -0.453      0.618      0.135
  1172        323  (K*+)              -83  1159  1166  1516  1517     0     0      0.241     -0.285      0.409      1.065      0.910
  1173       -321  K-                  83  1159  1166     0     0     0     0      0.741     -0.050     -0.465      1.006      0.494
  1174        211  pi+                 83  1159  1166     0     0     0     0      0.506      0.028      0.272      0.592      0.140
  1175       -213  (rho-)             -83  1159  1166  1518  1519     0     0      0.416     -0.580      0.768      1.325      0.810
  1176        111  (pi0)              -83  1159  1166  1925  1926     0     0      0.000     -0.085     -0.064      0.172      0.135
  1177        321  K+                  83  1159  1166     0     0     0     0      0.635     -0.286      1.338      1.588      0.494
  1178       -313  (K*bar0)           -83  1159  1166  1520  1521     0     0      0.815     -0.633      0.809      1.564      0.852
  1179       -211  pi-                 83  1159  1166     0     0     0     0      0.953     -0.180      0.966      1.376      0.140
  1180        211  pi+                 84  1159  1166     0     0     0     0      0.200     -0.730      3.114      3.207      0.140
  1181        111  (pi0)              -84  1159  1166  1927  1928     0     0     -0.329      0.059      0.341      0.496      0.135
  1182       -213  (rho-)             -84  1159  1166  1522  1523     0     0      0.207     -0.142      2.908      2.972      0.559
  1183        323  (K*+)              -84  1159  1166  1524  1525     0     0      0.468     -0.960      6.346      6.501      0.920
  1184       -311  (Kbar0)            -84  1159  1166  1526  1526     0     0     -0.554     -0.036     17.973     17.989      0.498
  1185       -211  pi-                 84  1159  1166     0     0     0     0      0.174      0.369     46.548     46.550      0.140
  1186        113  (rho0)             -84  1159  1166  1527  1528     0     0      0.071     -0.352    107.046    107.052      1.064
  1187        211  pi+                 84  1159  1166     0     0     0     0     -0.350      0.229    109.390    109.391      0.140
  1188        311  (K0)               -84  1159  1166  1529  1529     0     0      0.374      0.403    197.556    197.557      0.498
  1189       -321  K-                  84  1159  1166     0     0     0     0     -0.077     -0.257    662.418    662.418      0.494
  1190       2212  p+                  84  1159  1166     0     0     0     0      0.120      0.096    754.677    754.677      0.938
  1191          2  (u)                -71   795   795  1199  1220   127     0     -0.214      0.071  -1889.248   1889.248      0.330
  1192         21  (g)                -71   681   681  1199  1220   206   127     -1.509     -0.284     -0.386      1.584      0.000
  1193         21  (g)                -71   687   687  1199  1220   184   206      0.514     -0.079      0.205      0.559      0.000
  1194         21  (g)                -71   695   695  1199  1220   230   184      1.748      0.034      2.682      3.202      0.000
  1195         21  (g)                -71   675   675  1199  1220   205   230      1.656      1.406      4.952      5.407      0.000
  1196         21  (g)                -71   686   686  1199  1220   193   205     -0.254     -0.150      0.691      0.751      0.000
  1197         21  (g)                -71   682   682  1199  1220   116   193      0.422     -0.251     -0.193      0.528      0.000
  1198         -3  (sbar)             -71   680   680  1199  1220     0   116      0.993      2.162     -6.864      7.282      0.500
  1199        211  pi+                 83  1191  1198     0     0     0     0      0.204     -0.026   -151.608    151.608      0.140
  1200        113  (rho0)             -83  1191  1198  1530  1531     0     0     -0.391      0.073   -751.051    751.052      0.701
  1201        223  (omega)            -83  1191  1198  1929  1930     0     0      0.227     -0.293   -516.572    516.573      0.778
  1202        311  (K0)               -83  1191  1198  1532  1532     0     0      0.586      0.659   -293.236    293.237      0.498
  1203       -321  K-                  83  1191  1198     0     0     0     0     -0.582     -0.874    -79.351     79.359      0.494
  1204        111  (pi0)              -83  1191  1198  1931  1932     0     0     -0.664      0.523    -31.109     31.121      0.135
  1205        321  K+                  83  1191  1198     0     0     0     0      0.122     -0.327    -40.998     41.002      0.494
  1206       -321  K-                  83  1191  1198     0     0     0     0      0.328      0.468    -15.056     15.075      0.494
  1207        213  (rho+)             -84  1191  1198  1533  1534     0     0     -0.451      0.160     -7.922      7.981      0.843
  1208        111  (pi0)              -84  1191  1198  1933  1934     0     0     -0.103     -0.303     -0.621      0.711      0.135
  1209       -213  (rho-)             -84  1191  1198  1535  1536     0     0     -0.573     -0.234     -0.654      1.149      0.714
  1210        211  pi+                 84  1191  1198     0     0     0     0      0.605     -0.125     -1.208      1.364      0.140
  1211       -211  pi-                 84  1191  1198     0     0     0     0      0.044      0.000      0.173      0.227      0.140
  1212        111  (pi0)              -84  1191  1198  1935  1936     0     0     -0.550      0.317      0.013      0.649      0.135
  1213        211  pi+                 84  1191  1198     0     0     0     0      0.102     -0.178     -0.028      0.250      0.140
  1214       3112  (Sigma-)           -84  1191  1198  1937  1938     0     0      0.930      0.518      1.821      2.425      1.197
  1215      -3112  (Sigmabar+)        -84  1191  1198  1939  1940     0     0      1.868      0.582      5.481      5.941      1.197
  1216        111  (pi0)              -84  1191  1198  1941  1942     0     0      0.440     -0.028     -0.630      0.780      0.135
  1217        313  (K*0)              -84  1191  1198  1537  1538     0     0      0.199     -0.031     -0.714      1.166      0.899
  1218       -311  (Kbar0)            -84  1191  1198  1539  1539     0     0      0.479      0.641      0.400      1.023      0.498
  1219        113  (rho0)             -84  1191  1198  1540  1541     0     0     -0.372      0.414     -1.600      1.839      0.715
  1220        313  (K*0)              -84  1191  1198  1542  1543     0     0      0.908      0.972     -3.692      4.027      0.905
  1221          3  (s)                -71   764   764  1252  1311   154     0     -0.773      0.146      0.315      0.984      0.500
  1222         21  (g)                -71   757   757  1252  1311   146   154      0.123      2.137      0.522      2.203      0.000
  1223         21  (g)                -71   709   709  1252  1311   189   146     -0.246      0.707     -1.180      1.397      0.000
  1224         21  (g)                -71   656   656  1252  1311   172   189      0.700      6.133     -7.034      9.359      0.000
  1225         21  (g)                -71   771   771  1252  1311   161   172      0.229      0.296     -0.302      0.481      0.000
  1226         21  (g)                -71   881   881  1252  1311   144   161      1.723      0.532     -0.838      2.042      0.468
  1227         21  (g)                -71   876   876  1252  1311   134   144      4.173      0.734    -15.234     15.813      0.116
  1228         21  (g)                -71   742   742  1252  1311   181   134      1.259     -1.179    -16.948     17.036      0.000
  1229         21  (g)                -71   877   877  1252  1311   192   181     -0.130     -1.588    -11.261     11.375      0.182
  1230         21  (g)                -71   880   880  1252  1311   179   192     -0.718     -1.777    -26.307     26.380      0.393
  1231         21  (g)                -71   733   733  1252  1311   180   179     -0.402     -1.014    -31.396     31.415      0.000
  1232         21  (g)                -71   781   781  1252  1311   114   180      0.645      0.814    -86.120     86.126      0.000
  1233         21  (g)                -71   883   883  1252  1311   278   114      0.592     -1.934      0.269      2.122      0.584
  1234         21  (g)                -71   689   689  1252  1311   217   278     -0.309     -0.068      0.087      0.328      0.000
  1235         21  (g)                -71   672   672  1252  1311   225   217      0.565     -6.211      1.121      6.336      0.000
  1236         21  (g)                -71   693   693  1252  1311   174   225     -0.246     -0.369      0.131      0.463      0.000
  1237         21  (g)                -71   698   698  1252  1311   249   174      0.648     -1.501      0.094      1.638      0.000
  1238         21  (g)                -71   677   677  1252  1311   233   249      0.354     -0.015     -0.486      0.601      0.000
  1239         21  (g)                -71   696   696  1252  1311   117   233      0.132     -0.729     -4.268      4.332      0.000
  1240         21  (g)                -71   678   678  1252  1311   175   117     -0.949      0.290   -286.278    286.280      0.000
  1241         21  (g)                -71   692   692  1252  1311   224   175     -0.151      0.413    -72.376     72.377      0.000
  1242         21  (g)                -71   676   676  1252  1311   171   224      2.533      2.838  -1606.998   1607.002      0.000
  1243         21  (g)                -71   735   735  1252  1311   208   171     -0.187      0.073    -56.072     56.073      0.000
  1244         21  (g)                -71   879   879  1252  1311   112   208     -5.504     -0.946   -413.931    413.969      0.354
  1245         21  (g)                -71   657   657  1252  1311   196   112     -1.638     -1.323   -161.385    161.399      0.000
  1246         21  (g)                -71   666   666  1252  1311   235   196     -1.794     -2.469   -161.671    161.700      0.000
  1247         21  (g)                -71   662   662  1252  1311   191   235     -0.924     -2.133   -194.618    194.632      0.000
  1248         21  (g)                -71   772   772  1252  1311   163   191     -0.148     -0.721   -109.597    109.599      0.000
  1249         21  (g)                -71   754   754  1252  1311   147   163      1.285     -1.316   -134.245    134.258      0.000
  1250         21  (g)                -71   878   878  1252  1311   247   147      1.849     -0.395   -114.449    114.465      0.203
  1251         -2  (ubar)             -71   882   882  1252  1311     0   247      2.356     -0.983    -72.489     72.537      0.750
  1252       -321  K-                  83  1221  1251     0     0     0     0     -0.145      0.559      0.191      0.784      0.494
  1253        213  (rho+)             -83  1221  1251  1544  1545     0     0     -0.581      1.020      0.262      1.481      0.865
  1254        223  (omega)            -83  1221  1251  1943  1945     0     0      0.061      0.175     -0.241      0.843      0.786
  1255       1114  (Delta-)           -83  1221  1251  1546  1547     0     0      0.490      4.068     -4.042      5.897      1.285
  1256        111  (pi0)              -83  1221  1251  1946  1947     0     0      0.014      0.123      0.166      0.247      0.135
  1257      -2112  nbar0               83  1221  1251     0     0     0     0      0.493      2.555     -2.251      3.566      0.940
  1258        321  K+                  83  1221  1251     0     0     0     0      1.158      1.171     -3.508      3.906      0.494
  1259       -321  K-                  83  1221  1251     0     0     0     0      0.138     -0.037     -1.538      1.622      0.494
  1260        221  (eta)              -83  1221  1251  1948  1949     0     0      0.505      0.262     -0.707      1.060      0.548
  1261        111  (pi0)              -83  1221  1251  1950  1951     0     0      0.893      0.419     -1.616      1.898      0.135
  1262        213  (rho+)             -83  1221  1251  1548  1549     0     0      1.126      0.013     -2.871      3.154      0.661
  1263       -213  (rho-)             -83  1221  1251  1550  1551     0     0      1.276     -0.079    -13.083     13.191      1.089
  1264        111  (pi0)              -83  1221  1251  1952  1953     0     0      0.219     -0.536     -1.583      1.691      0.135
  1265       2212  p+                  83  1221  1251     0     0     0     0      0.270     -0.981     -8.279      8.394      0.938
  1266      -2112  nbar0               83  1221  1251     0     0     0     0      0.337     -0.935    -32.396     32.425      0.940
  1267       -213  (rho-)             -83  1221  1251  1552  1553     0     0     -0.246     -1.287    -11.639     11.739      0.789
  1268        213  (rho+)             -83  1221  1251  1554  1555     0     0      0.356     -0.070    -15.848     15.872      0.791
  1269       -213  (rho-)             -83  1221  1251  1556  1557     0     0     -0.084     -0.235    -30.015     30.032      0.979
  1270        113  (rho0)             -83  1221  1251  1558  1559     0     0      0.067     -0.067    -20.523     20.543      0.907
  1271        211  pi+                 83  1221  1251     0     0     0     0     -0.133     -0.989    -15.377     15.410      0.140
  1272       -213  (rho-)             -83  1221  1251  1560  1561     0     0      0.298      0.493    -23.898     23.928      1.066
  1273        223  (omega)            -83  1221  1251  1954  1956     0     0     -0.140     -0.026     -1.935      2.097      0.794
  1274        211  pi+                 83  1221  1251     0     0     0     0      0.048      0.430     -1.227      1.309      0.140
  1275       -211  pi-                 83  1221  1251     0     0     0     0      0.243     -0.667     -0.756      1.046      0.140
  1276        323  (K*+)              -83  1221  1251  1562  1563     0     0     -0.060     -0.040     -0.414      0.992      0.898
  1277        333  (phi)              -83  1221  1251  1957  1958     0     0      0.210     -0.557     -1.312      1.767      1.023
  1278       -311  (Kbar0)            -83  1221  1251  1564  1564     0     0     -0.190     -0.129     -0.879      1.036      0.498
  1279       -213  (rho-)             -83  1221  1251  1565  1566     0     0      0.478     -2.216      0.656      2.561      0.993
  1280        323  (K*+)              -83  1221  1251  1567  1568     0     0      0.054     -1.330     -0.319      1.633      0.891
  1281       -323  (K*-)              -83  1221  1251  1569  1570     0     0      0.487     -4.566      0.579      4.719      0.920
  1282        213  (rho+)             -83  1221  1251  1571  1572     0     0      0.343     -0.675     -1.957      2.450      1.265
  1283        111  (pi0)              -83  1221  1251  1959  1960     0     0      0.150     -0.530     -1.010      1.158      0.135
  1284        313  (K*0)              -83  1221  1251  1573  1574     0     0      0.029      0.474     -4.587      4.710      0.955
  1285       -321  K-                  83  1221  1251     0     0     0     0     -0.273     -0.424     -0.609      0.932      0.494
  1286       2212  p+                  83  1221  1251     0     0     0     0      0.035     -0.146    -39.389     39.401      0.938
  1287      -2212  pbar-               83  1221  1251     0     0     0     0     -0.118      0.142    -12.419     12.456      0.938
  1288        213  (rho+)             -83  1221  1251  1575  1576     0     0      0.065      0.226    -71.952     71.957      0.816
  1289        221  (eta)              -84  1221  1251  1961  1963     0     0      0.135      0.107    -18.060     18.069      0.548
  1290       -211  pi-                 84  1221  1251     0     0     0     0     -0.234      0.282   -111.696    111.696      0.140
  1291        211  pi+                 84  1221  1251     0     0     0     0      0.270     -0.536    -52.601     52.605      0.140
  1292        111  (pi0)              -84  1221  1251  1964  1965     0     0      0.989      1.000   -391.973    391.976      0.135
  1293        311  (K0)               -84  1221  1251  1577  1577     0     0      0.017      0.570   -316.991    316.992      0.498
  1294       -311  (Kbar0)            -84  1221  1251  1578  1578     0     0     -0.285     -0.384    -66.466     66.470      0.498
  1295       -211  pi-                 84  1221  1251     0     0     0     0     -0.897      0.392   -165.777    165.780      0.140
  1296        331  (eta')             -84  1221  1251  1966  1968     0     0      1.050      1.335   -528.989    528.992      0.958
  1297        213  (rho+)             -84  1221  1251  1579  1580     0     0     -0.113     -0.188   -186.531    186.534      1.109
  1298       -211  pi-                 84  1221  1251     0     0     0     0     -0.343      0.032    -49.995     49.996      0.140
  1299        211  pi+                 84  1221  1251     0     0     0     0     -0.427      0.612    -80.130     80.134      0.140
  1300       -211  pi-                 84  1221  1251     0     0     0     0     -0.957     -0.860   -121.205    121.212      0.140
  1301        323  (K*+)              -84  1221  1251  1581  1582     0     0     -3.892     -1.109   -282.350    282.380      0.909
  1302       -313  (K*bar0)           -84  1221  1251  1583  1584     0     0     -1.357     -2.087   -203.700    203.717      0.839
  1303        111  (pi0)              -84  1221  1251  1969  1970     0     0     -0.273     -0.239    -44.854     44.856      0.135
  1304        311  (K0)               -84  1221  1251  1585  1585     0     0     -0.477     -0.804    -93.721     93.727      0.498
  1305       -321  K-                  84  1221  1251     0     0     0     0      0.042     -0.715    -41.416     41.425      0.494
  1306        211  pi+                 84  1221  1251     0     0     0     0     -0.762     -0.383    -71.154     71.159      0.140
  1307        223  (omega)            -84  1221  1251  1971  1973     0     0      0.290     -1.358   -101.277    101.289      0.774
  1308       -213  (rho-)             -84  1221  1251  1586  1587     0     0     -0.047     -0.872   -108.480    108.487      0.896
  1309        111  (pi0)              -84  1221  1251  1974  1975     0     0      1.659     -1.131   -112.424    112.442      0.135
  1310        113  (rho0)             -84  1221  1251  1588  1589     0     0      2.110     -0.544    -92.064     92.093      0.828
  1311        111  (pi0)              -84  1221  1251  1976  1977     0     0      0.676     -0.286    -14.769     14.788      0.135
  1312          1  (d)                -71   785   785  1327  1368   118     0      0.732     -1.250   -208.201    208.206      0.330
  1313         21  (g)                -71   651   651  1327  1368   277   118     -5.852     -1.565    -50.252     50.616      0.000
  1314         21  (g)                -71   613   613  1327  1368   145   277     -0.581     -0.711    -11.134     11.172      0.000
  1315         21  (g)                -71   621   621  1327  1368   133   145     -0.075      0.171     -0.271      0.329      0.000
  1316         21  (g)                -71   626   626  1327  1368   176   133     -1.269     -1.212     -3.277      3.717      0.000
  1317         21  (g)                -71   641   641  1327  1368   237   176      0.097      0.183     -0.312      0.374      0.000
  1318         21  (g)                -71   618   618  1327  1368   105   237     -2.854     -0.189     -1.878      3.422      0.000
  1319         21  (g)                -71   608   608  1327  1368   101   105    -74.781      3.597    -36.790     83.418      0.000
  1320         21  (g)                -71   624   624  1327  1368   221   101     -0.243      0.190      0.091      0.322      0.000
  1321         21  (g)                -71   637   637  1327  1368   168   221     -2.808     -2.233      3.644      5.114      0.000
  1322         21  (g)                -71   652   652  1327  1368   279   168     -8.144     -2.724     15.093     17.365      0.000
  1323         21  (g)                -71   631   631  1327  1368   201   279     -3.637     -1.890      6.219      7.448      0.000
  1324         21  (g)                -71   611   611  1327  1368   138   201    -34.072    -12.407     69.434     78.332      0.000
  1325         21  (g)                -71   620   620  1327  1368   198   138     -1.701     -0.534      4.359      4.710      0.000
  1326         -1  (dbar)             -71   630   630  1327  1368     0   198     -0.149      0.351      2.004      2.066      0.330
  1327        111  (pi0)              -83  1312  1326  1978  1979     0     0     -0.267     -0.517    -50.834     50.837      0.135
  1328        311  (K0)               -83  1312  1326  1590  1590     0     0      0.666     -0.087    -55.556     55.562      0.498
  1329       -323  (K*-)              -83  1312  1326  1591  1592     0     0      0.123     -0.332    -33.011     33.024      0.880
  1330        213  (rho+)             -83  1312  1326  1593  1594     0     0     -0.146     -0.608    -68.539     68.546      0.748
  1331       -211  pi-                 83  1312  1326     0     0     0     0     -2.253     -0.558    -16.563     16.725      0.140
  1332        211  pi+                 83  1312  1326     0     0     0     0     -0.340     -0.005    -10.614     10.621      0.140
  1333        113  (rho0)             -83  1312  1326  1595  1596     0     0     -1.637     -0.303    -10.882     11.037      0.789
  1334       -211  pi-                 83  1312  1326     0     0     0     0     -1.249     -0.757    -13.023     13.105      0.140
  1335        211  pi+                 83  1312  1326     0     0     0     0      0.140     -0.029     -2.494      2.501      0.140
  1336        313  (K*0)              -83  1312  1326  1597  1598     0     0     -1.320     -0.555     -6.428      6.656      0.962
  1337       -321  K-                  83  1312  1326     0     0     0     0     -0.388     -0.421     -3.412      3.495      0.494
  1338        211  pi+                 83  1312  1326     0     0     0     0      0.075      0.051     -0.126      0.209      0.140
  1339        223  (omega)            -83  1312  1326  1980  1982     0     0     -1.273     -0.274     -1.557      2.175      0.781
  1340        113  (rho0)             -83  1312  1326  1599  1600     0     0     -1.522     -0.168     -0.683      1.817      0.700
  1341       -211  pi-                 83  1312  1326     0     0     0     0     -0.843      0.551     -0.795      1.290      0.140
  1342        213  (rho+)             -83  1312  1326  1601  1602     0     0     -5.999     -0.156     -3.441      6.998      1.061
  1343        111  (pi0)              -83  1312  1326  1983  1984     0     0     -0.671      0.303     -0.322      0.815      0.135
  1344       -211  pi-                 83  1312  1326     0     0     0     0     -3.817     -0.415     -2.104      4.381      0.140
  1345        223  (omega)            -83  1312  1326  1985  1987     0     0     -7.723      0.674     -4.236      8.869      0.782
  1346        213  (rho+)             -83  1312  1326  1603  1604     0     0    -17.727      1.046     -8.623     19.754      0.738
  1347        223  (omega)            -83  1312  1326  1988  1990     0     0    -15.949      0.515     -8.054     17.892      0.785
  1348        111  (pi0)              -83  1312  1326  1991  1992     0     0     -6.835      0.363     -3.436      7.660      0.135
  1349       -211  pi-                 83  1312  1326     0     0     0     0    -11.676      0.752     -5.498     12.928      0.140
  1350        211  pi+                 84  1312  1326     0     0     0     0     -0.865     -0.029      0.131      0.887      0.140
  1351        223  (omega)            -84  1312  1326  1993  1995     0     0     -2.357     -0.054     -0.982      2.671      0.782
  1352        223  (omega)            -84  1312  1326  1996  1998     0     0     -1.223     -0.185     -0.360      1.529      0.823
  1353       -211  pi-                 84  1312  1326     0     0     0     0     -0.076      0.033      0.253      0.301      0.140
  1354        211  pi+                 84  1312  1326     0     0     0     0     -1.116     -0.386      0.706      1.383      0.140
  1355       -211  pi-                 84  1312  1326     0     0     0     0     -0.105     -0.401      0.515      0.675      0.140
  1356        111  (pi0)              -84  1312  1326  1999  2000     0     0     -0.067     -0.289      0.723      0.793      0.135
  1357        211  pi+                 84  1312  1326     0     0     0     0     -2.259     -0.782      3.491      4.234      0.140
  1358        223  (omega)            -84  1312  1326  2001  2003     0     0     -6.275     -2.446     10.868     12.810      0.800
  1359        111  (pi0)              -84  1312  1326  2004  2005     0     0     -0.640     -0.524      1.870      2.049      0.135
  1360        111  (pi0)              -84  1312  1326  2006  2007     0     0     -0.357     -0.349      0.923      1.058      0.135
  1361        111  (pi0)              -84  1312  1326  2008  2009     0     0     -2.448     -0.825      4.390      5.096      0.135
  1362        111  (pi0)              -84  1312  1326  2010  2011     0     0     -9.439     -3.051     18.337     20.849      0.135
  1363        223  (omega)            -84  1312  1326  2012  2014     0     0     -6.824     -2.559     14.420     16.176      0.777
  1364       -211  pi-                 84  1312  1326     0     0     0     0     -2.289     -1.496      5.203      5.879      0.140
  1365        211  pi+                 84  1312  1326     0     0     0     0    -11.717     -4.071     22.253     25.477      0.140
  1366       -211  pi-                 84  1312  1326     0     0     0     0     -2.687     -1.169      5.295      6.053      0.140
  1367        213  (rho+)             -84  1312  1326  1605  1606     0     0     -3.377     -0.465      8.579      9.255      0.667
  1368        113  (rho0)             -84  1312  1326  1607  1608     0     0     -0.586     -0.244      2.344      2.539      0.741
  1369         21  (g)                -71   644   644  1380  1420   124   274      0.468      0.723    -29.996     30.009      0.000
  1370         21  (g)                -71   869   869  1380  1420   274   213      0.123      0.515     -3.120      3.176      0.261
  1371         21  (g)                -71   614   614  1380  1420   213   155      1.341      0.669     -6.893      7.054      0.000
  1372         21  (g)                -71   647   647  1380  1420   155   256      2.125     -0.378    -21.025     21.136      0.000
  1373         21  (g)                -71   870   870  1380  1420   256   137      3.463     -1.334    -18.055     18.436      0.354
  1374         21  (g)                -71   619   619  1380  1420   137   232     -0.471     -0.314     -1.858      1.942      0.000
  1375         21  (g)                -71   640   640  1380  1420   232   240     -1.444     -0.072     -0.904      1.705      0.000
  1376         21  (g)                -71   642   642  1380  1420   240   103     -0.245      0.734     -0.844      1.145      0.000
  1377          4  (c)                -71   819   819  1380  1420   103     0     -2.157      1.150      3.996      4.919      1.500
  1378          2  (u)                -71   780   780  1380  1420   188     0     -1.299     -0.072   -359.768    359.771      0.330
  1379          1  (d)                -71   616   616  1380  1420   109     0     -1.452      2.831    530.526    530.536      0.330
  1380        421  (D0)               -85  1369  1379  2015  2017     0     0     -1.815      1.266      2.855      4.066      1.865
  1381        211  pi+                 85  1369  1379     0     0     0     0     -0.242     -0.376      0.256      0.534      0.140
  1382        111  (pi0)              -85  1369  1379  2018  2019     0     0     -0.302      0.537      0.016      0.631      0.135
  1383        111  (pi0)              -85  1369  1379  2020  2021     0     0     -0.109      0.189      0.167      0.306      0.135
  1384       -211  pi-                 85  1369  1379     0     0     0     0      0.009     -0.183      0.013      0.230      0.140
  1385        111  (pi0)              -85  1369  1379  2022  2024     0     0     -0.153      0.120      0.036      0.240      0.135
  1386        111  (pi0)              -85  1369  1379  2025  2026     0     0     -0.889      0.079     -1.225      1.522      0.135
  1387        211  pi+                 85  1369  1379     0     0     0     0      0.044      0.111     -0.439      0.476      0.140
  1388       -211  pi-                 85  1369  1379     0     0     0     0      0.166      0.232     -1.517      1.550      0.140
  1389        211  pi+                 85  1369  1379     0     0     0     0     -0.253     -0.329     -1.284      1.357      0.140
  1390       -211  pi-                 85  1369  1379     0     0     0     0      0.272      0.072     -0.004      0.314      0.140
  1391        211  pi+                 85  1369  1379     0     0     0     0      0.254     -0.340     -1.101      1.189      0.140
  1392       -211  pi-                 85  1369  1379     0     0     0     0      0.189     -0.601     -4.936      4.978      0.140
  1393        211  pi+                 85  1369  1379     0     0     0     0      1.022      0.220     -9.478      9.537      0.140
  1394        311  (K0)               -85  1369  1379  1609  1609     0     0      0.791     -0.089     -4.395      4.494      0.498
  1395       -321  K-                  85  1369  1379     0     0     0     0      0.186      0.062     -2.955      3.002      0.494
  1396        221  (eta)              -85  1369  1379  2027  2029     0     0      0.693     -0.208     -3.786      3.894      0.548
  1397        111  (pi0)              -85  1369  1379  2030  2031     0     0      0.059     -0.206     -1.079      1.108      0.135
  1398        211  pi+                 85  1369  1379     0     0     0     0      1.248      0.077    -13.145     13.205      0.140
  1399       -213  (rho-)             -85  1369  1379  1610  1611     0     0      0.366     -0.027     -9.525      9.569      0.834
  1400        213  (rho+)             -85  1369  1379  1612  1613     0     0      0.844      0.366    -11.189     11.253      0.776
  1401        111  (pi0)              -86  1369  1379  2032  2033     0     0     -0.271     -0.319    -58.806     58.808      0.135
  1402        111  (pi0)              -86  1369  1379  2034  2035     0     0     -0.348      0.707    -81.429     81.433      0.135
  1403        221  (eta)              -86  1369  1379  2036  2038     0     0     -0.037     -0.122    -84.976     84.978      0.548
  1404        111  (pi0)              -86  1369  1379  2039  2040     0     0     -0.562     -0.609    -84.561     84.565      0.135
  1405        111  (pi0)              -86  1369  1379  2041  2042     0     0      0.344     -0.139    -46.410     46.411      0.135
  1406       -213  (rho-)             -83  1369  1379  1614  1615     0     0     -0.276      0.595    146.370    146.373      0.735
  1407        221  (eta)              -83  1369  1379  2043  2045     0     0     -0.669      1.292    186.360    186.367      0.548
  1408        211  pi+                 83  1369  1379     0     0     0     0     -0.223     -0.068     97.083     97.083      0.140
  1409        113  (rho0)             -83  1369  1379  1616  1617     0     0     -0.218      0.485     25.021     25.044      0.929
  1410       -211  pi-                 83  1369  1379     0     0     0     0     -0.322      0.353     32.206     32.210      0.140
  1411        211  pi+                 83  1369  1379     0     0     0     0      0.216     -0.148     20.517     20.519      0.140
  1412       2112  n0                  83  1369  1379     0     0     0     0     -0.121      0.551      6.728      6.816      0.940
  1413        113  (rho0)             -83  1369  1379  1618  1619     0     0     -0.043     -0.734      8.370      8.429      0.675
  1414      -3122  (Lambdabar0)       -84  1369  1379  2046  2047     0     0      0.381      0.728      6.400      6.548      1.116
  1415       -311  (Kbar0)            -84  1369  1379  1620  1620     0     0     -0.117     -0.383      0.089      0.645      0.498
  1416       -211  pi-                 84  1369  1379     0     0     0     0     -0.255      0.266      0.485      0.624      0.140
  1417        213  (rho+)             -84  1369  1379  1621  1622     0     0      0.120     -0.346     -0.084      0.660      0.543
  1418       -211  pi-                 84  1369  1379     0     0     0     0      0.307      0.505     -3.052      3.112      0.140
  1419       2214  (Delta+)           -88  1369  1379  1623  1624     0     0      0.144      0.311     -5.054      5.252      1.386
  1420        111  (pi0)              -84  1369  1379  2048  2049     0     0      0.025      0.554    -10.480     10.495      0.135
  1421        130  K_L0                91   924   924     0     0     0     0     -0.054     -0.494     -0.043      0.705      0.498
  1422        211  pi+                 91   930     0     0     0     0     0     30.562    -40.973    125.326    135.349      0.140
  1423       -211  pi-                 91   930     0     0     0     0     0     13.197    -18.884     56.446     60.966      0.140
  1424        311  (K0)               -91   933     0  1625  1625     0     0      9.792    -13.178     40.206     43.431      0.498
  1425        211  pi+                 91   933     0     0     0     0     0     15.236    -21.024     65.130     70.115      0.140
  1426        211  pi+                 91   937     0     0     0     0     0      0.122    -13.034     17.328     21.684      0.140
  1427       -211  pi-                 91   937     0     0     0     0     0     -0.005     -7.470     10.958     13.263      0.140
  1428        130  K_L0                91   947   947     0     0     0     0     -0.612     -0.193     -8.534      8.573      0.498
  1429        310  (K_S0)             -91   948   948  2050  2051     0     0     -0.684      0.121    -11.825     11.856      0.498
  1430        211  pi+                 91   950     0     0     0     0     0     -1.114      0.219     -5.408      5.527      0.140
  1431       -211  pi-                 91   950     0     0     0     0     0     -0.081     -0.158     -1.311      1.331      0.140
  1432        211  pi+                 91   953     0     0     0     0     0      0.197     -0.002     -0.566      0.615      0.140
  1433        111  (pi0)              -91   953     0  2052  2053     0     0     -0.568     -0.073     -2.483      2.552      0.135
  1434        321  K+                  91   954     0     0     0     0     0     -0.520     -0.339     -3.328      3.421      0.494
  1435       -211  pi-                 91   954     0     0     0     0     0     -1.151     -0.109     -4.734      4.875      0.140
  1436       -311  (Kbar0)            -91   955     0  1626  1626     0     0     -0.530     -0.537     -4.265      4.359      0.498
  1437       -211  pi-                 91   955     0     0     0     0     0     -0.044      0.032     -2.592      2.597      0.140
  1438       -321  K-                  91   963     0     0     0     0     0      2.948     -3.779     12.873     13.745      0.494
  1439        111  (pi0)              -91   963     0  2054  2055     0     0      0.603     -0.947      2.305      2.568      0.135
  1440        211  pi+                 91   974     0     0     0     0     0      3.455     -9.993     12.849     16.640      0.140
  1441       -211  pi-                 91   974     0     0     0     0     0      0.623     -2.930      4.162      5.130      0.140
  1442       -211  pi-                 91   975     0     0     0     0     0      1.411     -5.397      6.636      8.670      0.140
  1443        111  (pi0)              -91   975     0  2056  2057     0     0     11.301    -35.040     45.956     58.886      0.135
  1444        321  K+                  91   989     0     0     0     0     0     -2.366     -5.268     36.640     37.096      0.494
  1445       -211  pi-                 91   989     0     0     0     0     0     -4.026     -9.383     66.268     67.050      0.140
  1446        130  K_L0                91   992   992     0     0     0     0     -0.626     -1.862     13.480     13.631      0.498
  1447        130  K_L0                91   993   993     0     0     0     0     -0.155     -0.944      8.542      8.609      0.498
  1448        310  (K_S0)             -91   994   994  2058  2059     0     0     -0.204     -1.168     10.089     10.170      0.498
  1449        211  pi+                 91  1001     0     0     0     0     0     -0.117      0.025      0.490      0.523      0.140
  1450        111  (pi0)              -91  1001     0  2060  2061     0     0     -0.350     -1.392      6.128      6.295      0.135
  1451      -2212  pbar-               91  1002     0     0     0     0     0     -0.292     -1.462      3.698      4.096      0.938
  1452       -211  pi-                 91  1002     0     0     0     0     0      0.215     -0.636      1.943      2.061      0.140
  1453        211  pi+                 91  1009     0     0     0     0     0      0.395     -0.322      5.679      5.704      0.140
  1454       -211  pi-                 91  1009     0     0     0     0     0     -0.189      0.420      6.380      6.398      0.140
  1455        211  pi+                 91  1015     0     0     0     0     0     -0.161     -0.051     -0.180      0.284      0.140
  1456        111  (pi0)              -91  1015     0  2062  2063     0     0      0.419      0.210     -1.661      1.731      0.135
  1457        211  pi+                 91  1038     0     0     0     0     0     -0.795     -1.152      1.905      2.368      0.140
  1458        111  (pi0)              -91  1038     0  2064  2065     0     0      0.256     -0.660      2.531      2.632      0.135
  1459        130  K_L0                91  1040  1040     0     0     0     0     -0.090     -0.457      2.235      2.337      0.498
  1460       -321  K-                  91  1041     0     0     0     0     0      0.047     -0.858      5.630      5.717      0.494
  1461        211  pi+                 91  1041     0     0     0     0     0     -0.390     -0.131      2.262      2.304      0.140
  1462        211  pi+                 91  1042     0     0     0     0     0     -0.038     -1.154      9.693      9.762      0.140
  1463       -211  pi-                 91  1042     0     0     0     0     0      0.288      0.129      1.268      1.314      0.140
  1464       -211  pi-                 91  1043     0     0     0     0     0      0.081     -0.337      3.021      3.044      0.140
  1465        111  (pi0)              -91  1043     0  2066  2067     0     0     -0.378     -0.093      2.300      2.337      0.135
  1466        211  pi+                 91  1050     0     0     0     0     0     -1.629      4.078     75.192     75.320      0.140
  1467        111  (pi0)              -91  1050     0  2068  2069     0     0     -0.412      0.503     10.452     10.473      0.135
  1468        130  K_L0                91  1053  1053     0     0     0     0     -1.550      5.802    113.197    113.357      0.498
  1469       -311  (Kbar0)            -91  1054     0  1627  1627     0     0     -0.626      1.753     33.327     33.383      0.498
  1470       -211  pi-                 91  1054     0     0     0     0     0     -0.227      1.998     40.395     40.446      0.140
  1471        311  (K0)               -91  1057     0  1628  1628     0     0     -0.472      0.352     22.724     22.737      0.498
  1472        111  (pi0)              -91  1057     0  2070  2071     0     0     -0.544      1.077     27.984     28.010      0.135
  1473       3122  (Lambda0)          -91  1058     0  2072  2073     0     0     -1.087      0.731    105.731    105.745      1.116
  1474        111  (pi0)              -91  1058     0  2074  2075     0     0     -0.447      0.494     43.220     43.225      0.135
  1475      -2212  pbar-               91  1060     0     0     0     0     0     -0.542      1.073    101.949    101.960      0.938
  1476       -211  pi-                 91  1060     0     0     0     0     0     -0.309      0.503     17.547     17.558      0.140
  1477      -2212  pbar-               91  1107     0     0     0     0     0     -0.624      0.439     12.323     12.382      0.938
  1478        111  (pi0)              -91  1107     0  2076  2077     0     0     -0.014      0.287      3.376      3.390      0.135
  1479       2212  p+                  91  1108     0     0     0     0     0     -0.665      0.909     90.232     90.244      0.938
  1480       -211  pi-                 91  1108     0     0     0     0     0     -0.254     -0.057     17.247     17.250      0.140
  1481        321  K+                  91  1111     0     0     0     0     0     -0.382      0.385     71.496     71.500      0.494
  1482       -211  pi-                 91  1111     0     0     0     0     0     -0.471      0.001     87.287     87.288      0.140
  1483        310  (K_S0)             -91  1112  1112  2078  2079     0     0     -0.871      0.218    115.389    115.394      0.498
  1484        211  pi+                 91  1113     0     0     0     0     0     -0.240      0.170     33.872     33.873      0.140
  1485       -211  pi-                 91  1113     0     0     0     0     0      0.713     -0.133    115.045    115.047      0.140
  1486       -211  pi-                 91  1114     0     0     0     0     0     -0.235      0.437     16.300     16.308      0.140
  1487        111  (pi0)              -91  1114     0  2080  2081     0     0     -0.323     -0.188     14.588     14.593      0.135
  1488        211  pi+                 91  1115     0     0     0     0     0     -0.230      0.151     13.466     13.470      0.140
  1489       -211  pi-                 91  1115     0     0     0     0     0      0.513      0.172     15.442     15.452      0.140
  1490        211  pi+                 91  1122     0     0     0     0     0     -0.159     -0.111      2.601      2.612      0.140
  1491       -211  pi-                 91  1122     0     0     0     0     0      0.070      0.511      3.745      3.783      0.140
  1492        211  pi+                 91  1127     0     0     0     0     0     -0.009      0.179     18.230     18.231      0.140
  1493       -211  pi-                 91  1127     0     0     0     0     0      0.104     -0.367      7.408      7.420      0.140
  1494       2112  n0                  91  1128     0     0     0     0     0     -0.260      0.363     18.149     18.179      0.940
  1495       -211  pi-                 91  1128     0     0     0     0     0      0.276      0.201      3.890      3.908      0.140
  1496        310  (K_S0)             -91  1129  1129  2082  2083     0     0      0.035     -0.084      5.554      5.577      0.498
  1497       2112  n0                  91  1133     0     0     0     0     0     -0.569     -0.947     45.033     45.056      0.940
  1498       -211  pi-                 91  1133     0     0     0     0     0     -0.068     -0.099     15.283     15.284      0.140
  1499        211  pi+                 91  1139     0     0     0     0     0     -0.015     -0.370      4.171      4.189      0.140
  1500        111  (pi0)              -91  1139     0  2084  2085     0     0     -0.787     -0.201     10.367     10.400      0.135
  1501       -311  (Kbar0)            -91  1142     0  1629  1629     0     0      0.602      0.264      7.665      7.709      0.498
  1502        111  (pi0)              -91  1142     0  2086  2087     0     0      0.254     -0.314      2.482      2.518      0.135
  1503       -211  pi-                 91  1145     0     0     0     0     0      1.051      0.229      5.227      5.338      0.140
  1504        111  (pi0)              -91  1145     0  2088  2089     0     0      0.381      0.368      1.142      1.266      0.135
  1505        310  (K_S0)             -91  1152  1152  2090  2091     0     0      1.276      0.416      3.329      3.624      0.498
  1506       2212  p+                  91  1154     0     0     0     0     0      0.056      0.971      1.941      2.365      0.938
  1507        211  pi+                 91  1154     0     0     0     0     0      0.520      0.363      3.542      3.601      0.140
  1508       -211  pi-                 91  1155     0     0     0     0     0     -0.387     -0.192      0.056      0.457      0.140
  1509        111  (pi0)              -91  1155     0  2092  2094     0     0     -0.563      1.063      2.466      2.747      0.135
  1510       -211  pi-                 91  1157     0     0     0     0     0     -0.114      0.172      0.430      0.497      0.140
  1511        111  (pi0)              -91  1157     0  2095  2096     0     0     -1.768      0.322      2.451      3.042      0.135
  1512        321  K+                  91  1158     0     0     0     0     0     -0.668      0.078      0.731      1.109      0.494
  1513        111  (pi0)              -91  1158     0  2097  2098     0     0     -0.158      0.378      0.669      0.796      0.135
  1514        211  pi+                 91  1168     0     0     0     0     0     -0.540      0.575     -0.685      1.054      0.140
  1515        111  (pi0)              -91  1168     0  2099  2100     0     0      0.196      0.134     -0.554      0.618      0.135
  1516        311  (K0)               -91  1172     0  1630  1630     0     0      0.206     -0.459      0.446      0.836      0.498
  1517        211  pi+                 91  1172     0     0     0     0     0      0.035      0.174     -0.037      0.229      0.140
  1518       -211  pi-                 91  1175     0     0     0     0     0      0.573     -0.332      0.265      0.727      0.140
  1519        111  (pi0)              -91  1175     0  2101  2102     0     0     -0.157     -0.248      0.503      0.598      0.135
  1520       -321  K-                  91  1178     0     0     0     0     0      0.399     -0.139      0.243      0.693      0.494
  1521        211  pi+                 91  1178     0     0     0     0     0      0.417     -0.495      0.566      0.871      0.140
  1522       -211  pi-                 91  1182     0     0     0     0     0      0.020     -0.223      0.663      0.714      0.140
  1523        111  (pi0)              -91  1182     0  2103  2104     0     0      0.187      0.081      2.245      2.259      0.135
  1524        311  (K0)               -91  1183     0  1631  1631     0     0      0.379     -0.386      4.521      4.581      0.498
  1525        211  pi+                 91  1183     0     0     0     0     0      0.088     -0.574      1.825      1.920      0.140
  1526        310  (K_S0)             -91  1184  1184  2105  2106     0     0     -0.554     -0.036     17.973     17.989      0.498
  1527        211  pi+                 91  1186     0     0     0     0     0      0.029     -0.546     28.884     28.890      0.140
  1528       -211  pi-                 91  1186     0     0     0     0     0      0.043      0.194     78.162     78.162      0.140
  1529        130  K_L0                91  1188  1188     0     0     0     0      0.374      0.403    197.556    197.557      0.498
  1530        211  pi+                 91  1200     0     0     0     0     0      0.048     -0.213   -282.247    282.247      0.140
  1531       -211  pi-                 91  1200     0     0     0     0     0     -0.439      0.286   -468.805    468.805      0.140
  1532        310  (K_S0)             -91  1202  1202  2107  2108     0     0      0.586      0.659   -293.236    293.237      0.498
  1533        211  pi+                 91  1207     0     0     0     0     0     -0.438      0.208     -2.194      2.252      0.140
  1534        111  (pi0)              -91  1207     0  2109  2110     0     0     -0.013     -0.048     -5.728      5.729      0.135
  1535       -211  pi-                 91  1209     0     0     0     0     0     -0.601     -0.393     -0.542      0.910      0.140
  1536        111  (pi0)              -91  1209     0  2111  2112     0     0      0.029      0.159     -0.113      0.239      0.135
  1537        311  (K0)               -91  1217     0  1632  1632     0     0     -0.072     -0.213     -0.554      0.778      0.498
  1538        111  (pi0)              -91  1217     0  2113  2114     0     0      0.271      0.182     -0.160      0.388      0.135
  1539        130  K_L0                91  1218  1218     0     0     0     0      0.479      0.641      0.400      1.023      0.498
  1540        211  pi+                 91  1219     0     0     0     0     0      0.111     -0.072     -0.495      0.531      0.140
  1541       -211  pi-                 91  1219     0     0     0     0     0     -0.484      0.486     -1.105      1.308      0.140
  1542        311  (K0)               -91  1220     0  1633  1633     0     0      0.379      0.188     -1.453      1.593      0.498
  1543        111  (pi0)              -91  1220     0  2115  2116     0     0      0.529      0.784     -2.239      2.434      0.135
  1544        211  pi+                 91  1253     0     0     0     0     0     -0.255      0.124     -0.238      0.396      0.140
  1545        111  (pi0)              -91  1253     0  2117  2118     0     0     -0.326      0.896      0.501      1.085      0.135
  1546       2112  n0                  91  1255     0     0     0     0     0      0.171      3.018     -2.723      4.175      0.940
  1547       -211  pi-                 91  1255     0     0     0     0     0      0.319      1.050     -1.320      1.722      0.140
  1548        211  pi+                 91  1262     0     0     0     0     0      0.067     -0.017     -0.102      0.186      0.140
  1549        111  (pi0)              -91  1262     0  2119  2120     0     0      1.059      0.030     -2.769      2.968      0.135
  1550       -211  pi-                 91  1263     0     0     0     0     0      0.047     -0.376     -3.568      3.591      0.140
  1551        111  (pi0)              -91  1263     0  2121  2122     0     0      1.229      0.297     -9.515      9.599      0.135
  1552       -211  pi-                 91  1267     0     0     0     0     0     -0.377     -0.288     -3.012      3.053      0.140
  1553        111  (pi0)              -91  1267     0  2123  2124     0     0      0.131     -0.999     -8.627      8.686      0.135
  1554        211  pi+                 91  1268     0     0     0     0     0      0.056     -0.015     -0.553      0.573      0.140
  1555        111  (pi0)              -91  1268     0  2125  2126     0     0      0.300     -0.055    -15.295     15.299      0.135
  1556       -211  pi-                 91  1269     0     0     0     0     0     -0.239      0.287    -17.400     17.404      0.140
  1557        111  (pi0)              -91  1269     0  2127  2128     0     0      0.154     -0.522    -12.615     12.628      0.135
  1558        211  pi+                 91  1270     0     0     0     0     0      0.119     -0.398    -15.877     15.883      0.140
  1559       -211  pi-                 91  1270     0     0     0     0     0     -0.053      0.331     -4.645      4.660      0.140
  1560       -211  pi-                 91  1272     0     0     0     0     0      0.573      0.089     -7.804      7.827      0.140
  1561        111  (pi0)              -91  1272     0  2129  2130     0     0     -0.274      0.404    -16.093     16.101      0.135
  1562        311  (K0)               -91  1276     0  1634  1634     0     0     -0.303     -0.010     -0.407      0.710      0.498
  1563        211  pi+                 91  1276     0     0     0     0     0      0.242     -0.030     -0.007      0.281      0.140
  1564        310  (K_S0)             -91  1278  1278  2131  2132     0     0     -0.190     -0.129     -0.879      1.036      0.498
  1565       -211  pi-                 91  1279     0     0     0     0     0     -0.139     -0.443      0.460      0.668      0.140
  1566        111  (pi0)              -91  1279     0  2133  2134     0     0      0.617     -1.774      0.196      1.893      0.135
  1567        321  K+                  91  1280     0     0     0     0     0      0.009     -0.413     -0.287      0.705      0.494
  1568        111  (pi0)              -91  1280     0  2135  2136     0     0      0.046     -0.917     -0.032      0.928      0.135
  1569       -311  (Kbar0)            -91  1281     0  1635  1635     0     0      0.311     -3.906      0.279      3.960      0.498
  1570       -211  pi-                 91  1281     0     0     0     0     0      0.176     -0.660      0.300      0.759      0.140
  1571        211  pi+                 91  1282     0     0     0     0     0      0.609      0.095     -0.667      0.919      0.140
  1572        111  (pi0)              -91  1282     0  2137  2138     0     0     -0.266     -0.770     -1.289      1.531      0.135
  1573        311  (K0)               -91  1284     0  1636  1636     0     0      0.118     -0.033     -2.727      2.774      0.498
  1574        111  (pi0)              -91  1284     0  2139  2140     0     0     -0.089      0.507     -1.861      1.935      0.135
  1575        211  pi+                 91  1288     0     0     0     0     0      0.067      0.503    -38.571     38.574      0.140
  1576        111  (pi0)              -91  1288     0  2141  2142     0     0     -0.002     -0.277    -33.381     33.383      0.135
  1577        130  K_L0                91  1293  1293     0     0     0     0      0.017      0.570   -316.991    316.992      0.498
  1578        310  (K_S0)             -91  1294  1294  2143  2144     0     0     -0.285     -0.384    -66.466     66.470      0.498
  1579        211  pi+                 91  1297     0     0     0     0     0      0.382     -0.164   -138.193    138.193      0.140
  1580        111  (pi0)              -91  1297     0  2145  2146     0     0     -0.495     -0.025    -48.338     48.341      0.135
  1581        311  (K0)               -91  1301     0  1637  1637     0     0     -3.057     -0.857   -237.754    237.776      0.498
  1582        211  pi+                 91  1301     0     0     0     0     0     -0.835     -0.253    -44.596     44.604      0.140
  1583       -321  K-                  91  1302     0     0     0     0     0     -1.076     -1.858   -183.277    183.291      0.494
  1584        211  pi+                 91  1302     0     0     0     0     0     -0.281     -0.229    -20.422     20.426      0.140
  1585        130  K_L0                91  1304  1304     0     0     0     0     -0.477     -0.804    -93.721     93.727      0.498
  1586       -211  pi-                 91  1308     0     0     0     0     0      0.067      0.078     -5.597      5.600      0.140
  1587        111  (pi0)              -91  1308     0  2147  2148     0     0     -0.114     -0.950   -102.883    102.887      0.135
  1588        211  pi+                 91  1310     0     0     0     0     0      0.387     -0.413    -19.047     19.056      0.140
  1589       -211  pi-                 91  1310     0     0     0     0     0      1.723     -0.131    -73.017     73.037      0.140
  1590        130  K_L0                91  1328  1328     0     0     0     0      0.666     -0.087    -55.556     55.562      0.498
  1591       -311  (Kbar0)            -91  1329     0  1638  1638     0     0      0.200     -0.348    -31.204     31.210      0.498
  1592       -211  pi-                 91  1329     0     0     0     0     0     -0.077      0.016     -1.807      1.814      0.140
  1593        211  pi+                 91  1330     0     0     0     0     0     -0.008     -0.123    -47.811     47.811      0.140
  1594        111  (pi0)              -91  1330     0  2149  2150     0     0     -0.138     -0.485    -20.728     20.734      0.135
  1595        211  pi+                 91  1333     0     0     0     0     0     -0.225     -0.245     -1.262      1.312      0.140
  1596       -211  pi-                 91  1333     0     0     0     0     0     -1.411     -0.058     -9.620      9.725      0.140
  1597        321  K+                  91  1336     0     0     0     0     0     -0.569     -0.171     -1.966      2.112      0.494
  1598       -211  pi-                 91  1336     0     0     0     0     0     -0.751     -0.384     -4.462      4.543      0.140
  1599        211  pi+                 91  1340     0     0     0     0     0     -0.688     -0.057     -0.657      0.963      0.140
  1600       -211  pi-                 91  1340     0     0     0     0     0     -0.835     -0.110     -0.025      0.854      0.140
  1601        211  pi+                 91  1342     0     0     0     0     0     -0.934      0.250     -0.294      1.020      0.140
  1602        111  (pi0)              -91  1342     0  2151  2152     0     0     -5.065     -0.406     -3.147      5.978      0.135
  1603        211  pi+                 91  1346     0     0     0     0     0     -8.650      0.370     -4.551      9.782      0.140
  1604        111  (pi0)              -91  1346     0  2153  2154     0     0     -9.077      0.675     -4.072      9.972      0.135
  1605        211  pi+                 91  1367     0     0     0     0     0     -2.505     -0.541      6.800      7.268      0.140
  1606        111  (pi0)              -91  1367     0  2155  2156     0     0     -0.872      0.076      1.779      1.987      0.135
  1607        211  pi+                 91  1368     0     0     0     0     0      0.025     -0.010      0.052      0.151      0.140
  1608       -211  pi-                 91  1368     0     0     0     0     0     -0.611     -0.234      2.292      2.388      0.140
  1609        310  (K_S0)             -91  1394  1394  2157  2158     0     0      0.791     -0.089     -4.395      4.494      0.498
  1610       -211  pi-                 91  1399     0     0     0     0     0      0.064     -0.224     -1.045      1.079      0.140
  1611        111  (pi0)              -91  1399     0  2159  2160     0     0      0.302      0.197     -8.481      8.489      0.135
  1612        211  pi+                 91  1400     0     0     0     0     0      0.667      0.121     -4.193      4.250      0.140
  1613        111  (pi0)              -91  1400     0  2161  2162     0     0      0.177      0.245     -6.996      7.004      0.135
  1614       -211  pi-                 91  1406     0     0     0     0     0     -0.159      0.457     41.290     41.293      0.140
  1615        111  (pi0)              -91  1406     0  2163  2164     0     0     -0.117      0.138    105.080    105.080      0.135
  1616        211  pi+                 91  1409     0     0     0     0     0      0.253      0.097      3.357      3.371      0.140
  1617       -211  pi-                 91  1409     0     0     0     0     0     -0.471      0.388     21.664     21.673      0.140
  1618        211  pi+                 91  1413     0     0     0     0     0     -0.011     -0.219      0.816      0.857      0.140
  1619       -211  pi-                 91  1413     0     0     0     0     0     -0.032     -0.515      7.553      7.572      0.140
  1620        130  K_L0                91  1415  1415     0     0     0     0     -0.117     -0.383      0.089      0.645      0.498
  1621        211  pi+                 91  1417     0     0     0     0     0     -0.041      0.012     -0.183      0.234      0.140
  1622        111  (pi0)              -91  1417     0  2165  2166     0     0      0.161     -0.358      0.098      0.426      0.135
  1623       2112  n0                  91  1419     0     0     0     0     0     -0.028     -0.115     -3.380      3.510      0.940
  1624        211  pi+                 91  1419     0     0     0     0     0      0.172      0.426     -1.674      1.742      0.140
  1625        130  K_L0                91  1424  1424     0     0     0     0      9.792    -13.178     40.206     43.431      0.498
  1626        310  (K_S0)             -91  1436  1436  2167  2168     0     0     -0.530     -0.537     -4.265      4.359      0.498
  1627        310  (K_S0)             -91  1469  1469  2169  2170     0     0     -0.626      1.753     33.327     33.383      0.498
  1628        130  K_L0                91  1471  1471     0     0     0     0     -0.472      0.352     22.724     22.737      0.498
  1629        130  K_L0                91  1501  1501     0     0     0     0      0.602      0.264      7.665      7.709      0.498
  1630        310  (K_S0)             -91  1516  1516  2171  2172     0     0      0.206     -0.459      0.446      0.836      0.498
  1631        130  K_L0                91  1524  1524     0     0     0     0      0.379     -0.386      4.521      4.581      0.498
  1632        310  (K_S0)             -91  1537  1537  2173  2174     0     0     -0.072     -0.213     -0.554      0.778      0.498
  1633        310  (K_S0)             -91  1542  1542  2175  2176     0     0      0.379      0.188     -1.453      1.593      0.498
  1634        310  (K_S0)             -91  1562  1562  2177  2178     0     0     -0.303     -0.010     -0.407      0.710      0.498
  1635        310  (K_S0)             -91  1569  1569  2179  2180     0     0      0.311     -3.906      0.279      3.960      0.498
  1636        310  (K_S0)             -91  1573  1573  2181  2182     0     0      0.118     -0.033     -2.727      2.774      0.498
  1637        310  (K_S0)             -91  1581  1581  2183  2184     0     0     -3.057     -0.857   -237.754    237.776      0.498
  1638        310  (K_S0)             -91  1591  1591  2185  2186     0     0      0.200     -0.348    -31.204     31.210      0.498
  1639          1  (d)                -91   909     0  1641  1642   329     0      9.830     23.821     -7.258     26.774      0.330
  1640         -1  (dbar)             -91   909     0  1643  1643     0   329     -4.066     -4.200     -5.245      7.860      0.330
  1641          1  (d)                -51  1639     0  1653  1654   331     0      4.486     13.960     -3.429     15.062      0.330
  1642         21  (g)                -51  1639     0  1644  1645   329   331      5.294      9.810     -3.894     11.808      0.000
  1643         -1  (dbar)             -52  1640  1640  1646  1646     0   329     -4.016     -4.148     -5.181      7.765      0.330
  1644         21  (g)                -51  1642     0  1655  1655   332   331      2.883      5.377     -1.468      6.275      0.000
  1645         21  (g)                -51  1642     0  1649  1649   329   332      2.386      4.406     -2.458      5.581      0.000
  1646         -1  (dbar)             -52  1643  1643  1647  1648     0   329     -3.991     -4.122     -5.148      7.716      0.330
  1647         -1  (dbar)             -51  1646     0  2495  2495     0   333     -3.109     -3.206     -4.804      6.568      0.330
  1648         21  (g)                -51  1646     0  1650  1651   333   329     -0.839     -0.837     -0.388      1.247      0.000
  1649         21  (g)                -52  1645  1645  1652  1652   329   332      2.343      4.328     -2.414      5.482      0.000
  1650         21  (g)                -51  1648     0  2494  2494   333   334      0.125     -0.491      0.075      0.512      0.000
  1651         21  (g)                -51  1648     0  2493  2493   334   329     -0.837     -0.112     -0.593      1.032      0.000
  1652         21  (g)                -52  1649  1649  2492  2492   329   332      2.216      4.094     -2.284      5.185      0.000
  1653          1  (d)                -51  1641     0  2490  2490   335     0      3.546     11.384     -3.086     12.321      0.330
  1654         21  (g)                -51  1641     0  2340     0   331   335      2.190      4.908     -0.980      5.464      0.000
  1655         21  (g)                -52  1644  1644  2340     0   332   331      1.633      3.045     -0.832      3.553      0.000
  1656          1  (d)                -91   910     0  1658  1659   336     0     -1.341     22.241      1.015     22.307      0.330
  1657         -1  (dbar)             -91   910     0  1660  1660     0   336     -8.022     -3.291     -6.604     10.904      0.330
  1658          1  (d)                -51  1656     0  1663  1663   337     0      2.773      0.496      2.530      3.801      0.330
  1659         21  (g)                -51  1656     0  1661  1662   336   337     -6.718     20.673     -3.660     22.043      0.000
  1660         -1  (dbar)             -52  1657  1657  1664  1665     0   336     -5.418     -2.220     -4.460      7.367      0.330
  1661          1  (d)                -51  1659     0  1666  1666   336     0     -6.400     16.542     -4.193     18.229      0.330
  1662         -1  (dbar)             -51  1659     0  1673  1674     0   337      0.032      4.190      0.852      4.289      0.330
  1663          1  (d)                -52  1658  1658  1675  1675   337     0      2.423      0.436      2.212      3.326      0.330
  1664         -1  (dbar)             -51  1660     0  1670  1671     0   338     -5.736     -1.140     -5.760      8.215      0.330
  1665         21  (g)                -51  1660     0  1667  1668   338   336     -0.406      0.793      0.826      1.215      0.000
  1666          1  (d)                -52  1661  1661  1669  1669   336     0     -5.676     14.669     -3.719     16.166      0.330
  1667         21  (g)                -51  1665     0  1672  1672   338   340     -0.481      1.951      0.920      2.210      0.000
  1668         21  (g)                -51  1665     0  1678  1678   340   336     -0.990      1.597     -0.794      2.040      0.000
  1669          1  (d)                -52  1666  1666  2443  2443   336     0     -4.611     11.915     -3.018     13.131      0.330
  1670         -1  (dbar)             -51  1664     0  2448  2448     0   341     -4.626     -0.587     -5.169      6.969      0.330
  1671         21  (g)                -51  1664     0  2447  2447   341   338     -1.131     -0.468     -0.551      1.342      0.000
  1672         21  (g)                -52  1667  1667  1676  1677   338   340     -0.460      1.866      0.880      2.114      0.000
  1673         -1  (dbar)             -51  1662     0  2352  2352     0   342     -0.021      2.770      0.082      2.791      0.330
  1674         21  (g)                -51  1662     0  2351  2351   342   337      0.228      1.449      0.929      1.736      0.000
  1675          1  (d)                -52  1663  1663  2350  2350   337     0      2.247      0.408      2.052      3.088      0.330
  1676         21  (g)                -51  1672     0  2446  2446   338   343     -0.625      0.438      0.346      0.838      0.000
  1677         21  (g)                -51  1672     0  2445  2445   343   340     -0.230      2.064      0.217      2.088      0.000
  1678         21  (g)                -52  1668  1668  2444  2444   340   336     -0.596      0.961     -0.478      1.228      0.000
  1679          1  (d)                -91   911     0  1683  1683   344     0     14.691     29.054      5.486     33.017      0.330
  1680         -1  (dbar)             -91   911     0  1681  1682     0   344     13.174     -0.337     10.320     16.741      0.330
  1681         -1  (dbar)             -51  1680     0  2466  2466     0   345      8.088     -1.185      6.818     10.650      0.330
  1682         21  (g)                -51  1680     0  1684  1685   345   344      5.241      1.155      3.559      6.439      0.000
  1683          1  (d)                -52  1679  1679  1686  1686   344     0     14.536     28.747      5.428     32.669      0.330
  1684         21  (g)                -51  1682     0  1695  1695   345   346      1.535     -0.450      0.911      1.841      0.000
  1685         21  (g)                -51  1682     0  1687  1688   346   344      4.146      2.477      2.812      5.589      0.000
  1686          1  (d)                -52  1683  1683  1689  1689   344     0     14.095     27.875      5.264     31.679      0.330
  1687         21  (g)                -51  1685     0  1693  1694   346   347      4.704      4.657      2.874      7.216      0.000
  1688         21  (g)                -51  1685     0  1690  1691   347   344      0.421     -0.243      0.304      0.573      0.000
  1689          1  (d)                -52  1686  1686  1692  1692   344     0     13.116     25.938      4.899     29.478      0.330
  1690         21  (g)                -51  1688     0  1696  1697   347   348      1.030      0.067      0.425      1.116      0.000
  1691         21  (g)                -51  1688     0  1698  1698   348   344      1.367      3.597      0.616      3.897      0.000
  1692          1  (d)                -52  1689  1689  2458  2458   344     0     11.141     22.030      4.161     25.037      0.330
  1693         21  (g)                -51  1687     0  1699  1700   349   347      2.696      3.416      2.060      4.814      0.000
  1694         21  (g)                -51  1687     0  2464  2464   346   349      2.318      1.151      0.997      2.773      0.000
  1695         21  (g)                -52  1684  1684  2465  2465   345   346      1.226     -0.360      0.728      1.470      0.000
  1696         21  (g)                -51  1690     0  1701  1701   347   350     -0.052      0.677     -0.064      0.682      0.000
  1697         21  (g)                -51  1690     0  2460  2460   350   348      1.599      0.751      0.722      1.909      0.000
  1698         21  (g)                -52  1691  1691  2459  2459   348   344      0.850      2.236      0.383      2.422      0.000
  1699         21  (g)                -51  1693     0  2463  2463   349   351      0.917      2.049      1.276      2.582      0.000
  1700         21  (g)                -51  1693     0  2462  2462   351   347      1.755      1.670      0.756      2.538      0.000
  1701         21  (g)                -52  1696  1696  2461  2461   347   350     -0.029      0.374     -0.035      0.377      0.000
  1702          1  (d)                -91   912     0  1704  1705   352     0     -1.078     -1.787     -9.836     10.060      0.330
  1703         -1  (dbar)             -91   912     0  1706  1706     0   352    -20.405      2.704     10.067     22.915      0.330
  1704          1  (d)                -51  1702     0  1709  1709   353     0     -1.097     -3.637     -8.752      9.546      0.330
  1705         21  (g)                -51  1702     0  1707  1708   352   353     -2.426      2.174      0.123      3.260      0.000
  1706         -1  (dbar)             -52  1703  1703  1713  1714     0   352    -17.959      2.380      8.860     20.169      0.330
  1707         21  (g)                -51  1705     0  1715  1715   352   354     -1.848     -0.435     -1.475      2.405      0.000
  1708         21  (g)                -51  1705     0  1712  1712   354   353     -0.735      2.082      0.333      2.233      0.000
  1709          1  (d)                -52  1704  1704  1710  1711   353     0     -0.940     -3.110     -7.487      8.168      0.330
  1710          1  (d)                -51  1709     0  2356  2356   355     0     -1.728     -1.294     -2.638      3.425      0.330
  1711         21  (g)                -51  1709     0  1719  1720   353   355      0.679     -1.507     -4.799      5.076      0.000
  1712         21  (g)                -52  1708  1708  1718  1718   354   353     -0.626      1.773      0.284      1.901      0.000
  1713         -1  (dbar)             -51  1706     0  2368  2368     0   356     -6.589      0.556      4.397      7.948      0.330
  1714         21  (g)                -51  1706     0  2367  2367   356   352    -11.556      1.780      4.315     12.463      0.000
  1715         21  (g)                -52  1707  1707  1716  1717   352   354     -1.663     -0.391     -1.328      2.164      0.000
  1716         21  (g)                -51  1715     0  1724  1724   352   357     -0.795      0.016      0.645      1.024      0.000
  1717         21  (g)                -51  1715     0  1722  1723   357   354     -1.246      0.664     -1.801      2.289      0.000
  1718         21  (g)                -52  1712  1712  1721  1721   354   353     -0.248      0.702      0.112      0.753      0.000
  1719         21  (g)                -51  1711     0  2357  2357   358   355     -0.122     -1.534     -3.862      4.157      0.000
  1720         21  (g)                -51  1711     0  2358  2358   353   358      0.715      0.271     -0.898      1.179      0.000
  1721         21  (g)                -52  1718  1718  2339     0   354   353     -0.162      0.458      0.073      0.491      0.000
  1722         -3  (sbar)             -51  1717     0  2339     0     0   354     -0.123      0.352     -0.573      0.847      0.500
  1723          3  (s)                -51  1717     0  2365  2365   357     0     -1.424      0.318     -0.984      1.830      0.500
  1724         21  (g)                -52  1716  1716  2366  2366   352   357     -0.494      0.010      0.401      0.636      0.000
  1725          1  (d)                -91   913     0  1727  1728   359     0     -1.438     14.055    -13.071     19.250      0.330
  1726         -1  (dbar)             -91   913     0  1729  1729     0   359     -2.534      1.972     10.342     10.834      0.330
  1727          1  (d)                -51  1725     0  1730  1731   360     0     -0.645     12.925    -12.575     18.048      0.330
  1728         21  (g)                -51  1725     0  1732  1732   359   360     -0.857      1.179     -0.233      1.476      0.000
  1729         -1  (dbar)             -52  1726  1726  2482  2482     0   359     -2.470      1.922     10.080     10.560      0.330
  1730          1  (d)                -51  1727     0  2479  2479   361     0     -0.178     10.337     -9.222     13.858      0.330
  1731         21  (g)                -51  1727     0  2480  2480   360   361     -0.600      2.771     -3.390      4.419      0.000
  1732         21  (g)                -52  1728  1728  2481  2481   359   360     -0.724      0.996     -0.197      1.247      0.000
  1733          1  (d)                -91   914     0  1735  1736   363     0      2.971      0.666      3.405      4.579      0.330
  1734         -1  (dbar)             -91   914     0  1737  1737     0   363     -4.503     14.311     15.360     21.474      0.330
  1735          1  (d)                -51  1733     0  2388  2396   364     0     -0.952     -0.970      1.037      1.741      0.330
  1736         21  (g)                -51  1733     0  2388  2396   363   364      2.051      7.574      8.737     11.743      0.000
  1737         -1  (dbar)             -52  1734  1734  2388  2396     0   363     -2.631      8.373      8.990     12.568      0.330
  1738          1  (d)                -91   915     0  1742  1742   365     0      1.127     16.363     60.026     62.227      0.330
  1739         -1  (dbar)             -91   915     0  1740  1741     0   365      2.907      2.063      4.571      5.806      0.330
  1740         -1  (dbar)             -51  1739     0  2400  2400     0   366      1.564      0.812      1.627      2.420      0.330
  1741         21  (g)                -51  1739     0  1745  1745   366   365      1.371      1.646      4.394      4.888      0.000
  1742          1  (d)                -52  1738  1738  1743  1744   365     0      1.100     15.968     58.576     60.725      0.330
  1743          1  (d)                -51  1742     0  2397  2397   367     0      1.285     11.480     43.554     45.061      0.330
  1744         21  (g)                -51  1742     0  2398  2398   365   367     -0.085      4.608     15.343     16.020      0.000
  1745         21  (g)                -52  1741  1741  2399  2399   366   365      1.271      1.526      4.074      4.532      0.000
  1746          1  (d)                -91   916     0  1750  1750   368     0    -14.278     43.622     63.370     78.247      0.330
  1747         -1  (dbar)             -91   916     0  1748  1749     0   368     -0.625     30.050     16.707     34.389      0.330
  1748         -1  (dbar)             -51  1747     0  1757  1758     0   370      0.392     34.069     22.967     41.090      0.330
  1749         21  (g)                -51  1747     0  1753  1753   370   368     -3.487      3.527      4.704      6.835      0.000
  1750          1  (d)                -52  1746  1746  1751  1752   368     0    -11.808     36.076     52.407     64.711      0.330
  1751          1  (d)                -51  1750     0  1754  1755   371     0     -6.659     25.590     36.106     44.755      0.330
  1752         21  (g)                -51  1750     0  1756  1756   368   371     -6.572     11.926     18.220     22.746      0.000
  1753         21  (g)                -52  1749  1749  1759  1759   370   368     -2.064      2.087      2.784      4.045      0.000
  1754          1  (d)                -51  1751     0  1780  1780   372     0     -7.125     21.245     28.296     36.096      0.330
  1755         21  (g)                -51  1751     0  1766  1767   371   372     -2.387      9.521     15.718     18.531      0.000
  1756         21  (g)                -52  1752  1752  1768  1768   368   371     -3.720      6.750     10.313     12.874      0.000
  1757         -1  (dbar)             -51  1748     0  2433  2433     0   373     -0.579      7.669      4.021      8.684      0.330
  1758         21  (g)                -51  1748     0  1760  1761   373   370      0.696     26.678     19.316     32.944      0.000
  1759         21  (g)                -52  1753  1753  1762  1762   370   368     -1.789      1.810      2.414      3.508      0.000
  1760         21  (g)                -51  1758     0  2432  2432   373   374     -0.392     10.166      6.553     12.101      0.000
  1761         21  (g)                -51  1758     0  1765  1765   374   370      0.944     16.657     12.956     21.124      0.000
  1762         21  (g)                -52  1759  1759  1763  1764   370   368     -1.646      1.665      2.220      3.226      0.000
  1763         21  (g)                -51  1762     0  1775  1776   375   368     -0.944      3.282      3.337      4.775      0.000
  1764         21  (g)                -51  1762     0  1769  1770   370   375     -0.603      0.124      0.238      0.660      0.000
  1765         21  (g)                -52  1761  1761  1771  1771   374   370      0.845     14.915     11.601     18.915      0.000
  1766         21  (g)                -51  1755     0  1778  1779   376   372     -2.297      5.360      8.890     10.632      0.000
  1767         21  (g)                -51  1755     0  1772  1773   371   376     -1.095      5.983      9.613     11.376      0.000
  1768         21  (g)                -52  1756  1756  1774  1774   368   371     -2.715      4.927      7.528      9.398      0.000
  1769         21  (g)                -51  1764     0  1777  1777   377   375     -0.555      0.326     -0.021      0.644      0.000
  1770         21  (g)                -51  1764     0  2430  2430   370   377      0.086      2.162      2.097      3.013      0.000
  1771         21  (g)                -52  1765  1765  2431  2431   374   370      0.711     12.552      9.763     15.918      0.000
  1772         -1  (dbar)             -51  1767     0  2346  2346     0   376     -0.690      4.228      5.986      7.368      0.330
  1773          1  (d)                -51  1767     0  2426  2426   371     0     -1.407      3.574      6.406      7.476      0.330
  1774         21  (g)                -52  1768  1768  2427  2427   368   371     -1.713      3.108      4.749      5.929      0.000
  1775         21  (g)                -51  1763     0  2428  2428   378   368     -0.957      3.235      3.355      4.758      0.000
  1776         21  (g)                -51  1763     0  2338     0   375   378     -0.244      0.198     -0.028      0.316      0.000
  1777         21  (g)                -52  1769  1769  2338     0   377   375     -0.297      0.174     -0.011      0.345      0.000
  1778         21  (g)                -51  1766     0  2345  2345   376   379     -3.311      9.505     14.404     17.573      0.000
  1779         21  (g)                -51  1766     0  2344  2344   379   372     -0.956      1.757      2.313      3.058      0.000
  1780          1  (d)                -52  1754  1754  2343  2343   372     0     -5.155     15.344     20.468     26.097      0.330
  1781          1  (d)                -91   917     0  1785  1785   380     0      1.268      3.050      6.827      7.592      0.330
  1782         -1  (dbar)             -91   917     0  1783  1784     0   380     -3.920     64.813     73.597     98.147      0.330
  1783         -1  (dbar)             -51  1782     0  1788  1788     0   381     -1.532      7.327      9.755     12.300      0.330
  1784         21  (g)                -51  1782     0  1786  1787   381   380     -2.144     58.039     65.111     87.250      0.000
  1785          1  (d)                -52  1781  1781  1791  1791   380     0      1.024      2.498      5.558      6.188      0.330
  1786         21  (g)                -51  1784     0  1789  1790   383   380     -2.327     46.521     52.812     70.418      0.000
  1787         21  (g)                -51  1784     0  2379  2379   381   383      0.016     12.252     13.293     18.078      0.000
  1788         -1  (dbar)             -52  1783  1783  2380  2380     0   381     -1.365      6.592      8.761     11.054      0.330
  1789         21  (g)                -51  1786     0  2378  2378   383   385     -2.181     41.357     47.731     63.193      0.000
  1790         21  (g)                -51  1786     0  2377  2377   385   380     -0.104      5.259      5.301      7.468      0.000
  1791          1  (d)                -52  1785  1785  2376  2376   380     0      0.982      2.403      5.338      5.945      0.330
  1792          1  (d)                -91   918     0  1794  1795   386     0      9.009     88.499    120.808    150.026      0.330
  1793         -1  (dbar)             -91   918     0  1796  1796     0   386      6.277     15.173      9.222     18.836      0.330
  1794          1  (d)                -51  1792     0  1800  1801   388     0     11.519     84.751    114.728    143.102      0.330
  1795         21  (g)                -51  1792     0  1797  1798   386   388     -1.627      5.879      7.372      9.568      0.000
  1796         -1  (dbar)             -52  1793  1793  1799  1799     0   386      5.394     13.042      7.930     16.192      0.330
  1797         21  (g)                -51  1795     0  1802  1802   389   388     -1.917      2.964      3.332      4.854      0.000
  1798         21  (g)                -51  1795     0  1811  1811   386   389      1.827      6.620      6.287      9.311      0.000
  1799         -1  (dbar)             -52  1796  1796  1817  1817     0   386      3.857      9.337      5.683     11.596      0.330
  1800          1  (d)                -51  1794     0  1806  1807   390     0      3.513     32.499     45.013     55.631      0.330
  1801         21  (g)                -51  1794     0  1805  1805   388   390      7.943     52.349     69.824     87.630      0.000
  1802         21  (g)                -52  1797  1797  1803  1804   389   388     -1.854      2.867      3.223      4.695      0.000
  1803         21  (g)                -51  1802     0  1809  1810   389   391     -1.628      3.267      2.853      4.632      0.000
  1804         21  (g)                -51  1802     0  1812  1813   391   388      0.355      3.430      5.479      6.474      0.000
  1805         21  (g)                -52  1801  1801  1808  1808   388   390      7.362     48.519     64.715     81.218      0.000
  1806          1  (d)                -51  1800     0  2406  2406   392     0      6.545     52.814     71.672     89.270      0.330
  1807         21  (g)                -51  1800     0  2407  2407   390   392      0.243      1.265      2.124      2.484      0.000
  1808         21  (g)                -52  1805  1805  2408  2408   388   390      4.087     26.939     35.932     45.095      0.000
  1809         21  (g)                -51  1803     0  1814  1814   393   391     -1.300      1.777      1.666      2.760      0.000
  1810         21  (g)                -51  1803     0  2412  2412   389   393     -0.027      2.583      2.225      3.410      0.000
  1811         21  (g)                -52  1798  1798  1815  1816   386   389      1.526      5.527      5.249      7.774      0.000
  1812         21  (g)                -51  1804     0  2409  2409   394   388     -0.445      2.074      3.582      4.163      0.000
  1813         21  (g)                -51  1804     0  2410  2410   391   394      0.541      1.711      2.229      2.862      0.000
  1814         21  (g)                -52  1809  1809  2411  2411   393   391     -1.040      1.422      1.333      2.210      0.000
  1815         -1  (dbar)             -51  1811     0  2413  2413     0   389      0.545      2.006      2.186      3.035      0.330
  1816          1  (d)                -51  1811     0  2341  2342   386     0      1.826      5.548      4.278      7.248      0.330
  1817         -1  (dbar)             -52  1799  1799  2341  2342     0   386      3.012      7.310      4.467      9.087      0.330
  1818        211  pi+                 91   927     0     0     0     0     0     -0.080      0.151     -6.280      6.284      0.140
  1819       -211  pi-                 91   927     0     0     0     0     0     -0.200      0.180    -15.032     15.035      0.140
  1820         22  gamma               91   927     0     0     0     0     0     -0.225     -0.009    -18.352     18.354      0.000
  1821         22  gamma               91   931     0     0     0     0     0     35.756    -48.142    146.114    157.941      0.000
  1822         22  gamma               91   931     0     0     0     0     0      2.850     -3.781     11.490     12.428      0.000
  1823         22  gamma               91   932     0     0     0     0     0     16.506    -22.406     70.871     76.139      0.000
  1824         22  gamma               91   932     0     0     0     0     0      3.727     -5.022     15.763     16.958      0.000
  1825         22  gamma               91   934     0     0     0     0     0      0.325     -1.110      1.031      1.550      0.000
  1826         22  gamma               91   934     0     0     0     0     0      0.014     -0.151      0.192      0.244      0.000
  1827        211  pi+                 91   935     0     0     0     0     0      0.733     -4.038      4.798      6.315      0.140
  1828       -211  pi-                 91   935     0     0     0     0     0      0.821     -4.655      5.189      7.020      0.140
  1829        111  (pi0)              -91   935     0  2187  2188     0     0      0.413     -1.681      2.343      2.916      0.135
  1830         22  gamma               91   936     0     0     0     0     0      0.121     -2.025      3.045      3.659      0.000
  1831         22  gamma               91   936     0     0     0     0     0      0.307     -4.349      6.202      7.581      0.000
  1832        333  (phi)              -91   957     0  2189  2191     0     0      0.149     -0.554     -3.771      3.949      1.020
  1833       -211  pi-                 91   957     0     0     0     0     0     -0.532     -0.184     -2.148      2.225      0.140
  1834        111  (pi0)              -91   957     0  2192  2193     0     0      0.136      0.062     -1.418      1.432      0.135
  1835        211  pi+                 91   965     0     0     0     0     0      0.176     -0.183      0.585      0.653      0.140
  1836       -211  pi-                 91   965     0     0     0     0     0      0.111     -0.396      0.795      0.906      0.140
  1837         22  gamma               91   965     0     0     0     0     0      0.117     -0.842      1.503      1.726      0.000
  1838       2212  p+                  91   967     0     0     0     0     0      0.617     -2.919      7.426      8.058      0.938
  1839        111  (pi0)              -91   967     0  2194  2195     0     0      0.407     -1.450      3.315      3.644      0.135
  1840      -2112  nbar0               91   968     0     0     0     0     0      1.061     -2.349      5.647      6.278      0.940
  1841       -211  pi-                 91   968     0     0     0     0     0      0.167     -0.375      0.520      0.677      0.140
  1842        113  (rho0)             -91   970     0  2196  2197     0     0      0.729     -2.398      3.244      4.161      0.714
  1843         22  gamma               91   970     0     0     0     0     0      0.352     -0.901      1.690      1.947      0.000
  1844         22  gamma               91   971     0     0     0     0     0      0.627     -0.749      1.380      1.691      0.000
  1845         22  gamma               91   971     0     0     0     0     0      0.108     -0.842      1.548      1.765      0.000
  1846       2112  n0                  91   995     0     0     0     0     0      0.213     -2.329     10.608     10.903      0.940
  1847        111  (pi0)              -91   995     0  2198  2199     0     0      0.014     -0.141      1.015      1.034      0.135
  1848        211  pi+                 91   997     0     0     0     0     0     -0.233     -0.893      2.337      2.517      0.140
  1849       -211  pi-                 91   997     0     0     0     0     0      0.158     -0.839      2.925      3.050      0.140
  1850        111  (pi0)              -91   997     0  2200  2201     0     0      0.118     -0.210      0.743      0.792      0.135
  1851         22  gamma               91   999     0     0     0     0     0      0.022     -0.318      3.043      3.060      0.000
  1852         22  gamma               91   999     0     0     0     0     0      0.105     -0.173      1.507      1.521      0.000
  1853        211  pi+                 91  1003     0     0     0     0     0     -0.357     -0.618      1.516      1.681      0.140
  1854       -211  pi-                 91  1003     0     0     0     0     0     -0.201     -0.455      0.734      0.897      0.140
  1855        111  (pi0)              -91  1003     0  2202  2203     0     0      0.023     -0.878      2.169      2.344      0.135
  1856       -421  (Dbar0)            -91  1004     0  2204  2206     0     0     -2.887     -2.427      5.787      7.154      1.865
  1857        111  (pi0)              -91  1004     0  2207  2208     0     0     -0.291     -0.215      0.573      0.691      0.135
  1858         22  gamma               91  1007     0     0     0     0     0      0.030      0.048      1.355      1.356      0.000
  1859         22  gamma               91  1007     0     0     0     0     0      0.049      0.017      9.393      9.393      0.000
  1860        211  pi+                 91  1010     0     0     0     0     0      0.195     -0.073      0.450      0.515      0.140
  1861       -211  pi-                 91  1010     0     0     0     0     0     -0.238      0.045      0.324      0.427      0.140
  1862        111  (pi0)              -91  1010     0  2209  2210     0     0      0.029     -0.245      0.269      0.389      0.135
  1863         22  gamma               91  1011     0     0     0     0     0      0.111      0.201      0.242      0.333      0.000
  1864         22  gamma               91  1011     0     0     0     0     0      0.104      0.075      0.036      0.133      0.000
  1865         22  gamma               91  1014     0     0     0     0     0     -0.641     -0.012     -1.252      1.406      0.000
  1866         22  gamma               91  1014     0     0     0     0     0      0.004     -0.002     -0.040      0.040      0.000
  1867         22  gamma               91  1039     0     0     0     0     0      0.081     -0.102      3.180      3.183      0.000
  1868         22  gamma               91  1039     0     0     0     0     0      0.070     -0.385      6.725      6.736      0.000
  1869         22  gamma               91  1044     0     0     0     0     0     -0.043     -0.066      0.905      0.908      0.000
  1870         22  gamma               91  1044     0     0     0     0     0     -0.170     -0.841      6.876      6.930      0.000
  1871       3122  (Lambda0)          -91  1048     0  2211  2212     0     0     -1.133      0.549     17.852     17.931      1.116
  1872         22  gamma               91  1048     0     0     0     0     0     -0.049     -0.002      0.160      0.168      0.000
  1873      -2212  pbar-               91  1049     0     0     0     0     0     -0.906      2.230     57.475     57.533      0.938
  1874        111  (pi0)              -91  1049     0  2213  2214     0     0     -0.242      0.472      8.140      8.159      0.135
  1875        211  pi+                 91  1055     0     0     0     0     0     -0.376      0.679     12.647     12.671      0.140
  1876       -211  pi-                 91  1055     0     0     0     0     0     -0.649      0.784     20.463     20.488      0.140
  1877        111  (pi0)              -91  1055     0  2215  2216     0     0     -0.549      0.582     15.218     15.240      0.135
  1878         22  gamma               91  1097     0     0     0     0     0     -0.147      0.281     -0.278      0.422      0.000
  1879         22  gamma               91  1097     0     0     0     0     0     -0.301      0.291     -0.481      0.638      0.000
  1880         22  gamma               91  1100     0     0     0     0     0      0.609     -0.128     -0.488      0.790      0.000
  1881         22  gamma               91  1100     0     0     0     0     0     -0.114     -0.094     -0.143      0.206      0.000
  1882         22  gamma               91  1101     0     0     0     0     0     -0.261      0.397     -0.287      0.555      0.000
  1883         22  gamma               91  1101     0     0     0     0     0      0.165      0.064      0.083      0.196      0.000
  1884        211  pi+                 91  1102     0     0     0     0     0     -0.038      0.042      0.059      0.162      0.140
  1885       -211  pi-                 91  1102     0     0     0     0     0     -0.201      0.232     -0.184      0.385      0.140
  1886         22  gamma               91  1102     0     0     0     0     0     -0.024      0.101      0.132      0.168      0.000
  1887        111  (pi0)              -91  1103     0  2217  2218     0     0     -0.003     -0.071      0.070      0.168      0.135
  1888        111  (pi0)              -91  1103     0  2219  2220     0     0      0.098     -0.570      0.497      0.775      0.135
  1889        111  (pi0)              -91  1103     0  2221  2222     0     0     -0.052     -0.143      0.188      0.277      0.135
  1890         22  gamma               91  1109     0     0     0     0     0     -0.036      0.048      6.310      6.310      0.000
  1891         11  e-                  91  1109     0     0     0     0     0     -0.080     -0.044     16.390     16.390      0.001
  1892        -11  e+                  91  1109     0     0     0     0     0     -0.056     -0.026     12.235     12.235      0.001
  1893        211  pi+                 91  1117     0     0     0     0     0      0.254     -0.128      9.637      9.642      0.140
  1894       -211  pi-                 91  1117     0     0     0     0     0      0.612      0.170     43.814     43.819      0.140
  1895        111  (pi0)              -91  1117     0  2223  2224     0     0      0.008      0.005      7.667      7.668      0.135
  1896         22  gamma               91  1120     0     0     0     0     0      0.380     -0.003      1.301      1.355      0.000
  1897         22  gamma               91  1120     0     0     0     0     0      0.158      0.046      0.347      0.384      0.000
  1898         22  gamma               91  1124     0     0     0     0     0      0.064      0.532      2.671      2.724      0.000
  1899         22  gamma               91  1124     0     0     0     0     0     -0.052      0.244      1.475      1.496      0.000
  1900      -2112  nbar0               91  1130     0     0     0     0     0      0.128      0.127     20.882     20.904      0.940
  1901        211  pi+                 91  1130     0     0     0     0     0      0.254      0.118      9.268      9.273      0.140
  1902        211  pi+                 91  1137     0     0     0     0     0     -0.007     -0.802     16.751     16.770      0.140
  1903       -211  pi-                 91  1137     0     0     0     0     0      0.153     -0.387     10.418     10.427      0.140
  1904        111  (pi0)              -91  1137     0  2225  2226     0     0     -0.010     -0.000      1.367      1.374      0.135
  1905        111  (pi0)              -91  1138     0  2227  2228     0     0     -0.204     -0.789     10.576     10.609      0.135
  1906        111  (pi0)              -91  1138     0  2229  2230     0     0     -0.103     -0.263      5.645      5.653      0.135
  1907        111  (pi0)              -91  1138     0  2231  2232     0     0      0.008     -0.400      4.902      4.921      0.135
  1908        211  pi+                 91  1148     0     0     0     0     0      0.646      0.559      1.769      1.969      0.140
  1909       -211  pi-                 91  1148     0     0     0     0     0      0.433      0.143      0.564      0.739      0.140
  1910        111  (pi0)              -91  1148     0  2233  2234     0     0      0.695      0.275      1.976      2.117      0.135
  1911         22  gamma               91  1149     0     0     0     0     0      0.032     -0.031      0.025      0.051      0.000
  1912         22  gamma               91  1149     0     0     0     0     0      0.188      0.142      0.065      0.244      0.000
  1913        111  (pi0)              -91  1150     0  2235  2236     0     0      0.186      0.265      0.910      0.975      0.135
  1914        111  (pi0)              -91  1150     0  2237  2238     0     0      0.147      0.186      0.449      0.525      0.135
  1915        111  (pi0)              -91  1150     0  2239  2240     0     0      0.481      0.232      1.520      1.617      0.135
  1916        211  pi+                 91  1167     0     0     0     0     0     -0.057      0.237      0.041      0.284      0.140
  1917        211  pi+                 91  1167     0     0     0     0     0     -0.304      0.395     -0.708      0.877      0.140
  1918       -211  pi-                 91  1167     0     0     0     0     0     -0.846      0.587     -1.226      1.607      0.140
  1919       -211  pi-                 91  1167     0     0     0     0     0     -0.918      1.148     -1.147      1.870      0.140
  1920        111  (pi0)              -91  1167     0  2241  2242     0     0     -0.299      0.282     -0.953      1.046      0.135
  1921         22  gamma               91  1170     0     0     0     0     0      0.060      0.031     -0.013      0.069      0.000
  1922         22  gamma               91  1170     0     0     0     0     0     -0.034     -0.064     -0.032      0.080      0.000
  1923         22  gamma               91  1171     0     0     0     0     0     -0.236     -0.039     -0.270      0.360      0.000
  1924         22  gamma               91  1171     0     0     0     0     0     -0.159      0.086     -0.184      0.258      0.000
  1925         22  gamma               91  1176     0     0     0     0     0      0.013      0.004      0.035      0.038      0.000
  1926         22  gamma               91  1176     0     0     0     0     0     -0.012     -0.090     -0.100      0.134      0.000
  1927         22  gamma               91  1181     0     0     0     0     0     -0.055     -0.032      0.025      0.069      0.000
  1928         22  gamma               91  1181     0     0     0     0     0     -0.274      0.091      0.316      0.428      0.000
  1929        111  (pi0)              -91  1201     0  2243  2244     0     0      0.164     -0.139   -495.422    495.422      0.135
  1930         22  gamma               91  1201     0     0     0     0     0      0.063     -0.154    -21.150     21.150      0.000
  1931         22  gamma               91  1204     0     0     0     0     0     -0.141      0.168     -6.718      6.722      0.000
  1932         22  gamma               91  1204     0     0     0     0     0     -0.524      0.354    -24.391     24.399      0.000
  1933         22  gamma               91  1208     0     0     0     0     0     -0.055     -0.052     -0.066      0.101      0.000
  1934         22  gamma               91  1208     0     0     0     0     0     -0.048     -0.252     -0.554      0.611      0.000
  1935         22  gamma               91  1212     0     0     0     0     0     -0.530      0.279     -0.012      0.599      0.000
  1936         22  gamma               91  1212     0     0     0     0     0     -0.019      0.039      0.025      0.050      0.000
  1937       2112  n0                  91  1214     0     0     0     0     0      0.680      0.596      1.527      2.008      0.940
  1938       -211  pi-                 91  1214     0     0     0     0     0      0.250     -0.078      0.294      0.418      0.140
  1939      -2112  nbar0               91  1215     0     0     0     0     0      1.585      0.650      4.419      4.831      0.940
  1940        211  pi+                 91  1215     0     0     0     0     0      0.283     -0.068      1.062      1.110      0.140
  1941         22  gamma               91  1216     0     0     0     0     0      0.192     -0.079     -0.302      0.367      0.000
  1942         22  gamma               91  1216     0     0     0     0     0      0.248      0.050     -0.327      0.414      0.000
  1943        211  pi+                 91  1254     0     0     0     0     0      0.077     -0.070     -0.001      0.174      0.140
  1944       -211  pi-                 91  1254     0     0     0     0     0     -0.221     -0.014     -0.060      0.269      0.140
  1945        111  (pi0)              -91  1254     0  2245  2246     0     0      0.206      0.259     -0.180      0.400      0.135
  1946         22  gamma               91  1256     0     0     0     0     0      0.059      0.019      0.027      0.068      0.000
  1947         22  gamma               91  1256     0     0     0     0     0     -0.045      0.104      0.138      0.179      0.000
  1948         22  gamma               91  1260     0     0     0     0     0      0.338      0.099     -0.745      0.824      0.000
  1949         22  gamma               91  1260     0     0     0     0     0      0.167      0.163      0.038      0.236      0.000
  1950         22  gamma               91  1261     0     0     0     0     0      0.465      0.230     -0.722      0.889      0.000
  1951         22  gamma               91  1261     0     0     0     0     0      0.428      0.189     -0.894      1.009      0.000
  1952         22  gamma               91  1264     0     0     0     0     0     -0.011     -0.051     -0.220      0.226      0.000
  1953         22  gamma               91  1264     0     0     0     0     0      0.229     -0.486     -1.363      1.465      0.000
  1954        211  pi+                 91  1273     0     0     0     0     0     -0.100      0.145     -1.425      1.443      0.140
  1955       -211  pi-                 91  1273     0     0     0     0     0     -0.007     -0.215     -0.382      0.460      0.140
  1956        111  (pi0)              -91  1273     0  2247  2248     0     0     -0.033      0.043     -0.128      0.194      0.135
  1957        130  K_L0                91  1277     0     0     0     0     0      0.136     -0.271     -0.488      0.760      0.498
  1958        310  (K_S0)             -91  1277     0  2249  2250     0     0      0.075     -0.286     -0.824      1.007      0.498
  1959         22  gamma               91  1283     0     0     0     0     0      0.047     -0.339     -0.710      0.788      0.000
  1960         22  gamma               91  1283     0     0     0     0     0      0.103     -0.191     -0.300      0.370      0.000
  1961        211  pi+                 91  1289     0     0     0     0     0      0.201      0.145     -9.492      9.496      0.140
  1962       -211  pi-                 91  1289     0     0     0     0     0     -0.068     -0.034     -2.590      2.595      0.140
  1963         22  gamma               91  1289     0     0     0     0     0      0.002     -0.004     -5.978      5.978      0.000
  1964         22  gamma               91  1292     0     0     0     0     0      0.013      0.014     -2.482      2.482      0.000
  1965         22  gamma               91  1292     0     0     0     0     0      0.975      0.985   -389.492    389.494      0.000
  1966        111  (pi0)              -91  1296     0  2251  2252     0     0      0.478      0.417   -185.286    185.288      0.135
  1967        111  (pi0)              -91  1296     0  2253  2254     0     0      0.108      0.213   -101.271    101.272      0.135
  1968        221  (eta)              -91  1296     0  2255  2257     0     0      0.464      0.705   -242.431    242.433      0.548
  1969         22  gamma               91  1303     0     0     0     0     0     -0.099     -0.135    -27.018     27.019      0.000
  1970         22  gamma               91  1303     0     0     0     0     0     -0.174     -0.105    -17.836     17.837      0.000
  1971        211  pi+                 91  1307     0     0     0     0     0      0.183     -0.239    -31.022     31.024      0.140
  1972       -211  pi-                 91  1307     0     0     0     0     0      0.013     -0.309    -11.862     11.867      0.140
  1973        111  (pi0)              -91  1307     0  2258  2259     0     0      0.094     -0.810    -58.393     58.399      0.135
  1974         22  gamma               91  1309     0     0     0     0     0      1.557     -1.027   -103.061    103.078      0.000
  1975         22  gamma               91  1309     0     0     0     0     0      0.102     -0.104     -9.363      9.364      0.000
  1976         22  gamma               91  1311     0     0     0     0     0      0.640     -0.286    -14.415     14.432      0.000
  1977         22  gamma               91  1311     0     0     0     0     0      0.036      0.000     -0.354      0.356      0.000
  1978         22  gamma               91  1327     0     0     0     0     0     -0.153     -0.363    -29.163     29.166      0.000
  1979         22  gamma               91  1327     0     0     0     0     0     -0.114     -0.153    -21.670     21.671      0.000
  1980        211  pi+                 91  1339     0     0     0     0     0     -0.034      0.070     -0.113      0.196      0.140
  1981       -211  pi-                 91  1339     0     0     0     0     0     -0.460     -0.252     -0.448      0.704      0.140
  1982        111  (pi0)              -91  1339     0  2260  2261     0     0     -0.779     -0.092     -0.996      1.275      0.135
  1983         22  gamma               91  1343     0     0     0     0     0     -0.257      0.082     -0.056      0.276      0.000
  1984         22  gamma               91  1343     0     0     0     0     0     -0.414      0.220     -0.266      0.539      0.000
  1985        211  pi+                 91  1345     0     0     0     0     0     -2.502     -0.021     -1.329      2.837      0.140
  1986       -211  pi-                 91  1345     0     0     0     0     0     -4.063      0.583     -2.128      4.626      0.140
  1987        111  (pi0)              -91  1345     0  2262  2263     0     0     -1.157      0.112     -0.778      1.406      0.135
  1988        211  pi+                 91  1347     0     0     0     0     0     -8.738      0.174     -4.696      9.922      0.140
  1989       -211  pi-                 91  1347     0     0     0     0     0     -5.846      0.286     -2.711      6.452      0.140
  1990        111  (pi0)              -91  1347     0  2264  2265     0     0     -1.365      0.055     -0.647      1.518      0.135
  1991         22  gamma               91  1348     0     0     0     0     0     -1.336      0.108     -0.716      1.519      0.000
  1992         22  gamma               91  1348     0     0     0     0     0     -5.499      0.255     -2.720      6.141      0.000
  1993        211  pi+                 91  1351     0     0     0     0     0     -0.671      0.042     -0.395      0.792      0.140
  1994       -211  pi-                 91  1351     0     0     0     0     0     -0.256      0.099      0.017      0.308      0.140
  1995        111  (pi0)              -91  1351     0  2266  2267     0     0     -1.430     -0.195     -0.604      1.571      0.135
  1996        211  pi+                 91  1352     0     0     0     0     0     -0.267     -0.039     -0.218      0.374      0.140
  1997       -211  pi-                 91  1352     0     0     0     0     0     -0.966     -0.068     -0.176      0.994      0.140
  1998        111  (pi0)              -91  1352     0  2268  2269     0     0      0.010     -0.078      0.035      0.160      0.135
  1999         22  gamma               91  1356     0     0     0     0     0     -0.023     -0.125      0.480      0.496      0.000
  2000         22  gamma               91  1356     0     0     0     0     0     -0.044     -0.165      0.244      0.297      0.000
  2001        211  pi+                 91  1358     0     0     0     0     0     -2.735     -1.188      5.229      6.021      0.140
  2002       -211  pi-                 91  1358     0     0     0     0     0     -2.602     -0.798      4.185      4.994      0.140
  2003        111  (pi0)              -91  1358     0  2270  2271     0     0     -0.938     -0.460      1.454      1.795      0.135
  2004         22  gamma               91  1359     0     0     0     0     0     -0.180     -0.074      0.429      0.471      0.000
  2005         22  gamma               91  1359     0     0     0     0     0     -0.460     -0.450      1.441      1.578      0.000
  2006         22  gamma               91  1360     0     0     0     0     0     -0.029     -0.067      0.069      0.101      0.000
  2007         22  gamma               91  1360     0     0     0     0     0     -0.328     -0.281      0.855      0.958      0.000
  2008         22  gamma               91  1361     0     0     0     0     0     -1.333     -0.424      2.252      2.651      0.000
  2009         22  gamma               91  1361     0     0     0     0     0     -1.115     -0.401      2.138      2.444      0.000
  2010         22  gamma               91  1362     0     0     0     0     0     -5.622     -1.876     11.030     12.522      0.000
  2011         22  gamma               91  1362     0     0     0     0     0     -3.817     -1.176      7.307      8.327      0.000
  2012        211  pi+                 91  1363     0     0     0     0     0     -1.513     -0.477      3.460      3.809      0.140
  2013       -211  pi-                 91  1363     0     0     0     0     0     -4.283     -1.651      9.128     10.218      0.140
  2014        111  (pi0)              -91  1363     0  2272  2273     0     0     -1.029     -0.431      1.832      2.149      0.135
  2015       -321  K-                  91  1380     0     0     0     0     0     -0.902      0.332      0.276      1.115      0.494
  2016        211  pi+                 91  1380     0     0     0     0     0     -0.150      0.370      1.187      1.260      0.140
  2017        111  (pi0)              -91  1380     0  2274  2275     0     0     -0.762      0.565      1.392      1.690      0.135
  2018         22  gamma               91  1382     0     0     0     0     0      0.001      0.050      0.028      0.057      0.000
  2019         22  gamma               91  1382     0     0     0     0     0     -0.304      0.487     -0.012      0.574      0.000
  2020         22  gamma               91  1383     0     0     0     0     0     -0.013      0.144      0.126      0.192      0.000
  2021         22  gamma               91  1383     0     0     0     0     0     -0.097      0.045      0.041      0.114      0.000
  2022         22  gamma               91  1385     0     0     0     0     0     -0.155      0.047      0.011      0.162      0.000
  2023         11  e-                  91  1385     0     0     0     0     0     -0.000      0.049      0.018      0.052      0.001
  2024        -11  e+                  91  1385     0     0     0     0     0      0.002      0.025      0.007      0.026      0.001
  2025         22  gamma               91  1386     0     0     0     0     0     -0.260      0.061     -0.451      0.525      0.000
  2026         22  gamma               91  1386     0     0     0     0     0     -0.629      0.018     -0.774      0.997      0.000
  2027        111  (pi0)              -91  1396     0  2276  2277     0     0      0.398     -0.118     -1.628      1.686      0.135
  2028        111  (pi0)              -91  1396     0  2278  2279     0     0      0.164     -0.063     -0.628      0.666      0.135
  2029        111  (pi0)              -91  1396     0  2280  2281     0     0      0.130     -0.027     -1.530      1.542      0.135
  2030         22  gamma               91  1397     0     0     0     0     0      0.097     -0.094     -0.583      0.599      0.000
  2031         22  gamma               91  1397     0     0     0     0     0     -0.038     -0.111     -0.496      0.510      0.000
  2032         22  gamma               91  1401     0     0     0     0     0     -0.185     -0.265    -37.100     37.101      0.000
  2033         22  gamma               91  1401     0     0     0     0     0     -0.086     -0.054    -21.706     21.706      0.000
  2034         22  gamma               91  1402     0     0     0     0     0     -0.126      0.140    -16.700     16.701      0.000
  2035         22  gamma               91  1402     0     0     0     0     0     -0.222      0.566    -64.729     64.732      0.000
  2036        111  (pi0)              -91  1403     0  2282  2283     0     0      0.103     -0.020    -33.100     33.100      0.135
  2037        111  (pi0)              -91  1403     0  2284  2285     0     0     -0.143     -0.119    -24.333     24.334      0.135
  2038        111  (pi0)              -91  1403     0  2286  2287     0     0      0.003      0.018    -27.543     27.544      0.135
  2039         22  gamma               91  1404     0     0     0     0     0     -0.390     -0.354    -48.614     48.617      0.000
  2040         22  gamma               91  1404     0     0     0     0     0     -0.172     -0.255    -35.947     35.948      0.000
  2041         22  gamma               91  1405     0     0     0     0     0      0.248     -0.133    -27.533     27.534      0.000
  2042         22  gamma               91  1405     0     0     0     0     0      0.096     -0.007    -18.877     18.877      0.000
  2043        111  (pi0)              -91  1407     0  2288  2289     0     0     -0.174      0.277     48.569     48.570      0.135
  2044        111  (pi0)              -91  1407     0  2290  2291     0     0     -0.434      0.851    104.102    104.107      0.135
  2045        111  (pi0)              -91  1407     0  2292  2293     0     0     -0.061      0.164     33.690     33.690      0.135
  2046      -2212  pbar-               91  1414     0     0     0     0     0      0.242      0.524      5.153      5.269      0.938
  2047        211  pi+                 91  1414     0     0     0     0     0      0.139      0.204      1.247      1.279      0.140
  2048         22  gamma               91  1420     0     0     0     0     0     -0.026      0.037     -0.501      0.503      0.000
  2049         22  gamma               91  1420     0     0     0     0     0      0.050      0.517     -9.979      9.992      0.000
  2050        211  pi+                 91  1429     0     0     0     0     0     -0.621     -0.030     -9.211      9.233      0.140
  2051       -211  pi-                 91  1429     0     0     0     0     0     -0.064      0.151     -2.614      2.623      0.140
  2052         22  gamma               91  1433     0     0     0     0     0     -0.401     -0.011     -1.912      1.953      0.000
  2053         22  gamma               91  1433     0     0     0     0     0     -0.168     -0.061     -0.571      0.598      0.000
  2054         22  gamma               91  1439     0     0     0     0     0      0.017     -0.002      0.058      0.060      0.000
  2055         22  gamma               91  1439     0     0     0     0     0      0.586     -0.945      2.247      2.507      0.000
  2056         22  gamma               91  1443     0     0     0     0     0      1.768     -5.353      7.083      9.053      0.000
  2057         22  gamma               91  1443     0     0     0     0     0      9.533    -29.687     38.873     49.833      0.000
  2058        111  (pi0)              -91  1448     0  2294  2295     0     0     -0.263     -0.432      3.488      3.527      0.135
  2059        111  (pi0)              -91  1448     0  2296  2297     0     0      0.059     -0.737      6.600      6.643      0.135
  2060         22  gamma               91  1450     0     0     0     0     0     -0.109     -0.710      3.055      3.138      0.000
  2061         22  gamma               91  1450     0     0     0     0     0     -0.241     -0.682      3.073      3.157      0.000
  2062         22  gamma               91  1456     0     0     0     0     0      0.294      0.092     -1.204      1.243      0.000
  2063         22  gamma               91  1456     0     0     0     0     0      0.125      0.118     -0.457      0.488      0.000
  2064         22  gamma               91  1458     0     0     0     0     0      0.232     -0.446      1.874      1.941      0.000
  2065         22  gamma               91  1458     0     0     0     0     0      0.024     -0.214      0.657      0.691      0.000
  2066         22  gamma               91  1465     0     0     0     0     0     -0.089      0.030      0.411      0.421      0.000
  2067         22  gamma               91  1465     0     0     0     0     0     -0.289     -0.124      1.890      1.916      0.000
  2068         22  gamma               91  1467     0     0     0     0     0     -0.261      0.235      4.909      4.922      0.000
  2069         22  gamma               91  1467     0     0     0     0     0     -0.151      0.268      5.543      5.551      0.000
  2070         22  gamma               91  1472     0     0     0     0     0     -0.251      0.471     13.933     13.944      0.000
  2071         22  gamma               91  1472     0     0     0     0     0     -0.292      0.605     14.050     14.066      0.000
  2072       2212  p+                  91  1473     0     0     0     0     0     -1.055      0.636     95.560     95.572      0.938
  2073       -211  pi-                 91  1473     0     0     0     0     0     -0.032      0.096     10.172     10.173      0.140
  2074         22  gamma               91  1474     0     0     0     0     0     -0.345      0.453     35.787     35.791      0.000
  2075         22  gamma               91  1474     0     0     0     0     0     -0.102      0.041      7.433      7.434      0.000
  2076         22  gamma               91  1478     0     0     0     0     0     -0.054      0.209      2.797      2.806      0.000
  2077         22  gamma               91  1478     0     0     0     0     0      0.040      0.078      0.578      0.585      0.000
  2078        211  pi+                 91  1483     0     0     0     0     0     -0.249      0.161     22.815     22.817      0.140
  2079       -211  pi-                 91  1483     0     0     0     0     0     -0.621      0.057     92.574     92.576      0.140
  2080         22  gamma               91  1487     0     0     0     0     0     -0.167     -0.042      8.261      8.263      0.000
  2081         22  gamma               91  1487     0     0     0     0     0     -0.156     -0.147      6.326      6.330      0.000
  2082        111  (pi0)              -91  1496     0  2298  2299     0     0      0.198      0.064      2.641      2.653      0.135
  2083        111  (pi0)              -91  1496     0  2300  2301     0     0     -0.162     -0.148      2.913      2.924      0.135
  2084         22  gamma               91  1500     0     0     0     0     0     -0.682     -0.147      9.306      9.332      0.000
  2085         22  gamma               91  1500     0     0     0     0     0     -0.105     -0.054      1.061      1.068      0.000
  2086         22  gamma               91  1502     0     0     0     0     0      0.009     -0.079      0.673      0.678      0.000
  2087         22  gamma               91  1502     0     0     0     0     0      0.245     -0.235      1.809      1.840      0.000
  2088         22  gamma               91  1504     0     0     0     0     0      0.125      0.055      0.213      0.253      0.000
  2089         22  gamma               91  1504     0     0     0     0     0      0.257      0.313      0.929      1.013      0.000
  2090        111  (pi0)              -91  1505     0  2302  2303     0     0      0.643      0.083      1.160      1.336      0.135
  2091        111  (pi0)              -91  1505     0  2304  2305     0     0      0.632      0.333      2.169      2.288      0.135
  2092         22  gamma               91  1509     0     0     0     0     0     -0.448      0.829      2.048      2.254      0.000
  2093         11  e-                  91  1509     0     0     0     0     0     -0.105      0.216      0.387      0.456      0.001
  2094        -11  e+                  91  1509     0     0     0     0     0     -0.010      0.018      0.031      0.037      0.001
  2095         22  gamma               91  1511     0     0     0     0     0     -1.016      0.229      1.504      1.829      0.000
  2096         22  gamma               91  1511     0     0     0     0     0     -0.752      0.093      0.947      1.213      0.000
  2097         22  gamma               91  1513     0     0     0     0     0     -0.172      0.257      0.491      0.580      0.000
  2098         22  gamma               91  1513     0     0     0     0     0      0.014      0.121      0.178      0.216      0.000
  2099         22  gamma               91  1515     0     0     0     0     0      0.124      0.031     -0.165      0.209      0.000
  2100         22  gamma               91  1515     0     0     0     0     0      0.072      0.103     -0.389      0.409      0.000
  2101         22  gamma               91  1519     0     0     0     0     0      0.022     -0.012      0.060      0.065      0.000
  2102         22  gamma               91  1519     0     0     0     0     0     -0.179     -0.236      0.443      0.533      0.000
  2103         22  gamma               91  1523     0     0     0     0     0     -0.014      0.008      0.481      0.482      0.000
  2104         22  gamma               91  1523     0     0     0     0     0      0.202      0.073      1.764      1.777      0.000
  2105        211  pi+                 91  1526     0     0     0     0     0     -0.375     -0.183      8.272      8.284      0.140
  2106       -211  pi-                 91  1526     0     0     0     0     0     -0.179      0.147      9.701      9.705      0.140
  2107        111  (pi0)              -91  1532     0  2306  2307     0     0      0.074      0.087    -25.472     25.473      0.135
  2108        111  (pi0)              -91  1532     0  2308  2309     0     0      0.513      0.572   -267.763    267.764      0.135
  2109         22  gamma               91  1534     0     0     0     0     0     -0.022      0.000     -0.152      0.154      0.000
  2110         22  gamma               91  1534     0     0     0     0     0      0.009     -0.048     -5.575      5.576      0.000
  2111         22  gamma               91  1536     0     0     0     0     0     -0.034      0.116     -0.026      0.123      0.000
  2112         22  gamma               91  1536     0     0     0     0     0      0.063      0.043     -0.087      0.115      0.000
  2113         22  gamma               91  1538     0     0     0     0     0      0.210      0.153     -0.059      0.266      0.000
  2114         22  gamma               91  1538     0     0     0     0     0      0.061      0.030     -0.101      0.122      0.000
  2115         22  gamma               91  1543     0     0     0     0     0      0.089      0.239     -0.604      0.656      0.000
  2116         22  gamma               91  1543     0     0     0     0     0      0.439      0.545     -1.635      1.779      0.000
  2117         22  gamma               91  1545     0     0     0     0     0     -0.067      0.090      0.027      0.115      0.000
  2118         22  gamma               91  1545     0     0     0     0     0     -0.259      0.806      0.473      0.970      0.000
  2119         22  gamma               91  1549     0     0     0     0     0      1.023      0.029     -2.583      2.778      0.000
  2120         22  gamma               91  1549     0     0     0     0     0      0.036      0.001     -0.186      0.190      0.000
  2121         22  gamma               91  1551     0     0     0     0     0      0.495      0.084     -3.354      3.391      0.000
  2122         22  gamma               91  1551     0     0     0     0     0      0.734      0.213     -6.161      6.209      0.000
  2123         22  gamma               91  1553     0     0     0     0     0      0.046     -0.350     -3.597      3.614      0.000
  2124         22  gamma               91  1553     0     0     0     0     0      0.085     -0.649     -5.030      5.072      0.000
  2125         22  gamma               91  1555     0     0     0     0     0      0.024     -0.050     -3.226      3.227      0.000
  2126         22  gamma               91  1555     0     0     0     0     0      0.276     -0.005    -12.069     12.072      0.000
  2127         22  gamma               91  1557     0     0     0     0     0      0.130     -0.470    -11.971     11.981      0.000
  2128         22  gamma               91  1557     0     0     0     0     0      0.024     -0.052     -0.644      0.647      0.000
  2129         22  gamma               91  1561     0     0     0     0     0     -0.193      0.182     -9.639      9.643      0.000
  2130         22  gamma               91  1561     0     0     0     0     0     -0.081      0.222     -6.454      6.458      0.000
  2131        211  pi+                 91  1564     0     0     0     0     0     -0.194     -0.149     -0.207      0.350      0.140
  2132       -211  pi-                 91  1564     0     0     0     0     0      0.004      0.020     -0.671      0.686      0.140
  2133         22  gamma               91  1566     0     0     0     0     0      0.539     -1.407      0.183      1.518      0.000
  2134         22  gamma               91  1566     0     0     0     0     0      0.077     -0.367      0.014      0.375      0.000
  2135         22  gamma               91  1568     0     0     0     0     0      0.066     -0.870     -0.051      0.874      0.000
  2136         22  gamma               91  1568     0     0     0     0     0     -0.020     -0.047      0.019      0.054      0.000
  2137         22  gamma               91  1572     0     0     0     0     0     -0.238     -0.498     -0.884      1.042      0.000
  2138         22  gamma               91  1572     0     0     0     0     0     -0.028     -0.272     -0.405      0.489      0.000
  2139         22  gamma               91  1574     0     0     0     0     0     -0.074      0.167     -0.831      0.851      0.000
  2140         22  gamma               91  1574     0     0     0     0     0     -0.015      0.340     -1.029      1.084      0.000
  2141         22  gamma               91  1576     0     0     0     0     0     -0.058     -0.223    -25.057     25.058      0.000
  2142         22  gamma               91  1576     0     0     0     0     0      0.056     -0.055     -8.325      8.325      0.000
  2143        111  (pi0)              -91  1578     0  2310  2311     0     0     -0.343     -0.120    -37.502     37.504      0.135
  2144        111  (pi0)              -91  1578     0  2312  2313     0     0      0.058     -0.264    -28.964     28.966      0.135
  2145         22  gamma               91  1580     0     0     0     0     0     -0.188     -0.042    -13.496     13.497      0.000
  2146         22  gamma               91  1580     0     0     0     0     0     -0.307      0.017    -34.842     34.844      0.000
  2147         22  gamma               91  1587     0     0     0     0     0     -0.021     -0.613    -61.305     61.308      0.000
  2148         22  gamma               91  1587     0     0     0     0     0     -0.093     -0.337    -41.578     41.579      0.000
  2149         22  gamma               91  1594     0     0     0     0     0     -0.035     -0.064     -1.597      1.599      0.000
  2150         22  gamma               91  1594     0     0     0     0     0     -0.103     -0.421    -19.131     19.136      0.000
  2151         22  gamma               91  1602     0     0     0     0     0     -0.756     -0.013     -0.457      0.883      0.000
  2152         22  gamma               91  1602     0     0     0     0     0     -4.309     -0.393     -2.690      5.095      0.000
  2153         22  gamma               91  1604     0     0     0     0     0     -4.076      0.360     -1.791      4.466      0.000
  2154         22  gamma               91  1604     0     0     0     0     0     -5.001      0.315     -2.281      5.506      0.000
  2155         22  gamma               91  1606     0     0     0     0     0     -0.027      0.009      0.021      0.036      0.000
  2156         22  gamma               91  1606     0     0     0     0     0     -0.845      0.067      1.758      1.952      0.000
  2157        111  (pi0)              -91  1609     0  2314  2315     0     0      0.121      0.060     -0.469      0.507      0.135
  2158        111  (pi0)              -91  1609     0  2316  2317     0     0      0.670     -0.149     -3.925      3.987      0.135
  2159         22  gamma               91  1611     0     0     0     0     0      0.240      0.145     -5.066      5.073      0.000
  2160         22  gamma               91  1611     0     0     0     0     0      0.061      0.052     -3.415      3.416      0.000
  2161         22  gamma               91  1613     0     0     0     0     0      0.113      0.185     -3.484      3.490      0.000
  2162         22  gamma               91  1613     0     0     0     0     0      0.064      0.060     -3.512      3.513      0.000
  2163         22  gamma               91  1615     0     0     0     0     0     -0.100      0.122     52.330     52.330      0.000
  2164         22  gamma               91  1615     0     0     0     0     0     -0.017      0.016     52.750     52.750      0.000
  2165         22  gamma               91  1622     0     0     0     0     0      0.147     -0.343      0.053      0.377      0.000
  2166         22  gamma               91  1622     0     0     0     0     0      0.014     -0.015      0.045      0.050      0.000
  2167        111  (pi0)              -91  1626     0  2318  2319     0     0     -0.342     -0.434     -3.658      3.701      0.135
  2168        111  (pi0)              -91  1626     0  2320  2321     0     0     -0.188     -0.103     -0.607      0.658      0.135
  2169        211  pi+                 91  1627     0     0     0     0     0     -0.615      1.462     26.184     26.232      0.140
  2170       -211  pi-                 91  1627     0     0     0     0     0     -0.012      0.291      7.143      7.151      0.140
  2171        111  (pi0)              -91  1630     0  2322  2323     0     0      0.131      0.023      0.194      0.271      0.135
  2172        111  (pi0)              -91  1630     0  2324  2325     0     0      0.075     -0.482      0.252      0.565      0.135
  2173        211  pi+                 91  1632     0     0     0     0     0      0.096     -0.114     -0.489      0.530      0.140
  2174       -211  pi-                 91  1632     0     0     0     0     0     -0.168     -0.099     -0.065      0.248      0.140
  2175        211  pi+                 91  1633     0     0     0     0     0      0.350      0.273     -1.232      1.317      0.140
  2176       -211  pi-                 91  1633     0     0     0     0     0      0.029     -0.085     -0.221      0.276      0.140
  2177        211  pi+                 91  1634     0     0     0     0     0     -0.261      0.128     -0.395      0.510      0.140
  2178       -211  pi-                 91  1634     0     0     0     0     0     -0.041     -0.137     -0.012      0.200      0.140
  2179        211  pi+                 91  1635     0     0     0     0     0      0.313     -3.167      0.348      3.205      0.140
  2180       -211  pi-                 91  1635     0     0     0     0     0     -0.002     -0.739     -0.069      0.755      0.140
  2181        111  (pi0)              -91  1636     0  2326  2327     0     0      0.164      0.132     -0.876      0.911      0.135
  2182        111  (pi0)              -91  1636     0  2328  2329     0     0     -0.046     -0.165     -1.851      1.864      0.135
  2183        211  pi+                 91  1637     0     0     0     0     0     -1.265     -0.157    -99.566     99.574      0.140
  2184       -211  pi-                 91  1637     0     0     0     0     0     -1.792     -0.699   -138.188    138.202      0.140
  2185        111  (pi0)              -91  1638     0  2330  2331     0     0     -0.057      0.042     -6.928      6.930      0.135
  2186        111  (pi0)              -91  1638     0  2332  2333     0     0      0.257     -0.390    -24.276     24.280      0.135
  2187         22  gamma               91  1829     0     0     0     0     0      0.082     -0.204      0.245      0.329      0.000
  2188         22  gamma               91  1829     0     0     0     0     0      0.331     -1.476      2.098      2.587      0.000
  2189        211  pi+                 91  1832     0     0     0     0     0      0.103     -0.548     -1.582      1.684      0.140
  2190       -211  pi-                 91  1832     0     0     0     0     0      0.138     -0.056     -1.999      2.009      0.140
  2191        111  (pi0)              -91  1832     0  2334  2335     0     0     -0.092      0.050     -0.190      0.256      0.135
  2192         22  gamma               91  1834     0     0     0     0     0      0.161      0.071     -1.246      1.258      0.000
  2193         22  gamma               91  1834     0     0     0     0     0     -0.025     -0.008     -0.172      0.174      0.000
  2194         22  gamma               91  1839     0     0     0     0     0      0.295     -0.837      2.024      2.210      0.000
  2195         22  gamma               91  1839     0     0     0     0     0      0.111     -0.613      1.291      1.434      0.000
  2196        211  pi+                 91  1842     0     0     0     0     0      0.297     -0.260      0.579      0.714      0.140
  2197       -211  pi-                 91  1842     0     0     0     0     0      0.433     -2.138      2.665      3.447      0.140
  2198         22  gamma               91  1847     0     0     0     0     0     -0.045     -0.034      0.152      0.162      0.000
  2199         22  gamma               91  1847     0     0     0     0     0      0.059     -0.107      0.863      0.872      0.000
  2200         22  gamma               91  1850     0     0     0     0     0      0.006     -0.114      0.205      0.234      0.000
  2201         22  gamma               91  1850     0     0     0     0     0      0.112     -0.096      0.538      0.558      0.000
  2202         22  gamma               91  1855     0     0     0     0     0      0.024     -0.694      1.557      1.705      0.000
  2203         22  gamma               91  1855     0     0     0     0     0     -0.001     -0.183      0.612      0.639      0.000
  2204         13  mu-                 91  1856     0     0     0     0     0     -0.687     -0.781      1.207      1.597      0.106
  2205        -14  nu_mubar            91  1856     0     0     0     0     0     -1.801     -0.564      2.929      3.485      0.000
  2206        321  K+                  91  1856     0     0     0     0     0     -0.399     -1.082      1.650      2.073      0.494
  2207         22  gamma               91  1857     0     0     0     0     0     -0.036     -0.032      0.014      0.050      0.000
  2208         22  gamma               91  1857     0     0     0     0     0     -0.255     -0.183      0.559      0.641      0.000
  2209         22  gamma               91  1862     0     0     0     0     0     -0.042     -0.047      0.106      0.123      0.000
  2210         22  gamma               91  1862     0     0     0     0     0      0.070     -0.198      0.164      0.267      0.000
  2211       2212  p+                  91  1871     0     0     0     0     0     -0.953      0.501     16.190     16.253      0.938
  2212       -211  pi-                 91  1871     0     0     0     0     0     -0.180      0.048      1.662      1.678      0.140
  2213         22  gamma               91  1874     0     0     0     0     0     -0.137      0.312      6.067      6.077      0.000
  2214         22  gamma               91  1874     0     0     0     0     0     -0.105      0.160      2.073      2.082      0.000
  2215         22  gamma               91  1877     0     0     0     0     0     -0.479      0.546     13.076     13.096      0.000
  2216         22  gamma               91  1877     0     0     0     0     0     -0.070      0.035      2.143      2.144      0.000
  2217         22  gamma               91  1887     0     0     0     0     0      0.057     -0.064      0.064      0.107      0.000
  2218         22  gamma               91  1887     0     0     0     0     0     -0.060     -0.007      0.006      0.061      0.000
  2219         22  gamma               91  1888     0     0     0     0     0      0.072     -0.562      0.478      0.741      0.000
  2220         22  gamma               91  1888     0     0     0     0     0      0.026     -0.008      0.020      0.033      0.000
  2221         22  gamma               91  1889     0     0     0     0     0     -0.045     -0.166      0.137      0.220      0.000
  2222         22  gamma               91  1889     0     0     0     0     0     -0.008      0.024      0.051      0.057      0.000
  2223         22  gamma               91  1895     0     0     0     0     0     -0.051     -0.008      5.798      5.798      0.000
  2224         22  gamma               91  1895     0     0     0     0     0      0.059      0.013      1.869      1.870      0.000
  2225         22  gamma               91  1904     0     0     0     0     0      0.022     -0.059      0.472      0.476      0.000
  2226         22  gamma               91  1904     0     0     0     0     0     -0.032      0.059      0.895      0.898      0.000
  2227         22  gamma               91  1905     0     0     0     0     0     -0.200     -0.738      9.370      9.401      0.000
  2228         22  gamma               91  1905     0     0     0     0     0     -0.004     -0.052      1.206      1.207      0.000
  2229         22  gamma               91  1906     0     0     0     0     0     -0.103     -0.085      2.145      2.149      0.000
  2230         22  gamma               91  1906     0     0     0     0     0      0.000     -0.178      3.500      3.504      0.000
  2231         22  gamma               91  1907     0     0     0     0     0      0.007     -0.192      3.143      3.149      0.000
  2232         22  gamma               91  1907     0     0     0     0     0      0.001     -0.209      1.760      1.772      0.000
  2233         22  gamma               91  1910     0     0     0     0     0      0.567      0.257      1.736      1.845      0.000
  2234         22  gamma               91  1910     0     0     0     0     0      0.128      0.018      0.239      0.272      0.000
  2235         22  gamma               91  1913     0     0     0     0     0      0.004      0.084      0.337      0.348      0.000
  2236         22  gamma               91  1913     0     0     0     0     0      0.183      0.180      0.573      0.627      0.000
  2237         22  gamma               91  1914     0     0     0     0     0      0.056     -0.010      0.086      0.103      0.000
  2238         22  gamma               91  1914     0     0     0     0     0      0.091      0.196      0.362      0.422      0.000
  2239         22  gamma               91  1915     0     0     0     0     0      0.017      0.025      0.201      0.204      0.000
  2240         22  gamma               91  1915     0     0     0     0     0      0.464      0.207      1.319      1.413      0.000
  2241         22  gamma               91  1920     0     0     0     0     0     -0.222      0.277     -0.760      0.839      0.000
  2242         22  gamma               91  1920     0     0     0     0     0     -0.077      0.005     -0.193      0.208      0.000
  2243         22  gamma               91  1929     0     0     0     0     0      0.180     -0.149   -464.043    464.043      0.000
  2244         22  gamma               91  1929     0     0     0     0     0     -0.016      0.010    -31.380     31.380      0.000
  2245         22  gamma               91  1945     0     0     0     0     0      0.110      0.062     -0.018      0.127      0.000
  2246         22  gamma               91  1945     0     0     0     0     0      0.096      0.197     -0.162      0.273      0.000
  2247         22  gamma               91  1956     0     0     0     0     0      0.045      0.049     -0.072      0.098      0.000
  2248         22  gamma               91  1956     0     0     0     0     0     -0.077     -0.006     -0.056      0.096      0.000
  2249        211  pi+                 91  1958     0     0     0     0     0      0.235     -0.113     -0.511      0.591      0.140
  2250       -211  pi-                 91  1958     0     0     0     0     0     -0.161     -0.174     -0.313      0.416      0.140
  2251         22  gamma               91  1966     0     0     0     0     0      0.060      0.014    -27.054     27.054      0.000
  2252         22  gamma               91  1966     0     0     0     0     0      0.418      0.403   -158.233    158.234      0.000
  2253         22  gamma               91  1967     0     0     0     0     0      0.025      0.074    -13.810     13.810      0.000
  2254         22  gamma               91  1967     0     0     0     0     0      0.083      0.138    -87.462     87.462      0.000
  2255        211  pi+                 91  1968     0     0     0     0     0      0.360      0.503   -154.862    154.863      0.140
  2256       -211  pi-                 91  1968     0     0     0     0     0      0.049      0.146    -40.570     40.570      0.140
  2257        111  (pi0)              -91  1968     0  2336  2337     0     0      0.055      0.057    -46.999     47.000      0.135
  2258         22  gamma               91  1973     0     0     0     0     0     -0.018     -0.019     -2.533      2.534      0.000
  2259         22  gamma               91  1973     0     0     0     0     0      0.112     -0.791    -55.860     55.865      0.000
  2260         22  gamma               91  1982     0     0     0     0     0     -0.206      0.023     -0.205      0.291      0.000
  2261         22  gamma               91  1982     0     0     0     0     0     -0.574     -0.115     -0.791      0.984      0.000
  2262         22  gamma               91  1987     0     0     0     0     0     -1.047      0.135     -0.728      1.282      0.000
  2263         22  gamma               91  1987     0     0     0     0     0     -0.110     -0.023     -0.051      0.123      0.000
  2264         22  gamma               91  1990     0     0     0     0     0     -0.253      0.029     -0.068      0.264      0.000
  2265         22  gamma               91  1990     0     0     0     0     0     -1.112      0.025     -0.579      1.254      0.000
  2266         22  gamma               91  1995     0     0     0     0     0     -1.424     -0.186     -0.589      1.552      0.000
  2267         22  gamma               91  1995     0     0     0     0     0     -0.006     -0.009     -0.014      0.018      0.000
  2268         22  gamma               91  1998     0     0     0     0     0      0.019      0.035     -0.005      0.040      0.000
  2269         22  gamma               91  1998     0     0     0     0     0     -0.009     -0.113      0.040      0.120      0.000
  2270         22  gamma               91  2003     0     0     0     0     0     -0.692     -0.310      1.142      1.370      0.000
  2271         22  gamma               91  2003     0     0     0     0     0     -0.246     -0.150      0.312      0.425      0.000
  2272         22  gamma               91  2014     0     0     0     0     0     -0.748     -0.248      1.263      1.489      0.000
  2273         22  gamma               91  2014     0     0     0     0     0     -0.280     -0.183      0.568      0.660      0.000
  2274         22  gamma               91  2017     0     0     0     0     0     -0.226      0.174      0.533      0.604      0.000
  2275         22  gamma               91  2017     0     0     0     0     0     -0.536      0.391      0.860      1.086      0.000
  2276         22  gamma               91  2027     0     0     0     0     0      0.319     -0.147     -1.363      1.407      0.000
  2277         22  gamma               91  2027     0     0     0     0     0      0.079      0.029     -0.266      0.279      0.000
  2278         22  gamma               91  2028     0     0     0     0     0      0.025     -0.076     -0.193      0.209      0.000
  2279         22  gamma               91  2028     0     0     0     0     0      0.139      0.014     -0.435      0.457      0.000
  2280         22  gamma               91  2029     0     0     0     0     0      0.150     -0.042     -1.437      1.445      0.000
  2281         22  gamma               91  2029     0     0     0     0     0     -0.020      0.015     -0.093      0.096      0.000
  2282         22  gamma               91  2036     0     0     0     0     0      0.124      0.007    -29.897     29.897      0.000
  2283         22  gamma               91  2036     0     0     0     0     0     -0.021     -0.027     -3.203      3.204      0.000
  2284         22  gamma               91  2037     0     0     0     0     0     -0.031     -0.111    -14.285     14.286      0.000
  2285         22  gamma               91  2037     0     0     0     0     0     -0.111     -0.008    -10.047     10.048      0.000
  2286         22  gamma               91  2038     0     0     0     0     0     -0.025      0.009     -1.098      1.098      0.000
  2287         22  gamma               91  2038     0     0     0     0     0      0.028      0.009    -26.445     26.445      0.000
  2288         22  gamma               91  2043     0     0     0     0     0     -0.160      0.133     30.447     30.448      0.000
  2289         22  gamma               91  2043     0     0     0     0     0     -0.014      0.144     18.122     18.123      0.000
  2290         22  gamma               91  2044     0     0     0     0     0     -0.266      0.638     71.554     71.557      0.000
  2291         22  gamma               91  2044     0     0     0     0     0     -0.168      0.213     32.548     32.549      0.000
  2292         22  gamma               91  2045     0     0     0     0     0      0.018     -0.004      0.845      0.845      0.000
  2293         22  gamma               91  2045     0     0     0     0     0     -0.079      0.168     32.844     32.845      0.000
  2294         22  gamma               91  2058     0     0     0     0     0     -0.049     -0.012      0.258      0.263      0.000
  2295         22  gamma               91  2058     0     0     0     0     0     -0.214     -0.420      3.230      3.264      0.000
  2296         22  gamma               91  2059     0     0     0     0     0      0.032     -0.659      6.134      6.169      0.000
  2297         22  gamma               91  2059     0     0     0     0     0      0.028     -0.078      0.466      0.474      0.000
  2298         22  gamma               91  2082     0     0     0     0     0     -0.002     -0.025      0.162      0.164      0.000
  2299         22  gamma               91  2082     0     0     0     0     0      0.200      0.089      2.479      2.488      0.000
  2300         22  gamma               91  2083     0     0     0     0     0     -0.083     -0.032      1.853      1.855      0.000
  2301         22  gamma               91  2083     0     0     0     0     0     -0.079     -0.116      1.060      1.069      0.000
  2302         22  gamma               91  2090     0     0     0     0     0      0.541      0.107      1.032      1.170      0.000
  2303         22  gamma               91  2090     0     0     0     0     0      0.103     -0.024      0.128      0.166      0.000
  2304         22  gamma               91  2091     0     0     0     0     0      0.603      0.277      2.010      2.117      0.000
  2305         22  gamma               91  2091     0     0     0     0     0      0.030      0.056      0.159      0.171      0.000
  2306         22  gamma               91  2107     0     0     0     0     0      0.042      0.011     -2.036      2.036      0.000
  2307         22  gamma               91  2107     0     0     0     0     0      0.031      0.076    -23.437     23.437      0.000
  2308         22  gamma               91  2108     0     0     0     0     0      0.260      0.197   -120.588    120.589      0.000
  2309         22  gamma               91  2108     0     0     0     0     0      0.253      0.375   -147.175    147.175      0.000
  2310         22  gamma               91  2143     0     0     0     0     0     -0.238     -0.117    -31.191     31.192      0.000
  2311         22  gamma               91  2143     0     0     0     0     0     -0.105     -0.003     -6.311      6.312      0.000
  2312         22  gamma               91  2144     0     0     0     0     0      0.004     -0.053     -2.006      2.006      0.000
  2313         22  gamma               91  2144     0     0     0     0     0      0.054     -0.211    -26.959     26.960      0.000
  2314         22  gamma               91  2157     0     0     0     0     0      0.145      0.029     -0.324      0.356      0.000
  2315         22  gamma               91  2157     0     0     0     0     0     -0.024      0.031     -0.145      0.151      0.000
  2316         22  gamma               91  2158     0     0     0     0     0      0.262     -0.105     -1.879      1.900      0.000
  2317         22  gamma               91  2158     0     0     0     0     0      0.409     -0.045     -2.047      2.088      0.000
  2318         22  gamma               91  2167     0     0     0     0     0     -0.326     -0.357     -2.917      2.957      0.000
  2319         22  gamma               91  2167     0     0     0     0     0     -0.016     -0.077     -0.740      0.744      0.000
  2320         22  gamma               91  2168     0     0     0     0     0     -0.062      0.014     -0.293      0.300      0.000
  2321         22  gamma               91  2168     0     0     0     0     0     -0.126     -0.117     -0.314      0.358      0.000
  2322         22  gamma               91  2171     0     0     0     0     0      0.113     -0.042      0.107      0.162      0.000
  2323         22  gamma               91  2171     0     0     0     0     0      0.018      0.065      0.087      0.110      0.000
  2324         22  gamma               91  2172     0     0     0     0     0      0.083     -0.163      0.127      0.223      0.000
  2325         22  gamma               91  2172     0     0     0     0     0     -0.008     -0.319      0.125      0.342      0.000
  2326         22  gamma               91  2181     0     0     0     0     0      0.108      0.067     -0.263      0.292      0.000
  2327         22  gamma               91  2181     0     0     0     0     0      0.056      0.065     -0.613      0.619      0.000
  2328         22  gamma               91  2182     0     0     0     0     0      0.022     -0.097     -0.518      0.528      0.000
  2329         22  gamma               91  2182     0     0     0     0     0     -0.067     -0.069     -1.333      1.336      0.000
  2330         22  gamma               91  2185     0     0     0     0     0     -0.031     -0.038     -1.133      1.134      0.000
  2331         22  gamma               91  2185     0     0     0     0     0     -0.026      0.080     -5.795      5.795      0.000
  2332         22  gamma               91  2186     0     0     0     0     0      0.183     -0.157    -12.784     12.786      0.000
  2333         22  gamma               91  2186     0     0     0     0     0      0.075     -0.233    -11.492     11.495      0.000
  2334         22  gamma               91  2191     0     0     0     0     0     -0.090      0.048     -0.211      0.234      0.000
  2335         22  gamma               91  2191     0     0     0     0     0     -0.003      0.002      0.021      0.021      0.000
  2336         22  gamma               91  2257     0     0     0     0     0      0.038      0.055    -46.263     46.263      0.000
  2337         22  gamma               91  2257     0     0     0     0     0      0.018      0.002     -0.736      0.736      0.000
  2338         21  (g)                -73  1776  1777  2429  2429   377   378     -0.541      0.373     -0.039      0.661      0.053
  2339         -3  (sbar)             -73  1722  1721  2359  2359     0   353     -0.285      0.810     -0.499      1.338      0.897
  2340         21  (g)                -73  1654  1655  2491  2491   332   335      3.823      7.953     -1.811      9.017      0.398
  2341       -211  pi-                 82  1816  1817     0     0     0     0      2.492      7.508      5.647      9.720      0.140
  2342        211  pi+                 82  1816  1817     0     0     0     0      2.345      5.351      3.099      6.615      0.140
  2343          1  (d)                -71  1780  1780  2347  2349   372     0     -5.155     15.344     20.468     26.097      0.330
  2344         21  (g)                -71  1779  1779  2347  2349   379   372     -0.956      1.757      2.313      3.058      0.000
  2345         21  (g)                -71  1778  1778  2347  2349   376   379     -3.311      9.505     14.404     17.573      0.000
  2346         -1  (dbar)             -71  1772  1772  2347  2349     0   376     -0.690      4.228      5.986      7.368      0.330
  2347        223  (omega)            -83  2343  2346  2557  2559     0     0     -4.649     14.575     18.814     24.261      0.780
  2348       -211  pi-                 84  2343  2346     0     0     0     0     -2.440      5.824      9.632     11.518      0.140
  2349        213  (rho+)             -84  2343  2346  2506  2507     0     0     -3.022     10.434     14.727     18.317      0.789
  2350          1  (d)                -71  1675  1675  2353  2355   337     0      2.247      0.408      2.052      3.088      0.330
  2351         21  (g)                -71  1674  1674  2353  2355   342   337      0.228      1.449      0.929      1.736      0.000
  2352         -1  (dbar)             -71  1673  1673  2353  2355     0   342     -0.021      2.770      0.082      2.791      0.330
  2353       -211  pi-                 83  2350  2352     0     0     0     0      2.120      0.494      2.038      2.985      0.140
  2354        211  pi+                 84  2350  2352     0     0     0     0     -0.025      1.433      0.253      1.462      0.140
  2355        113  (rho0)             -84  2350  2352  2508  2509     0     0      0.360      2.700      0.773      3.168      1.422
  2356          1  (d)                -71  1710  1710  2360  2364   355     0     -1.728     -1.294     -2.638      3.425      0.330
  2357         21  (g)                -71  1719  1719  2360  2364   358   355     -0.122     -1.534     -3.862      4.157      0.000
  2358         21  (g)                -71  1720  1720  2360  2364   353   358      0.715      0.271     -0.898      1.179      0.000
  2359         -3  (sbar)             -71  2339  2339  2360  2364     0   353     -0.285      0.810     -0.499      1.338      0.897
  2360        223  (omega)            -83  2356  2359  2560  2562     0     0     -0.619     -1.047     -1.482      2.077      0.798
  2361       -213  (rho-)             -83  2356  2359  2510  2511     0     0     -1.245     -1.024     -3.525      3.948      0.749
  2362       2224  (Delta++)          -84  2356  2359  2512  2513     0     0      0.130     -0.107     -1.114      1.624      1.169
  2363       -211  pi-                 84  2356  2359     0     0     0     0     -0.036      0.352     -0.933      1.008      0.140
  2364      -3122  (Lambdabar0)       -84  2356  2359  2563  2564     0     0      0.350      0.079     -0.843      1.443      1.116
  2365          3  (s)                -71  1723  1723  2369  2375   357     0     -1.424      0.318     -0.984      1.830      0.500
  2366         21  (g)                -71  1724  1724  2369  2375   352   357     -0.494      0.010      0.401      0.636      0.000
  2367         21  (g)                -71  1714  1714  2369  2375   356   352    -11.556      1.780      4.315     12.463      0.000
  2368         -1  (dbar)             -71  1713  1713  2369  2375     0   356     -6.589      0.556      4.397      7.948      0.330
  2369       -313  (K*bar0)           -83  2365  2368  2514  2515     0     0     -1.792     -0.171     -0.433      2.054      0.888
  2370       -211  pi-                 83  2365  2368     0     0     0     0     -2.949      0.811      1.044      3.235      0.140
  2371        211  pi+                 83  2365  2368     0     0     0     0      0.105     -0.046      0.146      0.232      0.140
  2372       -211  pi-                 84  2365  2368     0     0     0     0     -5.198      1.182      2.195      5.767      0.140
  2373        211  pi+                 84  2365  2368     0     0     0     0     -1.450      0.203      1.119      1.848      0.140
  2374       -211  pi-                 84  2365  2368     0     0     0     0     -5.779      0.801      2.410      6.314      0.140
  2375        211  pi+                 84  2365  2368     0     0     0     0     -2.999     -0.116      1.649      3.427      0.140
  2376          1  (d)                -71  1791  1791  2381  2387   380     0      0.982      2.403      5.338      5.945      0.330
  2377         21  (g)                -71  1790  1790  2381  2387   385   380     -0.104      5.259      5.301      7.468      0.000
  2378         21  (g)                -71  1789  1789  2381  2387   383   385     -2.181     41.357     47.731     63.193      0.000
  2379         21  (g)                -71  1787  1787  2381  2387   381   383      0.016     12.252     13.293     18.078      0.000
  2380         -1  (dbar)             -71  1788  1788  2381  2387     0   381     -1.365      6.592      8.761     11.054      0.330
  2381        221  (eta)              -83  2376  2380  2565  2567     0     0      0.589      1.343      3.141      3.510      0.548
  2382        313  (K*0)              -83  2376  2380  2516  2517     0     0      0.098      7.567      8.715     11.582      0.964
  2383       -321  K-                  83  2376  2380     0     0     0     0     -0.320      8.736     10.200     13.443      0.494
  2384       2212  p+                  83  2376  2380     0     0     0     0     -0.478      9.109     10.771     14.145      0.938
  2385      -3122  (Lambdabar0)       -83  2376  2380  2568  2569     0     0     -1.404     33.624     37.519     50.413      1.116
  2386       -321  K-                  84  2376  2380     0     0     0     0     -0.784      3.420      4.330      5.595      0.494
  2387        211  pi+                 84  2376  2380     0     0     0     0     -0.352      4.066      5.748      7.051      0.140
  2388        111  (pi0)              -83  1735  1737  2570  2571     0     0      0.016     -0.088     -0.071      0.176      0.135
  2389       -211  pi-                 83  1735  1737     0     0     0     0     -0.384      0.045      0.819      0.916      0.140
  2390        111  (pi0)              -83  1735  1737  2572  2573     0     0      0.482      0.671      0.950      1.266      0.135
  2391        211  pi+                 84  1735  1737     0     0     0     0     -0.547      0.039      0.413      0.700      0.140
  2392        223  (omega)            -84  1735  1737  2574  2576     0     0      0.366      0.491      0.606      1.149      0.760
  2393       1114  (Delta-)           -84  1735  1737  2518  2519     0     0      0.455      2.309      3.153      4.122      1.229
  2394      -1114  (Deltabar+)        -84  1735  1737  2520  2521     0     0      0.423      2.844      3.571      4.731      1.169
  2395        111  (pi0)              -84  1735  1737  2577  2578     0     0     -1.156      2.827      3.680      4.784      0.135
  2396        111  (pi0)              -84  1735  1737  2579  2580     0     0     -1.187      5.839      5.644      8.208      0.135
  2397          1  (d)                -71  1743  1743  2401  2405   367     0      1.285     11.480     43.554     45.061      0.330
  2398         21  (g)                -71  1744  1744  2401  2405   365   367     -0.085      4.608     15.343     16.020      0.000
  2399         21  (g)                -71  1745  1745  2401  2405   366   365      1.271      1.526      4.074      4.532      0.000
  2400         -1  (dbar)             -71  1740  1740  2401  2405     0   366      1.564      0.812      1.627      2.420      0.330
  2401        311  (K0)               -83  2397  2400  2522  2522     0     0      1.570     11.246     42.238     43.741      0.498
  2402       -323  (K*-)              -84  2397  2400  2523  2524     0     0      0.259      3.495     12.847     13.343      0.840
  2403        213  (rho+)             -84  2397  2400  2525  2526     0     0      0.177      1.392      3.188      3.562      0.748
  2404        223  (omega)            -84  2397  2400  2581  2583     0     0     -0.056      0.210      0.866      1.184      0.777
  2405        111  (pi0)              -84  2397  2400  2584  2585     0     0      2.084      2.083      5.458      6.204      0.135
  2406          1  (d)                -71  1806  1806  2414  2425   392     0      6.545     52.814     71.672     89.270      0.330
  2407         21  (g)                -71  1807  1807  2414  2425   390   392      0.243      1.265      2.124      2.484      0.000
  2408         21  (g)                -71  1808  1808  2414  2425   388   390      4.087     26.939     35.932     45.095      0.000
  2409         21  (g)                -71  1812  1812  2414  2425   394   388     -0.445      2.074      3.582      4.163      0.000
  2410         21  (g)                -71  1813  1813  2414  2425   391   394      0.541      1.711      2.229      2.862      0.000
  2411         21  (g)                -71  1814  1814  2414  2425   393   391     -1.040      1.422      1.333      2.210      0.000
  2412         21  (g)                -71  1810  1810  2414  2425   389   393     -0.027      2.583      2.225      3.410      0.000
  2413         -1  (dbar)             -71  1815  1815  2414  2425     0   389      0.545      2.006      2.186      3.035      0.330
  2414       -211  pi-                 83  2406  2413     0     0     0     0      2.494     17.820     23.722     29.774      0.140
  2415        211  pi+                 83  2406  2413     0     0     0     0      0.916      8.175     11.807     14.391      0.140
  2416       -211  pi-                 83  2406  2413     0     0     0     0      4.182     32.709     43.915     54.917      0.140
  2417        111  (pi0)              -83  2406  2413  2586  2587     0     0      0.455      4.320      6.232      7.598      0.135
  2418        211  pi+                 83  2406  2413     0     0     0     0      0.528      3.209      4.248      5.352      0.140
  2419        223  (omega)            -83  2406  2413  2588  2590     0     0      0.310      6.844      9.108     11.424      0.784
  2420       -211  pi-                 83  2406  2413     0     0     0     0      1.892      7.332     10.541     12.980      0.140
  2421        213  (rho+)             -83  2406  2413  2527  2528     0     0     -0.103      4.128      5.173      6.664      0.777
  2422       -211  pi-                 83  2406  2413     0     0     0     0      0.168      2.172      1.461      2.627      0.140
  2423        213  (rho+)             -84  2406  2413  2529  2530     0     0     -0.019      1.824      3.434      3.949      0.687
  2424       -211  pi-                 84  2406  2413     0     0     0     0     -0.138      1.079      0.724      1.314      0.140
  2425        211  pi+                 84  2406  2413     0     0     0     0     -0.235      1.203      0.919      1.538      0.140
  2426          1  (d)                -71  1773  1773  2434  2442   371     0     -1.407      3.574      6.406      7.476      0.330
  2427         21  (g)                -71  1774  1774  2434  2442   368   371     -1.713      3.108      4.749      5.929      0.000
  2428         21  (g)                -71  1775  1775  2434  2442   378   368     -0.957      3.235      3.355      4.758      0.000
  2429         21  (g)                -71  2338  2338  2434  2442   377   378     -0.541      0.373     -0.039      0.661      0.053
  2430         21  (g)                -71  1770  1770  2434  2442   370   377      0.086      2.162      2.097      3.013      0.000
  2431         21  (g)                -71  1771  1771  2434  2442   374   370      0.711     12.552      9.763     15.918      0.000
  2432         21  (g)                -71  1760  1760  2434  2442   373   374     -0.392     10.166      6.553     12.101      0.000
  2433         -1  (dbar)             -71  1757  1757  2434  2442     0   373     -0.579      7.669      4.021      8.684      0.330
  2434       -211  pi-                 83  2426  2433     0     0     0     0     -2.131      4.654      7.193      8.830      0.140
  2435        111  (pi0)              -83  2426  2433  2591  2592     0     0      0.015      0.793      1.164      1.415      0.135
  2436        211  pi+                 83  2426  2433     0     0     0     0     -1.123      3.062      5.242      6.175      0.140
  2437       -213  (rho-)             -84  2426  2433  2531  2532     0     0     -0.620      1.369      0.680      1.828      0.787
  2438       2212  p+                  84  2426  2433     0     0     0     0     -0.558      4.317      3.434      5.623      0.938
  2439       -213  (rho-)             -84  2426  2433  2533  2534     0     0     -0.042      5.341      4.046      6.733      0.653
  2440      -2114  (Deltabar0)        -84  2426  2433  2535  2536     0     0     -0.094     10.111      6.933     12.339      1.395
  2441        111  (pi0)              -84  2426  2433  2593  2594     0     0      0.472      4.569      2.527      5.244      0.135
  2442        211  pi+                 84  2426  2433     0     0     0     0     -0.711      8.622      5.686     10.353      0.140
  2443          1  (d)                -71  1669  1669  2449  2457   336     0     -4.611     11.915     -3.018     13.131      0.330
  2444         21  (g)                -71  1678  1678  2449  2457   340   336     -0.596      0.961     -0.478      1.228      0.000
  2445         21  (g)                -71  1677  1677  2449  2457   343   340     -0.230      2.064      0.217      2.088      0.000
  2446         21  (g)                -71  1676  1676  2449  2457   338   343     -0.625      0.438      0.346      0.838      0.000
  2447         21  (g)                -71  1671  1671  2449  2457   341   338     -1.131     -0.468     -0.551      1.342      0.000
  2448         -1  (dbar)             -71  1670  1670  2449  2457     0   341     -4.626     -0.587     -5.169      6.969      0.330
  2449       -211  pi-                 83  2443  2448     0     0     0     0     -1.089      2.137     -0.275      2.418      0.140
  2450        211  pi+                 83  2443  2448     0     0     0     0     -0.418      1.140     -0.485      1.315      0.140
  2451        223  (omega)            -83  2443  2448  2595  2597     0     0     -3.371      9.123     -2.184      9.999      0.781
  2452       -211  pi-                 84  2443  2448     0     0     0     0     -0.477      0.357      0.206      0.646      0.140
  2453        211  pi+                 84  2443  2448     0     0     0     0      0.068     -0.124     -0.135      0.240      0.140
  2454       -213  (rho-)             -84  2443  2448  2537  2538     0     0     -0.438      0.806     -0.237      1.221      0.770
  2455        111  (pi0)              -84  2443  2448  2598  2599     0     0     -0.984      1.734     -0.350      2.028      0.135
  2456        213  (rho+)             -84  2443  2448  2539  2540     0     0     -0.520      0.004     -0.309      0.972      0.761
  2457        111  (pi0)              -84  2443  2448  2600  2601     0     0     -4.588     -0.855     -4.882      6.756      0.135
  2458          1  (d)                -71  1692  1692  2467  2478   344     0     11.141     22.030      4.161     25.037      0.330
  2459         21  (g)                -71  1698  1698  2467  2478   348   344      0.850      2.236      0.383      2.422      0.000
  2460         21  (g)                -71  1697  1697  2467  2478   350   348      1.599      0.751      0.722      1.909      0.000
  2461         21  (g)                -71  1701  1701  2467  2478   347   350     -0.029      0.374     -0.035      0.377      0.000
  2462         21  (g)                -71  1700  1700  2467  2478   351   347      1.755      1.670      0.756      2.538      0.000
  2463         21  (g)                -71  1699  1699  2467  2478   349   351      0.917      2.049      1.276      2.582      0.000
  2464         21  (g)                -71  1694  1694  2467  2478   346   349      2.318      1.151      0.997      2.773      0.000
  2465         21  (g)                -71  1695  1695  2467  2478   345   346      1.226     -0.360      0.728      1.470      0.000
  2466         -1  (dbar)             -71  1681  1681  2467  2478     0   345      8.088     -1.185      6.818     10.650      0.330
  2467        111  (pi0)              -83  2458  2466  2602  2603     0     0      2.262      5.189      0.814      5.720      0.135
  2468        113  (rho0)             -83  2458  2466  2541  2542     0     0      4.614      7.288      1.854      8.866      0.874
  2469       -211  pi-                 83  2458  2466     0     0     0     0      1.199      3.447      0.585      3.699      0.140
  2470        111  (pi0)              -83  2458  2466  2604  2605     0     0      3.711      6.282      1.528      7.456      0.135
  2471        111  (pi0)              -83  2458  2466  2606  2607     0     0      0.620      1.445     -0.139      1.584      0.135
  2472        213  (rho+)             -83  2458  2466  2543  2544     0     0      1.166      2.210      0.756      2.719      0.759
  2473        223  (omega)            -83  2458  2466  2608  2610     0     0      1.840      1.692      1.356      2.947      0.776
  2474       -213  (rho-)             -84  2458  2466  2545  2546     0     0      1.816      1.726      0.407      2.661      0.800
  2475        221  (eta)              -84  2458  2466  2611  2612     0     0      1.568      0.744      1.790      2.553      0.548
  2476        223  (omega)            -84  2458  2466  2613  2615     0     0      5.818     -0.713      4.969      7.724      0.779
  2477        111  (pi0)              -84  2458  2466  2616  2617     0     0      1.585     -0.261      0.729      1.769      0.135
  2478        211  pi+                 84  2458  2466     0     0     0     0      1.665     -0.332      1.157      2.059      0.140
  2479          1  (d)                -71  1730  1730  2483  2489   361     0     -0.178     10.337     -9.222     13.858      0.330
  2480         21  (g)                -71  1731  1731  2483  2489   360   361     -0.600      2.771     -3.390      4.419      0.000
  2481         21  (g)                -71  1732  1732  2483  2489   359   360     -0.724      0.996     -0.197      1.247      0.000
  2482         -1  (dbar)             -71  1729  1729  2483  2489     0   359     -2.470      1.922     10.080     10.560      0.330
  2483        311  (K0)               -83  2479  2482  2547  2547     0     0     -0.089      7.302     -6.597      9.854      0.498
  2484       3312  (Xi-)              -84  2479  2482  2618  2619     0     0     -0.733      3.727     -3.549      5.364      1.322
  2485        323  (K*+)              -84  2479  2482  2548  2549     0     0     -0.106      1.935     -1.730      2.748      0.896
  2486      -2112  nbar0               84  2479  2482     0     0     0     0     -0.177      0.698      0.274      1.215      0.940
  2487       -213  (rho-)             -84  2479  2482  2550  2551     0     0     -0.194      0.338     -0.342      0.982      0.834
  2488        211  pi+                 84  2479  2482     0     0     0     0     -0.904      0.895      1.768      2.182      0.140
  2489        111  (pi0)              -84  2479  2482  2620  2621     0     0     -1.767      1.131      7.448      7.739      0.135
  2490          1  (d)                -71  1653  1653  2496  2505   335     0      3.546     11.384     -3.086     12.321      0.330
  2491         21  (g)                -71  2340  2340  2496  2505   332   335      3.823      7.953     -1.811      9.017      0.398
  2492         21  (g)                -71  1652  1652  2496  2505   329   332      2.216      4.094     -2.284      5.185      0.000
  2493         21  (g)                -71  1651  1651  2496  2505   334   329     -0.837     -0.112     -0.593      1.032      0.000
  2494         21  (g)                -71  1650  1650  2496  2505   333   334      0.125     -0.491      0.075      0.512      0.000
  2495         -1  (dbar)             -71  1647  1647  2496  2505     0   333     -3.109     -3.206     -4.804      6.568      0.330
  2496       -213  (rho-)             -83  2490  2495  2552  2553     0     0      4.754     12.006     -3.238     13.335      0.758
  2497        111  (pi0)              -83  2490  2495  2622  2623     0     0      1.148      1.663     -0.592      2.110      0.135
  2498        213  (rho+)             -83  2490  2495  2554  2555     0     0      0.620      3.184     -1.463      3.617      0.645
  2499        221  (eta)              -83  2490  2495  2624  2626     0     0      0.459      0.999      0.025      1.229      0.548
  2500       -211  pi-                 83  2490  2495     0     0     0     0      0.635      3.191     -0.688      3.329      0.140
  2501        211  pi+                 83  2490  2495     0     0     0     0      1.342      1.301     -1.005      2.127      0.140
  2502       2112  n0                  84  2490  2495     0     0     0     0      0.480      0.408      0.048      1.132      0.940
  2503      -2212  pbar-               84  2490  2495     0     0     0     0     -1.521     -0.623     -1.923      2.698      0.938
  2504        223  (omega)            -84  2490  2495  2627  2629     0     0     -1.544     -1.980     -2.457      3.598      0.780
  2505        211  pi+                 84  2490  2495     0     0     0     0     -0.609     -0.529     -1.209      1.460      0.140
  2506        211  pi+                 91  2349     0     0     0     0     0     -1.652      6.653      8.876     11.216      0.140
  2507        111  (pi0)              -91  2349     0  2630  2631     0     0     -1.370      3.781      5.850      7.101      0.135
  2508        211  pi+                 91  2355     0     0     0     0     0      0.332      2.841      0.775      2.967      0.140
  2509       -211  pi-                 91  2355     0     0     0     0     0      0.028     -0.142     -0.002      0.201      0.140
  2510       -211  pi-                 91  2361     0     0     0     0     0     -0.731     -0.255     -2.111      2.253      0.140
  2511        111  (pi0)              -91  2361     0  2632  2633     0     0     -0.514     -0.769     -1.414      1.695      0.135
  2512       2212  p+                  91  2362     0     0     0     0     0      0.246     -0.133     -1.032      1.423      0.938
  2513        211  pi+                 91  2362     0     0     0     0     0     -0.116      0.026     -0.082      0.201      0.140
  2514       -321  K-                  91  2369     0     0     0     0     0     -1.506     -0.274     -0.549      1.699      0.494
  2515        211  pi+                 91  2369     0     0     0     0     0     -0.287      0.103      0.116      0.355      0.140
  2516        321  K+                  91  2382     0     0     0     0     0      0.331      6.518      7.459      9.923      0.494
  2517       -211  pi-                 91  2382     0     0     0     0     0     -0.233      1.049      1.256      1.659      0.140
  2518       2112  n0                  91  2393     0     0     0     0     0      0.237      1.757      2.096      2.901      0.940
  2519       -211  pi-                 91  2393     0     0     0     0     0      0.218      0.552      1.057      1.221      0.140
  2520      -2112  nbar0               91  2394     0     0     0     0     0      0.511      2.536      3.111      4.154      0.940
  2521        211  pi+                 91  2394     0     0     0     0     0     -0.088      0.308      0.460      0.577      0.140
  2522        130  K_L0                91  2401  2401     0     0     0     0      1.570     11.246     42.238     43.741      0.498
  2523       -311  (Kbar0)            -91  2402     0  2556  2556     0     0      0.398      2.199      8.438      8.744      0.498
  2524       -211  pi-                 91  2402     0     0     0     0     0     -0.140      1.296      4.408      4.599      0.140
  2525        211  pi+                 91  2403     0     0     0     0     0      0.337      0.567      1.923      2.037      0.140
  2526        111  (pi0)              -91  2403     0  2634  2635     0     0     -0.160      0.825      1.265      1.525      0.135
  2527        211  pi+                 91  2421     0     0     0     0     0     -0.371      2.823      3.278      4.344      0.140
  2528        111  (pi0)              -91  2421     0  2636  2637     0     0      0.268      1.305      1.895      2.320      0.135
  2529        211  pi+                 91  2423     0     0     0     0     0      0.114      1.728      3.047      3.507      0.140
  2530        111  (pi0)              -91  2423     0  2638  2639     0     0     -0.132      0.096      0.387      0.441      0.135
  2531       -211  pi-                 91  2437     0     0     0     0     0     -0.173      0.052      0.306      0.382      0.140
  2532        111  (pi0)              -91  2437     0  2640  2641     0     0     -0.447      1.316      0.374      1.446      0.135
  2533       -211  pi-                 91  2439     0     0     0     0     0     -0.097      4.644      3.703      5.942      0.140
  2534        111  (pi0)              -91  2439     0  2642  2643     0     0      0.055      0.697      0.343      0.791      0.135
  2535      -2212  pbar-               91  2440     0     0     0     0     0     -0.070      8.414      6.152     10.466      0.938
  2536        211  pi+                 91  2440     0     0     0     0     0     -0.024      1.697      0.781      1.874      0.140
  2537       -211  pi-                 91  2454     0     0     0     0     0     -0.038      0.543     -0.409      0.696      0.140
  2538        111  (pi0)              -91  2454     0  2644  2645     0     0     -0.399      0.263      0.172      0.526      0.135
  2539        211  pi+                 91  2456     0     0     0     0     0     -0.414      0.294     -0.018      0.527      0.140
  2540        111  (pi0)              -91  2456     0  2646  2647     0     0     -0.107     -0.290     -0.291      0.445      0.135
  2541        211  pi+                 91  2468     0     0     0     0     0      1.638      2.504      0.247      3.005      0.140
  2542       -211  pi-                 91  2468     0     0     0     0     0      2.977      4.785      1.607      5.861      0.140
  2543        211  pi+                 91  2472     0     0     0     0     0      1.015      2.134      0.572      2.435      0.140
  2544        111  (pi0)              -91  2472     0  2648  2649     0     0      0.151      0.077      0.184      0.284      0.135
  2545       -211  pi-                 91  2474     0     0     0     0     0      1.357      1.550      0.102      2.068      0.140
  2546        111  (pi0)              -91  2474     0  2650  2651     0     0      0.459      0.175      0.304      0.594      0.135
  2547        310  (K_S0)             -91  2483  2483  2652  2653     0     0     -0.089      7.302     -6.597      9.854      0.498
  2548        321  K+                  91  2485     0     0     0     0     0     -0.344      1.523     -1.393      2.150      0.494
  2549        111  (pi0)              -91  2485     0  2654  2655     0     0      0.237      0.412     -0.336      0.598      0.135
  2550       -211  pi-                 91  2487     0     0     0     0     0     -0.142      0.455      0.096      0.506      0.140
  2551        111  (pi0)              -91  2487     0  2656  2657     0     0     -0.052     -0.117     -0.438      0.476      0.135
  2552       -211  pi-                 91  2496     0     0     0     0     0      3.611      8.249     -2.259      9.284      0.140
  2553        111  (pi0)              -91  2496     0  2658  2659     0     0      1.143      3.757     -0.980      4.050      0.135
  2554        211  pi+                 91  2498     0     0     0     0     0     -0.058      0.363     -0.266      0.475      0.140
  2555        111  (pi0)              -91  2498     0  2660  2661     0     0      0.679      2.821     -1.197      3.142      0.135
  2556        130  K_L0                91  2523  2523     0     0     0     0      0.398      2.199      8.438      8.744      0.498
  2557        211  pi+                 91  2347     0     0     0     0     0     -0.696      2.211      2.988      3.784      0.140
  2558       -211  pi-                 91  2347     0     0     0     0     0     -2.973      8.531     11.090     14.305      0.140
  2559        111  (pi0)              -91  2347     0  2662  2663     0     0     -0.980      3.832      4.736      6.172      0.135
  2560        211  pi+                 91  2360     0     0     0     0     0     -0.302     -0.095     -0.407      0.534      0.140
  2561       -211  pi-                 91  2360     0     0     0     0     0     -0.257     -0.766     -1.001      1.293      0.140
  2562        111  (pi0)              -91  2360     0  2664  2665     0     0     -0.060     -0.186     -0.074      0.249      0.135
  2563      -2112  nbar0               91  2364     0     0     0     0     0      0.243      0.136     -0.777      1.251      0.940
  2564        111  (pi0)              -91  2364     0  2666  2667     0     0      0.107     -0.057     -0.066      0.193      0.135
  2565        211  pi+                 91  2381     0     0     0     0     0      0.168      0.215      0.644      0.713      0.140
  2566       -211  pi-                 91  2381     0     0     0     0     0      0.340      0.608      1.535      1.691      0.140
  2567        111  (pi0)              -91  2381     0  2668  2669     0     0      0.080      0.520      0.962      1.105      0.135
  2568      -2112  nbar0               91  2385     0     0     0     0     0     -1.137     25.966     28.931     38.902      0.940
  2569        111  (pi0)              -91  2385     0  2670  2671     0     0     -0.267      7.658      8.588     11.510      0.135
  2570         22  gamma               91  2388     0     0     0     0     0      0.073     -0.026     -0.037      0.086      0.000
  2571         22  gamma               91  2388     0     0     0     0     0     -0.057     -0.061     -0.033      0.090      0.000
  2572         22  gamma               91  2390     0     0     0     0     0      0.264      0.478      0.625      0.830      0.000
  2573         22  gamma               91  2390     0     0     0     0     0      0.218      0.194      0.325      0.436      0.000
  2574        211  pi+                 91  2392     0     0     0     0     0      0.031      0.219      0.530      0.591      0.140
  2575       -211  pi-                 91  2392     0     0     0     0     0      0.206      0.047      0.081      0.266      0.140
  2576        111  (pi0)              -91  2392     0  2672  2673     0     0      0.129      0.225     -0.005      0.292      0.135
  2577         22  gamma               91  2395     0     0     0     0     0     -0.074      0.204      0.212      0.304      0.000
  2578         22  gamma               91  2395     0     0     0     0     0     -1.082      2.622      3.468      4.481      0.000
  2579         22  gamma               91  2396     0     0     0     0     0     -0.852      4.477      4.325      6.283      0.000
  2580         22  gamma               91  2396     0     0     0     0     0     -0.335      1.361      1.318      1.924      0.000
  2581        211  pi+                 91  2404     0     0     0     0     0      0.175     -0.063      0.189      0.300      0.140
  2582       -211  pi-                 91  2404     0     0     0     0     0     -0.125     -0.054      0.189      0.272      0.140
  2583        111  (pi0)              -91  2404     0  2674  2675     0     0     -0.107      0.327      0.488      0.612      0.135
  2584         22  gamma               91  2405     0     0     0     0     0      1.534      1.461      3.853      4.397      0.000
  2585         22  gamma               91  2405     0     0     0     0     0      0.550      0.622      1.605      1.807      0.000
  2586         22  gamma               91  2417     0     0     0     0     0      0.300      3.364      4.869      5.926      0.000
  2587         22  gamma               91  2417     0     0     0     0     0      0.155      0.956      1.363      1.672      0.000
  2588        211  pi+                 91  2419     0     0     0     0     0     -0.057      1.015      1.613      1.912      0.140
  2589       -211  pi-                 91  2419     0     0     0     0     0      0.078      0.702      0.952      1.194      0.140
  2590        111  (pi0)              -91  2419     0  2676  2677     0     0      0.288      5.127      6.543      8.318      0.135
  2591         22  gamma               91  2435     0     0     0     0     0     -0.044      0.509      0.806      0.955      0.000
  2592         22  gamma               91  2435     0     0     0     0     0      0.059      0.283      0.358      0.460      0.000
  2593         22  gamma               91  2441     0     0     0     0     0      0.175      1.484      0.754      1.674      0.000
  2594         22  gamma               91  2441     0     0     0     0     0      0.297      3.085      1.772      3.571      0.000
  2595        211  pi+                 91  2451     0     0     0     0     0     -0.390      1.593     -0.359      1.684      0.140
  2596       -211  pi-                 91  2451     0     0     0     0     0     -1.690      4.736     -1.141      5.159      0.140
  2597        111  (pi0)              -91  2451     0  2678  2679     0     0     -1.291      2.794     -0.684      3.156      0.135
  2598         22  gamma               91  2455     0     0     0     0     0     -0.622      0.986     -0.165      1.177      0.000
  2599         22  gamma               91  2455     0     0     0     0     0     -0.362      0.748     -0.185      0.851      0.000
  2600         22  gamma               91  2457     0     0     0     0     0     -0.644     -0.165     -0.672      0.945      0.000
  2601         22  gamma               91  2457     0     0     0     0     0     -3.944     -0.690     -4.211      5.811      0.000
  2602         22  gamma               91  2467     0     0     0     0     0      0.524      1.086      0.204      1.223      0.000
  2603         22  gamma               91  2467     0     0     0     0     0      1.738      4.102      0.610      4.497      0.000
  2604         22  gamma               91  2470     0     0     0     0     0      2.141      3.608      0.946      4.301      0.000
  2605         22  gamma               91  2470     0     0     0     0     0      1.570      2.674      0.582      3.155      0.000
  2606         22  gamma               91  2471     0     0     0     0     0      0.135      0.261     -0.075      0.303      0.000
  2607         22  gamma               91  2471     0     0     0     0     0      0.485      1.184     -0.064      1.281      0.000
  2608        211  pi+                 91  2473     0     0     0     0     0      0.372      0.447      0.186      0.627      0.140
  2609       -211  pi-                 91  2473     0     0     0     0     0      1.301      0.958      0.807      1.811      0.140
  2610        111  (pi0)              -91  2473     0  2680  2681     0     0      0.167      0.287      0.363      0.510      0.135
  2611         22  gamma               91  2475     0     0     0     0     0      0.119      0.214      0.100      0.264      0.000
  2612         22  gamma               91  2475     0     0     0     0     0      1.448      0.531      1.691      2.289      0.000
  2613        211  pi+                 91  2476     0     0     0     0     0      0.609     -0.003      0.667      0.914      0.140
  2614       -211  pi-                 91  2476     0     0     0     0     0      2.690     -0.559      2.189      3.516      0.140
  2615        111  (pi0)              -91  2476     0  2682  2683     0     0      2.519     -0.151      2.114      3.294      0.135
  2616         22  gamma               91  2477     0     0     0     0     0      0.907     -0.217      0.426      1.026      0.000
  2617         22  gamma               91  2477     0     0     0     0     0      0.677     -0.044      0.304      0.744      0.000
  2618       3122  (Lambda0)          -91  2484     0  2684  2685     0     0     -0.758      3.150     -3.061      4.595      1.116
  2619       -211  pi-                 91  2484     0     0     0     0     0      0.026      0.578     -0.488      0.770      0.140
  2620         22  gamma               91  2489     0     0     0     0     0     -1.575      0.964      6.449      6.709      0.000
  2621         22  gamma               91  2489     0     0     0     0     0     -0.193      0.167      0.998      1.030      0.000
  2622         22  gamma               91  2497     0     0     0     0     0      0.040      0.099     -0.051      0.119      0.000
  2623         22  gamma               91  2497     0     0     0     0     0      1.108      1.564     -0.541      1.991      0.000
  2624        111  (pi0)              -91  2499     0  2686  2687     0     0      0.090      0.127      0.068      0.217      0.135
  2625        111  (pi0)              -91  2499     0  2688  2689     0     0      0.075      0.132     -0.010      0.203      0.135
  2626        111  (pi0)              -91  2499     0  2690  2691     0     0      0.294      0.740     -0.034      0.808      0.135
  2627        211  pi+                 91  2504     0     0     0     0     0     -0.346     -0.736     -0.618      1.031      0.140
  2628       -211  pi-                 91  2504     0     0     0     0     0     -0.421     -0.708     -0.791      1.150      0.140
  2629        111  (pi0)              -91  2504     0  2692  2693     0     0     -0.777     -0.536     -1.048      1.417      0.135
  2630         22  gamma               91  2507     0     0     0     0     0     -0.398      0.930      1.491      1.802      0.000
  2631         22  gamma               91  2507     0     0     0     0     0     -0.972      2.851      4.359      5.298      0.000
  2632         22  gamma               91  2511     0     0     0     0     0     -0.356     -0.623     -1.039      1.263      0.000
  2633         22  gamma               91  2511     0     0     0     0     0     -0.158     -0.146     -0.375      0.432      0.000
  2634         22  gamma               91  2526     0     0     0     0     0     -0.064      0.605      0.851      1.046      0.000
  2635         22  gamma               91  2526     0     0     0     0     0     -0.096      0.220      0.414      0.479      0.000
  2636         22  gamma               91  2528     0     0     0     0     0      0.229      1.254      1.801      2.206      0.000
  2637         22  gamma               91  2528     0     0     0     0     0      0.039      0.051      0.094      0.114      0.000
  2638         22  gamma               91  2530     0     0     0     0     0     -0.058      0.111      0.166      0.208      0.000
  2639         22  gamma               91  2530     0     0     0     0     0     -0.074     -0.014      0.221      0.234      0.000
  2640         22  gamma               91  2532     0     0     0     0     0     -0.133      0.228      0.073      0.274      0.000
  2641         22  gamma               91  2532     0     0     0     0     0     -0.314      1.088      0.301      1.172      0.000
  2642         22  gamma               91  2534     0     0     0     0     0      0.019      0.256      0.200      0.326      0.000
  2643         22  gamma               91  2534     0     0     0     0     0      0.036      0.441      0.143      0.465      0.000
  2644         22  gamma               91  2538     0     0     0     0     0     -0.216      0.062      0.080      0.239      0.000
  2645         22  gamma               91  2538     0     0     0     0     0     -0.183      0.201      0.092      0.287      0.000
  2646         22  gamma               91  2540     0     0     0     0     0     -0.022      0.002      0.003      0.022      0.000
  2647         22  gamma               91  2540     0     0     0     0     0     -0.085     -0.292     -0.295      0.424      0.000
  2648         22  gamma               91  2544     0     0     0     0     0      0.094      0.029      0.015      0.099      0.000
  2649         22  gamma               91  2544     0     0     0     0     0      0.057      0.047      0.169      0.185      0.000
  2650         22  gamma               91  2546     0     0     0     0     0      0.462      0.183      0.285      0.573      0.000
  2651         22  gamma               91  2546     0     0     0     0     0     -0.003     -0.007      0.019      0.021      0.000
  2652        211  pi+                 91  2547     0     0     0     0     0     -0.103      3.666     -3.047      4.770      0.140
  2653       -211  pi-                 91  2547     0     0     0     0     0      0.014      3.636     -3.551      5.085      0.140
  2654         22  gamma               91  2549     0     0     0     0     0      0.190      0.332     -0.329      0.504      0.000
  2655         22  gamma               91  2549     0     0     0     0     0      0.048      0.081     -0.007      0.094      0.000
  2656         22  gamma               91  2551     0     0     0     0     0     -0.006     -0.063     -0.048      0.079      0.000
  2657         22  gamma               91  2551     0     0     0     0     0     -0.046     -0.054     -0.390      0.396      0.000
  2658         22  gamma               91  2553     0     0     0     0     0      0.852      2.971     -0.796      3.191      0.000
  2659         22  gamma               91  2553     0     0     0     0     0      0.291      0.787     -0.184      0.859      0.000
  2660         22  gamma               91  2555     0     0     0     0     0      0.255      1.314     -0.518      1.435      0.000
  2661         22  gamma               91  2555     0     0     0     0     0      0.424      1.508     -0.679      1.707      0.000
  2662         22  gamma               91  2559     0     0     0     0     0     -0.510      2.227      2.682      3.523      0.000
  2663         22  gamma               91  2559     0     0     0     0     0     -0.470      1.605      2.054      2.648      0.000
  2664         22  gamma               91  2562     0     0     0     0     0     -0.042     -0.163     -0.111      0.202      0.000
  2665         22  gamma               91  2562     0     0     0     0     0     -0.018     -0.023      0.037      0.047      0.000
  2666         22  gamma               91  2564     0     0     0     0     0      0.073      0.023      0.010      0.077      0.000
  2667         22  gamma               91  2564     0     0     0     0     0      0.033     -0.080     -0.076      0.115      0.000
  2668         22  gamma               91  2567     0     0     0     0     0      0.059      0.518      0.931      1.067      0.000
  2669         22  gamma               91  2567     0     0     0     0     0      0.021      0.002      0.032      0.038      0.000
  2670         22  gamma               91  2569     0     0     0     0     0     -0.076      3.573      4.075      5.420      0.000
  2671         22  gamma               91  2569     0     0     0     0     0     -0.191      4.085      4.513      6.090      0.000
  2672         22  gamma               91  2576     0     0     0     0     0     -0.024      0.005     -0.005      0.025      0.000
  2673         22  gamma               91  2576     0     0     0     0     0      0.152      0.220      0.000      0.268      0.000
  2674         22  gamma               91  2583     0     0     0     0     0     -0.138      0.271      0.386      0.492      0.000
  2675         22  gamma               91  2583     0     0     0     0     0      0.032      0.056      0.102      0.121      0.000
  2676         22  gamma               91  2590     0     0     0     0     0      0.111      1.213      1.490      1.925      0.000
  2677         22  gamma               91  2590     0     0     0     0     0      0.178      3.913      5.053      6.394      0.000
  2678         22  gamma               91  2597     0     0     0     0     0     -0.592      1.232     -0.369      1.415      0.000
  2679         22  gamma               91  2597     0     0     0     0     0     -0.699      1.562     -0.315      1.740      0.000
  2680         22  gamma               91  2610     0     0     0     0     0     -0.018      0.062      0.093      0.113      0.000
  2681         22  gamma               91  2610     0     0     0     0     0      0.184      0.225      0.270      0.397      0.000
  2682         22  gamma               91  2615     0     0     0     0     0      1.422     -0.152      1.184      1.856      0.000
  2683         22  gamma               91  2615     0     0     0     0     0      1.097      0.000      0.930      1.438      0.000
  2684       2112  n0                  91  2618     0     0     0     0     0     -0.734      2.658     -2.668      3.950      0.940
  2685        111  (pi0)              -91  2618     0  2694  2695     0     0     -0.024      0.492     -0.393      0.644      0.135
  2686         22  gamma               91  2624     0     0     0     0     0      0.050      0.044      0.099      0.120      0.000
  2687         22  gamma               91  2624     0     0     0     0     0      0.040      0.084     -0.031      0.098      0.000
  2688         22  gamma               91  2625     0     0     0     0     0      0.077      0.140      0.030      0.163      0.000
  2689         22  gamma               91  2625     0     0     0     0     0     -0.002     -0.009     -0.039      0.040      0.000
  2690         22  gamma               91  2626     0     0     0     0     0      0.263      0.684      0.006      0.733      0.000
  2691         22  gamma               91  2626     0     0     0     0     0      0.031      0.055     -0.040      0.075      0.000
  2692         22  gamma               91  2629     0     0     0     0     0     -0.344     -0.269     -0.577      0.723      0.000
  2693         22  gamma               91  2629     0     0     0     0     0     -0.433     -0.267     -0.472      0.694      0.000
  2694         22  gamma               91  2685     0     0     0     0     0      0.006      0.236     -0.106      0.259      0.000
  2695         22  gamma               91  2685     0     0     0     0     0     -0.030      0.256     -0.287      0.386      0.000
                                   Charge sum:  2.000           Momentum sum:      0.000      0.000     -0.000  13600.000  13600.000

 --------  End PYTHIA Event Listing  -----------------------------------------------------------------------------------------------

 -- HV-coloured particles --
   i      no   colHV  acolHV
   0       5     104       0
   1       6       0     104
   2       8     104       0
   3      10       0     104
 ---------------------------

 -- HV-coloured particles --
   i      no   colHV  acolHV
   0       5     104       0
   1       6       0     104
   2       9     104       0
   3      10       0     104
   4      14     104       0
   5      15       0     104
   6      20     104       0
   7      21       0     104
   8      33     104       0
   9      34       0     104
  10      51     104       0
  11      52       0     104
  12      71     104       0
  13      72       0     104
  14     114     104       0
  15     159       0     104
  16     434     104       0
  17     458     104       0
  18     605     104       0
  19     606       0     104
  20     797     104       0
  21     798     285       0
  22     799     104     285
  23     801     286     285
  24     802     104     286
  25     806     285       0
  26     807     104     288
  27     808     288     286
  28     809     286     285
  29     810     290     288
  30     811     104     290
  31     813     292     290
  32     814     104     292
  33     818     285       0
  34     850       0     104
  35     853       0     104
  36     856       0     104
  37     859       0     104
  38     865       0     104
  39     868       0     104
 ---------------------------
#--------------------------------------------------------------------------
#                         FastJet release 3.5.1
#                 M. Cacciari, G.P. Salam and G. Soyez                  
#     A software package for jet finding and analysis at colliders      
#                           https://fastjet.fr                           
#	                                                                      
# Please cite EPJC72(2012)1896 [arXiv:1111.6097] if you use this package
# for scientific work and optionally PLB641(2006)57 [hep-ph/0512210].   
#                                                                       
# FastJet is provided without warranty under the GNU GPL v2 or higher.  
# It uses T. Chan's closest pair algorithm, S. Fortune's Voronoi code
# and 3rd party plugin jet algorithms. See COPYING file for details.
#--------------------------------------------------------------------------
 PYTHIA Warning in SimpleSpaceShower::pT2nextQCD: weight above unity

 Pythia::next(): 1000 events have been generated 

 Pythia::next(): 2000 events have been generated 

 Pythia::next(): 3000 events have been generated 

 Pythia::next(): 4000 events have been generated 

 Pythia::next(): 5000 events have been generated 
 PYTHIA Warning in Pythia::check: energy-momentum not quite conserved

 Pythia::next(): 6000 events have been generated 

 Pythia::next(): 7000 events have been generated 
 PYTHIA Error in SimpleSpaceShower::pT2nearThreshold: stuck in loop
 PYTHIA Warning in SimpleSpaceShower::pT2nextQCD: small daughter PDF

 Pythia::next(): 8000 events have been generated 

 Pythia::next(): 9000 events have been generated 

 *-------  PYTHIA Event and Cross Section Statistics  -------------------------------------------------------------*
 |                                                                                                                 |
 | Subprocess                                    Code |            Number of events       |      sigma +- delta    |
 |                                                    |       Tried   Selected   Accepted |     (estimated) (mb)   |
 |                                                    |                                   |                        |
 |-----------------------------------------------------------------------------------------------------------------|
 |                                                    |                                   |                        |
 | g g -> Dv Dvbar                               4901 |      172647       8777       8777 |   3.902e-09  2.146e-11 |
 | q qbar -> Dv Dvbar                            4911 |       32121       1223       1223 |   5.389e-10  8.004e-12 |
 |                                                    |                                   |                        |
 | sum                                                |      204768      10000      10000 |   4.440e-09  2.290e-11 |
 |                                                                                                                 |
 *-------  End PYTHIA Event and Cross Section Statistics ----------------------------------------------------------*

 *-------  PYTHIA Multiparton Interactions Statistics  --------*
 |                                                             |
 |  Note: excludes hardest subprocess if already listed above  |
 |                                                             |
 | Subprocess                               Code |       Times |
 |                                               |             |
 |-------------------------------------------------------------|
 |                                               |             |
 | g g -> g g                                111 |       50304 |
 | g g -> q qbar (uds)                       112 |         743 |
 | q g -> q g                                113 |       21294 |
 | q q(bar)' -> q q(bar)'                    114 |        2002 |
 | q qbar -> g g                             115 |          24 |
 | q qbar -> q' qbar' (uds)                  116 |          12 |
 | g g -> c cbar                             121 |         211 |
 | q qbar -> c cbar                          122 |           4 |
 | g g -> b bbar                             123 |          60 |
 | q qbar -> b bbar                          124 |           0 |
 | q g -> q gamma (udscb)                    201 |           6 |
 | q qbar -> g gamma                         202 |           1 |
 | g g -> g gamma                            203 |           0 |
 | f fbar -> gamma gamma                     204 |           0 |
 | g g -> gamma gamma                        205 |           0 |
 | f f' -> f f' (t-channel gamma*/Z0)        211 |           0 |
 | f_1 f_2 -> f_3 f_4 (t-channel W+-)        212 |           0 |
 | f fbar -> f' fbar' (s-channel gamma*)     223 |           0 |
 | g g -> ccbar(3S1)[3S1(1)] g               401 |           0 |
 | g g -> ccbar(3S1)[3S1(8)] g               402 |           1 |
 | q g -> ccbar(3S1)[3S1(8)] q               403 |           0 |
 | q qbar -> ccbar(3S1)[3S1(8)] g            404 |           0 |
 | g g -> ccbar(3S1)[1S0(8)] g               405 |           5 |
 | q g -> ccbar(3S1)[1S0(8)] q               406 |           0 |
 | q qbar -> ccbar(3S1)[1S0(8)] g            407 |           0 |
 | g g -> ccbar(3S1)[3PJ(8)] g               408 |           2 |
 | q g -> ccbar(3S1)[3PJ(8)] q               409 |           0 |
 | q qbar -> ccbar(3S1)[3PJ(8)] g            410 |           0 |
 | g g -> ccbar(3PJ)[3PJ(1)] g               411 |          78 |
 | q g -> ccbar(3PJ)[3PJ(1)] q               412 |           5 |
 | q qbar -> ccbar(3PJ)[3PJ(1)] g            413 |           0 |
 | g g -> ccbar(3PJ)[3S1(8)] g               414 |           1 |
 | q g -> ccbar(3PJ)[3S1(8)] q               415 |           0 |
 | q qbar -> ccbar(3PJ)[3S1(8)] g            416 |           0 |
 | g g -> ccbar(3DJ)[3DJ(1)] g               417 |           0 |
 | g g -> ccbar(3DJ)[3PJ(8)] g               418 |           1 |
 | q g -> ccbar(3DJ)[3PJ(8)] q               419 |           0 |
 | q qbar -> ccbar(3DJ)[3PJ(8)] g            420 |           0 |
 | g g -> double ccbar(3S1)[3S1(1)]          421 |           0 |
 | q qbar -> double ccbar(3S1)[3S1(1)]       422 |           0 |
 | g g -> ccbar(3S1)[3S1(1)] gamma           441 |           0 |
 | g g -> bbbar(3S1)[3S1(1)] g               501 |           0 |
 | g g -> bbbar(3S1)[3S1(8)] g               502 |           0 |
 | q g -> bbbar(3S1)[3S1(8)] q               503 |           0 |
 | q qbar -> bbbar(3S1)[3S1(8)] g            504 |           0 |
 | g g -> bbbar(3S1)[1S0(8)] g               505 |           0 |
 | q g -> bbbar(3S1)[1S0(8)] q               506 |           0 |
 | q qbar -> bbbar(3S1)[1S0(8)] g            507 |           0 |
 | g g -> bbbar(3S1)[3PJ(8)] g               508 |           0 |
 | q g -> bbbar(3S1)[3PJ(8)] q               509 |           0 |
 | q qbar -> bbbar(3S1)[3PJ(8)] g            510 |           0 |
 | g g -> bbbar(3PJ)[3PJ(1)] g               511 |           6 |
 | q g -> bbbar(3PJ)[3PJ(1)] q               512 |           0 |
 | q qbar -> bbbar(3PJ)[3PJ(1)] g            513 |           0 |
 | g g -> bbbar(3PJ)[3S1(8)] g               514 |           0 |
 | q g -> bbbar(3PJ)[3S1(8)] q               515 |           0 |
 | q qbar -> bbbar(3PJ)[3S1(8)] g            516 |           0 |
 | g g -> double bbbar(3S1)[3S1(1)]          521 |           0 |
 | q qbar -> double bbbar(3S1)[3S1(1)]       522 |           0 |
 | g g -> bbbar(3S1)[3S1(1)] gamma           551 |           0 |
 |                                                             |
 | sum                                           |       74760 |
 |                                               |             |
 *-------  End PYTHIA Multiparton Interactions Statistics -----*

 *-------  PYTHIA Error and Warning Messages Statistics  ----------------------------------------------------------* 
 |                                                                                                                 | 
 |  times   message                                                                                                | 
 |                                                                                                                 | 
 |      3   Error in SimpleSpaceShower::pT2nearThreshold: stuck in loop                                            | 
 |      1   Warning in Pythia::check: energy-momentum not quite conserved                                          | 
 |      1   Warning in SimpleSpaceShower::pT2nextQCD: small daughter PDF                                           | 
 |      1   Warning in SimpleSpaceShower::pT2nextQCD: weight above unity                                           | 
 |      2   Warning in SimpleTimeShower::init: Hidden Valley                                                       | 
 |                                                                                                                 | 
 *-------  End PYTHIA Error and Warning Messages Statistics  ------------------------------------------------------* 


  2026-07-22 12:31       number of HV gluons

        1.50*10^ 3        3                                                                                             
        1.45*10^ 3       7X                                                                                             
        1.40*10^ 3       XX                                                                                             
        1.35*10^ 3       XX5                                                                                            
        1.30*10^ 3       XXX                                                                                            
        1.25*10^ 3       XXX                                                                                            
        1.20*10^ 3      8XXX                                                                                            
        1.15*10^ 3      XXXX                                                                                            
        1.10*10^ 3      XXXX                                                                                            
        1.05*10^ 3      XXXX                                                                                            
        1.00*10^ 3      XXXX3                                                                                           
        0.95*10^ 3      XXXXX                                                                                           
        0.90*10^ 3      XXXXX                                                                                           
        0.85*10^ 3     7XXXXX                                                                                           
        0.80*10^ 3     XXXXXX2                                                                                          
        0.75*10^ 3     XXXXXXX                                                                                          
        0.70*10^ 3     XXXXXXX                                                                                          
        0.65*10^ 3     XXXXXXX                                                                                          
        0.60*10^ 3     XXXXXXX                                                                                          
        0.55*10^ 3     XXXXXXX5                                                                                         
        0.50*10^ 3     XXXXXXXX                                                                                         
        0.45*10^ 3    5XXXXXXXX                                                                                         
        0.40*10^ 3    XXXXXXXXX                                                                                         
        0.35*10^ 3    XXXXXXXXX4                                                                                        
        0.30*10^ 3    XXXXXXXXXX                                                                                        
        0.25*10^ 3    XXXXXXXXXX                                                                                        
        0.20*10^ 3   5XXXXXXXXXX8                                                                                       
        0.15*10^ 3   XXXXXXXXXXXX4                                                                                      
        0.10*10^ 3  2XXXXXXXXXXXXX7                                                                                     
        0.05*10^ 3  XXXXXXXXXXXXXXX8543111                                                                              

          Contents                                                                                                      
            *10^ 3  0000111100000000000000000000000000000000000000000000000000000000000000000000000000000000000000000000
            *10^ 2  0148144397531100000000000000000000000000000000000000000000000000000000000000000000000000000000000000
            *10^ 1  6723936266219284221000000000000000000000000000000000000000000000000000000000000000000000000000000000
            *10^ 0  1453276361682261515643201000000000000000000000000000000000000000000000000000000000000000000000000000

          Low edge  -                                                                                                   
            *10^ 1  0000000000011111111112222222222333333333344444444445555555555666666666677777777778888888888999999999
            *10^ 0  0012345678901234567890123456789012345678901234567890123456789012345678901234567890123456789012345678
            *10^-1  5555555555555555555555555555555555555555555555555555555555555555555555555555555555555555555555555555

   Entries  =     10000   xMin =    -0.500   Underflow =     0.000   Mean   =     6.393   RMS  =     2.935
   SumW(in) = 10000.000   xMax =    99.500   Overflow  =     0.000   Median =     6.099   nEff = 10000.000


  2026-07-22 12:31       number of HV gammas

        1.00*10^ 4  X                                                                                                   
        0.96*10^ 4  X                                                                                                   
        0.92*10^ 4  X                                                                                                   
        0.88*10^ 4  X                                                                                                   
        0.84*10^ 4  X                                                                                                   
        0.80*10^ 4  X                                                                                                   
        0.76*10^ 4  X                                                                                                   
        0.72*10^ 4  X                                                                                                   
        0.68*10^ 4  X                                                                                                   
        0.64*10^ 4  X                                                                                                   
        0.60*10^ 4  X                                                                                                   
        0.56*10^ 4  X                                                                                                   
        0.52*10^ 4  X                                                                                                   
        0.48*10^ 4  X                                                                                                   
        0.44*10^ 4  X                                                                                                   
        0.40*10^ 4  X                                                                                                   
        0.36*10^ 4  X                                                                                                   
        0.32*10^ 4  X                                                                                                   
        0.28*10^ 4  X                                                                                                   
        0.24*10^ 4  X                                                                                                   
        0.20*10^ 4  X                                                                                                   
        0.16*10^ 4  X                                                                                                   
        0.12*10^ 4  X                                                                                                   
        0.08*10^ 4  X                                                                                                   
        0.04*10^ 4  X                                                                                                   

          Contents                                                                                                      
            *10^ 4  1000000000000000000000000000000000000000000000000000000000000000000000000000000000000000000000000000
            *10^ 3  0000000000000000000000000000000000000000000000000000000000000000000000000000000000000000000000000000
            *10^ 2  0000000000000000000000000000000000000000000000000000000000000000000000000000000000000000000000000000
            *10^ 1  0000000000000000000000000000000000000000000000000000000000000000000000000000000000000000000000000000

          Low edge  -                                                                                                   
            *10^ 1  0000000000011111111112222222222333333333344444444445555555555666666666677777777778888888888999999999
            *10^ 0  0012345678901234567890123456789012345678901234567890123456789012345678901234567890123456789012345678
            *10^-1  5555555555555555555555555555555555555555555555555555555555555555555555555555555555555555555555555555

   Entries  =     10000   xMin =    -0.500   Underflow =     0.000   Mean   = 0.000e+00   RMS  = 0.000e+00
   SumW(in) = 10000.000   xMax =    99.500   Overflow  =     0.000   Median = 0.000e+00   nEff = 10000.000


  2026-07-22 12:31       number of HV hadrons

        1.56*10^ 3           8                                                                                          
        1.50*10^ 3           X                                                                                          
        1.44*10^ 3          4X                                                                                          
        1.38*10^ 3          XX3                                                                                         
        1.32*10^ 3          XXX                                                                                         
        1.26*10^ 3          XXX                                                                                         
        1.20*10^ 3          XXX1                                                                                        
        1.14*10^ 3          XXXX                                                                                        
        1.08*10^ 3         XXXXX                                                                                        
        1.02*10^ 3         XXXXX                                                                                        
        0.96*10^ 3         XXXXX                                                                                        
        0.90*10^ 3         XXXXX5                                                                                       
        0.84*10^ 3         XXXXXX                                                                                       
        0.78*10^ 3         XXXXXX                                                                                       
        0.72*10^ 3         XXXXXX                                                                                       
        0.66*10^ 3        1XXXXXX2                                                                                      
        0.60*10^ 3        XXXXXXXX                                                                                      
        0.54*10^ 3        XXXXXXXX                                                                                      
        0.48*10^ 3        XXXXXXXX                                                                                      
        0.42*10^ 3        XXXXXXXX6                                                                                     
        0.36*10^ 3        XXXXXXXXX                                                                                     
        0.30*10^ 3       2XXXXXXXXX5                                                                                    
        0.24*10^ 3       XXXXXXXXXXX                                                                                    
        0.18*10^ 3       XXXXXXXXXXX4                                                                                   
        0.12*10^ 3      5XXXXXXXXXXXX3                                                                                  
        0.06*10^ 3     2XXXXXXXXXXXXXX953211111                                                                         

          Contents                                                                                                      
            *10^ 3  0000000111110000000000000000000000000000000000000000000000000000000000000000000000000000000000000000
            *10^ 2  0000026045318632100000000000000000000000000000000000000000000000000000000000000000000000000000000000
            *10^ 1  0001950704446196475321000000000000000000000000000000000000000000000000000000000000000000000000000000
            *10^ 0  0022036957097388582214773442110000000000000000000000000000000000000000000000000000000000000000000000

          Low edge  -                                                                                                   
            *10^ 1  0000000000011111111112222222222333333333344444444445555555555666666666677777777778888888888999999999
            *10^ 0  0012345678901234567890123456789012345678901234567890123456789012345678901234567890123456789012345678
            *10^-1  5555555555555555555555555555555555555555555555555555555555555555555555555555555555555555555555555555

   Entries  =     10000   xMin =    -0.500   Underflow =     0.000   Mean   =     9.863   RMS  =     2.908
   SumW(in) = 10000.000   xMax =    99.500   Overflow  =     0.000   Median =     9.504   nEff = 10000.000


  2026-07-22 12:31       dN/dpTj

        2.70*10^ 3                      6                                                                               
        2.60*10^ 3                      X3                                                                              
        2.50*10^ 3                      XX                                                                              
        2.40*10^ 3                      XX71                                                                            
        2.30*10^ 3                      XXXX                                                                            
        2.20*10^ 3                      XXXX4                                                                           
        2.10*10^ 3                      XXXXX                                                                           
        2.00*10^ 3                      XXXXX71                                                                         
        1.90*10^ 3                      XXXXXXX2                                                                        
        1.80*10^ 3                      XXXXXXXX                                                                        
        1.70*10^ 3                      XXXXXXXX81                                                                      
        1.60*10^ 3                      XXXXXXXXXX                                                                      
        1.50*10^ 3                      XXXXXXXXXX73                                                                    
        1.40*10^ 3                      XXXXXXXXXXXX6                                                                   
        1.30*10^ 3                      XXXXXXXXXXXXX571                                                                
        1.20*10^ 3                      XXXXXXXXXXXXXXXX7                                                               
        1.10*10^ 3                      XXXXXXXXXXXXXXXXXX4                                                             
        1.00*10^ 3                      XXXXXXXXXXXXXXXXXXX5732                                                         
        0.90*10^ 3                      XXXXXXXXXXXXXXXXXXXXXXX2                                                        
        0.80*10^ 3                      XXXXXXXXXXXXXXXXXXXXXXXX8X934                                                   
        0.70*10^ 3                      XXXXXXXXXXXXXXXXXXXXXXXXXXXXXX3 5                                               
        0.60*10^ 3                      XXXXXXXXXXXXXXXXXXXXXXXXXXXXXXXXXX888573  1                                     
        0.50*10^ 3                      XXXXXXXXXXXXXXXXXXXXXXXXXXXXXXXXXXXXXXXXX9X78545  43 0                          
        0.40*10^ 3                      XXXXXXXXXXXXXXXXXXXXXXXXXXXXXXXXXXXXXXXXXXXXXXXXXXXX8X989675224545   22 1       
        0.30*10^ 3                      XXXXXXXXXXXXXXXXXXXXXXXXXXXXXXXXXXXXXXXXXXXXXXXXXXXXXXXXXXXXXXXXXX9XXXX8X7X76975
        0.20*10^ 3                      XXXXXXXXXXXXXXXXXXXXXXXXXXXXXXXXXXXXXXXXXXXXXXXXXXXXXXXXXXXXXXXXXXXXXXXXXXXXXXXX
        0.10*10^ 3                      XXXXXXXXXXXXXXXXXXXXXXXXXXXXXXXXXXXXXXXXXXXXXXXXXXXXXXXXXXXXXXXXXXXXXXXXXXXXXXXX

          Contents                                                                                                      
            *10^ 3  0000000000000000000022222111111111111110000000000000000000000000000000000000000000000000000000000000
            *10^ 2  0000000000000000000065331998664432221109999878777766655555555454444444443433333333333323233232222222
            *10^ 1  0000000000000000000052704701716355606045631180834030597884730917854400337098957522353580912806965865
            *10^ 0  0000000000000000000079363257609352586124538940503250397127500301141744838543173243808584562465898580

          Low edge                                                                                                      
            *10^ 1  0000000000111111111122222222223333333333444444444455555555556666666666777777777788888888889999999999
            *10^ 0  0123456789012345678901234567890123456789012345678901234567890123456789012345678901234567890123456789
            *10^-1  0000000000000000000000000000000000000000000000000000000000000000000000000000000000000000000000000000

   Entries  =     91315   xMin =     0.000   Underflow =     0.000   Mean   =    44.603   RMS  =    21.492
   SumW(in) = 61836.000   xMax =   100.000   Overflow  = 29479.000   Median =    37.710   nEff = 61836.000
