
 *------------------------------------------------------------------------------------* 
 |                                                                                    | 
 |  *------------------------------------------------------------------------------*  | 
 |  |                                                                              |  | 
 |  |                                                                              |  | 
 |  |   PPP   Y   Y  TTTTT  H   H  III    A      Welcome to the Lund Monte Carlo!  |  | 
 |  |   P  P   Y Y     T    H   H   I    A A     This is PYTHIA version 8.315      |  | 
 |  |   PPP     Y      T    HHHHH   I   AAAAA    Last date of change: 27 May 2025  |  | 
 |  |   P       Y      T    H   H   I   A   A                                      |  | 
 |  |   P       Y      T    H   H  III  A   A    Now is 22 Jul 2026 at 14:07:07    |  | 
 |  |                                                                              |  | 
 |  |   Program documentation and an archive of historic versions is found on:     |  | 
 |  |                                                                              |  | 
 |  |                               https://pythia.org/                            |  | 
 |  |                                                                              |  | 
 |  |   PYTHIA is authored by a collaboration consisting of:                       |  | 
 |  |                                                                              |  | 
 |  |   Javira Altmann, Christian Bierlich, Naomi Cooke, Nishita Desai,            |  | 
 |  |   Ilkka Helenius, Philip Ilten, Leif Lonnblad, Stephen Mrenna,               |  | 
 |  |   Christian Preuss, Torbjorn Sjostrand, and Peter Skands.                    |  | 
 |  |                                                                              |  | 
 |  |   The complete list of authors, including contact information and            |  | 
 |  |   affiliations, can be found on https://pythia.org/.                         |  | 
 |  |   Problems or bugs should be reported on email at authors@pythia.org.        |  | 
 |  |                                                                              |  | 
 |  |   The main program reference is C. Bierlich et al,                           |  | 
 |  |   'A comprehensive guide to the physics and usage of Pythia 8.3',            |  | 
 |  |   SciPost Phys. Codebases 8-r8.3 (2022) [arXiv:2203.11601 [hep-ph]]          |  | 
 |  |                                                                              |  | 
 |  |   PYTHIA is released under the GNU General Public Licence version 2          |  | 
 |  |   or later. Please respect the MCnet Guidelines for Generator Authors        |  | 
 |  |   and Users.                                                                 |  | 
 |  |                                                                              |  | 
 |  |   Disclaimer: this program comes without any guarantees.                     |  | 
 |  |   Beware of errors and use common sense when interpreting results.           |  | 
 |  |                                                                              |  | 
 |  |   Copyright (C) 2025 Torbjorn Sjostrand                                      |  | 
 |  |                                                                              |  | 
 |  |                                                                              |  | 
 |  *------------------------------------------------------------------------------*  | 
 |                                                                                    | 
 *------------------------------------------------------------------------------------* 


 *-------  PYTHIA Process Initialization  --------------------------*
 |                                                                  |
 | We collide p+ with p+ at a CM energy of 1.300e+04 GeV            |
 |                                                                  |
 |------------------------------------------------------------------|
 |                                                    |             |
 | Subprocess                                    Code |   Estimated |
 |                                                    |    max (mb) |
 |                                                    |             |
 |------------------------------------------------------------------|
 |                                                    |             |
 | g g -> Dv Dvbar                               4901 |   3.668e-10 |
 |                                                                  |
 *-------  End PYTHIA Process Initialization -----------------------*

 *-------  PYTHIA Multiparton Interactions Initialization  ---------* 
 |                                                                  | 
 |                   sigmaNonDiffractive =    56.42 mb              | 
 |                                                                  | 
 |    pT0 =  2.60 gives sigmaInteraction =   317.85 mb: accepted    | 
 |                                                                  | 
 *-------  End PYTHIA Multiparton Interactions Initialization  -----* 

 *-------  PYTHIA Flag + Mode + Parm + Word + FVec + MVec + PVec + WVec Settings (changes only)  ------------------* 
 |                                                                                                                 | 
 | Name                                          |                      Now |      Default         Min         Max | 
 |                                               |                          |                                      | 
 | Beams:eCM                                     |                13000.000 |    14000.000         0.0             | 
 | HiddenValley:alphaOrder                       |                        1 |            0           0           3 | 
 | HiddenValley:fragment                         |                       on |          off                         | 
 | HiddenValley:FSR                              |                       on |          off                         | 
 | HiddenValley:gg2DvDvbar                       |                       on |          off                         | 
 | HiddenValley:Lambda                           |                  4.00000 |      0.40000   0.0100000             | 
 | HiddenValley:nFlav                            |                        3 |            1           1           8 | 
 | HiddenValley:pTminFSR                         |                  6.00000 |      0.44000     0.10000             | 
 | HiddenValley:setLambda                        |                       on |          off                         | 
 | Next:numberShowInfo                           |                        0 |            1           0             | 
 | StringZ:useOldAExtra                          |                       on |          off                         | 
 |                                                                                                                 | 
 *-------  End PYTHIA Flag + Mode + Parm + Word + FVec + MVec + PVec + WVec Settings  -----------------------------* 

 --------  PYTHIA Particle Data Table (changed only)  ------------------------------------------------------------------------------
 
      id   name            antiName         spn chg col      m0        mWidth      mMin       mMax       tau0    res dec ext vis wid
             no onMode   bRatio   meMode     products 

 4900001  Dv               Dvbar              1  -1   1  1.000e+03  1.000e+00  5.000e+01  0.000e+00  1.97327e-13   1   1   0   1   0
              0     1   1.0000000  103        1  4900101 

 4900022  gammav                              3   0   0    0.00000    0.00000    0.00000    0.00000  0.00000e+00   0   0   0   0   0
              0     0   0.0500000   91        1       -1 
              1     0   0.2000000   91        2       -2 
              2     0   0.0500000   91        3       -3 
              3     0   0.2000000   91        4       -4 
              4     0   0.0500000   91        5       -5 
              5     0   0.1500000   91       11      -11 
              6     0   0.0000000   91       12      -12 
              7     0   0.1500000   91       13      -13 
              8     0   0.0000000   91       14      -14 
              9     0   0.1500000   91       15      -15 
             10     0   0.0000000   91       16      -16 

 4900023  Zv                                  3   0   0  1.000e+03  2.000e+01  1.000e+02  0.000e+00  9.86635e-15   1   1   0   1   0
              0     1   0.0750000  102        1       -1 
              1     1   0.0750000  102        2       -2 
              2     1   0.0750000  102        3       -3 
              3     1   0.0750000  102        4       -4 
              4     1   0.0750000  102        5       -5 
              5     1   0.0750000  102        6       -6 
              6     1   0.0250000  102       11      -11 
              7     1   0.0250000  102       12      -12 
              8     1   0.0250000  102       13      -13 
              9     1   0.0250000  102       14      -14 
             10     1   0.0250000  102       15      -15 
             11     1   0.0250000  102       16      -16 
             12     1   0.0500000  102  4900101 -4900101 
             13     1   0.0500000  102  4900102 -4900102 
             14     1   0.0500000  102  4900103 -4900103 
             15     0   0.0500000  102  4900104 -4900104 
             16     0   0.0500000  102  4900105 -4900105 
             17     0   0.0500000  102  4900106 -4900106 
             18     0   0.0500000  102  4900107 -4900107 
             19     0   0.0500000  102  4900108 -4900108 

 4900102  qv2              qv2bar             2   0   0    5.00000    0.00000    5.00000    5.00000  0.00000e+00   0   0   0   0   0

 4900103  qv3              qv3bar             2   0   0    5.00000    0.00000    5.00000    5.00000  0.00000e+00   0   0   0   0   0

 4900104  qv4              qv4bar             2   0   0    5.00000    0.00000    5.00000    5.00000  0.00000e+00   0   0   0   0   0

 4900105  qv5              qv5bar             2   0   0    5.00000    0.00000    5.00000    5.00000  0.00000e+00   0   0   0   0   0

 4900106  qv6              qv6bar             2   0   0    5.00000    0.00000    5.00000    5.00000  0.00000e+00   0   0   0   0   0

 4900107  qv7              qv7bar             2   0   0    5.00000    0.00000    5.00000    5.00000  0.00000e+00   0   0   0   0   0

 4900108  qv8              qv8bar             2   0   0    5.00000    0.00000    5.00000    5.00000  0.00000e+00   0   0   0   0   0

 4900111  pivDiag                             1   0   0   10.00000    0.00000   10.00000   10.00000  0.00000e+00   0   1   0   0   0
              0     0   0.0000012   91        1       -1 
              1     0   0.0000005   91        2       -2 
              2     0   0.0004920   91        3       -3 
              3     0   0.0793840   91        4       -4 
              4     0   0.8679713   91        5       -5 
              5     0   0.0000000   91       11      -11 
              6     0   0.0000000   91       12      -12 
              7     0   0.0001840   91       13      -13 
              8     0   0.0000000   91       14      -14 
              9     0   0.0519670   91       15      -15 
             10     0   0.0000000   91       16      -16 

 4900113  rhovDiag                            3   0   0   10.00000    0.00000   10.00000   10.00000  0.00000e+00   0   1   0   0   0
              0     0   0.0500000   91        1       -1 
              1     0   0.2000000   91        2       -2 
              2     0   0.0500000   91        3       -3 
              3     0   0.2000000   91        4       -4 
              4     0   0.0500000   91        5       -5 
              5     0   0.1500000   91       11      -11 
              6     0   0.0000000   91       12      -12 
              7     0   0.1500000   91       13      -13 
              8     0   0.0000000   91       14      -14 
              9     0   0.1500000   91       15      -15 
             10     0   0.0000000   91       16      -16 

 4900211  pivUp            pivDn              1   0   0   10.00000    0.00000   10.00000   10.00000  0.00000e+00   0   0   0   0   0

 4900213  rhovUp           rhovDn             3   0   0   10.00000    0.00000   10.00000   10.00000  0.00000e+00   0   0   0   0   0

 4901114  Deltav           Deltavbar          4   0   0   15.00000    0.00000   15.00000   15.00000  0.00000e+00   0   0   0   0   0

 --------  End PYTHIA Particle Data Table  -----------------------------------------------------------------------------------------


 --------  PYTHIA Event Listing  (hard process)  -----------------------------------------------------------------------------------
 
    no         id  name            status     mothers   daughters     colours      p_x        p_y        p_z         e          m 
     0         90  (system)           -11     0     0     0     0     0     0      0.000      0.000      0.000  13000.000  13000.000
     1       2212  (p+)               -12     0     0     3     0     0     0      0.000      0.000   6500.000   6500.000      0.938
     2       2212  (p+)               -12     0     0     4     0     0     0      0.000      0.000  -6500.000   6500.000      0.938
     3         21  (g)                -21     1     0     5     6   101   102      0.000      0.000   1834.352   1834.352      0.000
     4         21  (g)                -21     2     0     5     6   103   101      0.000      0.000   -765.036    765.036      0.000
     5    4900001  (Dv)               -22     3     4     7     8   103     0     47.709   -247.653   -103.869   1037.381   1000.881
     6   -4900001  (Dvbar)            -22     3     4     9    10     0   102    -47.709    247.653   1173.185   1562.007    999.948
     7          1  d                   23     5     0     0     0   103     0    444.944    148.024    -83.623    476.318      0.330
     8    4900101  qv1                 23     5     0     0     0     0     0   -397.235   -395.677    -20.245    561.063      5.000
     9         -1  dbar                23     6     0     0     0     0   102   -464.617    100.608    959.842   1071.115      0.330
    10   -4900101  qv1bar              23     6     0     0     0     0     0    416.908    147.045    213.343    490.892      5.000
                                   Charge sum:  0.000           Momentum sum:      0.000     -0.000   1069.317   2599.388   2369.257

 --------  End PYTHIA Event Listing  -----------------------------------------------------------------------------------------------

 --------  PYTHIA Event Listing  (complete event)  ---------------------------------------------------------------------------------
 
    no         id  name            status     mothers   daughters     colours      p_x        p_y        p_z         e          m 
     0         90  (system)           -11     0     0     0     0     0     0      0.000      0.000      0.000  13000.000  13000.000
     1       2212  (p+)               -12     0     0   619     0     0     0      0.000      0.000   6500.000   6500.000      0.938
     2       2212  (p+)               -12     0     0   620     0     0     0      0.000      0.000  -6500.000   6500.000      0.938
     3         21  (g)                -21     7     7     5     6   101   102      0.000      0.000   1834.352   1834.352      0.000
     4         21  (g)                -21     8     0     5     6   103   101      0.000      0.000   -765.036    765.036      0.000
     5    4900001  (Dv)               -22     3     4     9     9   103     0     47.709   -247.653   -103.869   1037.381   1000.881
     6   -4900001  (Dvbar)            -22     3     4    10    10     0   102    -47.709    247.653   1173.185   1562.007    999.948
     7         21  (g)                -42    12     0     3     3   101   102     -0.000     -0.000   1834.352   1834.352      0.000
     8          2  (u)                -41    13    13    11     4   103     0      0.000      0.000  -2452.155   2452.155      0.000
     9    4900001  (Dv)               -44     5     5    14    14   103     0    485.026   -236.790   -105.360   1142.008   1000.881
    10   -4900001  (Dvbar)            -44     6     6    15    15     0   102    101.285    251.354   1050.326   1475.302    999.948
    11          2  (u)                -43     8     0    16    16   101     0   -586.310    -14.564  -1562.768   1669.197      0.330
    12          2  (u)                -41    18    18    17     7   101     0     -0.000      0.000   2405.585   2405.585      0.000
    13          2  (u)                -42    19     0     8     8   103     0      0.000     -0.000  -2452.155   2452.155      0.000
    14    4900001  (Dv)               -44     9     9    20    20   103     0    464.352   -282.754    -98.715   1143.276   1000.881
    15   -4900001  (Dvbar)            -44    10    10    21    21     0   102     50.917    139.371   1071.677   1473.229    999.948
    16          2  (u)                -44    11    11    22    22   101     0   -588.433    -19.283  -1562.490   1669.731      0.330
    17          2  (u)                -43    12     0    23    23   102     0     73.163    162.665    542.958    571.503      0.330
    18          2  (u)                -42    27    27    12    12   101     0     -0.000     -0.000   2405.585   2405.585      0.000
    19          2  (u)                -41    99    99    24    13   103     0      0.000      0.000  -2552.986   2552.986      0.000
    20    4900001  (Dv)               -44    14    14   100   100   103     0    488.452   -277.303   -116.001   1153.560   1000.881
    21   -4900001  (Dvbar)            -44    15    15    30    30     0   102     58.709    141.134   1041.230   1451.696    999.948
    22          2  (u)                -44    16    16    25    26   101     0   -525.716     -5.097  -1610.157   1693.815      0.330
    23          2  (u)                -44    17    17    28    29   102     0     73.717    162.791    532.633    561.812      0.330
    24         22  (gamma)            -43    19     0   104   104     0     0    -95.162    -21.524      4.894     97.688      0.000
    25          2  (u)                -51    22     0    36    36   105     0   -274.925    -88.227   -780.463    832.160      0.330
    26         21  (g)                -51    22     0    34    35   101   105   -250.791     83.130   -825.038    866.310      0.000
    27          2  (u)                -53    98     0    18    18   101     0     -0.000     -0.000   2410.241   2410.241      0.000
    28          2  (u)                -51    23     0    33    33   106     0     47.890    102.222    426.783    441.460      0.330
    29         21  (g)                -51    23     0    31    32   102   106     23.183     54.846     93.058    110.478      0.000
    30   -4900001  (Dvbar)            -52    21    21    39    39     0   102     61.354    146.856   1054.021   1461.570    999.948
    31         21  (g)                -51    29     0    37    38   102   108     24.801     77.550    190.271    206.960      0.000
    32         21  (g)                -51    29     0    84    85   108   106     10.585      3.345     11.546     16.017      0.000
    33          2  (u)                -52    28    28    86    86   106     0     35.686     76.173    318.024    328.961      0.330
    34         21  (g)                -51    26     0   105   105   101   109   -120.453     43.086   -369.297    390.827      0.000
    35         21  (g)                -51    26     0    63    64   109   105   -134.027     38.860   -466.213    486.649      0.000
    36          2  (u)                -52    25    25    65    65   105     0   -271.236    -87.043   -769.991    820.995      0.330
    37         21  (g)                -51    31     0    40    41   110   108     19.976     75.687    176.161    192.770      0.000
    38         21  (g)                -51    31     0    42    42   102   110      3.170     -3.652      5.839      7.581      0.000
    39   -4900001  (Dvbar)            -52    30    30   101   101     0   102     63.008    152.371   1062.293   1468.179    999.948
    40         21  (g)                -51    37     0   106   106   111   108     15.981     67.977    144.442    160.436      0.000
    41         21  (g)                -51    37     0   110   110   110   111      4.753      6.838     33.113     34.144      0.000
    42         21  (g)                -52    38    38   109   109   102   110      2.413     -2.779      4.444      5.771      0.000
    43         21  (g)                -31   671   671    45    46   114   113      0.000      0.000    142.561    142.561      0.000
    44          2  (u)                -31   672   672    45    46   113     0      0.000      0.000     -0.694      0.694      0.000
    45         21  (g)                -33    43    44   200   201   114   115      3.503     -3.021    134.308    134.388      0.000
    46          2  (u)                -33    43    44   202   202   115     0     -3.503      3.021      7.559      8.868      0.330
    47         21  (g)                -31    71    71    49    50   117   116      0.000      0.000      4.132      4.132      0.000
    48         21  (g)                -31    72     0    49    50   119   118      0.000      0.000     -5.990      5.990      0.000
    49         21  (g)                -33    47    48    73    73   119   116      4.132      2.071     -2.801      5.405      0.000
    50         21  (g)                -33    47    48    74    74   117   118     -4.132     -2.071      0.944      4.717      0.000
    51          1  (d)                -31   140   140    53    54   120     0      0.000      0.000    485.502    485.502      0.000
    52         21  (g)                -31   141     0    53    54   121   120      0.000      0.000     -0.062      0.062      0.000
    53          1  (d)                -33    51    52   142   142   122     0     -0.269      3.913    412.254    412.273      0.330
    54         21  (g)                -33    51    52   143   143   121   122      0.269     -3.913     73.186     73.291      0.000
    55         21  (g)                -31   123   123    57    58   124   123      0.000      0.000    569.036    569.036      0.000
    56         21  (g)                -31   124     0    57    58   126   125      0.000      0.000     -0.027      0.027      0.000
    57         21  (g)                -33    55    56   125   125   126   123      2.242      3.160    335.530    335.553      0.000
    58         21  (g)                -33    55    56   126   126   124   125     -2.242     -3.160    233.478    233.511      0.000
    59         21  (g)                -31    66    66    61    62   127   128      0.000      0.000     31.299     31.299      0.000
    60         21  (g)                -31    67     0    61    62   129   130      0.000      0.000     -0.798      0.798      0.000
    61         21  (g)                -33    59    60    68    68   127   130      2.029      2.954      4.067      5.420      0.000
    62         21  (g)                -33    59    60    69    69   129   128     -2.029     -2.954     26.435     26.677      0.000
    63         21  (g)                -51    35     0   108   108   109   131    -79.699     21.320   -266.339    278.824      0.000
    64         21  (g)                -51    35     0   111   111   131   105    -54.999     17.325   -201.778    209.855      0.000
    65          2  (u)                -52    36    36   102   102   105     0   -270.565    -86.828   -768.087    818.964      0.330
    66         21  (g)                -42   250     0    59    59   127   128      0.000      0.000     31.299     31.299      0.000
    67         21  (g)                -41   251   251    70    60   129   132     -0.000     -0.000    -12.131     12.131      0.000
    68         21  (g)                -44    61    61   151   151   127   130     -0.536      2.765      1.923      3.411      0.000
    69         21  (g)                -44    62    62   253   253   129   128     -2.487     -2.987     28.296     28.561      0.000
    70         21  (g)                -43    67     0   149   150   130   132      3.022      0.222    -11.051     11.459      0.000
    71         21  (g)                -42   194     0    47    47   117   116     -0.000     -0.000      4.132      4.132      0.000
    72         21  (g)                -41   195   195    75    48   133   118     -0.000      0.000  -1258.099   1258.099      0.000
    73         21  (g)                -44    49    49   196   196   119   116      2.122      1.677     -4.067      4.884      0.000
    74         21  (g)                -44    50    50   197   197   117   118     -5.056     -2.253      1.664      5.780      0.000
    75         21  (g)                -43    72     0   198   198   133   119      2.934      0.576  -1251.564   1251.568      0.000
    76         21  (g)                -31   222     0    78    79   134   135      0.000      0.000     15.569     15.569      0.000
    77         21  (g)                -31   223   223    78    79   135   136      0.000      0.000    -14.042     14.042      0.000
    78         21  (g)                -33    76    77   221   221   134   137     -2.707      0.928     15.289     15.555      0.000
    79         21  (g)                -33    76    77   219   220   137   136      2.707     -0.928    -13.762     14.056      0.000
    80         21  (g)                -31    87     0    82    83   139   138      0.000      0.000      0.278      0.278      0.000
    81         21  (g)                -31    88    88    82    83   141   140      0.000      0.000    -44.397     44.397      0.000
    82         21  (g)                -33    80    81    89    89   141   138     -2.570     -1.210    -35.202     35.316      0.000
    83         21  (g)                -33    80    81    90    90   139   140      2.570      1.210     -8.918      9.359      0.000
    84         21  (g)                -51    32     0   107   107   108   142     11.111      3.311     16.981     20.561      0.000
    85         21  (g)                -51    32     0   112   112   142   106      0.129      1.432      0.401      1.492      0.000
    86          2  (u)                -52    33    33   103   103   106     0     35.031     74.775    312.188    322.924      0.330
    87         21  (g)                -41    92     0    91    80   143   138     -0.000      0.000      1.595      1.595      0.000
    88         21  (g)                -42    93    93    81    81   141   140     -0.000     -0.000    -44.397     44.397      0.000
    89         21  (g)                -44    82    82    94    94   141   138     -2.718     -1.701    -38.747     38.880      0.000
    90         21  (g)                -44    83    83    95    95   139   140      1.998     -0.684     -4.110      4.621      0.000
    91         21  (g)                -43    87     0    96    96   143   139      0.719      2.385      0.055      2.491      0.000
    92         21  (g)                -41   186   186    97    87   143   144      0.000      0.000      4.994      4.994      0.000
    93         21  (g)                -42   187     0    88    88   141   140     -0.000      0.000    -44.397     44.397      0.000
    94         21  (g)                -44    89    89   114   115   141   138     -2.622     -1.739    -36.127     36.264      0.000
    95         21  (g)                -44    90    90   189   189   139   140      2.369     -0.832     -5.709      6.237      0.000
    96         21  (g)                -44    91    91   190   190   143   139      2.565      1.646     -0.451      3.081      0.000
    97         21  (g)                -43    92     0   116   116   138   144     -2.311      0.925      2.884      3.810      0.000
    98          2  (u)                -41   292   292   113    27   145     0     -0.000      0.000   2478.076   2478.076      0.000
    99          2  (u)                -42   568   568    19    19   103     0     -0.000      0.000  -2552.986   2552.986      0.000
   100    4900001  (Dv)               -44    20    20   569   569   103     0    488.301   -276.796   -115.784   1153.352   1000.881
   101   -4900001  (Dvbar)            -44    39    39   486   486     0   102     62.640    153.607   1062.241   1468.254    999.948
   102          2  (u)                -44    65    65   278   279   105     0   -270.572    -86.803   -768.077    818.954      0.330
   103          2  (u)                -44    86    86   178   178   106     0     34.939     75.086    312.159    322.959      0.330
   104         22  (gamma)            -44    24    24   573   573     0     0    -95.177    -21.474      4.892     97.692      0.000
   105         21  (g)                -44    34    34   120   121   101   109   -120.456     43.097   -369.332    390.862      0.000
   106         21  (g)                -44    40    40   117   118   111   108     15.936     68.126    144.412    160.468      0.000
   107         21  (g)                -44    84    84   173   174   108   142     11.105      3.330     16.981     20.562      0.000
   108         21  (g)                -44    63    63   154   154   109   131    -79.701     21.326   -266.358    278.844      0.000
   109         21  (g)                -44    42    42   302   303   102   110      2.412     -2.774      4.446      5.769      0.000
   110         21  (g)                -44    41    41   119   119   110   111      4.743      6.871     33.111     34.147      0.000
   111         21  (g)                -44    64    64   170   171   131   105    -55.000     17.329   -201.792    209.870      0.000
   112         21  (g)                -44    85    85   176   177   142   106      0.129      1.432      0.400      1.493      0.000
   113         21  (g)                -43    98     0   122   122   145   101      0.701     -2.355     67.792     67.836      0.000
   114          3  (s)                -51    94     0   188   188   141     0     -0.428      1.882     -8.503      8.733      0.500
   115         -3  (sbar)             -51    94     0   192   192     0   138     -2.342     -3.562    -27.441     27.774      0.500
   116         21  (g)                -52    97    97   191   191   138   144     -2.164      0.866      2.700      3.566      0.000
   117         21  (g)                -51   106     0   175   175   146   108     10.921     52.474    115.279    127.130      0.000
   118         21  (g)                -51   106     0   247   248   111   146      5.432     16.255     32.040     36.336      0.000
   119         21  (g)                -52   110   110   304   304   110   111      4.327      6.267     30.204     31.149      0.000
   120         21  (g)                -51   105     0   152   153   147   109   -113.008     42.828   -346.862    367.312      0.000
   121         21  (g)                -51   105     0   137   138   101   147     -7.448      0.267    -22.406     23.613      0.000
   122         21  (g)                -52   113   113   139   139   145   101      0.700     -2.353     67.728     67.773      0.000
   123         21  (g)                -42   164   164    55    55   124   123     -0.000      0.000    569.036    569.036      0.000
   124         21  (g)                -41   165     0   127    56   148   125      0.000     -0.000     -0.086      0.086      0.000
   125         21  (g)                -44    57    57   166   166   126   123      2.365      2.232    208.898    208.923      0.000
   126         21  (g)                -44    58    58   167   167   124   125     -2.065     -4.494    336.304    336.340      0.000
   127         21  (g)                -43   124     0   168   168   148   126     -0.300      2.262     23.749     23.858      0.000
   128         21  (g)                -31   132   132   130   131   149   150      0.000      0.000     80.282     80.282      0.000
   129         21  (g)                -31   133     0   130   131   151   152      0.000      0.000     -0.709      0.709      0.000
   130         21  (g)                -33   128   129   134   134   149   152     -1.919      0.979     78.596     78.625      0.000
   131         21  (g)                -33   128   129   135   135   151   150      1.919     -0.979      0.977      2.366      0.000
   132         21  (g)                -42   208   208   128   128   149   150      0.000     -0.000     80.282     80.282      0.000
   133         21  (g)                -41   359     0   136   129   153   152     -0.000      0.000     -5.275      5.275      0.000
   134         21  (g)                -44   130   130   360   360   149   152     -1.903      0.938     74.445     74.475      0.000
   135         21  (g)                -44   131   131   206   207   151   150      2.694     -2.927      4.860      6.280      0.000
   136         21  (g)                -43   133     0   211   211   153   151     -0.792      1.989     -4.298      4.802      0.000
   137         21  (g)                -51   121     0   520   521   154   147     -3.905      2.226    -12.776     13.544      0.000
   138         21  (g)                -51   121     0   246   246   101   154     -3.540     -1.966     -9.434     10.266      0.000
   139         21  (g)                -52   122   122   244   245   145   101      0.698     -2.346     67.532     67.576      0.000
   140          1  (d)                -42   695   695    51    51   120     0     -0.000      0.000    485.502    485.502      0.000
   141         21  (g)                -41   696   696   144    52   121   155      0.000     -0.000     -2.672      2.672      0.000
   142          1  (d)                -44    53    53   408   409   122     0     -0.588      3.927    407.066    407.086      0.330
   143         21  (g)                -44    54    54   410   410   121   122     -1.510     -3.837     77.949     78.058      0.000
   144         21  (g)                -43   141     0   699   699   120   155      2.098     -0.090     -2.185      3.031      0.000
   145         21  (g)                -31   400     0   147   148   157   158      0.000      0.000      0.293      0.293      0.000
   146          1  (d)                -31   401   401   147   148   156     0      0.000      0.000    -15.827     15.827      0.000
   147         21  (g)                -33   145   146   402   402   156   158      2.050      0.024     -5.421      5.796      0.000
   148          1  (d)                -33   145   146   403   403   157     0     -2.050     -0.024    -10.113     10.324      0.330
   149         21  (g)                -51    70     0   254   254   159   132      1.497      1.502     -1.176      2.425      0.000
   150         21  (g)                -51    70     0   255   255   130   159      1.427     -0.773     -9.522      9.660      0.000
   151         21  (g)                -52    68    68   252   252   127   130     -0.437      2.258      1.570      2.785      0.000
   152         21  (g)                -51   120     0   281   282   147   160    -99.055     38.206   -302.952    321.017      0.000
   153         21  (g)                -51   120     0   283   283   160   109    -25.366      7.676    -82.051     86.225      0.000
   154         21  (g)                -52   108   108   172   172   109   131    -68.288     18.272   -228.217    238.914      0.000
   155         21  (g)                -31   159     0   157   158   162   161      0.000      0.000      0.091      0.091      0.000
   156         21  (g)                -31   160   160   157   158   164   163      0.000      0.000   -119.227    119.227      0.000
   157         21  (g)                -33   155   156   161   161   164   161     -1.932      0.286    -11.572     11.736      0.000
   158         21  (g)                -33   155   156   162   162   162   163      1.932     -0.286   -107.564    107.582      0.000
   159         21  (g)                -41   284     0   163   155   162   165      0.000      0.000      0.290      0.290      0.000
   160         21  (g)                -42   285   285   156   156   164   163     -0.000     -0.000   -119.227    119.227      0.000
   161         21  (g)                -44   157   157   286   286   164   161     -3.072     -0.967    -28.064     28.248      0.000
   162         21  (g)                -44   158   158   287   287   162   163      1.808     -0.422    -86.375     86.395      0.000
   163         21  (g)                -43   159     0   288   288   161   165      1.264      1.389     -4.498      4.874      0.000
   164         21  (g)                -42   529   529   123   123   124   123      0.000     -0.000    569.036    569.036      0.000
   165         21  (g)                -41   399   399   169   124   166   125     -0.000      0.000     -0.218      0.218      0.000
   166         21  (g)                -44   125   125   183   184   126   123      2.124      2.370    194.162    194.189      0.000
   167         21  (g)                -44   126   126   397   398   124   125     -2.411     -4.297    323.884    323.922      0.000
   168         21  (g)                -44   127   127   185   185   148   126     -1.340      2.857     44.125     44.238      0.000
   169         21  (g)                -43   165     0   507   507   166   148      1.628     -0.930      6.646      6.906      0.000
   170         21  (g)                -51   111     0   280   280   167   105    -45.736     12.604   -167.052    173.658      0.000
   171         21  (g)                -51   111     0   483   483   131   167    -38.359     12.510   -131.974    138.003      0.000
   172         21  (g)                -52   154   154   523   524   109   131    -39.193     10.487   -130.983    137.123      0.000
   173         21  (g)                -51   107     0   320   320   168   142      3.453     -0.363      4.656      5.808      0.000
   174         21  (g)                -51   107     0   212   213   108   168      7.851      4.645     14.417     17.061      0.000
   175         21  (g)                -52   117   117   214   214   146   108     10.723     51.522    113.187    124.823      0.000
   176         21  (g)                -51   112     0   318   319   142   169      2.187      3.045      5.766      6.878      0.000
   177         21  (g)                -51   112     0   203   204   169   106     -1.159      0.318      2.662      2.920      0.000
   178          2  (u)                -52   103   103   205   205   106     0     34.040     73.155    304.132    314.653      0.330
   179         21  (g)                -31   267     0   181   182   172   171      0.000      0.000      0.010      0.010      0.000
   180         21  (g)                -31   268   268   181   182   173   172      0.000      0.000   -365.813    365.813      0.000
   181         21  (g)                -33   179   180   269   269   174   171      1.490      0.705    -89.201     89.216      0.000
   182         21  (g)                -33   179   180   270   270   173   174     -1.490     -0.705   -276.602    276.607      0.000
   183         -1  (dbar)             -51   166     0   531   531     0   123     -0.884      1.507     51.440     51.471      0.330
   184          1  (d)                -51   166     0   535   535   126     0      2.577      1.782    156.921    156.952      0.330
   185         21  (g)                -52   168   168   505   506   148   126     -0.909      1.937     29.927     30.003      0.000
   186         21  (g)                -42   257     0    92    92   143   144      0.000      0.000      4.994      4.994      0.000
   187         21  (g)                -41   258   258   193    93   141   175     -0.000     -0.000   -147.014    147.014      0.000
   188          3  (s)                -44   114   114   259   259   141     0     -0.563      1.609     -8.561      8.743      0.500
   189         21  (g)                -44    95    95   234   235   139   140      2.275     -1.021     -5.737      6.256      0.000
   190         21  (g)                -44    96    96   236   236   143   139      2.537      1.590     -0.509      3.037      0.000
   191         21  (g)                -44   116   116   262   262   138   144     -2.171      0.852      2.689      3.559      0.000
   192         -3  (sbar)             -44   115   115   263   263     0   138     -2.776     -4.435    -27.468     27.966      0.500
   193         21  (g)                -43   187     0   264   264   140   175      0.698      1.403   -102.434    102.446      0.000
   194         21  (g)                -41   301   301   199    71   117   176      0.000     -0.000      4.224      4.224      0.000
   195         21  (g)                -42   337   337    72    72   133   118     -0.000      0.000  -1258.099   1258.099      0.000
   196         21  (g)                -44    73    73   230   230   119   116      1.993      1.701     -3.767      4.588      0.000
   197         21  (g)                -44    74    74   299   300   117   118     -6.234     -2.037      0.867      6.615      0.000
   198         21  (g)                -44    75    75   228   229   133   119      2.933      0.576  -1244.768   1244.772      0.000
   199         21  (g)                -43   194     0   341   341   116   176      1.307     -0.240     -6.207      6.348      0.000
   200         21  (g)                -51    45     0   673   673   114   177      3.415     -1.329    119.362    119.418      0.000
   201         21  (g)                -51    45     0   233   233   177   115     -0.063     -1.562     15.269     15.349      0.000
   202          2  (u)                -52    46    46   231   232   115     0     -3.351      2.890      7.236      8.489      0.330
   203         21  (g)                -51   177     0   438   438   169   178      0.386     -0.465      0.773      0.981      0.000
   204         21  (g)                -51   177     0   382   383   178   106     -0.008      4.088     15.625     16.151      0.000
   205          2  (u)                -52   178   178   384   384   106     0     32.503     69.850    290.395    300.441      0.330
   206         21  (g)                -51   135     0   209   210   151   179      3.162     -1.668      6.550      7.462      0.000
   207         21  (g)                -51   135     0   363   363   179   150     -0.468     -1.259      1.520      2.029      0.000
   208         21  (g)                -53   358   358   132   132   149   150      0.000     -0.000     83.493     83.493      0.000
   209         21  (g)                -51   206     0   361   361   180   179      3.071     -0.731      6.468      7.197      0.000
   210         21  (g)                -51   206     0   326   326   151   180     -0.001     -0.707     -0.414      0.820      0.000
   211         21  (g)                -52   136   136   324   325   153   151     -0.700      1.760     -3.801      4.247      0.000
   212         21  (g)                -51   174     0   387   387   181   168      8.228      6.132     15.391     18.498      0.000
   213         21  (g)                -51   174     0   375   375   108   181      0.202      1.293      5.133      5.297      0.000
   214         21  (g)                -52   175   175   249   249   146   108     10.144     48.742    107.080    118.088      0.000
   215         21  (g)                -31   794   794   217   218   182   183      0.000      0.000      1.275      1.275      0.000
   216         21  (g)                -31   795   795   217   218   184   185      0.000      0.000     -1.398      1.398      0.000
   217         21  (g)                -33   215   216   796   796   182   185     -1.201     -0.559      0.109      1.329      0.000
   218         21  (g)                -33   215   216   797   797   184   183      1.201      0.559     -0.232      1.344      0.000
   219         21  (g)                -51    79     0   225   225   186   136     -0.391      0.396     -3.844      3.884      0.000
   220         21  (g)                -51    79     0   226   226   137   186      3.072     -1.314     -9.769     10.324      0.000
   221         21  (g)                -52    78    78   224   224   134   137     -2.680      0.919     15.140     15.403      0.000
   222          2  (u)                -41   237   237   227    76   134     0      0.000      0.000     21.912     21.912      0.000
   223         21  (g)                -42   238     0    77    77   135   136      0.000     -0.000    -14.042     14.042      0.000
   224         21  (g)                -44   221   221   239   239   134   137     -3.057      2.095     15.150     15.597      0.000
   225         21  (g)                -44   219   219   240   240   186   136     -0.392      0.397     -3.838      3.878      0.000
   226         21  (g)                -44   220   220   241   241   137   186      3.065     -1.293     -9.613     10.172      0.000
   227          2  (u)                -43   222     0   242   242   135     0      0.384     -1.199      6.171      6.307      0.330
   228         21  (g)                -51   198     0   340   340   133   187      3.160     -0.627  -1104.394   1104.398      0.000
   229         21  (g)                -51   198     0   329   329   187   119     -0.211      1.216   -140.404    140.410      0.000
   230         21  (g)                -52   196   196   327   328   119   116      1.977      1.687     -3.737      4.552      0.000
   231          2  (u)                -51   202     0   674   674   188     0     -2.957      1.497      4.319      5.454      0.330
   232         21  (g)                -51   202     0   274   274   115   188     -0.405      1.132      5.472      5.602      0.000
   233         21  (g)                -52   201   201   272   273   177   115     -0.053     -1.301     12.714     12.781      0.000
   234         21  (g)                -51   189     0   260   260   189   140     -0.256     -0.029     -1.935      1.952      0.000
   235         21  (g)                -51   189     0   265   265   139   189      3.201     -0.571     -3.937      5.106      0.000
   236         21  (g)                -52   190   190   261   261   143   139      1.867      1.170     -0.374      2.235      0.000
   237          2  (u)                -42   726   726   222   222   134     0     -0.000      0.000     21.912     21.912      0.000
   238         21  (g)                -41   727   727   243   223   135   190      0.000     -0.000    -15.934     15.934      0.000
   239         21  (g)                -44   224   224   317   317   134   137     -3.054      2.076     14.874     15.325      0.000
   240         21  (g)                -44   225   225   729   729   186   136     -0.329      0.073     -3.892      3.907      0.000
   241         21  (g)                -44   226   226   315   316   137   186      3.225     -2.124     -9.626     10.371      0.000
   242          2  (u)                -44   227   227   731   731   135     0      0.386     -1.205      6.157      6.294      0.330
   243         21  (g)                -43   238     0   732   732   136   190     -0.227      1.180     -1.535      1.949      0.000
   244         21  (g)                -51   139     0   290   291   145   191      1.327     -2.679     49.907     49.996      0.000
   245         21  (g)                -51   139     0   469   470   191   101     -0.639      0.327     17.596     17.611      0.000
   246         21  (g)                -52   138   138   471   471   101   154     -3.530     -1.960     -9.405     10.235      0.000
   247         21  (g)                -51   118     0   379   380   111   192      3.356     14.527     32.720     35.957      0.000
   248         21  (g)                -51   118     0   277   277   192   146      5.220     16.835     32.509     36.980      0.000
   249         21  (g)                -52   214   214   275   276   146   108      7.000     33.635     73.892     81.488      0.000
   250         21  (g)                -41   714   714   256    66   127   193     -0.000     -0.000     35.065     35.065      0.000
   251         21  (g)                -42   378   378    67    67   129   132     -0.000     -0.000    -12.131     12.131      0.000
   252         21  (g)                -44   151   151   293   294   127   130     -0.481      2.191      1.624      2.769      0.000
   253         21  (g)                -44    69    69   376   377   129   128     -3.063     -3.866     28.468     28.892      0.000
   254         21  (g)                -44   149   149   335   335   159   132      1.485      1.483     -1.116      2.377      0.000
   255         21  (g)                -44   150   150   295   295   130   159      1.425     -0.775     -9.435      9.574      0.000
   256         21  (g)                -43   250     0   720   720   128   193      0.635      0.968      3.393      3.584      0.000
   257         21  (g)                -41   547   547   266   186   143   194     -0.000     -0.000     75.921     75.921      0.000
   258         21  (g)                -42   548     0   187   187   141   175      0.000      0.000   -147.014    147.014      0.000
   259          3  (s)                -44   188   188   549   549   141     0     -0.545      1.621     -8.604      8.787      0.500
   260         21  (g)                -44   234   234   502   503   189   140     -0.254     -0.028     -1.906      1.923      0.000
   261         21  (g)                -44   236   236   551   551   143   139      2.055      1.290     -0.651      2.512      0.000
   262         21  (g)                -44   191   191   323   323   138   144     -1.539      1.255      2.810      3.441      0.000
   263         -3  (sbar)             -44   192   192   332   332     0   138     -2.726     -4.403    -26.891     27.390      0.500
   264         21  (g)                -44   193   193   504   504   140   175      0.699      1.404   -102.542    102.554      0.000
   265         21  (g)                -44   235   235   555   555   139   189      3.319     -0.496     -4.229      5.399      0.000
   266         21  (g)                -43   257     0   321   322   144   194     -1.010     -0.643     70.919     70.930      0.000
   267         21  (g)                -41   788   788   271   179   195   171      0.000     -0.000      0.015      0.015      0.000
   268         21  (g)                -42   789   789   180   180   173   172     -0.000     -0.000   -365.813    365.813      0.000
   269         21  (g)                -44   181   181   296   297   174   171      2.007      0.819   -118.853    118.873      0.000
   270         21  (g)                -44   182   182   298   298   173   174     -1.323     -0.668   -172.242    172.249      0.000
   271         21  (g)                -43   267     0   792   792   195   172     -0.685     -0.150    -74.703     74.706      0.000
   272          3  (s)                -51   233     0   675   675   177     0      0.691     -0.156     11.451     11.484      0.500
   273         -3  (sbar)             -51   233     0   677   677     0   115     -1.047     -0.294      5.376      5.507      0.500
   274         21  (g)                -52   232   232   676   676   115   188     -0.101      0.281      1.359      1.392      0.000
   275         21  (g)                -51   249     0   373   374   196   108      2.841     13.303     31.282     34.111      0.000
   276         21  (g)                -51   249     0   594   594   146   196      5.813     25.667     52.912     59.096      0.000
   277         21  (g)                -52   248   248   381   381   192   146      3.566     11.500     22.207     25.261      0.000
   278          2  (u)                -51   102     0   372   372   197     0   -269.543    -86.765   -765.579    816.268      0.330
   279         21  (g)                -51   102     0   370   371   105   197     -1.726      0.154     -5.041      5.330      0.000
   280         21  (g)                -52   170   170   407   407   167   105    -45.039     12.412   -164.509    171.014      0.000
   281         21  (g)                -51   152     0   445   446   147   198    -54.854     20.293   -164.865    174.932      0.000
   282         21  (g)                -51   152     0   447   447   198   160    -47.731     18.981   -149.507    158.085      0.000
   283         21  (g)                -52   153   153   525   525   160   109    -21.836      6.608    -70.632     74.225      0.000
   284         21  (g)                -41   305   305   289   159   199   165      0.000      0.000      0.441      0.441      0.000
   285         21  (g)                -42   306     0   160   160   164   163     -0.000      0.000   -119.227    119.227      0.000
   286         21  (g)                -44   161   161   307   307   164   161     -2.832     -0.770    -22.803     22.991      0.000
   287         21  (g)                -44   162   162   308   308   162   163      1.834     -0.401    -86.478     86.499      0.000
   288         21  (g)                -44   163   163   309   309   161   165      1.754      1.794     -7.995      8.379      0.000
   289         21  (g)                -43   284     0   310   310   199   162     -0.756     -0.623     -1.510      1.800      0.000
   290         21  (g)                -51   244     0   582   582   200   191      0.780     -1.956     25.855     25.940      0.000
   291         21  (g)                -51   244     0   597   597   145   200      0.547     -0.723    106.942    106.946      0.000
   292          2  (u)                -53   567     0    98    98   145     0     -0.000      0.000   2560.966   2560.966      0.000
   293         21  (g)                -51   252     0   716   716   127   201      0.103     -0.029      0.938      0.944      0.000
   294         21  (g)                -51   252     0   367   368   201   130     -0.520      2.185      0.257      2.260      0.000
   295         21  (g)                -52   255   255   333   334   130   159      1.360     -0.740     -9.006      9.138      0.000
   296         21  (g)                -51   269     0   790   790   202   171      2.008      0.078   -138.171    138.186      0.000
   297         21  (g)                -51   269     0   793   793   174   202     -0.393      0.542    -31.800     31.807      0.000
   298         21  (g)                -52   270   270   791   791   173   174     -0.930     -0.470   -121.125    121.129      0.000
   299         21  (g)                -51   197     0   339   339   203   118     -6.356     -2.288      1.502      6.921      0.000
   300         21  (g)                -51   197     0   343   343   117   203      0.123      0.251     -0.047      0.284      0.000
   301         21  (g)                -53   336     0   194   194   117   176      0.000     -0.000      4.813      4.813      0.000
   302         21  (g)                -51   109     0   484   485   102   204      1.438     -0.209      1.305      1.953      0.000
   303         21  (g)                -51   109     0   352   353   204   110      1.145     -2.318      4.334      5.047      0.000
   304         21  (g)                -52   119   119   354   354   110   111      4.156      6.020     29.011     29.919      0.000
   305         21  (g)                -42   775   775   284   284   199   165     -0.000      0.000      0.441      0.441      0.000
   306         21  (g)                -41   413   413   311   285   205   163      0.000     -0.000   -191.800    191.800      0.000
   307         21  (g)                -44   286   286   314   314   164   161     -2.652     -0.782    -23.072     23.237      0.000
   308         21  (g)                -44   287   287   411   412   162   163      2.513     -0.448    -87.444     87.481      0.000
   309         21  (g)                -44   288   288   312   313   161   165      1.818      1.789     -8.082      8.475      0.000
   310         21  (g)                -44   289   289   432   432   199   162     -0.743     -0.624     -1.533      1.814      0.000
   311         21  (g)                -43   306     0   394   395   205   164     -0.936      0.065    -71.227     71.233      0.000
   312         21  (g)                -51   309     0   779   779   206   165     -0.652      0.309     -2.233      2.347      0.000
   313         21  (g)                -51   309     0   388   389   161   206      2.037      1.352     -9.613      9.920      0.000
   314         21  (g)                -52   307   307   390   390   164   161     -2.219     -0.655    -19.308     19.446      0.000
   315         21  (g)                -51   241     0   730   730   207   186      2.440     -2.052     -9.508     10.028      0.000
   316         21  (g)                -51   241     0   346   347   137   207      0.702     -0.015      0.285      0.758      0.000
   317         21  (g)                -52   239   239   348   348   134   137     -2.971      2.020     14.471     14.910      0.000
   318         21  (g)                -51   176     0   493   494   208   169      1.802      1.424      2.097      3.111      0.000
   319         21  (g)                -51   176     0   599   599   142   208      1.254      1.530      4.841      5.229      0.000
   320         21  (g)                -52   173   173   385   386   168   142      2.584     -0.272      3.484      4.346      0.000
   321         21  (g)                -51   266     0   349   350   209   194     -0.469     -1.104     63.073     63.085      0.000
   322         21  (g)                -51   266     0   351   351   144   209     -0.655      0.554      8.055      8.101      0.000
   323         21  (g)                -52   262   262   330   331   138   144     -1.425      1.162      2.601      3.185      0.000
   324         21  (g)                -51   211     0   362   362   153   210     -1.195      1.391     -3.470      3.925      0.000
   325         21  (g)                -51   211     0   365   365   210   151      0.495      0.016     -0.538      0.731      0.000
   326         21  (g)                -52   210   210   364   364   151   180     -0.000     -0.355     -0.208      0.411      0.000
   327         21  (g)                -51   230     0   338   338   211   116      1.017      0.764     -0.902      1.559      0.000
   328         21  (g)                -51   230     0   344   344   119   211      0.956      0.948     -5.669      5.826      0.000
   329         21  (g)                -52   229   229   342   342   187   119     -0.207      1.192   -137.571    137.576      0.000
   330         21  (g)                -51   323     0   444   444   212   144     -1.485      1.503      2.445      3.231      0.000
   331         21  (g)                -51   323     0   558   558   138   212     -0.062     -0.539     -1.044      1.176      0.000
   332         -3  (sbar)             -52   263   263   553   553     0   138     -2.604     -4.206    -25.690     26.167      0.500
   333         21  (g)                -51   295     0   369   369   130   213      1.955     -0.741     -8.156      8.420      0.000
   334         21  (g)                -51   295     0   722   722   213   159     -0.341      0.254     -1.040      1.124      0.000
   335         21  (g)                -52   254   254   718   718   159   132      1.231      1.230     -0.926      1.971      0.000
   336         21  (g)                -41   414     0   345   301   117   214     -0.000      0.000      5.060      5.060      0.000
   337         21  (g)                -42   415   415   195   195   133   118      0.000     -0.000  -1258.099   1258.099      0.000
   338         21  (g)                -44   327   327   416   416   211   116      0.971      0.797     -0.871      1.529      0.000
   339         21  (g)                -44   299   299   393   393   203   118     -6.940     -1.868      1.149      7.279      0.000
   340         21  (g)                -44   228   228   418   418   133   187      3.160     -0.626  -1103.507   1103.511      0.000
   341         21  (g)                -44   199   199   355   356   116   176      1.298     -0.233     -6.102      6.242      0.000
   342         21  (g)                -44   329   329   420   420   187   119     -0.207      1.192   -137.566    137.571      0.000
   343         21  (g)                -44   300   300   391   392   117   203      0.106      0.263     -0.051      0.288      0.000
   344         21  (g)                -44   328   328   422   422   119   211      0.945      0.955     -5.647      5.805      0.000
   345         21  (g)                -43   336     0   357   357   176   214      0.667     -0.480     -0.446      0.935      0.000
   346         21  (g)                -51   316     0   480   480   215   207     -0.144      0.958      1.412      1.713      0.000
   347         21  (g)                -51   316     0   478   479   137   215      0.387     -0.662      1.106      1.346      0.000
   348         21  (g)                -52   317   317   498   498   134   137     -2.513      1.708     12.238     12.610      0.000
   349         21  (g)                -51   321     0   556   556   216   194     -1.220     -0.846     54.692     54.712      0.000
   350         21  (g)                -51   321     0   559   559   209   216      0.482     -0.031     11.690     11.700      0.000
   351         21  (g)                -52   322   322   442   443   144   209     -0.386      0.327      4.747      4.773      0.000
   352         21  (g)                -51   303     0   598   598   204   217     -0.199      0.333      0.421      0.572      0.000
   353         21  (g)                -51   303     0   600   600   217   110      1.624     -2.246      5.867      6.488      0.000
   354         21  (g)                -52   304   304   508   509   110   111      3.876      5.615     27.058     27.905      0.000
   355         21  (g)                -51   341     0   419   419   116   218      1.171     -0.717     -5.937      6.093      0.000
   356         21  (g)                -51   341     0   424   424   218   176      0.525      0.197     -0.431      0.707      0.000
   357         21  (g)                -52   345   345   423   423   176   214      0.269     -0.193     -0.179      0.377      0.000
   358         21  (g)                -42   753   753   208   208   149   150     -0.000     -0.000     83.493     83.493      0.000
   359         21  (g)                -41   754   754   366   133   153   219      0.000      0.000     -9.072      9.072      0.000
   360         21  (g)                -44   134   134   451   452   149   152     -1.900      0.939     74.273     74.303      0.000
   361         21  (g)                -44   209   209   528   528   180   179      3.122     -0.714      6.661      7.391      0.000
   362         21  (g)                -44   324   324   757   757   153   210     -0.679      1.566     -3.503      3.897      0.000
   363         21  (g)                -44   207   207   526   527   179   150     -0.433     -1.247      1.458      1.967      0.000
   364         21  (g)                -44   326   326   759   759   151   180      0.043     -0.340     -0.215      0.404      0.000
   365         21  (g)                -44   325   325   760   760   210   151      0.583      0.046     -0.501      0.770      0.000
   366         21  (g)                -43   359     0   453   453   152   219     -0.737     -0.250     -3.752      3.832      0.000
   367          1  (d)                -51   294     0   721   721   201     0      0.614      0.346     -0.140      0.791      0.330
   368         -1  (dbar)             -51   294     0   723   723     0   130     -0.993      1.785     -0.192      2.078      0.330
   369         21  (g)                -52   333   333   719   719   130   213      1.814     -0.687     -7.567      7.812      0.000
   370         21  (g)                -51   279     0   405   406   105   220     -3.327     -0.486    -11.456     11.940      0.000
   371         21  (g)                -51   279     0   601   601   220   197    -14.295     -4.477    -38.733     41.529      0.000
   372          2  (u)                -52   278   278   571   571   197     0   -253.647    -81.648   -720.430    768.130      0.330
   373         21  (g)                -51   275     0   575   575   196   222      2.556     10.390     23.846     26.136      0.000
   374         21  (g)                -51   275     0   602   602   222   108      0.388      3.570     10.044     10.666      0.000
   375         21  (g)                -52   213   213   591   591   108   181      0.099      0.636      2.525      2.606      0.000
   376         21  (g)                -51   253     0   717   717   223   128     -1.529     -1.506      8.329      8.601      0.000
   377         21  (g)                -51   253     0   511   512   129   223     -1.534     -2.360     20.117     20.313      0.000
   378         21  (g)                -53   513   513   251   251   129   132      0.000     -0.000    -12.153     12.153      0.000
   379         21  (g)                -51   247     0   510   510   111   224      4.501     18.312     39.031     43.347      0.000
   380         21  (g)                -51   247     0   603   603   224   192      0.270      0.777      2.497      2.629      0.000
   381         21  (g)                -52   277   277   593   593   192   146      2.151      6.939     13.399     15.242      0.000
   382         21  (g)                -51   204     0   436   437   178   225      0.548      5.175     17.498     18.255      0.000
   383         21  (g)                -51   204     0   492   492   225   106      1.094      2.457     12.863     13.141      0.000
   384          2  (u)                -52   205   205   490   491   106     0     30.853     66.306    275.660    285.196      0.330
   385         -1  (dbar)             -51   320     0   576   576     0   142      1.704      0.300      1.548      2.345      0.330
   386          1  (d)                -51   320     0   605   605   168     0      2.005      0.267      4.042      4.532      0.330
   387         21  (g)                -52   212   212   588   588   181   168      7.102      5.293     13.285     15.967      0.000
   388         -2  (ubar)             -51   313     0   782   782     0   206      0.174      0.115     -0.518      0.649      0.330
   389          2  (u)                -51   313     0   783   783   161     0      1.645      1.173    -10.992     11.181      0.330
   390         21  (g)                -52   314   314   396   396   164   161     -2.001     -0.590    -17.411     17.535      0.000
   391         21  (g)                -51   343     0   421   421   117   226     -2.101      0.121      0.247      2.119      0.000
   392         21  (g)                -51   343     0   425   425   226   203      0.034     -0.443      0.061      0.448      0.000
   393         21  (g)                -52   339   339   417   417   203   118     -4.767     -1.283      0.789      5.000      0.000
   394         21  (g)                -51   311     0   781   781   205   227     -0.117      0.548    -13.324     13.336      0.000
   395         21  (g)                -51   311     0   450   450   227   164     -1.118     -0.571    -60.503     60.516      0.000
   396         21  (g)                -52   390   390   448   449   164   161     -1.702     -0.502    -14.811     14.917      0.000
   397         21  (g)                -51   167     0   532   532   124   228     -0.078     -1.493     98.843     98.855      0.000
   398         21  (g)                -51   167     0   536   536   228   125     -2.333     -2.804    225.039    225.069      0.000
   399         21  (g)                -53   530     0   165   165   166   125     -0.000      0.000     -0.219      0.219      0.000
   400         21  (g)                -41   766   766   404   145   157   229      0.000     -0.000    112.384    112.384      0.000
   401          1  (d)                -42   435   435   146   146   156     0     -0.000     -0.000    -15.827     15.827      0.000
   402         21  (g)                -44   147   147   433   434   156   158      1.616      0.012     -3.206      3.590      0.000
   403          1  (d)                -44   148   148   769   769   157     0     -2.295     -0.031    -12.319     12.536      0.330
   404         21  (g)                -43   400     0   441   441   158   229      0.679      0.018    112.083    112.085      0.000
   405         21  (g)                -51   370     0   595   595   230   220     -4.252     -0.303    -16.416     16.961      0.000
   406         21  (g)                -51   370     0   606   606   105   230     -4.286      1.253    -14.076     14.767      0.000
   407         21  (g)                -52   280   280   481   482   167   105    -39.828     10.975   -145.473    151.225      0.000
   408          1  (d)                -51   142     0   456   456   231     0     -1.126      3.227    352.852    352.868      0.330
   409         21  (g)                -51   142     0   454   455   122   231      0.501      0.605     56.145     56.151      0.000
   410         21  (g)                -52   143   143   466   467   121   122     -1.473     -3.742     76.019     76.125      0.000
   411         21  (g)                -51   308     0   430   431   162   232      1.456     -0.923    -62.602     62.625      0.000
   412         21  (g)                -51   308     0   785   785   232   163      1.057      0.475    -49.629     49.642      0.000
   413         21  (g)                -53   776   776   306   306   205   163     -0.000     -0.000   -216.586    216.586      0.000
   414         21  (g)                -41   678   678   426   336   233   214     -0.000     -0.000     11.025     11.025      0.000
   415         21  (g)                -42   474   474   337   337   133   118     -0.000      0.000  -1258.099   1258.099      0.000
   416         21  (g)                -44   338   338   517   518   211   116      0.981      0.839     -0.937      1.595      0.000
   417         21  (g)                -44   393   393   472   473   203   118     -4.683     -0.915      0.928      4.861      0.000
   418         21  (g)                -44   340   340   501   501   133   187      3.160     -0.626  -1103.478   1103.483      0.000
   419         21  (g)                -44   355   355   683   683   116   218      1.173     -0.707     -5.909      6.065      0.000
   420         21  (g)                -44   342   342   499   500   187   119     -0.207      1.192   -137.634    137.639      0.000
   421         21  (g)                -44   391   391   427   428   117   226     -2.067      0.272      0.265      2.101      0.000
   422         21  (g)                -44   344   344   519   519   119   211      0.947      0.965     -5.722      5.879      0.000
   423         21  (g)                -44   357   357   687   687   176   214      0.272     -0.181     -0.172      0.369      0.000
   424         21  (g)                -44   356   356   688   688   218   176      0.530      0.214     -0.452      0.728      0.000
   425         21  (g)                -44   392   392   429   429   226   203      0.042     -0.410      0.088      0.422      0.000
   426         21  (g)                -43   414     0   690   690   233   117     -0.148     -0.643      5.946      5.982      0.000
   427         21  (g)                -51   421     0   685   685   117   234     -0.586      0.586      0.046      0.829      0.000
   428         21  (g)                -51   421     0   691   691   234   226     -1.448     -0.643      0.290      1.610      0.000
   429         21  (g)                -52   425   425   689   689   226   203      0.008     -0.081      0.017      0.083      0.000
   430         21  (g)                -51   411     0   778   778   235   232      1.590     -0.424    -55.721     55.745      0.000
   431         21  (g)                -51   411     0   786   786   162   235     -0.201     -0.555     -7.019      7.044      0.000
   432         21  (g)                -52   310   310   780   780   199   162     -0.676     -0.568     -1.395      1.651      0.000
   433         21  (g)                -51   402     0   439   440   236   158      1.342      0.122     -5.213      5.384      0.000
   434         21  (g)                -51   402     0   771   771   156   236      0.274     -0.109     -0.098      0.311      0.000
   435          1  (d)                -53   767   767   401   401   156     0     -0.000     -0.000    -17.931     17.931      0.000
   436         21  (g)                -51   382     0   590   590   237   225     -0.147      3.100     11.721     12.125      0.000
   437         21  (g)                -51   382     0   607   607   178   237      0.744      2.015      5.876      6.257      0.000
   438         21  (g)                -52   203   203   495   495   169   178      0.336     -0.405      0.674      0.855      0.000
   439         21  (g)                -51   433     0   768   768   236   238      1.143     -0.420     -2.812      3.065      0.000
   440         21  (g)                -51   433     0   463   464   238   158      0.199      0.542     -2.324      2.395      0.000
   441         21  (g)                -52   404   404   465   465   158   229      0.679      0.018    112.007    112.009      0.000
   442         21  (g)                -51   351     0   557   557   239   209      0.065      0.416      3.689      3.713      0.000
   443         21  (g)                -51   351     0   560   560   144   239     -0.951      0.416      1.880      2.148      0.000
   444         21  (g)                -52   330   330   552   552   212   144     -0.985      0.997      1.622      2.144      0.000
   445         21  (g)                -51   281     0   574   574   147   240    -40.035     14.754   -119.520    126.908      0.000
   446         21  (g)                -51   281     0   608   608   240   198    -34.345     13.304   -106.508    112.696      0.000
   447         21  (g)                -52   282   282   596   596   198   160    -28.205     11.216    -88.344     93.413      0.000
   448         21  (g)                -51   396     0   777   777   241   161     -0.895     -0.755     -8.608      8.687      0.000
   449         21  (g)                -51   396     0   787   787   164   241     -1.037      0.136    -18.615     18.644      0.000
   450         21  (g)                -52   395   395   784   784   227   164     -0.888     -0.453    -48.091     48.102      0.000
   451         21  (g)                -51   360     0   459   459   149   242     -0.552      0.612      8.608      8.647      0.000
   452         21  (g)                -51   360     0   457   458   242   152     -1.350      0.326     65.654     65.668      0.000
   453         21  (g)                -52   366   366   460   461   152   219     -0.735     -0.249     -3.740      3.820      0.000
   454         21  (g)                -51   409     0   468   468   122   243      0.279      2.086    205.280    205.291      0.000
   455         21  (g)                -51   409     0   701   701   243   231     -0.383      0.134     28.037     28.040      0.000
   456          1  (d)                -52   408   408   697   697   231     0     -0.522      1.612    175.680    175.688      0.330
   457         21  (g)                -51   452     0   462   462   244   152     -1.545      0.128     60.537     60.556      0.000
   458         21  (g)                -51   452     0   763   763   242   244     -0.056      0.477      9.029      9.042      0.000
   459         21  (g)                -52   451   451   755   755   149   242     -0.301      0.334      4.695      4.717      0.000
   460         21  (g)                -51   453     0   761   761   245   219     -1.258     -0.202     -3.501      3.725      0.000
   461         21  (g)                -51   453     0   764   764   152   245      0.511     -0.046      0.228      0.562      0.000
   462         21  (g)                -52   457   457   762   762   244   152     -1.533      0.127     60.069     60.089      0.000
   463         21  (g)                -51   440     0   772   772   238   246      0.617      0.013     -0.182      0.644      0.000
   464         21  (g)                -51   440     0   477   477   246   158     -0.416      0.529     -1.888      2.005      0.000
   465         21  (g)                -52   441   441   475   476   158   229      0.677      0.018    111.753    111.755      0.000
   466          1  (d)                -51   410     0   698   698   121     0     -1.443     -3.072     74.493     74.571      0.330
   467         -1  (dbar)             -51   410     0   487   488     0   122     -0.021     -0.602      8.224      8.252      0.330
   468         21  (g)                -52   454   454   489   489   122   243      0.270      2.018    198.582    198.592      0.000
   469         21  (g)                -51   245     0   592   592   191   247     -0.167      0.674     16.175     16.190      0.000
   470         21  (g)                -51   245     0   609   609   247   101     -0.496     -0.361      1.357      1.490      0.000
   471         21  (g)                -52   246   246   522   522   101   154     -3.506     -1.947     -9.342     10.166      0.000
   472         21  (g)                -51   417     0   681   681   203   248     -2.490     -0.111     -0.052      2.493      0.000
   473         21  (g)                -51   417     0   692   692   248   118     -2.193     -0.804      0.860      2.489      0.000
   474         21  (g)                -53   679   679   415   415   133   118      0.000      0.000  -1258.220   1258.220      0.000
   475         21  (g)                -51   465     0   770   770   249   229      0.967      0.470    104.495    104.501      0.000
   476         21  (g)                -51   465     0   774   774   158   249     -0.293     -0.449      7.247      7.267      0.000
   477         21  (g)                -52   464   464   773   773   246   158     -0.414      0.526     -1.877      1.993      0.000
   478         21  (g)                -51   347     0   496   497   137   250     -0.400     -0.072      0.275      0.491      0.000
   479         21  (g)                -51   347     0   735   735   250   215      0.719     -0.131      1.508      1.675      0.000
   480         21  (g)                -52   346   346   733   733   215   207     -0.075      0.499      0.736      0.892      0.000
   481         21  (g)                -51   407     0   580   580   251   105    -26.755      8.088    -97.537    101.462      0.000
   482         21  (g)                -51   407     0   514   515   167   251    -17.370      4.289    -62.720     65.222      0.000
   483         21  (g)                -52   171   171   516   516   131   167    -34.062     11.109   -117.190    122.544      0.000
   484         21  (g)                -51   302     0   578   578   252   204      0.730      0.012      0.130      0.742      0.000
   485         21  (g)                -51   302     0   611   611   102   252      0.110     -0.032      1.266      1.271      0.000
   486   -4900001  (Dvbar)            -52   101   101   570   570     0   102     63.237    153.418   1062.149   1468.193    999.948
   487         -1  (dbar)             -51   467     0   702   702     0   253      0.488     -0.089      8.781      8.802      0.330
   488         21  (g)                -51   467     0   703   703   253   122     -0.484     -0.325     17.979     17.989      0.000
   489         21  (g)                -52   468   468   700   700   122   243      0.245      1.830    180.045    180.054      0.000
   490          2  (u)                -51   384     0   572   572   254     0     10.918     23.184     94.802     98.205      0.330
   491         21  (g)                -51   384     0   612   612   106   254     20.073     43.430    182.470    188.639      0.000
   492         21  (g)                -52   383   383   604   604   225   106      0.957      2.149     11.250     11.494      0.000
   493         21  (g)                -51   318     0   581   581   208   255      2.022      0.812      2.150      3.061      0.000
   494         21  (g)                -51   318     0   613   613   255   169     -0.041      0.397      0.303      0.502      0.000
   495         21  (g)                -52   438   438   589   589   169   178      0.159     -0.191      0.317      0.403      0.000
   496         21  (g)                -51   478     0   734   734   256   250     -1.052      0.609      2.113      2.437      0.000
   497         21  (g)                -51   478     0   736   736   137   256     -0.147     -0.138      2.051      2.060      0.000
   498         21  (g)                -52   348   348   728   728   134   137     -1.714      1.165      8.349      8.603      0.000
   499         21  (g)                -51   420     0   684   684   257   119      0.055      0.739    -50.610     50.616      0.000
   500         21  (g)                -51   420     0   693   693   187   257      0.065      0.389   -201.348    201.348      0.000
   501         21  (g)                -52   418   418   682   682   133   187      2.833     -0.561   -989.154    989.158      0.000
   502         21  (g)                -51   260     0   550   550   189   258      0.161     -0.338    -13.890     13.895      0.000
   503         21  (g)                -51   260     0   561   561   258   140     -0.210      0.722    -18.150     18.166      0.000
   504         21  (g)                -52   264   264   554   554   140   175      0.494      0.992    -72.407     72.416      0.000
   505         21  (g)                -51   185     0   533   533   259   126     -0.880      2.049     25.947     26.043      0.000
   506         21  (g)                -51   185     0   537   537   148   259      0.131     -0.203      4.633      4.640      0.000
   507         21  (g)                -52   169   169   534   534   166   148      1.468     -0.838      5.992      6.226      0.000
   508         21  (g)                -51   354     0   579   579   110   260      1.272      2.938     11.708     12.137      0.000
   509         21  (g)                -51   354     0   614   614   260   111      2.696      3.052     16.150     16.656      0.000
   510         21  (g)                -52   379   379   583   583   111   224      4.408     17.936     38.231     42.458      0.000
   511         21  (g)                -51   377     0   724   724   262   223     -0.486     -0.188      6.121      6.143      0.000
   512         21  (g)                -51   377     0   725   725   129   262     -1.048     -2.172     13.980     14.187      0.000
   513         21  (g)                -53   715   715   378   378   129   132      0.000     -0.000    -12.170     12.170      0.000
   514         21  (g)                -51   482     0   610   610   263   251     -9.912      2.732    -37.323     38.714      0.000
   515         21  (g)                -51   482     0   615   615   167   263    -13.948      3.674    -47.729     49.861      0.000
   516         21  (g)                -52   483   483   587   587   131   167    -27.571      8.992    -94.858     99.192      0.000
   517         21  (g)                -51   416     0   680   680   264   116      0.798      0.328     -0.462      0.978      0.000
   518         21  (g)                -51   416     0   694   694   211   264      0.459      0.792     -2.138      2.326      0.000
   519         21  (g)                -52   422   422   686   686   119   211      0.672      0.685     -4.058      4.170      0.000
   520         21  (g)                -51   137     0   584   584   265   147     -4.243      2.138    -13.751     14.549      0.000
   521         21  (g)                -51   137     0   616   616   154   265     -0.103     -0.157     -0.201      0.275      0.000
   522         21  (g)                -52   471   471   585   585   101   154     -3.064     -1.702     -8.165      8.886      0.000
   523         21  (g)                -51   172     0   577   577   266   131    -14.599      3.754    -46.928     49.290      0.000
   524         21  (g)                -51   172     0   617   617   109   266    -34.058      9.596   -114.666    120.001      0.000
   525         21  (g)                -52   283   283   586   586   160   109    -12.372      3.744    -40.021     42.057      0.000
   526         21  (g)                -51   363     0   758   758   269   150     -0.471     -0.237      0.534      0.751      0.000
   527         21  (g)                -51   363     0   765   765   179   269      0.350     -1.081      1.587      1.952      0.000
   528         21  (g)                -52   361   361   756   756   180   179      2.811     -0.642      5.997      6.655      0.000
   529         21  (g)                -42   704   704   164   164   124   123      0.000     -0.000    569.036    569.036      0.000
   530         -2  (ubar)             -41   705   705   538   399     0   125     -0.000      0.000     -0.652      0.652      0.000
   531         -1  (dbar)             -44   183   183   706   706     0   123     -0.855      1.501     50.327     50.357      0.330
   532         21  (g)                -44   397   397   707   707   124   228     -0.067     -1.495     98.973     98.984      0.000
   533         21  (g)                -44   505   505   708   708   259   126     -0.790      2.032     24.789     24.885      0.000
   534         21  (g)                -44   507   507   709   709   166   148      1.687     -0.879      7.621      7.855      0.000
   535          1  (d)                -44   184   184   710   710   126     0      2.606      1.777    158.943    158.975      0.330
   536         21  (g)                -44   398   398   711   711   228   125     -2.305     -2.809    223.207    223.236      0.000
   537         21  (g)                -44   506   506   712   712   148   259      0.137     -0.204      4.792      4.798      0.000
   538         -2  (ubar)             -43   530     0   713   713     0   166     -0.413      0.077     -0.268      0.597      0.330
   539         21  (g)                -31   798   798   541   542   270   271      0.000      0.000    185.570    185.570      0.000
   540         21  (g)                -31   799   799   541   542   272   273      0.000      0.000     -0.002      0.002      0.000
   541         21  (g)                -33   539   540   800   800   270   273      0.119      0.437    152.286    152.287      0.000
   542         21  (g)                -33   539   540   801   801   272   271     -0.119     -0.437     33.283     33.286      0.000
   543         21  (g)                -31   802   802   545   546   275   274      0.000      0.000      0.001      0.001      0.000
   544         21  (g)                -31   803   803   545   546   277   276      0.000      0.000   -725.131    725.131      0.000
   545         21  (g)                -33   543   544   804   804   277   274     -0.221     -0.270   -679.456    679.456      0.000
   546         21  (g)                -33   543   544   805   805   275   276      0.221      0.270    -45.675     45.676      0.000
   547         21  (g)                -42   737   737   257   257   143   194     -0.000      0.000     75.921     75.921      0.000
   548         21  (g)                -41   738   738   562   258   278   175      0.000     -0.000   -424.285    424.285      0.000
   549          3  (s)                -44   259   259   739   739   141     0     -0.540      1.603     -8.606      8.785      0.500
   550         21  (g)                -44   502   502   740   740   189   258      0.169     -0.367    -13.890     13.896      0.000
   551         21  (g)                -44   261   261   741   741   143   139      2.056      1.287     -0.651      2.511      0.000
   552         21  (g)                -44   444   444   742   742   212   144     -0.985      0.997      1.621      2.142      0.000
   553         -3  (sbar)             -44   332   332   743   743     0   138     -2.590     -4.261    -25.687     26.171      0.500
   554         21  (g)                -44   504   504   744   744   140   175      0.532      0.838    -72.408     72.415      0.000
   555         21  (g)                -44   265   265   745   745   139   189      3.321     -0.506     -4.228      5.400      0.000
   556         21  (g)                -44   349   349   746   746   216   194     -1.220     -0.846     54.692     54.712      0.000
   557         21  (g)                -44   442   442   747   747   239   209      0.065      0.416      3.689      3.713      0.000
   558         21  (g)                -44   331   331   748   748   138   212     -0.061     -0.541     -1.044      1.177      0.000
   559         21  (g)                -44   350   350   749   749   209   216      0.482     -0.031     11.690     11.700      0.000
   560         21  (g)                -44   443   443   750   750   144   239     -0.951      0.416      1.880      2.147      0.000
   561         21  (g)                -44   503   503   751   751   258   140     -0.201      0.684    -18.151     18.165      0.000
   562         21  (g)                -43   548     0   752   752   278   141     -0.077      0.311   -277.270    277.270      0.000
   563          2  (u)                -31   806   806   565   566   279     0      0.000      0.000      5.656      5.656      0.000
   564         21  (g)                -31   807   807   565   566   280   281      0.000      0.000     -1.153      1.153      0.000
   565          2  (u)                -33   563   564   808   808   280     0      0.314     -0.049      5.625      5.644      0.330
   566         21  (g)                -33   563   564   809   809   279   281     -0.314      0.049     -1.121      1.166      0.000
   567          2  (u)                -41   619   619   618   292   282     0     -0.000      0.000   2589.007   2589.007      0.000
   568          2  (u)                -42   620   620    99    99   103     0      0.000     -0.000  -2552.986   2552.986      0.000
   569    4900001  (Dv)               -44   100   100   621   621   103     0    488.256   -276.780   -115.759   1153.327   1000.881
   570   -4900001  (Dvbar)            -44   486   486   622   622     0   102     63.128    153.456   1062.150   1468.193    999.948
   571          2  (u)                -44   372   372   623   623   197     0   -253.649    -81.648   -720.440    768.139      0.330
   572          2  (u)                -44   490   490   624   624   254     0     10.909     23.187     94.802     98.205      0.330
   573         22  (gamma)            -44   104   104   625   625     0     0    -95.181    -21.473      4.888     97.696      0.000
   574         21  (g)                -44   445   445   626   626   147   240    -40.036     14.754   -119.522    126.909      0.000
   575         21  (g)                -44   373   373   627   627   196   222      2.553     10.390     23.846     26.137      0.000
   576         -1  (dbar)             -44   385   385   628   628     0   142      1.704      0.300      1.548      2.345      0.330
   577         21  (g)                -44   523   523   629   629   266   131    -14.599      3.754    -46.929     49.290      0.000
   578         21  (g)                -44   484   484   630   630   252   204      0.730      0.012      0.130      0.742      0.000
   579         21  (g)                -44   508   508   631   631   110   260      1.271      2.938     11.708     12.137      0.000
   580         21  (g)                -44   481   481   632   632   251   105    -26.755      8.088    -97.538    101.464      0.000
   581         21  (g)                -44   493   493   633   633   208   255      2.021      0.812      2.150      3.061      0.000
   582         21  (g)                -44   290   290   634   634   200   191      0.777     -1.955     25.855     25.940      0.000
   583         21  (g)                -44   510   510   635   635   111   224      4.405     17.937     38.231     42.459      0.000
   584         21  (g)                -44   520   520   636   636   265   147     -4.243      2.138    -13.751     14.549      0.000
   585         21  (g)                -44   522   522   637   637   101   154     -3.065     -1.702     -8.165      8.886      0.000
   586         21  (g)                -44   525   525   638   638   160   109    -12.372      3.744    -40.022     42.058      0.000
   587         21  (g)                -44   516   516   639   639   131   167    -27.571      8.992    -94.859     99.193      0.000
   588         21  (g)                -44   387   387   640   640   181   168      7.101      5.293     13.285     15.966      0.000
   589         21  (g)                -44   495   495   641   641   169   178      0.159     -0.191      0.317      0.403      0.000
   590         21  (g)                -44   436   436   642   642   237   225     -0.148      3.100     11.721     12.125      0.000
   591         21  (g)                -44   375   375   643   643   108   181      0.099      0.636      2.525      2.606      0.000
   592         21  (g)                -44   469   469   644   644   191   247     -0.168      0.675     16.175     16.190      0.000
   593         21  (g)                -44   381   381   645   645   192   146      2.150      6.939     13.399     15.242      0.000
   594         21  (g)                -44   276   276   646   646   146   196      5.809     25.669     52.912     59.096      0.000
   595         21  (g)                -44   405   405   647   647   230   220     -4.252     -0.303    -16.417     16.961      0.000
   596         21  (g)                -44   447   447   648   648   198   160    -28.205     11.216    -88.346     93.415      0.000
   597         21  (g)                -44   291   291   649   649   145   200      0.538     -0.719    106.942    106.946      0.000
   598         21  (g)                -44   352   352   650   650   204   217     -0.199      0.333      0.421      0.572      0.000
   599         21  (g)                -44   319   319   651   651   142   208      1.253      1.530      4.841      5.229      0.000
   600         21  (g)                -44   353   353   652   652   217   110      1.623     -2.245      5.867      6.488      0.000
   601         21  (g)                -44   371   371   653   653   220   197    -14.295     -4.476    -38.734     41.529      0.000
   602         21  (g)                -44   374   374   654   654   222   108      0.387      3.571     10.044     10.667      0.000
   603         21  (g)                -44   380   380   655   655   224   192      0.269      0.777      2.497      2.629      0.000
   604         21  (g)                -44   492   492   656   656   225   106      0.956      2.150     11.250     11.494      0.000
   605          1  (d)                -44   386   386   657   657   168     0      2.005      0.268      4.042      4.532      0.330
   606         21  (g)                -44   406   406   658   658   105   230     -4.286      1.253    -14.076     14.768      0.000
   607         21  (g)                -44   437   437   659   659   178   237      0.743      2.015      5.876      6.257      0.000
   608         21  (g)                -44   446   446   660   660   240   198    -34.346     13.304   -106.509    112.698      0.000
   609         21  (g)                -44   470   470   661   661   247   101     -0.496     -0.361      1.357      1.490      0.000
   610         21  (g)                -44   514   514   662   662   263   251     -9.912      2.732    -37.324     38.714      0.000
   611         21  (g)                -44   485   485   663   663   102   252      0.110     -0.032      1.266      1.271      0.000
   612         21  (g)                -44   491   491   664   664   106   254     20.057     43.435    182.471    188.638      0.000
   613         21  (g)                -44   494   494   665   665   255   169     -0.041      0.397      0.303      0.502      0.000
   614         21  (g)                -44   509   509   666   666   260   111      2.695      3.053     16.151     16.656      0.000
   615         21  (g)                -44   515   515   667   667   167   263    -13.949      3.674    -47.730     49.862      0.000
   616         21  (g)                -44   521   521   668   668   154   265     -0.103     -0.157     -0.201      0.275      0.000
   617         21  (g)                -44   524   524   669   669   109   266    -34.058      9.596   -114.667    120.003      0.000
   618         21  (g)                -43   567     0   670   670   282   145      0.222     -0.077     28.040     28.041      0.000
   619          2  (u)                -61     1     0   567   567   123     0     -2.921     -0.465   2589.005   2589.007      0.000
   620          2  (u)                -61     2     0   568   568   103     0      3.103      1.168  -2552.984   2552.986      0.000
   621    4900001  (Dv)               -62   569   569   817   818   103     0    488.442   -276.583   -115.275   1153.310   1000.881
   622   -4900001  (Dvbar)            -62   570   570   861   862     0   102     61.947    153.321   1062.272   1468.217    999.948
   623          2  (u)                -62   571   571  1355  1355   197     0   -252.771    -81.312   -720.763    768.117      0.330
   624          2  (u)                -62   572   572  1052  1052   254     0     10.803     23.171     94.822     98.208      0.330
   625         22  gamma               62   573   573     0     0     0     0    -95.182    -21.461      4.769     97.688      0.000
   626         21  (g)                -62   574   574  1367  1367   147   240    -39.890     14.810   -119.564    126.910      0.000
   627         21  (g)                -62   575   575  1288  1288   196   222      2.527     10.386     23.852     26.138      0.000
   628         -1  (dbar)             -62   576   576  1061  1061     0   142      1.702      0.300      1.550      2.345      0.330
   629         21  (g)                -62   577   577  1363  1363   266   131    -14.541      3.776    -46.945     49.290      0.000
   630         21  (g)                -62   578   578  1297  1297   252   204      0.730      0.012      0.131      0.742      0.000
   631         21  (g)                -62   579   579  1294  1294   110   260      1.258      2.936     11.710     12.138      0.000
   632         21  (g)                -62   580   580  1359  1359   251   105    -26.636      8.133    -97.567    101.464      0.000
   633         21  (g)                -62   581   581  1059  1059   208   255      2.019      0.812      2.153      3.061      0.000
   634         21  (g)                -62   582   582  1373  1373   200   191      0.748     -1.960     25.855     25.940      0.000
   635         21  (g)                -62   583   583  1292  1292   111   224      4.362     17.931     38.241     42.461      0.000
   636         21  (g)                -62   584   584  1368  1368   265   147     -4.226      2.144    -13.755     14.549      0.000
   637         21  (g)                -62   585   585  1370  1370   101   154     -3.055     -1.698     -8.170      8.886      0.000
   638         21  (g)                -62   586   586  1365  1365   160   109    -12.324      3.763    -40.035     42.058      0.000
   639         21  (g)                -62   587   587  1362  1362   131   167    -27.456      9.036    -94.888     99.193      0.000
   640         21  (g)                -62   588   588  1286  1286   181   168      7.086      5.291     13.295     15.968      0.000
   641         21  (g)                -62   589   589  1057  1057   169   178      0.158     -0.191      0.318      0.403      0.000
   642         21  (g)                -62   590   590  1055  1055   237   225     -0.161      3.098     11.721     12.125      0.000
   643         21  (g)                -62   591   591   953     0   108   181      0.096      0.636      2.525      2.606      0.000
   644         21  (g)                -62   592   592  1372  1372   191   247     -0.187      0.672     16.175     16.190      0.000
   645         21  (g)                -62   593   593  1290  1290   192   146      2.135      6.937     13.404     15.243      0.000
   646         21  (g)                -62   594   594  1289  1289   146   196      5.749     25.660     52.927     59.100      0.000
   647         21  (g)                -62   595   595  1357  1357   230   220     -4.232     -0.296    -16.422     16.961      0.000
   648         21  (g)                -62   596   596   955     0   198   160    -28.097     11.257    -88.375     93.415      0.000
   649         21  (g)                -62   597   597   954     0   145   200      0.417     -0.739    106.943    106.946      0.000
   650         21  (g)                -62   598   598  1296  1296   204   217     -0.200      0.333      0.420      0.572      0.000
   651         21  (g)                -62   599   599  1060  1060   142   208      1.248      1.529      4.843      5.230      0.000
   652         21  (g)                -62   600   600  1295  1295   217   110      1.617     -2.246      5.868      6.488      0.000
   653         21  (g)                -62   601   601  1356  1356   220   197    -14.248     -4.458    -38.752     41.528      0.000
   654         21  (g)                -62   602   602   953     0   222   108      0.376      3.569     10.045     10.667      0.000
   655         21  (g)                -62   603   603  1291  1291   224   192      0.266      0.777      2.497      2.629      0.000
   656         21  (g)                -62   604   604  1054  1054   225   106      0.943      2.148     11.252     11.494      0.000
   657          1  (d)                -62   605   605  1285  1285   168     0      2.000      0.267      4.044      4.532      0.330
   658         21  (g)                -62   606   606  1358  1358   105   230     -4.269      1.260    -14.081     14.768      0.000
   659         21  (g)                -62   607   607  1056  1056   178   237      0.737      2.014      5.878      6.257      0.000
   660         21  (g)                -62   608   608   955     0   240   198    -34.216     13.354   -106.545    112.698      0.000
   661         21  (g)                -62   609   609  1371  1371   247   101     -0.498     -0.361      1.357      1.490      0.000
   662         21  (g)                -62   610   610  1360  1360   263   251     -9.867      2.749    -37.334     38.714      0.000
   663         21  (g)                -62   611   611  1298  1298   102   252      0.108     -0.032      1.266      1.271      0.000
   664         21  (g)                -62   612   612  1053  1053   106   254     19.851     43.403    182.508    188.645      0.000
   665         21  (g)                -62   613   613  1058  1058   255   169     -0.042      0.397      0.303      0.502      0.000
   666         21  (g)                -62   614   614  1293  1293   260   111      2.677      3.050     16.155     16.657      0.000
   667         21  (g)                -62   615   615  1361  1361   167   263    -13.890      3.696    -47.745     49.862      0.000
   668         21  (g)                -62   616   616  1369  1369   154   265     -0.103     -0.156     -0.202      0.275      0.000
   669         21  (g)                -62   617   617  1364  1364   109   266    -33.919      9.650   -114.704    120.002      0.000
   670         21  (g)                -62   618   618   954     0   123   145      0.190     -0.082     28.040     28.041      0.000
   671         21  (g)                -61     1     0    43    43   249   113      0.065      2.125    142.497    142.513      0.000
   672          2  (u)                -61     2     0    44    44   113     0      1.425     -0.607      0.178      1.559      0.000
   673         21  (g)                -62   200   200  1001  1001   114   209      3.528      0.484    123.447    123.498      0.000
   674          2  (u)                -62   231   231   950     0   188     0     -1.790      1.022      1.320      2.470      0.330
   675          3  (s)                -62   272   272   946     0   177     0      0.730      0.011     12.246     12.278      0.500
   676         21  (g)                -62   274   274   923     0   115   215     -0.066      0.284      1.149      1.185      0.000
   677         -3  (sbar)             -62   273   273  1145  1145     0   223     -0.911     -0.283      4.515      4.641      0.500
   678         21  (g)                -61     1     0   414   414   118   118      2.802     -1.402     10.802     11.247      0.000
   679         21  (g)                -61     2     0   474   474   214   214     -2.106     -1.964  -1258.130   1258.133      0.000
   680         21  (g)                -62   517   517   918     0   264   218      0.862      0.294     -0.549      1.063      0.000
   681         21  (g)                -62   472   472  1008  1008   203   117     -2.181     -0.268      0.235      2.210      0.000
   682         21  (g)                -62   501   501  1192  1192   133   278      1.177     -2.106   -989.481    989.484      0.000
   683         21  (g)                -62   419   419   928     0   116   161      1.183     -0.726     -6.104      6.260      0.000
   684         21  (g)                -62   499   499   937     0   257   275     -0.029      0.660    -50.567     50.572      0.000
   685         21  (g)                -62   427   427   950     0   117   188     -0.475      0.529      0.149      0.727      0.000
   686         21  (g)                -62   519   519   936     0   119   120      0.679      0.671     -4.102      4.212      0.000
   687         21  (g)                -62   423   423   919     0   176   156      0.296     -0.194     -0.220      0.417      0.000
   688         21  (g)                -62   424   424   918     0   218   210      0.564      0.196     -0.509      0.784      0.000
   689         21  (g)                -62   429   429   926     0   226   176      0.021     -0.087      0.010      0.090      0.000
   690         21  (g)                -62   426   426  1135  1135   233   180      1.368     -1.402      5.804      6.125      0.000
   691         21  (g)                -62   428   428   949     0   234   203     -1.207     -0.765      0.415      1.488      0.000
   692         21  (g)                -62   473   473   949     0   248   234     -1.768     -1.018      1.056      2.297      0.000
   693         21  (g)                -62   500   500   938     0   187   173     -0.272      0.074   -201.317    201.317      0.000
   694         21  (g)                -62   518   518   934     0   211   279      0.479      0.776     -2.149      2.334      0.000
   695          1  (d)                -61     1     0   140   140   155     0     -1.832      0.981    485.902    485.907      0.000
   696         21  (g)                -61     2     0   141   141   231   155     -1.782      0.805     -2.317      3.032      0.000
   697          1  (d)                -62   456   456  1271  1271   231     0     -1.189      1.969    176.239    176.255      0.330
   698          1  (d)                -62   466   466  1027  1027   121     0     -1.750     -2.909     74.579     74.657      0.330
   699         21  (g)                -62   144   144   934     0   120   211      0.360      0.695     -2.547      2.665      0.000
   700         21  (g)                -62   489   489   943     0   122   270     -0.438      2.195    180.386    180.400      0.000
   701         21  (g)                -62   455   455  1032  1032   243   216     -0.490      0.192     28.207     28.212      0.000
   702         -1  (dbar)             -62   487   487   942     0     0   148      0.449     -0.068      8.615      8.633      0.330
   703         21  (g)                -62   488   488  1028  1028   253   121     -0.555     -0.287     18.107     18.117      0.000
   704         21  (g)                -61     1     0   529   529   113   123      0.235     -1.291    566.990    566.991      0.000
   705         -2  (ubar)             -61     2     0   530   530     0   113     -1.792      1.872      1.922      3.226      0.000
   706         -1  (dbar)             -62   531   531   947     0     0   242     -0.875      1.424     53.533     53.560      0.330
   707         21  (g)                -62   532   532   945     0   124   228     -0.043     -1.698     96.586     96.601      0.000
   708         21  (g)                -62   533   533   922     0   259   239     -0.909      2.104     28.888     28.979      0.000
   709         21  (g)                -62   534   534   927     0   166   233      1.368     -0.553      4.481      4.718      0.000
   710          1  (d)                -62   535   535   996   996   126     0      2.628      1.464    157.415    157.444      0.330
   711         21  (g)                -62   536   536  1029  1029   228   253     -2.254     -3.271    221.588    221.624      0.000
   712         21  (g)                -62   537   537   942     0   148   126      0.130     -0.205      4.306      4.313      0.000
   713         -2  (ubar)             -62   538   538  1375  1375     0   123     -1.601      1.317      2.115      2.979      0.330
   714         21  (g)                -61     1     0   250   250   132   132      0.407     -1.682     35.095     35.138      0.000
   715         21  (g)                -61     2     0   513   513   193   193     -0.137     -0.873    -12.156     12.188      0.000
   716         21  (g)                -62   293   293   927     0   127   166      0.114     -0.075      0.938      0.948      0.000
   717         21  (g)                -62   376   376  1144  1144   223   129     -1.432     -1.925      8.372      8.709      0.000
   718         21  (g)                -62   335   335  1129  1129   159   264      1.221      1.103     -0.952      1.901      0.000
   719         21  (g)                -62   369   369   928     0   130   116      1.729     -1.246     -7.571      7.865      0.000
   720         21  (g)                -62   256   256  1137  1137   128   127      0.674      0.795      3.377      3.534      0.000
   721          1  (d)                -62   367   367  1177  1177   201     0      0.612      0.298     -0.150      0.772      0.330
   722         21  (g)                -62   334   334   932     0   213   206     -0.353      0.175     -1.038      1.111      0.000
   723         -1  (dbar)             -62   368   368  1014  1014     0   182     -0.995      1.661     -0.200      1.974      0.330
   724         21  (g)                -62   511   511   920     0   262   158     -0.415     -0.483      6.134      6.167      0.000
   725         21  (g)                -62   512   512   930     0   129   137     -0.885     -2.858     14.031     14.346      0.000
   726          2  (u)                -61     1     0   237   237   113     0      1.367     -1.884     21.888     22.011      0.000
   727         21  (g)                -61     2     0   238   238   135   113     -0.734     -0.598    -15.896     15.924      0.000
   728         21  (g)                -62   498   498  1141  1141   134   149     -1.188      0.433      8.461      8.555      0.000
   729         21  (g)                -62   240   240   935     0   186   164     -0.508     -0.074     -3.863      3.897      0.000
   730         21  (g)                -62   315   315  1124  1124   207   130      2.003     -2.443     -9.667     10.170      0.000
   731          2  (u)                -62   242   242  1108  1108   135     0      0.770     -1.744      6.100      6.400      0.330
   732         21  (g)                -62   243   243   940     0   136   153     -0.294      1.098     -1.490      1.874      0.000
   733         21  (g)                -62   480   480   923     0   215   128     -0.028      0.427      0.751      0.865      0.000
   734         21  (g)                -62   496   496   948     0   256   269     -0.915      0.407      2.182      2.401      0.000
   735         21  (g)                -62   479   479   921     0   250   179      0.813     -0.271      1.464      1.696      0.000
   736         21  (g)                -62   497   497   930     0   137   262     -0.019     -0.316      2.053      2.077      0.000
   737         21  (g)                -61     1     0   547   547   175   175      0.887      0.933     75.916     75.927      0.000
   738         21  (g)                -61     2     0   548   548   194   194      0.824     -0.152   -424.285    424.286      0.000
   739          3  (s)                -62   549   549   992   992   141     0     -0.522      1.601     -8.614      8.791      0.500
   740         21  (g)                -62   550   550  1195  1195   189   235      0.196     -0.372    -13.889     13.895      0.000
   741         21  (g)                -62   551   551  1130  1130   143   159      2.070      1.298     -0.670      2.533      0.000
   742         21  (g)                -62   552   552  1012  1012   212   144     -0.962      1.020      1.619      2.142      0.000
   743         -3  (sbar)             -62   553   553  1200  1200     0   162     -2.537     -4.267    -25.647     26.128      0.500
   744         21  (g)                -62   554   554   941     0   140   232      0.672      0.813    -72.416     72.424      0.000
   745         21  (g)                -62   555   555  1127  1127   139   236      3.338     -0.501     -4.241      5.420      0.000
   746         21  (g)                -62   556   556   944     0   216   244     -0.581     -0.174     54.700     54.703      0.000
   747         21  (g)                -62   557   557  1139  1139   239   115      0.109      0.462      3.686      3.716      0.000
   748         21  (g)                -62   558   558   925     0   138   207     -0.058     -0.540     -1.040      1.173      0.000
   749         21  (g)                -62   559   559   946     0   209   177      0.619      0.113     11.687     11.704      0.000
   750         21  (g)                -62   560   560   948     0   144   256     -0.927      0.441      1.882      2.144      0.000
   751         21  (g)                -62   561   561   931     0   258   205     -0.165      0.677    -18.155     18.168      0.000
   752         21  (g)                -62   562   562  1191  1191   278   277      0.461      0.212   -277.271    277.272      0.000
   753         21  (g)                -61     1     0   358   358   219   219      1.045     -0.781     83.344     83.354      0.000
   754         21  (g)                -61     2     0   359   359   150   150     -2.232      0.972     -8.905      9.232      0.000
   755         21  (g)                -62   459   459   922     0   149   259     -0.244      0.290      4.746      4.761      0.000
   756         21  (g)                -62   528   528   921     0   180   250      2.805     -0.663      5.592      6.291      0.000
   757         21  (g)                -62   362   362  1182  1182   153   213     -1.584      1.959     -3.257      4.118      0.000
   758         21  (g)                -62   526   526  1010  1010   269   248     -0.490     -0.232      0.582      0.795      0.000
   759         21  (g)                -62   364   364   925     0   151   138     -0.032     -0.307     -0.235      0.388      0.000
   760         21  (g)                -62   365   365   929     0   210   139      0.428      0.113     -0.562      0.715      0.000
   761         21  (g)                -62   460   460  1180  1180   245   199     -2.144      0.183     -3.284      3.926      0.000
   762         21  (g)                -62   462   462   944     0   244   272     -0.781     -0.436     60.168     60.175      0.000
   763         21  (g)                -62   458   458   947     0   242   114      0.056      0.392      9.048      9.057      0.000
   764         21  (g)                -62   461   461   924     0   152   143      0.475     -0.031      0.161      0.502      0.000
   765         21  (g)                -62   527   527  1133  1133   179   226      0.326     -1.078      1.479      1.859      0.000
   766         21  (g)                -61     1     0   400   400   113   113     -1.297      0.917    112.139    112.150      0.000
   767          1  (d)                -61     2     0   435   435   113     0      4.152     -2.198    -17.629     18.244      0.000
   768         21  (g)                -62   439   439  1126  1126   236   151      1.820     -0.778     -2.597      3.265      0.000
   769          1  (d)                -62   403   403  1077  1077   113     0      0.585     -1.555    -12.387     12.502      0.330
   770         21  (g)                -62   475   475   943     0   249   122     -0.239      1.323    104.354    104.363      0.000
   771         21  (g)                -62   434   434   919     0   156   238      0.320     -0.133     -0.054      0.351      0.000
   772         21  (g)                -62   463   463   924     0   238   152      0.709     -0.035     -0.102      0.718      0.000
   773         21  (g)                -62   477   477   936     0   246   119      0.034      0.289     -1.929      1.951      0.000
   774         21  (g)                -62   476   476   920     0   158   134     -0.374     -0.391      7.225      7.245      0.000
   775         21  (g)                -61     1     0   305   305   163   163     -1.286     -0.505     -0.636      1.520      0.000
   776         21  (g)                -61     2     0   413   413   165   165     -0.588      0.684   -216.508    216.510      0.000
   777         21  (g)                -62   448   448   935     0   241   186     -1.038     -0.768    -10.436     10.515      0.000
   778         21  (g)                -62   430   430  1194  1194   235   202      1.409     -0.268    -53.667     53.686      0.000
   779         21  (g)                -62   312   312   932     0   206   245     -0.826      0.253     -3.139      3.255      0.000
   780         21  (g)                -62   432   432  1179  1179   199   184     -1.056     -0.706     -3.015      3.272      0.000
   781         21  (g)                -62   394   394   931     0   205   246     -0.170      0.583    -13.188     13.202      0.000
   782         -2  (ubar)             -62   388   388   993   993     0   141     -0.017      0.041     -0.358      0.489      0.330
   783          2  (u)                -62   389   389  1122  1122   161     0      1.348      1.090     -8.155      8.344      0.330
   784         21  (g)                -62   450   450  1196  1196   227   189     -1.038     -0.303    -49.638     49.649      0.000
   785         21  (g)                -62   412   412   941     0   232   174      0.907      0.618    -47.820     47.832      0.000
   786         21  (g)                -62   431   431  1199  1199   162   241     -0.258     -0.545     -7.659      7.683      0.000
   787         21  (g)                -62   449   449  1197  1197   164   227     -1.134      0.182    -20.070     20.103      0.000
   788         21  (g)                -61     1     0   267   267   172   172      0.581     -0.210     -6.394      6.424      0.000
   789         21  (g)                -61     2     0   268   268   171   171      0.347      0.236   -366.652    366.652      0.000
   790         21  (g)                -62   296   296  1193  1193   202   133      2.464      0.087   -180.412    180.429      0.000
   791         21  (g)                -62   298   298   933     0   173   195     -0.741     -0.433   -107.592    107.595      0.000
   792         21  (g)                -62   271   271   933     0   195   257     -0.561     -0.133    -63.280     63.283      0.000
   793         21  (g)                -62   297   297   939     0   174   258     -0.234      0.505    -21.762     21.769      0.000
   794         21  (g)                -61     1     0   215   215   185   185     -0.757      1.294      0.951      1.775      0.000
   795         21  (g)                -61     2     0   216   216   183   183      0.847      2.264     -1.155      2.679      0.000
   796         21  (g)                -62   217   217  1013  1013   182   212     -0.989      0.952     -0.775      1.576      0.000
   797         21  (g)                -62   218   218  1178  1178   184   201      1.079      2.606      0.571      2.878      0.000
   798         21  (g)                -61     1     0   539   539   273   273     -0.108      0.168    181.676    181.676      0.000
   799         21  (g)                -61     2     0   540   540   271   271      0.098     -0.139      3.955      3.958      0.000
   800         21  (g)                -62   541   541  1033  1033   270   243      0.056      0.537    136.704    136.705      0.000
   801         21  (g)                -62   542   542   945     0   272   124     -0.066     -0.509     48.927     48.930      0.000
   802         21  (g)                -61     1     0   543   543   276   276     -0.005      0.060     -1.280      1.281      0.000
   803         21  (g)                -61     2     0   544   544   274   274     -0.054     -0.056   -724.452    724.452      0.000
   804         21  (g)                -62   545   545   938     0   277   187     -0.271     -0.318   -668.218    668.218      0.000
   805         21  (g)                -62   546   546   937     0   275   140      0.212      0.322    -57.514     57.515      0.000
   806          2  (u)                -61     1     0   563   563   281     0      1.053      1.290      6.061      6.286      0.000
   807         21  (g)                -61     2     0   564   564   155   281      0.527      0.948     -0.950      1.442      0.000
   808          2  (u)                -62   565   565  1096  1096   155     0      1.377      1.257      6.059      6.348      0.330
   809         21  (g)                -62   566   566   940     0   279   136      0.204      0.982     -0.948      1.380      0.000
   810          2  (u)                -63     1     0  1094  1094   283     0     -0.269      0.121    429.863    429.863      0.330
   811         -2  (ubar)             -63     1     0  1035  1035     0   249      0.161     -0.274   1493.220   1493.220      0.330
   812         -2  (ubar)             -63     1     0  1078  1078     0   113     -0.130      0.607    254.032    254.033      0.330
   813       2101  (ud_0)             -63     2     0  1109  1109     0   135     -0.942     -0.285   -704.992    704.993      0.579
   814         -2  (ubar)             -63     2     0  1251  1251     0   103     -0.784     -0.808    -43.578     43.594      0.330
   815          2  (u)                -63     2     0  1095  1095   281     0     -0.217     -0.855     -9.629      9.675      0.330
   816         -1  (dbar)             -63     2     0  1272  1272     0   231      0.044     -0.413   -126.908    126.909      0.330
   817          1  (d)                -23   621     0   821   821   103     0    681.634    132.487    -89.749    700.167      0.330
   818    4900101  (qv1)              -23   621     0   819   820     0     0   -193.193   -409.071    -25.526    453.143      5.000
   819    4900101  (qv1)              -51   818     0   827   827     0     0   -115.341   -341.397    -14.705    360.690      5.000
   820    4900021  (gv)               -51   818     0   822   823     0     0    -71.864    -66.510    -11.609     98.604      0.000
   821          1  (d)                -52   817   817   824   824   103     0    675.647    131.324    -88.960    694.016      0.330
   822    4900021  (gv)               -51   820     0   828   829     0     0    -57.512    -45.415    -21.780     76.450      0.000
   823    4900021  (gv)               -51   820     0   830   830     0     0    -11.255    -20.492      9.764     25.336      0.000
   824          1  (d)                -52   821   821   825   826   103     0    672.549    130.722    -88.553    690.835      0.330
   825          1  (d)                -51   824     0   837   838   296     0    397.244     81.310    -58.585    409.690      0.330
   826         21  (g)                -51   824     0   839   839   103   296    275.271     49.308    -29.972    281.254      0.000
   827    4900101  (qv1)              -52   819   819   831   832     0     0   -115.307   -341.294    -14.701    360.580      5.000
   828    4900021  (gv)               -51   822     0   833   833     0     0    -42.546    -26.118    -11.333     51.193      0.000
   829    4900021  (gv)               -51   822     0   961   961     0     0    -17.103    -23.191     -8.593     30.069      0.000
   830    4900021  (gv)               -52   823   823   962   962     0     0     -9.117    -16.599      7.909     20.523      0.000
   831    4900101  (qv1)              -51   827     0   842   842     0     0    -89.080   -280.613    -10.090    294.628      5.000
   832    4900021  (gv)               -51   827     0   836   836     0     0    -27.645    -61.551     -4.989     67.659      0.000
   833    4900021  (gv)               -52   828   828   834   835     0     0    -41.128    -25.247    -10.955     49.487      0.000
   834    4900021  (gv)               -51   833     0   960   960     0     0    -30.886    -15.442     -4.769     34.859      0.000
   835    4900021  (gv)               -51   833     0   959   959     0     0    -15.092    -20.604     -7.061     26.498      0.000
   836    4900021  (gv)               -52   832   832   958   958     0     0    -22.795    -50.753     -4.114     55.789      0.000
   837          1  (d)                -51   825     0   849   850   302     0    349.911     70.570    -52.644    360.817      0.330
   838         21  (g)                -51   825     0   851   851   296   302     86.575     17.769    -10.214     88.968      0.000
   839         21  (g)                -52   826   826   840   841   103   296    236.028     42.279    -25.700    241.159      0.000
   840         21  (g)                -51   839     0   843   844   303   296    232.872     43.270    -24.513    238.123      0.000
   841         21  (g)                -51   839     0   845   845   103   303      2.998     -1.489     -1.205      3.557      0.000
   842    4900101  (qv1)              -52   831   831   860   860     0     0    -88.922   -280.115    -10.072    294.106      5.000
   843         21  (g)                -51   840     0   846   847   304   296    217.672     39.509    -21.851    222.305      0.000
   844         21  (g)                -51   840     0   848   848   303   304     15.437      3.644     -2.757     16.099      0.000
   845         21  (g)                -52   841   841   858   859   103   303      2.762     -1.372     -1.110      3.277      0.000
   846         21  (g)                -51   843     0   857   857   306   296     95.505     19.036     -9.996     97.895      0.000
   847         21  (g)                -51   843     0   854   854   304   306    127.484     21.729    -12.805    129.955      0.000
   848         21  (g)                -52   844   844   852   853   303   304     10.119      2.389     -1.807     10.553      0.000
   849          1  (d)                -51   837     0  1242  1242   309     0    117.675     23.404    -18.407    121.384      0.330
   850         21  (g)                -51   837     0  1243  1243   302   309    242.315     49.235    -35.425    249.791      0.000
   851         21  (g)                -52   838   838  1244  1244   296   302     76.496     15.700     -9.025     78.611      0.000
   852         21  (g)                -51   848     0  1248  1248   303   310      6.085      0.632     -0.543      6.142      0.000
   853         21  (g)                -51   848     0  1247  1247   310   304     24.712      5.281     -3.341     25.490      0.000
   854         21  (g)                -52   847   847   855   856   304   306    106.807     18.204    -10.728    108.877      0.000
   855         21  (g)                -51   854     0  1246  1246   304   311    104.038     17.691    -10.596    106.062      0.000
   856         21  (g)                -51   854     0   917     0   311   306     31.415      6.223     -3.131     32.178      0.000
   857         21  (g)                -52   846   846   917     0   306   296     66.859     13.326     -6.998     68.533      0.000
   858         21  (g)                -51   845     0  1249  1249   312   303      1.885     -1.688     -1.032      2.732      0.000
   859         21  (g)                -51   845     0  1250  1250   103   312      0.798      0.068     -0.087      0.806      0.000
   860    4900101  (qv1)              -52   842   842   957   957     0     0    -88.843   -279.867    -10.063    293.845      5.000
   861         -1  (dbar)             -23   622     0   865   865     0   102   -390.814     37.120    885.193    968.339      0.330
   862   -4900101  (qv1bar)           -23   622     0   863   864     0     0    452.762    116.202    177.079    499.878      5.000
   863   -4900101  (qv1bar)           -51   862     0   871   871     0     0    153.945    145.771     29.507    214.112      5.000
   864    4900021  (gv)               -51   862     0   866   867     0     0    276.400    -27.440    198.345    341.307      0.000
   865         -1  (dbar)             -52   861   861   868   868     0   102   -368.398     34.990    834.421    912.798      0.330
   866    4900021  (gv)               -51   864     0   872   873     0     0    260.014    -42.211    185.243    322.031      0.000
   867    4900021  (gv)               -51   864     0   877   877     0     0     12.051     15.182     22.922     30.019      0.000
   868         -1  (dbar)             -52   865   865   869   870     0   102   -364.063     34.579    824.601    902.055      0.330
   869         -1  (dbar)             -51   868     0   880   880     0   319   -340.412     31.316    808.397    877.705      0.330
   870         21  (g)                -51   868     0   889   889   319   102    -21.316      5.473     16.650     27.596      0.000
   871   -4900101  (qv1bar)           -52   863   863   874   874     0     0    151.610    143.560     29.060    210.866      5.000
   872    4900021  (gv)               -51   866     0   875   876     0     0    141.658     -9.456     83.556    164.737      0.000
   873    4900021  (gv)               -51   866     0   968   968     0     0    121.386    -29.879    102.265    161.510      0.000
   874   -4900101  (qv1bar)           -52   871   871   904   904     0     0    148.579    140.685     28.482    206.650      5.000
   875    4900021  (gv)               -51   872     0   967   967     0     0     56.700     -4.359     53.923     78.368      0.000
   876    4900021  (gv)               -51   872     0   883   883     0     0     89.087      0.104     37.486     96.652      0.000
   877    4900021  (gv)               -52   867   867   878   879     0     0      7.923      9.982     15.070     19.736      0.000
   878    4900021  (gv)               -51   877     0   881   882     0     0    -10.980     18.965     22.832     31.647      0.000
   879    4900021  (gv)               -51   877     0   886   886     0     0     -5.011     -6.783     49.028     49.748      0.000
   880         -1  (dbar)             -52   869   869   887   888     0   319   -316.497     29.116    751.607    816.046      0.330
   881    4900021  (gv)               -51   878     0   884   885     0     0     -6.292     24.031     27.015     36.700      0.000
   882    4900021  (gv)               -51   878     0   965   965     0     0     15.679     -5.043      4.387     17.044      0.000
   883    4900021  (gv)               -52   876   876   966   966     0     0     68.719      0.080     28.916     74.555      0.000
   884    4900021  (gv)               -51   881     0   964   964     0     0     -4.390     24.922     32.241     40.986      0.000
   885    4900021  (gv)               -51   881     0   956     0     0     0     -3.121     -2.543      6.711      7.826      0.000
   886    4900021  (gv)               -52   879   879   956     0     0     0     -3.791     -5.132     37.092     37.636      0.000
   887         -1  (dbar)             -51   880     0   898   898     0   325   -273.691     27.878    650.147    705.957      0.330
   888         21  (g)                -51   880     0   890   891   325   319    -43.015      1.291    101.622    110.358      0.000
   889         21  (g)                -52   870   870   892   892   319   102    -21.108      5.420     16.487     27.326      0.000
   890         21  (g)                -51   888     0   895   895   325   326    -31.261      1.252     78.371     84.385      0.000
   891         21  (g)                -51   888     0   893   894   326   319    -12.314      0.184     23.688     26.698      0.000
   892         21  (g)                -52   889   889   902   903   319   102    -20.547      5.276     16.050     26.601      0.000
   893         21  (g)                -51   891     0  1303  1303   328   319    -12.499     -0.158     24.279     27.308      0.000
   894         21  (g)                -51   891     0   952     0   326   328     -8.905      0.706     22.196     23.926      0.000
   895         21  (g)                -52   890   890   896   897   325   326    -22.172      0.888     55.584     59.850      0.000
   896         21  (g)                -51   895     0   907   907   330   326    -49.304      3.543    120.910    130.624      0.000
   897         21  (g)                -51   895     0   899   900   325   330     -2.769      0.391      5.704      6.353      0.000
   898         -1  (dbar)             -52   887   887   901   901     0   325   -243.789     24.832    579.118    628.830      0.330
   899         21  (g)                -51   897     0   905   906   332   330    -33.174      2.717     76.665     83.579      0.000
   900         21  (g)                -51   897     0   913   913   325   332    -32.999      4.132     79.657     86.321      0.000
   901         -1  (dbar)             -52   898   898  1308  1308     0   325   -180.385     18.374    428.499    465.283      0.330
   902         21  (g)                -51   892     0  1302  1302   319   333    -12.642      3.234      9.082     15.899      0.000
   903         21  (g)                -51   892     0   908   909   333   102     -7.888      2.058      6.970     10.726      0.000
   904   -4900101  (qv1bar)           -52   874   874   910   910     0     0    148.562    140.669     28.479    206.626      5.000
   905         21  (g)                -51   899     0   911   912   332   334    -43.760      3.820    103.005    111.980      0.000
   906         21  (g)                -51   899     0  1305  1305   334   330     -4.701     -0.004     11.149     12.100      0.000
   907         21  (g)                -52   896   896   952     0   330   326    -34.017      2.445     83.421     90.123      0.000
   908         21  (g)                -51   903     0  1301  1301   333   335     -7.699      2.645      6.921     10.685      0.000
   909         21  (g)                -51   903     0   914   915   335   102      0.052     -0.359      0.096      0.375      0.000
   910   -4900101  (qv1bar)           -52   904   904   916   916     0     0    148.321    140.441     28.433    206.292      5.000
   911         21  (g)                -51   905     0  1306  1306   336   334    -53.261      4.882    125.677    136.585      0.000
   912         21  (g)                -51   905     0   951     0   332   336     -7.484      1.064     18.329     19.827      0.000
   913         21  (g)                -52   900   900   951     0   325   332    -16.014      2.005     38.656     41.890      0.000
   914         21  (g)                -51   909     0  1300  1300   335   337      0.712     -0.093     -0.209      0.748      0.000
   915         21  (g)                -51   909     0  1299  1299   337   102      0.025      0.384      0.436      0.581      0.000
   916   -4900101  (qv1bar)           -52   910   910   969   969     0     0    147.635    139.792     28.301    205.338      5.000
   917         21  (g)                -73   856   857  1245  1245   311   296     98.274     19.549    -10.128    100.710      0.234
   918         21  (g)                -73   680   688   929     0   264   210      1.425      0.489     -1.057      1.847      0.149
   919         21  (g)                -73   687   771   926     0   176   238      0.616     -0.327     -0.274      0.767      0.165
   920         21  (g)                -73   724   774  1142  1142   262   134     -0.789     -0.874     13.359     13.412      0.194
   921         21  (g)                -73   735   756  1134  1134   180   179      3.618     -0.934      7.055      7.987      0.224
   922         21  (g)                -73   708   755  1140  1140   149   239     -1.154      2.395     33.634     33.740      0.271
   923         21  (g)                -73   676   733  1138  1138   115   128     -0.094      0.711      1.900      2.050      0.278
   924         21  (g)                -73   764   772  1131  1131   238   143      1.184     -0.067      0.059      1.220      0.279
   925         21  (g)                -73   748   759  1125  1125   151   207     -0.090     -0.848     -1.275      1.561      0.295
   926         21  (g)                -73   689   919  1132  1132   226   238      0.637     -0.415     -0.264      0.858      0.297
   927         21  (g)                -73   709   716  1136  1136   127   233      1.482     -0.628      5.419      5.666      0.377
   928         21  (g)                -73   683   719  1123  1123   130   161      2.911     -1.972    -13.675     14.125      0.378
   929         21  (g)                -73   760   918  1128  1128   264   139      1.853      0.602     -1.619      2.562      0.382
   930         21  (g)                -73   725   736  1143  1143   129   262     -0.904     -3.174     16.083     16.423      0.390
   931         21  (g)                -73   751   781   939     0   258   246     -0.335      1.260    -31.342     31.370      0.122
   932         21  (g)                -73   722   779  1181  1181   213   245     -1.179      0.428     -4.177      4.366      0.202
   933         21  (g)                -73   791   792  1189  1189   173   257     -1.301     -0.567   -170.872    170.878      0.227
   934         21  (g)                -73   694   699  1184  1184   120   279      0.838      1.471     -4.696      4.999      0.266
   935         21  (g)                -73   729   777  1198  1198   241   164     -1.546     -0.842    -14.299     14.413      0.401
   936         21  (g)                -73   686   773  1185  1185   246   120      0.714      0.960     -6.031      6.163      0.415
   937         21  (g)                -73   684   805  1188  1188   257   140      0.183      0.981   -108.081    108.087      0.463
   938         21  (g)                -73   693   804  1190  1190   277   173     -0.542     -0.244   -869.535    869.535      0.465
   939         21  (g)                -73   793   931  1186  1186   174   246     -0.570      1.765    -53.105     53.139      0.471
   940         21  (g)                -73   732   809  1183  1183   279   153     -0.090      2.080     -2.438      3.254      0.557
   941         21  (g)                -73   744   785  1187  1187   140   174      1.579      1.431   -120.236    120.256      0.579
   942         -1  (dbar)             -73   702   712   997   997     0   126      0.579     -0.274     12.921     12.946      0.490
   943         21  (g)                -73   700   770  1034  1034   249   270     -0.678      3.519    284.740    284.763      0.073
   944         21  (g)                -73   746   762  1031  1031   216   272     -1.361     -0.610    114.868    114.878      0.270
   945         21  (g)                -73   707   801  1030  1030   272   228     -0.109     -2.207    145.513    145.531      0.498
   946          3  (s)                -73   675   749  1000  1000   209     0      1.348      0.124     23.933     23.982      0.711
   947         -1  (dbar)             -73   706   763  1002  1002     0   114     -0.820      1.816     62.581     62.617      0.713
   948         21  (g)                -73   734   750  1011  1011   144   269     -1.843      0.848      4.064      4.545      0.159
   949         21  (g)                -73   691   692  1009  1009   248   203     -2.975     -1.783      1.471      3.785      0.367
   950          2  (u)                -73   674   685  1007  1007   117     0     -2.265      1.551      1.468      3.196      0.723
   951         21  (g)                -73   912   913  1307  1307   325   336    -23.498      3.069     56.985     61.716      0.223
   952         21  (g)                -73   894   907  1304  1304   330   328    -42.922      3.150    105.617    114.050      0.285
   953         21  (g)                -73   643   654  1287  1287   222   181      0.472      4.205     12.571     13.273      0.499
   954         21  (g)                -73   649   670  1374  1374   123   200      0.608     -0.821    134.983    134.987      0.269
   955         21  (g)                -73   648   660  1366  1366   240   160    -62.313     24.611   -194.920    206.113      0.362
   956    4900021  (gv)               -73   885   886   963   963     0     0     -6.912     -7.674     43.802     45.462      6.440
   957    4900101  (qv1)              -71   860   860   970   991     0     0    -88.843   -279.867    -10.063    293.845      5.000
   958    4900021  (gv)               -71   836   836   970   991     0     0    -22.795    -50.753     -4.114     55.789      0.000
   959    4900021  (gv)               -71   835   835   970   991     0     0    -15.092    -20.604     -7.061     26.498      0.000
   960    4900021  (gv)               -71   834   834   970   991     0     0    -30.886    -15.442     -4.769     34.859      0.000
   961    4900021  (gv)               -71   829   829   970   991     0     0    -17.103    -23.191     -8.593     30.069      0.000
   962    4900021  (gv)               -71   830   830   970   991     0     0     -9.117    -16.599      7.909     20.523      0.000
   963    4900021  (gv)               -71   956   956   970   991     0     0     -6.912     -7.674     43.802     45.462      6.440
   964    4900021  (gv)               -71   884   884   970   991     0     0     -4.390     24.922     32.241     40.986      0.000
   965    4900021  (gv)               -71   882   882   970   991     0     0     15.679     -5.043      4.387     17.044      0.000
   966    4900021  (gv)               -71   883   883   970   991     0     0     68.719      0.080     28.916     74.555      0.000
   967    4900021  (gv)               -71   875   875   970   991     0     0     56.700     -4.359     53.923     78.368      0.000
   968    4900021  (gv)               -71   873   873   970   991     0     0    121.386    -29.879    102.265    161.510      0.000
   969   -4900101  (qv1bar)           -71   916   916   970   991     0     0    147.635    139.792     28.301    205.338      5.000
   970    4900113  rhovDiag            83   957   969     0     0     0     0    -21.307    -77.898     -3.928     81.471     10.000
   971    4900113  rhovDiag            83   957   969     0     0     0     0    -39.643    -85.547    -10.454     95.389     10.000
   972   -4900213  rhovDn              83   957   969     0     0     0     0    -19.680    -73.066     -3.194     76.395     10.000
   973    4900213  rhovUp              83   957   969     0     0     0     0    -23.277    -24.491     -1.541     35.270     10.000
   974   -4900213  rhovDn              83   957   969     0     0     0     0    -36.865    -89.345     -4.393     97.267     10.000
   975    4900113  rhovDiag            83   957   969     0     0     0     0    -29.862    -40.024     -7.998     51.552     10.000
   976    4900213  rhovUp              84   957   969     0     0     0     0     -8.700     -6.788     10.215     18.058     10.000
   977   -4900213  rhovDn              84   957   969     0     0     0     0     -2.034     -3.928      2.670     11.256     10.000
   978    4900213  rhovUp              84   957   969     0     0     0     0     -5.783     -1.747     15.586     19.479     10.000
   979    4900113  rhovDiag            84   957   969     0     0     0     0     -3.196      3.703     15.503     19.086     10.000
   980    4900111  pivDiag             84   957   969     0     0     0     0      1.251      1.788     11.643     15.503     10.000
   981   -4900213  rhovDn              84   957   969     0     0     0     0      0.758      1.837     19.424     21.937     10.000
   982   -4900213  rhovDn              84   957   969     0     0     0     0      9.042     -1.390      5.043     14.461     10.000
   983    4900211  pivUp               84   957   969     0     0     0     0     14.898     -0.740     10.166     20.636     10.000
   984   -4900213  rhovDn              84   957   969     0     0     0     0     22.843      7.579     17.760     31.538     10.000
   985    4900213  rhovUp              84   957   969     0     0     0     0     69.111    -19.845     57.819     92.808     10.000
   986   -4900213  rhovDn              84   957   969     0     0     0     0     42.348     -1.886     22.882     49.199     10.000
   987    4900113  rhovDiag            84   957   969     0     0     0     0     21.405      1.033     17.147     29.211     10.000
   988    4900111  pivDiag             84   957   969     0     0     0     0     66.509     -5.641     54.440     86.712     10.000
   989    4900113  rhovDiag            84   957   969     0     0     0     0     18.623     -3.324      8.982     23.207     10.000
   990    4900113  rhovDiag            84   957   969     0     0     0     0     78.321     69.887     21.414    107.596     10.000
   991    4900213  rhovUp              84   957   969     0     0     0     0     60.220     61.217      7.957     86.817     10.000
   992          3  (s)                -71   739   739   994   995   141     0     -0.522      1.601     -8.614      8.791      0.500
   993         -2  (ubar)             -71   782   782   994   995     0   141     -0.017      0.041     -0.358      0.489      0.330
   994       -313  (K*bar0)           -82   992   993  1416  1417     0     0     -0.671      1.755     -8.591      8.839      0.888
   995       -211  pi-                 82   992   993     0     0     0     0      0.132     -0.112     -0.380      0.441      0.140
   996          1  (d)                -71   710   710   998   999   126     0      2.628      1.464    157.415    157.444      0.330
   997         -1  (dbar)             -71   942   942   998   999     0   126      0.579     -0.274     12.921     12.946      0.490
   998       -211  pi-                 83   996   997     0     0     0     0      2.500      1.655    155.798    155.827      0.140
   999        211  pi+                 84   996   997     0     0     0     0      0.707     -0.465     14.538     14.563      0.140
  1000          3  (s)                -71   946   946  1003  1006   209     0      1.348      0.124     23.933     23.982      0.711
  1001         21  (g)                -71   673   673  1003  1006   114   209      3.528      0.484    123.447    123.498      0.000
  1002         -1  (dbar)             -71   947   947  1003  1006     0   114     -0.820      1.816     62.581     62.617      0.713
  1003       -323  (K*-)              -83  1000  1002  1418  1419     0     0      2.506     -0.075     49.437     49.507      0.747
  1004        323  (K*+)              -84  1000  1002  1420  1421     0     0      1.988      0.694     83.894     83.926      0.985
  1005       -321  K-                  84  1000  1002     0     0     0     0     -0.277      0.727     17.412     17.436      0.494
  1006        211  pi+                 84  1000  1002     0     0     0     0     -0.161      1.078     59.218     59.228      0.140
  1007          2  (u)                -71   950   950  1015  1026   117     0     -2.265      1.551      1.468      3.196      0.723
  1008         21  (g)                -71   681   681  1015  1026   203   117     -2.181     -0.268      0.235      2.210      0.000
  1009         21  (g)                -71   949   949  1015  1026   248   203     -2.975     -1.783      1.471      3.785      0.367
  1010         21  (g)                -71   758   758  1015  1026   269   248     -0.490     -0.232      0.582      0.795      0.000
  1011         21  (g)                -71   948   948  1015  1026   144   269     -1.843      0.848      4.064      4.545      0.159
  1012         21  (g)                -71   742   742  1015  1026   212   144     -0.962      1.020      1.619      2.142      0.000
  1013         21  (g)                -71   796   796  1015  1026   182   212     -0.989      0.952     -0.775      1.576      0.000
  1014         -1  (dbar)             -71   723   723  1015  1026     0   182     -0.995      1.661     -0.200      1.974      0.330
  1015        211  pi+                 83  1007  1014     0     0     0     0     -0.265      0.048     -0.008      0.303      0.140
  1016       -211  pi-                 83  1007  1014     0     0     0     0     -0.613      0.059      0.558      0.843      0.140
  1017        213  (rho+)             -83  1007  1014  1422  1423     0     0     -2.344      0.345      0.651      2.620      0.907
  1018        223  (omega)            -83  1007  1014  1622  1624     0     0     -0.972     -0.506      0.794      1.562      0.779
  1019        111  (pi0)              -83  1007  1014  1625  1626     0     0     -0.703      0.523      1.578      1.810      0.135
  1020       2112  n0                  84  1007  1014     0     0     0     0     -1.775     -0.137      0.440      2.060      0.940
  1021      -2112  nbar0               84  1007  1014     0     0     0     0     -1.435      0.112      1.214      2.104      0.940
  1022       -213  (rho-)             -84  1007  1014  1424  1425     0     0     -0.474     -0.403      0.849      1.316      0.789
  1023        213  (rho+)             -84  1007  1014  1426  1427     0     0     -1.824      1.063      2.090      3.061      0.739
  1024       -211  pi-                 84  1007  1014     0     0     0     0     -0.103     -0.173     -0.236      0.340      0.140
  1025        213  (rho+)             -84  1007  1014  1428  1429     0     0     -1.196      1.855      1.251      2.639      0.725
  1026        111  (pi0)              -84  1007  1014  1627  1628     0     0     -0.994      0.964     -0.717      1.566      0.135
  1027          1  (d)                -71   698   698  1036  1051   121     0     -1.750     -2.909     74.579     74.657      0.330
  1028         21  (g)                -71   703   703  1036  1051   253   121     -0.555     -0.287     18.107     18.117      0.000
  1029         21  (g)                -71   711   711  1036  1051   228   253     -2.254     -3.271    221.588    221.624      0.000
  1030         21  (g)                -71   945   945  1036  1051   272   228     -0.109     -2.207    145.513    145.531      0.498
  1031         21  (g)                -71   944   944  1036  1051   216   272     -1.361     -0.610    114.868    114.878      0.270
  1032         21  (g)                -71   701   701  1036  1051   243   216     -0.490      0.192     28.207     28.212      0.000
  1033         21  (g)                -71   800   800  1036  1051   270   243      0.056      0.537    136.704    136.705      0.000
  1034         21  (g)                -71   943   943  1036  1051   249   270     -0.678      3.519    284.740    284.763      0.073
  1035         -2  (ubar)             -71   811   811  1036  1051     0   249      0.161     -0.274   1493.220   1493.220      0.330
  1036       -213  (rho-)             -83  1027  1035  1430  1431     0     0     -1.234     -2.656     73.161     73.223      0.725
  1037        321  K+                  83  1027  1035     0     0     0     0     -1.354     -1.300     55.814     55.847      0.494
  1038       -313  (K*bar0)           -83  1027  1035  1432  1433     0     0     -1.053     -1.493    119.992    120.009      0.888
  1039       -211  pi-                 83  1027  1035     0     0     0     0     -0.840     -1.480     91.693     91.709      0.140
  1040        213  (rho+)             -83  1027  1035  1434  1435     0     0     -0.381     -0.673     75.027     75.035      0.768
  1041        223  (omega)            -83  1027  1035  1629  1631     0     0     -0.964     -0.775     94.902     94.913      0.782
  1042        111  (pi0)              -83  1027  1035  1632  1633     0     0      0.191      0.084     78.150     78.151      0.135
  1043       -211  pi-                 83  1027  1035     0     0     0     0     -0.442      0.450     38.429     38.435      0.140
  1044        211  pi+                 83  1027  1035     0     0     0     0     -0.540     -0.610     91.459     91.462      0.140
  1045       -213  (rho-)             -84  1027  1035  1436  1437     0     0     -0.201      1.521    128.489    128.500      0.722
  1046        211  pi+                 84  1027  1035     0     0     0     0     -0.345      0.457    118.433    118.435      0.140
  1047        111  (pi0)              -84  1027  1035  1634  1635     0     0      0.479      0.316     84.519     84.521      0.135
  1048       2112  n0                  84  1027  1035     0     0     0     0     -0.595      0.277    155.241    155.245      0.940
  1049      -2212  pbar-               84  1027  1035     0     0     0     0      0.117      0.590    252.392    252.394      0.938
  1050        113  (rho0)             -84  1027  1035  1438  1439     0     0      0.165     -0.021    544.887    544.888      0.870
  1051        113  (rho0)             -84  1027  1035  1440  1441     0     0      0.015      0.004    514.939    514.940      0.843
  1052          2  (u)                -71   624   624  1062  1076   254     0     10.803     23.171     94.822     98.208      0.330
  1053         21  (g)                -71   664   664  1062  1076   106   254     19.851     43.403    182.508    188.645      0.000
  1054         21  (g)                -71   656   656  1062  1076   225   106      0.943      2.148     11.252     11.494      0.000
  1055         21  (g)                -71   642   642  1062  1076   237   225     -0.161      3.098     11.721     12.125      0.000
  1056         21  (g)                -71   659   659  1062  1076   178   237      0.737      2.014      5.878      6.257      0.000
  1057         21  (g)                -71   641   641  1062  1076   169   178      0.158     -0.191      0.318      0.403      0.000
  1058         21  (g)                -71   665   665  1062  1076   255   169     -0.042      0.397      0.303      0.502      0.000
  1059         21  (g)                -71   633   633  1062  1076   208   255      2.019      0.812      2.153      3.061      0.000
  1060         21  (g)                -71   651   651  1062  1076   142   208      1.248      1.529      4.843      5.230      0.000
  1061         -1  (dbar)             -71   628   628  1062  1076     0   142      1.702      0.300      1.550      2.345      0.330
  1062        321  K+                  83  1052  1061     0     0     0     0      5.871     12.734     52.929     54.757      0.494
  1063       -321  K-                  83  1052  1061     0     0     0     0     13.954     29.999    126.651    130.902      0.494
  1064        211  pi+                 83  1052  1061     0     0     0     0      0.916      2.112      7.915      8.244      0.140
  1065       -211  pi-                 83  1052  1061     0     0     0     0      0.610      1.612      6.194      6.430      0.140
  1066        113  (rho0)             -83  1052  1061  1442  1443     0     0      6.734     15.057     63.237     65.356      0.638
  1067        211  pi+                 83  1052  1061     0     0     0     0      0.083      1.845      6.039      6.317      0.140
  1068       -213  (rho-)             -83  1052  1061  1444  1445     0     0      2.080      4.068     16.828     17.457      0.821
  1069        323  (K*+)              -83  1052  1061  1446  1447     0     0      0.528      2.407      9.843     10.180      0.824
  1070       -311  (Kbar0)            -83  1052  1061  1448  1448     0     0      1.032      3.060     13.730     14.113      0.498
  1071       -211  pi-                 84  1052  1061     0     0     0     0      0.016     -0.251      0.510      0.585      0.140
  1072        211  pi+                 84  1052  1061     0     0     0     0      0.365      0.739      0.867      1.204      0.140
  1073       -211  pi-                 84  1052  1061     0     0     0     0      1.257      1.781      4.533      5.032      0.140
  1074        213  (rho+)             -84  1052  1061  1449  1450     0     0      1.433      0.586      2.399      2.945      0.721
  1075       -211  pi-                 84  1052  1061     0     0     0     0      0.579      0.366      0.241      0.740      0.140
  1076        213  (rho+)             -84  1052  1061  1451  1452     0     0      1.799      0.567      3.432      4.007      0.847
  1077          1  (d)                -71   769   769  1079  1093   113     0      0.585     -1.555    -12.387     12.502      0.330
  1078         -2  (ubar)             -71   812   812  1079  1093     0   113     -0.130      0.607    254.032    254.033      0.330
  1079        311  (K0)               -83  1077  1078  1453  1453     0     0      0.682     -1.268     -7.975      8.120      0.498
  1080       -311  (Kbar0)            -83  1077  1078  1454  1454     0     0     -0.500      0.062     -1.763      1.900      0.498
  1081        111  (pi0)              -83  1077  1078  1636  1637     0     0      0.386      0.324     -0.414      0.667      0.135
  1082        111  (pi0)              -83  1077  1078  1638  1639     0     0      0.047     -0.520     -1.224      1.338      0.135
  1083       -213  (rho-)             -84  1077  1078  1455  1456     0     0      0.061     -0.204      0.268      0.864      0.793
  1084        213  (rho+)             -84  1077  1078  1457  1458     0     0     -0.312     -0.003      0.885      1.190      0.731
  1085        223  (omega)            -84  1077  1078  1640  1642     0     0     -0.133     -0.187      0.831      1.169      0.790
  1086        111  (pi0)              -84  1077  1078  1643  1644     0     0      0.371      0.511      6.452      6.485      0.135
  1087       1114  (Delta-)           -84  1077  1078  1459  1460     0     0      0.071     -0.506      6.234      6.369      1.197
  1088        211  pi+                 84  1077  1078     0     0     0     0     -0.330      0.156      2.453      2.484      0.140
  1089      -2212  pbar-               84  1077  1078     0     0     0     0     -0.150     -0.039     23.999     24.018      0.938
  1090        113  (rho0)             -84  1077  1078  1461  1462     0     0      0.774      0.417     70.961     70.970      0.720
  1091        113  (rho0)             -84  1077  1078  1463  1464     0     0     -0.307     -0.018     35.289     35.307      1.086
  1092        321  K+                  84  1077  1078     0     0     0     0     -0.223     -0.006     41.222     41.226      0.494
  1093       -321  K-                  84  1077  1078     0     0     0     0      0.019      0.332     64.428     64.431      0.494
  1094          2  (u)                -71   810   810  1097  1107   283     0     -0.269      0.121    429.863    429.863      0.330
  1095          2  (u)                -71   815   815  1097  1107   281     0     -0.217     -0.855     -9.629      9.675      0.330
  1096          2  (u)                -71   808   808  1097  1107   155     0      1.377      1.257      6.059      6.348      0.330
  1097        321  K+                  85  1094  1096     0     0     0     0      0.795      0.964      3.577      3.821      0.494
  1098        213  (rho+)             -86  1094  1096  1465  1466     0     0     -0.279     -0.913     -8.562      8.659      0.868
  1099       -211  pi-                 86  1094  1096     0     0     0     0      0.137      0.548     -0.019      0.582      0.140
  1100        211  pi+                 86  1094  1096     0     0     0     0     -0.664     -0.411     -0.181      0.814      0.140
  1101        111  (pi0)              -83  1094  1096  1645  1646     0     0     -0.091      0.122     16.922     16.923      0.135
  1102        211  pi+                 83  1094  1096     0     0     0     0     -0.165     -0.085    310.387    310.387      0.140
  1103       -213  (rho-)             -83  1094  1096  1467  1468     0     0     -0.484      0.191     59.365     59.373      0.858
  1104        221  (eta)              -83  1094  1096  1647  1649     0     0      0.941     -0.331     30.961     30.982      0.548
  1105        111  (pi0)              -83  1094  1096  1650  1651     0     0     -0.249      0.737     10.385     10.415      0.135
  1106        211  pi+                 84  1094  1096     0     0     0     0      0.203     -0.203      0.194      0.374      0.140
  1107       3112  (Sigma-)           -88  1094  1096  1652  1653     0     0      0.748     -0.096      3.263      3.556      1.197
  1108          2  (u)                -71   731   731  1110  1121   135     0      0.770     -1.744      6.100      6.400      0.330
  1109       2101  (ud_0)             -71   813   813  1110  1121     0   135     -0.942     -0.285   -704.992    704.993      0.579
  1110        211  pi+                 83  1108  1109     0     0     0     0      0.357     -1.972      5.238      5.610      0.140
  1111       -211  pi-                 83  1108  1109     0     0     0     0      0.865      0.134     -0.064      0.888      0.140
  1112        211  pi+                 83  1108  1109     0     0     0     0     -0.557      0.364     -0.708      0.982      0.140
  1113       -211  pi-                 83  1108  1109     0     0     0     0      0.003     -0.324     -0.742      0.822      0.140
  1114        213  (rho+)             -83  1108  1109  1469  1470     0     0      0.121     -0.002     -1.466      1.656      0.760
  1115       2112  n0                  83  1108  1109     0     0     0     0     -0.274      0.143     -3.434      3.573      0.940
  1116      -2112  nbar0               83  1108  1109     0     0     0     0      0.243      0.139     -4.647      4.749      0.940
  1117       -211  pi-                 83  1108  1109     0     0     0     0     -0.437     -0.224     -3.625      3.661      0.140
  1118        211  pi+                 84  1108  1109     0     0     0     0      0.141     -0.148    -95.967     95.968      0.140
  1119        111  (pi0)              -84  1108  1109  1654  1655     0     0     -0.122      0.209   -235.726    235.726      0.135
  1120       2114  (Delta0)           -84  1108  1109  1471  1472     0     0     -0.248     -0.247   -173.718    173.723      1.262
  1121        223  (omega)            -84  1108  1109  1656  1658     0     0     -0.263     -0.100   -184.033    184.035      0.780
  1122          2  (u)                -71   783   783  1146  1176   161     0      1.348      1.090     -8.155      8.344      0.330
  1123         21  (g)                -71   928   928  1146  1176   130   161      2.911     -1.972    -13.675     14.125      0.378
  1124         21  (g)                -71   730   730  1146  1176   207   130      2.003     -2.443     -9.667     10.170      0.000
  1125         21  (g)                -71   925   925  1146  1176   151   207     -0.090     -0.848     -1.275      1.561      0.295
  1126         21  (g)                -71   768   768  1146  1176   236   151      1.820     -0.778     -2.597      3.265      0.000
  1127         21  (g)                -71   745   745  1146  1176   139   236      3.338     -0.501     -4.241      5.420      0.000
  1128         21  (g)                -71   929   929  1146  1176   264   139      1.853      0.602     -1.619      2.562      0.382
  1129         21  (g)                -71   718   718  1146  1176   159   264      1.221      1.103     -0.952      1.901      0.000
  1130         21  (g)                -71   741   741  1146  1176   143   159      2.070      1.298     -0.670      2.533      0.000
  1131         21  (g)                -71   924   924  1146  1176   238   143      1.184     -0.067      0.059      1.220      0.279
  1132         21  (g)                -71   926   926  1146  1176   226   238      0.637     -0.415     -0.264      0.858      0.297
  1133         21  (g)                -71   765   765  1146  1176   179   226      0.326     -1.078      1.479      1.859      0.000
  1134         21  (g)                -71   921   921  1146  1176   180   179      3.618     -0.934      7.055      7.987      0.224
  1135         21  (g)                -71   690   690  1146  1176   233   180      1.368     -1.402      5.804      6.125      0.000
  1136         21  (g)                -71   927   927  1146  1176   127   233      1.482     -0.628      5.419      5.666      0.377
  1137         21  (g)                -71   720   720  1146  1176   128   127      0.674      0.795      3.377      3.534      0.000
  1138         21  (g)                -71   923   923  1146  1176   115   128     -0.094      0.711      1.900      2.050      0.278
  1139         21  (g)                -71   747   747  1146  1176   239   115      0.109      0.462      3.686      3.716      0.000
  1140         21  (g)                -71   922   922  1146  1176   149   239     -1.154      2.395     33.634     33.740      0.271
  1141         21  (g)                -71   728   728  1146  1176   134   149     -1.188      0.433      8.461      8.555      0.000
  1142         21  (g)                -71   920   920  1146  1176   262   134     -0.789     -0.874     13.359     13.412      0.194
  1143         21  (g)                -71   930   930  1146  1176   129   262     -0.904     -3.174     16.083     16.423      0.390
  1144         21  (g)                -71   717   717  1146  1176   223   129     -1.432     -1.925      8.372      8.709      0.000
  1145         -3  (sbar)             -71   677   677  1146  1176     0   223     -0.911     -0.283      4.515      4.641      0.500
  1146        211  pi+                 83  1122  1145     0     0     0     0      0.090      0.286     -1.631      1.664      0.140
  1147        313  (K*0)              -83  1122  1145  1473  1474     0     0      1.540     -0.151     -6.848      7.087      0.964
  1148       -323  (K*-)              -83  1122  1145  1475  1476     0     0      1.061     -0.388     -4.763      4.977      0.899
  1149        213  (rho+)             -83  1122  1145  1477  1478     0     0      1.025     -0.859     -6.512      6.723      1.001
  1150        111  (pi0)              -83  1122  1145  1659  1660     0     0      2.362     -1.856    -10.582     11.001      0.135
  1151       -211  pi-                 83  1122  1145     0     0     0     0     -0.077     -0.299     -0.763      0.835      0.140
  1152        211  pi+                 83  1122  1145     0     0     0     0      1.210     -0.678     -1.748      2.235      0.140
  1153        111  (pi0)              -83  1122  1145  1661  1662     0     0      0.561     -0.539     -1.048      1.312      0.135
  1154        311  (K0)               -83  1122  1145  1479  1479     0     0      1.607     -1.038     -2.467      3.162      0.498
  1155        333  (phi)              -83  1122  1145  1663  1664     0     0      1.694      1.349     -3.423      4.176      1.019
  1156       -311  (Kbar0)            -83  1122  1145  1480  1480     0     0      3.527      0.224     -1.129      3.743      0.498
  1157       -211  pi-                 83  1122  1145     0     0     0     0      0.852      0.205     -1.556      1.791      0.140
  1158        113  (rho0)             -83  1122  1145  1481  1482     0     0      1.937      0.799     -0.430      2.299      0.842
  1159        211  pi+                 83  1122  1145     0     0     0     0      0.562      0.041      0.356      0.681      0.140
  1160       -211  pi-                 83  1122  1145     0     0     0     0      0.291     -0.684      1.632      1.799      0.140
  1161        223  (omega)            -83  1122  1145  1665  1667     0     0      1.518      0.140      1.202      2.092      0.778
  1162        111  (pi0)              -83  1122  1145  1668  1669     0     0      1.277     -1.306      3.113      3.611      0.135
  1163        113  (rho0)             -83  1122  1145  1483  1484     0     0      0.081     -0.596      3.894      4.034      0.864
  1164        211  pi+                 83  1122  1145     0     0     0     0      1.280      0.234      2.962      3.238      0.140
  1165       -211  pi-                 84  1122  1145     0     0     0     0      1.924     -0.803      3.541      4.111      0.140
  1166        113  (rho0)             -84  1122  1145  1485  1486     0     0      0.756     -0.042      3.659      3.891      1.087
  1167        111  (pi0)              -84  1122  1145  1670  1671     0     0     -0.074      0.098      7.176      7.178      0.135
  1168       2212  p+                  84  1122  1145     0     0     0     0     -0.135      0.636      5.949      6.058      0.938
  1169        113  (rho0)             -84  1122  1145  1487  1488     0     0     -0.138      1.575     12.434     12.602      1.312
  1170      -2114  (Deltabar0)        -84  1122  1145  1489  1490     0     0     -0.889      0.470     14.081     14.170      1.216
  1171       2112  n0                  84  1122  1145     0     0     0     0     -0.088      0.255     12.433     12.471      0.940
  1172      -2212  pbar-               84  1122  1145     0     0     0     0     -0.572     -0.657     10.710     10.787      0.938
  1173        111  (pi0)              -84  1122  1145  1672  1673     0     0     -1.522     -1.621      7.808      8.120      0.135
  1174        221  (eta)              -84  1122  1145  1674  1676     0     0     -0.675     -0.525      6.473      6.552      0.548
  1175        213  (rho+)             -84  1122  1145  1491  1492     0     0     -0.375     -1.871      9.260      9.481      0.701
  1176        311  (K0)               -84  1122  1145  1493  1493     0     0     -1.212     -0.831      6.306      6.494      0.498
  1177          1  (d)                -71   721   721  1201  1241   201     0      0.612      0.298     -0.150      0.772      0.330
  1178         21  (g)                -71   797   797  1201  1241   184   201      1.079      2.606      0.571      2.878      0.000
  1179         21  (g)                -71   780   780  1201  1241   199   184     -1.056     -0.706     -3.015      3.272      0.000
  1180         21  (g)                -71   761   761  1201  1241   245   199     -2.144      0.183     -3.284      3.926      0.000
  1181         21  (g)                -71   932   932  1201  1241   213   245     -1.179      0.428     -4.177      4.366      0.202
  1182         21  (g)                -71   757   757  1201  1241   153   213     -1.584      1.959     -3.257      4.118      0.000
  1183         21  (g)                -71   940   940  1201  1241   279   153     -0.090      2.080     -2.438      3.254      0.557
  1184         21  (g)                -71   934   934  1201  1241   120   279      0.838      1.471     -4.696      4.999      0.266
  1185         21  (g)                -71   936   936  1201  1241   246   120      0.714      0.960     -6.031      6.163      0.415
  1186         21  (g)                -71   939   939  1201  1241   174   246     -0.570      1.765    -53.105     53.139      0.471
  1187         21  (g)                -71   941   941  1201  1241   140   174      1.579      1.431   -120.236    120.256      0.579
  1188         21  (g)                -71   937   937  1201  1241   257   140      0.183      0.981   -108.081    108.087      0.463
  1189         21  (g)                -71   933   933  1201  1241   173   257     -1.301     -0.567   -170.872    170.878      0.227
  1190         21  (g)                -71   938   938  1201  1241   277   173     -0.542     -0.244   -869.535    869.535      0.465
  1191         21  (g)                -71   752   752  1201  1241   278   277      0.461      0.212   -277.271    277.272      0.000
  1192         21  (g)                -71   682   682  1201  1241   133   278      1.177     -2.106   -989.481    989.484      0.000
  1193         21  (g)                -71   790   790  1201  1241   202   133      2.464      0.087   -180.412    180.429      0.000
  1194         21  (g)                -71   778   778  1201  1241   235   202      1.409     -0.268    -53.667     53.686      0.000
  1195         21  (g)                -71   740   740  1201  1241   189   235      0.196     -0.372    -13.889     13.895      0.000
  1196         21  (g)                -71   784   784  1201  1241   227   189     -1.038     -0.303    -49.638     49.649      0.000
  1197         21  (g)                -71   787   787  1201  1241   164   227     -1.134      0.182    -20.070     20.103      0.000
  1198         21  (g)                -71   935   935  1201  1241   241   164     -1.546     -0.842    -14.299     14.413      0.401
  1199         21  (g)                -71   786   786  1201  1241   162   241     -0.258     -0.545     -7.659      7.683      0.000
  1200         -3  (sbar)             -71   743   743  1201  1241     0   162     -2.537     -4.267    -25.647     26.128      0.500
  1201        311  (K0)               -83  1177  1200  1494  1494     0     0      0.488      0.811     -0.059      1.070      0.498
  1202       -321  K-                  83  1177  1200     0     0     0     0      0.532      0.613      0.387      1.025      0.494
  1203        223  (omega)            -83  1177  1200  1677  1679     0     0      0.066      0.437     -0.350      0.962      0.780
  1204        213  (rho+)             -83  1177  1200  1495  1496     0     0      0.097      0.462     -0.170      0.988      0.851
  1205       -213  (rho-)             -83  1177  1200  1497  1498     0     0     -0.320      0.319     -1.304      1.572      0.753
  1206        113  (rho0)             -83  1177  1200  1499  1500     0     0     -1.081      0.206     -1.851      2.307      0.830
  1207        323  (K*+)              -83  1177  1200  1501  1502     0     0     -0.944     -0.029     -3.167      3.418      0.875
  1208       3122  (Lambda0)          -83  1177  1200  1680  1681     0     0     -2.272      0.821     -3.982      4.789      1.116
  1209      -2212  pbar-               83  1177  1200     0     0     0     0     -0.467      1.721     -3.035      3.643      0.938
  1210       2112  n0                  83  1177  1200     0     0     0     0      1.058      1.052     -3.820      4.207      0.940
  1211        213  (rho+)             -83  1177  1200  1503  1504     0     0     -0.937      1.338     -4.398      4.755      0.777
  1212      -2112  nbar0               83  1177  1200     0     0     0     0      0.294      0.216     -8.841      8.898      0.940
  1213       -213  (rho-)             -83  1177  1200  1505  1506     0     0      0.038      1.351    -12.266     12.365      0.785
  1214        213  (rho+)             -83  1177  1200  1507  1508     0     0      0.060      0.457     -4.683      4.793      0.910
  1215        311  (K0)               -83  1177  1200  1509  1509     0     0      0.210      0.323    -16.514     16.526      0.498
  1216       -323  (K*-)              -83  1177  1200  1510  1511     0     0      0.381      0.622    -30.893     30.915      0.923
  1217        111  (pi0)              -83  1177  1200  1682  1683     0     0      0.088     -0.096     -7.485      7.488      0.135
  1218        211  pi+                 83  1177  1200     0     0     0     0      0.022      0.963    -37.723     37.735      0.140
  1219       2112  n0                  83  1177  1200     0     0     0     0     -0.064      0.265    -51.372     51.381      0.940
  1220      -2212  pbar-               83  1177  1200     0     0     0     0      0.465      0.376    -73.317     73.325      0.938
  1221        331  (eta')             -83  1177  1200  1684  1686     0     0      0.323      0.775    -95.280     95.289      0.958
  1222        111  (pi0)              -84  1177  1200  1687  1688     0     0     -0.069      0.278   -230.765    230.766      0.135
  1223        113  (rho0)             -84  1177  1200  1512  1513     0     0     -0.916     -0.517   -237.296    237.300      0.715
  1224        211  pi+                 84  1177  1200     0     0     0     0      0.374      0.434   -179.775    179.776      0.140
  1225        111  (pi0)              -84  1177  1200  1689  1690     0     0     -0.185     -1.389   -847.311    847.312      0.135
  1226       -213  (rho-)             -84  1177  1200  1514  1515     0     0      0.686     -0.266   -272.899    272.901      0.684
  1227        111  (pi0)              -84  1177  1200  1691  1692     0     0     -0.282     -0.314   -242.117    242.118      0.135
  1228        211  pi+                 84  1177  1200     0     0     0     0      1.514     -0.018   -196.993    196.999      0.140
  1229       -211  pi-                 84  1177  1200     0     0     0     0     -0.063     -0.278    -18.790     18.793      0.140
  1230        213  (rho+)             -84  1177  1200  1516  1517     0     0      1.161     -0.195   -134.389    134.400      1.267
  1231        113  (rho0)             -84  1177  1200  1518  1519     0     0      0.592     -0.263    -84.595     84.604      1.054
  1232       -211  pi-                 84  1177  1200     0     0     0     0      0.722     -0.333    -59.431     59.436      0.140
  1233        321  K+                  84  1177  1200     0     0     0     0     -0.530     -0.114    -18.423     18.438      0.494
  1234       -321  K-                  84  1177  1200     0     0     0     0     -0.122      0.232     -7.786      7.806      0.494
  1235        323  (K*+)              -84  1177  1200  1520  1521     0     0     -0.510     -0.599    -23.505     23.535      0.893
  1236       -311  (Kbar0)            -84  1177  1200  1522  1522     0     0     -0.748      0.025    -15.483     15.509      0.498
  1237        311  (K0)               -84  1177  1200  1523  1523     0     0     -0.470     -0.064     -7.492      7.523      0.498
  1238       -323  (K*-)              -84  1177  1200  1524  1525     0     0     -0.748     -0.970    -11.515     11.618      0.936
  1239        111  (pi0)              -84  1177  1200  1693  1694     0     0     -0.665     -1.409     -7.522      7.683      0.135
  1240        221  (eta)              -84  1177  1200  1695  1697     0     0     -1.665     -1.771    -17.198     17.377      0.548
  1241        321  K+                  84  1177  1200     0     0     0     0     -0.381     -1.043     -6.931      7.037      0.494
  1242          1  (d)                -71   849   849  1252  1270   309     0    117.675     23.404    -18.407    121.384      0.330
  1243         21  (g)                -71   850   850  1252  1270   302   309    242.315     49.235    -35.425    249.791      0.000
  1244         21  (g)                -71   851   851  1252  1270   296   302     76.496     15.700     -9.025     78.611      0.000
  1245         21  (g)                -71   917   917  1252  1270   311   296     98.274     19.549    -10.128    100.710      0.234
  1246         21  (g)                -71   855   855  1252  1270   304   311    104.038     17.691    -10.596    106.062      0.000
  1247         21  (g)                -71   853   853  1252  1270   310   304     24.712      5.281     -3.341     25.490      0.000
  1248         21  (g)                -71   852   852  1252  1270   303   310      6.085      0.632     -0.543      6.142      0.000
  1249         21  (g)                -71   858   858  1252  1270   312   303      1.885     -1.688     -1.032      2.732      0.000
  1250         21  (g)                -71   859   859  1252  1270   103   312      0.798      0.068     -0.087      0.806      0.000
  1251         -2  (ubar)             -71   814   814  1252  1270     0   103     -0.784     -0.808    -43.578     43.594      0.330
  1252        113  (rho0)             -83  1242  1251  1526  1527     0     0    205.299     41.168    -31.026    211.677      1.329
  1253        223  (omega)            -83  1242  1251  1698  1700     0     0    114.655     23.630    -16.653    118.246      0.783
  1254        311  (K0)               -83  1242  1251  1528  1528     0     0     31.029      6.186     -3.937     31.888      0.498
  1255       3114  (Sigma*-)          -83  1242  1251  1529  1530     0     0     67.128     13.347     -7.767     68.896      1.455
  1256      -1114  (Deltabar+)        -83  1242  1251  1531  1532     0     0     48.916      9.247     -5.853     50.139      1.197
  1257        111  (pi0)              -83  1242  1251  1701  1702     0     0     31.789      6.153     -3.892     32.612      0.135
  1258       -211  pi-                 83  1242  1251     0     0     0     0      8.006      1.760     -0.766      8.234      0.140
  1259        111  (pi0)              -83  1242  1251  1703  1704     0     0     40.761      7.367     -4.615     41.678      0.135
  1260        211  pi+                 83  1242  1251     0     0     0     0     84.650     16.455     -8.569     86.659      0.140
  1261        223  (omega)            -83  1242  1251  1705  1707     0     0     22.301      2.940     -2.179     22.613      0.788
  1262        313  (K*0)              -83  1242  1251  1533  1534     0     0      9.095      1.886     -1.415      9.452      1.033
  1263       -323  (K*-)              -83  1242  1251  1535  1536     0     0      1.859      0.525     -0.496      2.189      0.904
  1264        211  pi+                 84  1242  1251     0     0     0     0      0.905     -0.500     -0.309      1.088      0.140
  1265        223  (omega)            -84  1242  1251  1708  1709     0     0      2.695      0.220     -0.435      2.862      0.830
  1266        223  (omega)            -84  1242  1251  1710  1712     0     0      1.616      0.478     -0.232      1.871      0.780
  1267       -213  (rho-)             -84  1242  1251  1537  1538     0     0      1.436     -1.318     -1.825      2.848      0.991
  1268        211  pi+                 84  1242  1251     0     0     0     0      0.381      0.593     -3.093      3.175      0.140
  1269        113  (rho0)             -84  1242  1251  1539  1540     0     0     -0.705     -0.704    -10.755     10.830      0.790
  1270       -213  (rho-)             -84  1242  1251  1541  1542     0     0     -0.322     -0.367    -28.347     28.363      0.808
  1271          1  (d)                -71   697   697  1273  1284   231     0     -1.189      1.969    176.239    176.255      0.330
  1272         -1  (dbar)             -71   816   816  1273  1284     0   231      0.044     -0.413   -126.908    126.909      0.330
  1273       -213  (rho-)             -83  1271  1272  1543  1544     0     0     -0.642      1.229     97.219     97.232      0.772
  1274        211  pi+                 83  1271  1272     0     0     0     0     -0.814      0.570     62.142     62.150      0.140
  1275        311  (K0)               -83  1271  1272  1545  1545     0     0      0.916      0.214      9.152      9.213      0.498
  1276       -313  (K*bar0)           -83  1271  1272  1546  1547     0     0     -1.035     -0.037      4.249      4.458      0.867
  1277        113  (rho0)             -84  1271  1272  1548  1549     0     0      0.306     -0.191      1.154      1.458      0.814
  1278       2112  n0                  84  1271  1272     0     0     0     0      0.039      0.572      1.445      1.816      0.940
  1279      -2212  pbar-               84  1271  1272     0     0     0     0      0.133      0.150     -1.640      1.900      0.938
  1280        321  K+                  84  1271  1272     0     0     0     0     -0.281     -0.743     -1.025      1.387      0.494
  1281       -323  (K*-)              -84  1271  1272  1550  1551     0     0      0.216      0.417     -3.906      4.064      1.020
  1282        111  (pi0)              -84  1271  1272  1713  1714     0     0      0.135     -0.414     -9.642      9.653      0.135
  1283        211  pi+                 84  1271  1272     0     0     0     0     -0.293      0.265     -6.941      6.953      0.140
  1284        221  (eta)              -84  1271  1272  1715  1717     0     0      0.174     -0.475   -102.876    102.879      0.548
  1285          1  (d)                -71   657   657  1309  1354   168     0      2.000      0.267      4.044      4.532      0.330
  1286         21  (g)                -71   640   640  1309  1354   181   168      7.086      5.291     13.295     15.968      0.000
  1287         21  (g)                -71   953   953  1309  1354   222   181      0.472      4.205     12.571     13.273      0.499
  1288         21  (g)                -71   627   627  1309  1354   196   222      2.527     10.386     23.852     26.138      0.000
  1289         21  (g)                -71   646   646  1309  1354   146   196      5.749     25.660     52.927     59.100      0.000
  1290         21  (g)                -71   645   645  1309  1354   192   146      2.135      6.937     13.404     15.243      0.000
  1291         21  (g)                -71   655   655  1309  1354   224   192      0.266      0.777      2.497      2.629      0.000
  1292         21  (g)                -71   635   635  1309  1354   111   224      4.362     17.931     38.241     42.461      0.000
  1293         21  (g)                -71   666   666  1309  1354   260   111      2.677      3.050     16.155     16.657      0.000
  1294         21  (g)                -71   631   631  1309  1354   110   260      1.258      2.936     11.710     12.138      0.000
  1295         21  (g)                -71   652   652  1309  1354   217   110      1.617     -2.246      5.868      6.488      0.000
  1296         21  (g)                -71   650   650  1309  1354   204   217     -0.200      0.333      0.420      0.572      0.000
  1297         21  (g)                -71   630   630  1309  1354   252   204      0.730      0.012      0.131      0.742      0.000
  1298         21  (g)                -71   663   663  1309  1354   102   252      0.108     -0.032      1.266      1.271      0.000
  1299         21  (g)                -71   915   915  1309  1354   337   102      0.025      0.384      0.436      0.581      0.000
  1300         21  (g)                -71   914   914  1309  1354   335   337      0.712     -0.093     -0.209      0.748      0.000
  1301         21  (g)                -71   908   908  1309  1354   333   335     -7.699      2.645      6.921     10.685      0.000
  1302         21  (g)                -71   902   902  1309  1354   319   333    -12.642      3.234      9.082     15.899      0.000
  1303         21  (g)                -71   893   893  1309  1354   328   319    -12.499     -0.158     24.279     27.308      0.000
  1304         21  (g)                -71   952   952  1309  1354   330   328    -42.922      3.150    105.617    114.050      0.285
  1305         21  (g)                -71   906   906  1309  1354   334   330     -4.701     -0.004     11.149     12.100      0.000
  1306         21  (g)                -71   911   911  1309  1354   336   334    -53.261      4.882    125.677    136.585      0.000
  1307         21  (g)                -71   951   951  1309  1354   325   336    -23.498      3.069     56.985     61.716      0.223
  1308         -1  (dbar)             -71   901   901  1309  1354     0   325   -180.385     18.374    428.499    465.283      0.330
  1309        221  (eta)              -83  1285  1308  1718  1720     0     0      1.518      0.864      2.607      3.186      0.548
  1310        111  (pi0)              -83  1285  1308  1721  1722     0     0      0.819      0.400      1.935      2.143      0.135
  1311       -211  pi-                 83  1285  1308     0     0     0     0      1.775      0.839      3.009      3.596      0.140
  1312        221  (eta)              -83  1285  1308  1723  1725     0     0      0.576      0.728      2.111      2.370      0.548
  1313       2214  (Delta+)           -83  1285  1308  1552  1553     0     0      3.453      2.877      7.730      9.022      1.200
  1314        213  (rho+)             -83  1285  1308  1554  1555     0     0      0.430      0.545      2.277      2.494      0.743
  1315      -2214  (Deltabar-)        -83  1285  1308  1556  1557     0     0      1.371      4.479     10.377     11.445      1.172
  1316        311  (K0)               -83  1285  1308  1558  1558     0     0      1.303      5.571     12.902     14.122      0.498
  1317       -321  K-                  83  1285  1308     0     0     0     0      1.891      5.971     11.467     13.075      0.494
  1318        223  (omega)            -83  1285  1308  1726  1728     0     0      1.348      7.370     16.403     18.050      0.772
  1319       3222  (Sigma+)           -83  1285  1308  1729  1730     0     0      2.074      9.043     21.005     22.994      1.189
  1320      -3222  (Sigmabar-)        -83  1285  1308  1731  1732     0     0      4.391     18.124     38.157     42.486      1.189
  1321        211  pi+                 83  1285  1308     0     0     0     0      0.622      3.614      6.713      7.651      0.140
  1322       3212  (Sigma0)           -83  1285  1308  1733  1734     0     0      2.318      7.887     19.370     21.076      1.193
  1323      -3222  (Sigmabar-)        -83  1285  1308  1735  1736     0     0      1.145      2.126      6.435      6.976      1.189
  1324        211  pi+                 83  1285  1308     0     0     0     0      0.413      0.731      2.068      2.237      0.140
  1325        113  (rho0)             -83  1285  1308  1559  1560     0     0      1.739      4.304     14.538     15.315      1.293
  1326        313  (K*0)              -83  1285  1308  1561  1562     0     0      0.756      0.457      5.058      5.186      0.730
  1327        221  (eta)              -83  1285  1308  1737  1739     0     0      1.020      1.010      5.213      5.435      0.548
  1328       -321  K-                  84  1285  1308     0     0     0     0      0.332     -0.759      1.431      1.726      0.494
  1329        111  (pi0)              -84  1285  1308  1740  1741     0     0      0.068      0.391      0.656      0.778      0.135
  1330        223  (omega)            -84  1285  1308  1742  1744     0     0      0.246     -0.152      1.206      1.465      0.779
  1331        213  (rho+)             -84  1285  1308  1563  1564     0     0      0.587     -0.603      2.373      2.641      0.795
  1332        111  (pi0)              -84  1285  1308  1745  1746     0     0      0.533     -0.467      0.260      0.767      0.135
  1333       -211  pi-                 84  1285  1308     0     0     0     0      0.052      0.520      0.766      0.938      0.140
  1334        213  (rho+)             -84  1285  1308  1565  1566     0     0      0.276      0.212      0.222      1.219      1.147
  1335        223  (omega)            -84  1285  1308  1747  1749     0     0     -1.441      0.557      1.959      2.615      0.785
  1336        311  (K0)               -84  1285  1308  1567  1567     0     0     -1.994      0.672      1.800      2.814      0.498
  1337       -321  K-                  84  1285  1308     0     0     0     0     -4.232      0.823      3.560      5.613      0.494
  1338        211  pi+                 84  1285  1308     0     0     0     0     -2.225      0.362      1.114      2.518      0.140
  1339        223  (omega)            -84  1285  1308  1750  1752     0     0     -2.939      1.237      2.946      4.412      0.787
  1340       -213  (rho-)             -84  1285  1308  1568  1569     0     0     -4.564      1.268      3.764      6.095      0.739
  1341        211  pi+                 84  1285  1308     0     0     0     0     -2.445      0.090      1.806      3.044      0.140
  1342       -211  pi-                 84  1285  1308     0     0     0     0     -1.659      0.795      2.853      3.398      0.140
  1343        211  pi+                 84  1285  1308     0     0     0     0     -4.816     -0.529      9.019     10.239      0.140
  1344       -211  pi-                 84  1285  1308     0     0     0     0     -0.945      0.309      1.985      2.225      0.140
  1345        111  (pi0)              -84  1285  1308  1753  1754     0     0     -0.752     -0.180      1.857      2.016      0.135
  1346        111  (pi0)              -84  1285  1308  1755  1756     0     0     -0.654      0.158      1.093      1.291      0.135
  1347        213  (rho+)             -84  1285  1308  1570  1571     0     0    -22.769      1.598     54.995     59.548      0.703
  1348        331  (eta')             -84  1285  1308  1757  1758     0     0    -12.563      0.800     29.398     31.995      0.958
  1349       -211  pi-                 84  1285  1308     0     0     0     0    -22.947      1.698     53.465     58.206      0.140
  1350        223  (omega)            -84  1285  1308  1759  1760     0     0    -12.245      1.426     30.832     33.214      0.774
  1351        323  (K*+)              -84  1285  1308  1572  1573     0     0    -89.831      8.657    213.330    231.635      0.860
  1352       -321  K-                  84  1285  1308     0     0     0     0    -14.445      1.197     34.837     37.735      0.494
  1353        221  (eta)              -84  1285  1308  1761  1762     0     0    -44.411      4.670    105.065    114.162      0.548
  1354        213  (rho+)             -84  1285  1308  1574  1575     0     0    -89.259      9.302    212.852    230.999      0.894
  1355          2  (u)                -71   623   623  1376  1415   197     0   -252.771    -81.312   -720.763    768.117      0.330
  1356         21  (g)                -71   653   653  1376  1415   220   197    -14.248     -4.458    -38.752     41.528      0.000
  1357         21  (g)                -71   647   647  1376  1415   230   220     -4.232     -0.296    -16.422     16.961      0.000
  1358         21  (g)                -71   658   658  1376  1415   105   230     -4.269      1.260    -14.081     14.768      0.000
  1359         21  (g)                -71   632   632  1376  1415   251   105    -26.636      8.133    -97.567    101.464      0.000
  1360         21  (g)                -71   662   662  1376  1415   263   251     -9.867      2.749    -37.334     38.714      0.000
  1361         21  (g)                -71   667   667  1376  1415   167   263    -13.890      3.696    -47.745     49.862      0.000
  1362         21  (g)                -71   639   639  1376  1415   131   167    -27.456      9.036    -94.888     99.193      0.000
  1363         21  (g)                -71   629   629  1376  1415   266   131    -14.541      3.776    -46.945     49.290      0.000
  1364         21  (g)                -71   669   669  1376  1415   109   266    -33.919      9.650   -114.704    120.002      0.000
  1365         21  (g)                -71   638   638  1376  1415   160   109    -12.324      3.763    -40.035     42.058      0.000
  1366         21  (g)                -71   955   955  1376  1415   240   160    -62.313     24.611   -194.920    206.113      0.362
  1367         21  (g)                -71   626   626  1376  1415   147   240    -39.890     14.810   -119.564    126.910      0.000
  1368         21  (g)                -71   636   636  1376  1415   265   147     -4.226      2.144    -13.755     14.549      0.000
  1369         21  (g)                -71   668   668  1376  1415   154   265     -0.103     -0.156     -0.202      0.275      0.000
  1370         21  (g)                -71   637   637  1376  1415   101   154     -3.055     -1.698     -8.170      8.886      0.000
  1371         21  (g)                -71   661   661  1376  1415   247   101     -0.498     -0.361      1.357      1.490      0.000
  1372         21  (g)                -71   644   644  1376  1415   191   247     -0.187      0.672     16.175     16.190      0.000
  1373         21  (g)                -71   634   634  1376  1415   200   191      0.748     -1.960     25.855     25.940      0.000
  1374         21  (g)                -71   954   954  1376  1415   123   200      0.608     -0.821    134.983    134.987      0.269
  1375         -2  (ubar)             -71   713   713  1376  1415     0   123     -1.601      1.317      2.115      2.979      0.330
  1376        331  (eta')             -83  1355  1375  1763  1764     0     0   -225.282    -72.140   -639.646    681.986      0.958
  1377        213  (rho+)             -83  1355  1375  1576  1577     0     0     -8.801     -3.082    -26.447     28.052      0.729
  1378        313  (K*0)              -83  1355  1375  1578  1579     0     0    -22.534     -7.295    -66.061     70.183      0.801
  1379       -323  (K*-)              -83  1355  1375  1580  1581     0     0     -6.217     -1.564    -17.896     19.042      1.115
  1380       2114  (Delta0)           -83  1355  1375  1582  1583     0     0     -6.172     -1.669    -17.586     18.752      1.209
  1381        211  pi+                 83  1355  1375     0     0     0     0     -3.700      0.366    -12.148     12.705      0.140
  1382      -2212  pbar-               83  1355  1375     0     0     0     0     -8.066      2.954    -29.995     31.215      0.938
  1383        213  (rho+)             -83  1355  1375  1584  1585     0     0    -15.439      3.603    -56.093     58.294      0.704
  1384       2112  n0                  83  1355  1375     0     0     0     0    -23.866      7.539    -84.409     88.046      0.940
  1385      -2112  nbar0               83  1355  1375     0     0     0     0    -34.624      9.503   -119.363    124.650      0.940
  1386       -211  pi-                 83  1355  1375     0     0     0     0    -11.319      3.981    -37.338     39.219      0.140
  1387        321  K+                  83  1355  1375     0     0     0     0     -6.295      1.621    -21.584     22.547      0.494
  1388       -311  (Kbar0)            -83  1355  1375  1586  1586     0     0    -15.364      4.823    -52.665     55.074      0.498
  1389       -211  pi-                 83  1355  1375     0     0     0     0     -3.160      0.833     -9.626     10.166      0.140
  1390        113  (rho0)             -83  1355  1375  1587  1588     0     0    -20.648      6.301    -68.048     71.397      1.014
  1391        211  pi+                 84  1355  1375     0     0     0     0     -4.637      2.268    -14.480     15.373      0.140
  1392        223  (omega)            -84  1355  1375  1765  1767     0     0    -22.358      7.916    -71.180     75.032      0.770
  1393        111  (pi0)              -84  1355  1375  1768  1769     0     0    -13.227      4.368    -40.132     42.481      0.135
  1394       1114  (Delta-)           -84  1355  1375  1589  1590     0     0    -36.027     14.670   -112.016    118.585      1.263
  1395      -1114  (Deltabar+)        -84  1355  1375  1591  1592     0     0    -13.580      5.152    -42.360     44.799      1.271
  1396        111  (pi0)              -84  1355  1375  1770  1771     0     0     -2.360      0.745     -6.832      7.268      0.135
  1397       1114  (Delta-)           -84  1355  1375  1593  1594     0     0    -11.772      4.388    -35.334     37.525      1.341
  1398      -1114  (Deltabar+)        -84  1355  1375  1595  1596     0     0     -4.084      0.918    -12.911     13.646      1.411
  1399       -211  pi-                 84  1355  1375     0     0     0     0     -0.216      0.254     -1.429      1.474      0.140
  1400        111  (pi0)              -84  1355  1375  1772  1773     0     0     -1.540      0.239     -4.039      4.331      0.135
  1401        211  pi+                 84  1355  1375     0     0     0     0     -0.468     -0.029     -0.383      0.621      0.140
  1402        113  (rho0)             -84  1355  1375  1597  1598     0     0     -0.629     -0.599     -2.025      2.320      0.724
  1403        313  (K*0)              -84  1355  1375  1599  1600     0     0     -1.493      0.314     -3.280      3.760      1.027
  1404        333  (phi)              -84  1355  1375  1774  1776     0     0      0.181     -0.637      0.955      1.545      1.017
  1405        221  (eta)              -84  1355  1375  1777  1778     0     0     -0.494      0.005      1.953      2.088      0.548
  1406       -311  (Kbar0)            -84  1355  1375  1601  1601     0     0      0.212      0.053      4.102      4.138      0.498
  1407        311  (K0)               -84  1355  1375  1602  1602     0     0      0.132     -1.359     10.029     10.134      0.498
  1408       -311  (Kbar0)            -84  1355  1375  1603  1603     0     0     -0.198      0.858     49.672     49.682      0.498
  1409       -211  pi-                 84  1355  1375     0     0     0     0      0.282     -0.981     31.382     31.398      0.140
  1410        213  (rho+)             -84  1355  1375  1604  1605     0     0      0.271     -0.568     13.038     13.072      0.697
  1411        223  (omega)            -84  1355  1375  1779  1781     0     0     -0.135      0.092     19.399     19.415      0.777
  1412        313  (K*0)              -84  1355  1375  1606  1607     0     0      0.889     -0.393     36.280     36.304      0.903
  1413       -311  (Kbar0)            -84  1355  1375  1608  1608     0     0     -0.598      0.004      7.385      7.426      0.498
  1414       -213  (rho-)             -84  1355  1375  1609  1610     0     0      0.016     -0.429      2.454      2.614      0.793
  1415        221  (eta)              -84  1355  1375  1782  1784     0     0     -1.352      1.529      3.297      3.916      0.548
  1416       -311  (Kbar0)            -91   994     0  1611  1611     0     0     -0.627      1.762     -7.970      8.201      0.498
  1417        111  (pi0)              -91   994     0  1785  1786     0     0     -0.045     -0.008     -0.622      0.638      0.135
  1418       -321  K-                  91  1003     0     0     0     0     0      1.378      0.094     28.288     28.326      0.494
  1419        111  (pi0)              -91  1003     0  1787  1788     0     0      1.128     -0.169     21.149     21.180      0.135
  1420        311  (K0)               -91  1004     0  1612  1612     0     0      1.549      0.315     69.642     69.661      0.498
  1421        211  pi+                 91  1004     0     0     0     0     0      0.439      0.379     14.252     14.264      0.140
  1422        211  pi+                 91  1017     0     0     0     0     0     -1.035      0.098      0.730      1.278      0.140
  1423        111  (pi0)              -91  1017     0  1789  1790     0     0     -1.309      0.247     -0.079      1.341      0.135
  1424       -211  pi-                 91  1022     0     0     0     0     0      0.064     -0.207      0.641      0.691      0.140
  1425        111  (pi0)              -91  1022     0  1791  1792     0     0     -0.539     -0.196      0.208      0.625      0.135
  1426        211  pi+                 91  1023     0     0     0     0     0     -0.140     -0.021      0.062      0.208      0.140
  1427        111  (pi0)              -91  1023     0  1793  1794     0     0     -1.684      1.083      2.027      2.852      0.135
  1428        211  pi+                 91  1025     0     0     0     0     0     -1.200      1.619      0.948      2.231      0.140
  1429        111  (pi0)              -91  1025     0  1795  1796     0     0      0.004      0.236      0.303      0.407      0.135
  1430       -211  pi-                 91  1036     0     0     0     0     0     -1.027     -2.319     66.924     66.972      0.140
  1431        111  (pi0)              -91  1036     0  1797  1798     0     0     -0.208     -0.337      6.236      6.250      0.135
  1432       -321  K-                  91  1038     0     0     0     0     0     -0.557     -0.617     45.554     45.565      0.494
  1433        211  pi+                 91  1038     0     0     0     0     0     -0.496     -0.876     74.438     74.445      0.140
  1434        211  pi+                 91  1040     0     0     0     0     0     -0.269      0.037     12.895     12.898      0.140
  1435        111  (pi0)              -91  1040     0  1799  1800     0     0     -0.113     -0.710     62.133     62.137      0.135
  1436       -211  pi-                 91  1045     0     0     0     0     0     -0.299      1.048     65.769     65.779      0.140
  1437        111  (pi0)              -91  1045     0  1801  1802     0     0      0.099      0.473     62.719     62.721      0.135
  1438        211  pi+                 91  1050     0     0     0     0     0      0.288      0.157    488.569    488.569      0.140
  1439       -211  pi-                 91  1050     0     0     0     0     0     -0.124     -0.178     56.318     56.318      0.140
  1440        211  pi+                 91  1051     0     0     0     0     0      0.332     -0.198    190.813    190.813      0.140
  1441       -211  pi-                 91  1051     0     0     0     0     0     -0.317      0.203    324.126    324.126      0.140
  1442        211  pi+                 91  1066     0     0     0     0     0      2.434      6.027     25.483     26.299      0.140
  1443       -211  pi-                 91  1066     0     0     0     0     0      4.300      9.030     37.754     39.056      0.140
  1444       -211  pi-                 91  1068     0     0     0     0     0      1.025      1.528      5.617      5.912      0.140
  1445        111  (pi0)              -91  1068     0  1803  1804     0     0      1.055      2.540     11.211     11.545      0.135
  1446        321  K+                  91  1069     0     0     0     0     0      0.591      2.258      9.146      9.452      0.494
  1447        111  (pi0)              -91  1069     0  1805  1806     0     0     -0.063      0.149      0.698      0.729      0.135
  1448        310  (K_S0)             -91  1070  1070  1807  1808     0     0      1.032      3.060     13.730     14.113      0.498
  1449        211  pi+                 91  1074     0     0     0     0     0      0.864      0.643      1.260      1.663      0.140
  1450        111  (pi0)              -91  1074     0  1809  1810     0     0      0.570     -0.057      1.139      1.282      0.135
  1451        211  pi+                 91  1076     0     0     0     0     0      0.546      0.212      0.456      0.756      0.140
  1452        111  (pi0)              -91  1076     0  1811  1812     0     0      1.253      0.355      2.976      3.251      0.135
  1453        130  K_L0                91  1079  1079     0     0     0     0      0.682     -1.268     -7.975      8.120      0.498
  1454        310  (K_S0)             -91  1080  1080  1813  1814     0     0     -0.500      0.062     -1.763      1.900      0.498
  1455       -211  pi-                 91  1083     0     0     0     0     0     -0.199     -0.113      0.438      0.513      0.140
  1456        111  (pi0)              -91  1083     0  1815  1816     0     0      0.260     -0.091     -0.170      0.350      0.135
  1457        211  pi+                 91  1084     0     0     0     0     0     -0.186      0.314      0.638      0.748      0.140
  1458        111  (pi0)              -91  1084     0  1817  1818     0     0     -0.126     -0.316      0.247      0.442      0.135
  1459       2112  n0                  91  1087     0     0     0     0     0      0.015     -0.591      5.705      5.812      0.940
  1460       -211  pi-                 91  1087     0     0     0     0     0      0.056      0.085      0.529      0.556      0.140
  1461        211  pi+                 91  1090     0     0     0     0     0      0.316      0.062      9.941      9.947      0.140
  1462       -211  pi-                 91  1090     0     0     0     0     0      0.458      0.355     61.020     61.022      0.140
  1463        211  pi+                 91  1091     0     0     0     0     0      0.042     -0.265     29.181     29.182      0.140
  1464       -211  pi-                 91  1091     0     0     0     0     0     -0.348      0.247      6.108      6.124      0.140
  1465        211  pi+                 91  1098     0     0     0     0     0     -0.541     -0.791     -6.131      6.207      0.140
  1466        111  (pi0)              -91  1098     0  1819  1820     0     0      0.261     -0.122     -2.431      2.452      0.135
  1467       -211  pi-                 91  1103     0     0     0     0     0     -0.349     -0.183     45.943     45.945      0.140
  1468        111  (pi0)              -91  1103     0  1821  1822     0     0     -0.135      0.375     13.422     13.429      0.135
  1469        211  pi+                 91  1114     0     0     0     0     0     -0.218     -0.011     -0.171      0.310      0.140
  1470        111  (pi0)              -91  1114     0  1823  1824     0     0      0.338      0.010     -1.295      1.345      0.135
  1471       2112  n0                  91  1120     0     0     0     0     0     -0.303     -0.060   -158.561    158.564      0.940
  1472        111  (pi0)              -91  1120     0  1825  1826     0     0      0.054     -0.187    -15.157     15.159      0.135
  1473        311  (K0)               -91  1147     0  1613  1613     0     0      1.133      0.189     -5.259      5.406      0.498
  1474        111  (pi0)              -91  1147     0  1827  1828     0     0      0.406     -0.340     -1.590      1.681      0.135
  1475       -321  K-                  91  1148     0     0     0     0     0      0.407     -0.369     -1.937      2.073      0.494
  1476        111  (pi0)              -91  1148     0  1829  1830     0     0      0.654     -0.019     -2.826      2.904      0.135
  1477        211  pi+                 91  1149     0     0     0     0     0      0.237     -0.623     -4.401      4.453      0.140
  1478        111  (pi0)              -91  1149     0  1831  1832     0     0      0.788     -0.236     -2.112      2.270      0.135
  1479        130  K_L0                91  1154  1154     0     0     0     0      1.607     -1.038     -2.467      3.162      0.498
  1480        310  (K_S0)             -91  1156  1156  1833  1834     0     0      3.527      0.224     -1.129      3.743      0.498
  1481        211  pi+                 91  1158     0     0     0     0     0      0.092      0.287     -0.126      0.355      0.140
  1482       -211  pi-                 91  1158     0     0     0     0     0      1.845      0.512     -0.305      1.944      0.140
  1483        211  pi+                 91  1163     0     0     0     0     0     -0.279     -0.139      0.641      0.726      0.140
  1484       -211  pi-                 91  1163     0     0     0     0     0      0.360     -0.458      3.253      3.308      0.140
  1485        211  pi+                 91  1166     0     0     0     0     0      0.126      0.177      2.714      2.726      0.140
  1486       -211  pi-                 91  1166     0     0     0     0     0      0.630     -0.220      0.945      1.165      0.140
  1487        211  pi+                 91  1169     0     0     0     0     0     -0.282      1.434     12.096     12.184      0.140
  1488       -211  pi-                 91  1169     0     0     0     0     0      0.145      0.141      0.338      0.418      0.140
  1489      -2112  nbar0               91  1170     0     0     0     0     0     -0.929      0.503     11.974     12.057      0.940
  1490        111  (pi0)              -91  1170     0  1835  1836     0     0      0.040     -0.033      2.107      2.112      0.135
  1491        211  pi+                 91  1175     0     0     0     0     0     -0.291     -1.391      7.934      8.061      0.140
  1492        111  (pi0)              -91  1175     0  1837  1838     0     0     -0.083     -0.480      1.327      1.420      0.135
  1493        130  K_L0                91  1176  1176     0     0     0     0     -1.212     -0.831      6.306      6.494      0.498
  1494        310  (K_S0)             -91  1201  1201  1839  1840     0     0      0.488      0.811     -0.059      1.070      0.498
  1495        211  pi+                 91  1204     0     0     0     0     0     -0.225      0.445     -0.318      0.608      0.140
  1496        111  (pi0)              -91  1204     0  1841  1842     0     0      0.322      0.016      0.147      0.380      0.135
  1497       -211  pi-                 91  1205     0     0     0     0     0     -0.142      0.252     -1.300      1.339      0.140
  1498        111  (pi0)              -91  1205     0  1843  1844     0     0     -0.177      0.066     -0.003      0.232      0.135
  1499        211  pi+                 91  1206     0     0     0     0     0     -0.033      0.202     -0.110      0.271      0.140
  1500       -211  pi-                 91  1206     0     0     0     0     0     -1.047      0.004     -1.741      2.037      0.140
  1501        311  (K0)               -91  1207     0  1614  1614     0     0     -0.551     -0.275     -2.176      2.316      0.498
  1502        211  pi+                 91  1207     0     0     0     0     0     -0.393      0.246     -0.990      1.102      0.140
  1503        211  pi+                 91  1211     0     0     0     0     0     -0.176      0.788     -2.548      2.677      0.140
  1504        111  (pi0)              -91  1211     0  1845  1846     0     0     -0.761      0.549     -1.850      2.079      0.135
  1505       -211  pi-                 91  1213     0     0     0     0     0     -0.279      0.232     -2.705      2.733      0.140
  1506        111  (pi0)              -91  1213     0  1847  1848     0     0      0.316      1.119     -9.560      9.632      0.135
  1507        211  pi+                 91  1214     0     0     0     0     0     -0.007      0.635     -2.078      2.177      0.140
  1508        111  (pi0)              -91  1214     0  1849  1850     0     0      0.067     -0.179     -2.605      2.615      0.135
  1509        130  K_L0                91  1215  1215     0     0     0     0      0.210      0.323    -16.514     16.526      0.498
  1510       -321  K-                  91  1216     0     0     0     0     0      0.352      0.101    -19.457     19.467      0.494
  1511        111  (pi0)              -91  1216     0  1851  1852     0     0      0.029      0.520    -11.436     11.449      0.135
  1512        211  pi+                 91  1223     0     0     0     0     0     -0.203     -0.226   -135.150    135.150      0.140
  1513       -211  pi-                 91  1223     0     0     0     0     0     -0.712     -0.291   -102.147    102.150      0.140
  1514       -211  pi-                 91  1226     0     0     0     0     0      0.471     -0.108   -238.998    238.999      0.140
  1515        111  (pi0)              -91  1226     0  1853  1854     0     0      0.215     -0.158    -33.901     33.902      0.135
  1516        211  pi+                 91  1230     0     0     0     0     0      0.054     -0.530    -51.448     51.451      0.140
  1517        111  (pi0)              -91  1230     0  1855  1856     0     0      1.107      0.335    -82.941     82.949      0.135
  1518        211  pi+                 91  1231     0     0     0     0     0      0.875     -0.183    -65.830     65.837      0.140
  1519       -211  pi-                 91  1231     0     0     0     0     0     -0.283     -0.079    -18.765     18.768      0.140
  1520        311  (K0)               -91  1235     0  1615  1615     0     0     -0.223     -0.045     -9.970      9.985      0.498
  1521        211  pi+                 91  1235     0     0     0     0     0     -0.286     -0.554    -13.535     13.550      0.140
  1522        310  (K_S0)             -91  1236  1236  1857  1858     0     0     -0.748      0.025    -15.483     15.509      0.498
  1523        310  (K_S0)             -91  1237  1237  1859  1860     0     0     -0.470     -0.064     -7.492      7.523      0.498
  1524       -311  (Kbar0)            -91  1238     0  1616  1616     0     0     -0.868     -0.797    -10.052     10.133      0.498
  1525       -211  pi-                 91  1238     0     0     0     0     0      0.120     -0.173     -1.463      1.485      0.140
  1526        211  pi+                 91  1252     0     0     0     0     0    201.770     40.360    -30.519    208.018      0.140
  1527       -211  pi-                 91  1252     0     0     0     0     0      3.529      0.808     -0.507      3.659      0.140
  1528        130  K_L0                91  1254  1254     0     0     0     0     31.029      6.186     -3.937     31.888      0.498
  1529       3122  (Lambda0)          -91  1255     0  1861  1862     0     0     51.226     10.460     -5.960     52.633      1.116
  1530       -211  pi-                 91  1255     0     0     0     0     0     15.902      2.887     -1.807     16.263      0.140
  1531      -2112  nbar0               91  1256     0     0     0     0     0     43.048      8.256     -5.032     44.131      0.940
  1532        211  pi+                 91  1256     0     0     0     0     0      5.867      0.991     -0.821      6.008      0.140
  1533        321  K+                  91  1262     0     0     0     0     0      3.838      0.515     -0.406      3.924      0.494
  1534       -211  pi-                 91  1262     0     0     0     0     0      5.257      1.371     -1.008      5.527      0.140
  1535       -311  (Kbar0)            -91  1263     0  1617  1617     0     0      0.611      0.343     -0.269      0.901      0.498
  1536       -211  pi-                 91  1263     0     0     0     0     0      1.248      0.182     -0.226      1.289      0.140
  1537       -211  pi-                 91  1267     0     0     0     0     0      1.372     -1.326     -1.328      2.329      0.140
  1538        111  (pi0)              -91  1267     0  1863  1864     0     0      0.064      0.008     -0.497      0.519      0.135
  1539        211  pi+                 91  1269     0     0     0     0     0     -0.235      0.067     -4.466      4.475      0.140
  1540       -211  pi-                 91  1269     0     0     0     0     0     -0.471     -0.772     -6.289      6.355      0.140
  1541       -211  pi-                 91  1270     0     0     0     0     0     -0.343     -0.351    -27.492     27.497      0.140
  1542        111  (pi0)              -91  1270     0  1865  1866     0     0      0.021     -0.016     -0.855      0.866      0.135
  1543       -211  pi-                 91  1273     0     0     0     0     0     -0.324      0.988     49.634     49.645      0.140
  1544        111  (pi0)              -91  1273     0  1867  1868     0     0     -0.318      0.241     47.585     47.587      0.135
  1545        310  (K_S0)             -91  1275  1275  1869  1870     0     0      0.916      0.214      9.152      9.213      0.498
  1546       -321  K-                  91  1276     0     0     0     0     0     -0.653      0.164      2.057      2.219      0.494
  1547        211  pi+                 91  1276     0     0     0     0     0     -0.382     -0.201      2.192      2.239      0.140
  1548        211  pi+                 91  1277     0     0     0     0     0      0.047      0.289      0.361      0.485      0.140
  1549       -211  pi-                 91  1277     0     0     0     0     0      0.258     -0.480      0.793      0.973      0.140
  1550       -311  (Kbar0)            -91  1281     0  1618  1618     0     0      0.478      0.422     -3.134      3.237      0.498
  1551       -211  pi-                 91  1281     0     0     0     0     0     -0.263     -0.006     -0.772      0.827      0.140
  1552       2112  n0                  91  1313     0     0     0     0     0      3.349      2.718      7.279      8.513      0.940
  1553        211  pi+                 91  1313     0     0     0     0     0      0.104      0.159      0.451      0.509      0.140
  1554        211  pi+                 91  1314     0     0     0     0     0      0.009     -0.042      0.060      0.158      0.140
  1555        111  (pi0)              -91  1314     0  1871  1872     0     0      0.421      0.587      2.218      2.336      0.135
  1556      -2112  nbar0               91  1315     0     0     0     0     0      1.355      4.134      9.708     10.680      0.940
  1557       -211  pi-                 91  1315     0     0     0     0     0      0.016      0.345      0.669      0.766      0.140
  1558        130  K_L0                91  1316  1316     0     0     0     0      1.303      5.571     12.902     14.122      0.498
  1559        211  pi+                 91  1325     0     0     0     0     0      1.699      4.239     13.204     13.972      0.140
  1560       -211  pi-                 91  1325     0     0     0     0     0      0.040      0.064      1.333      1.343      0.140
  1561        311  (K0)               -91  1326     0  1619  1619     0     0      0.478      0.288      2.685      2.787      0.498
  1562        111  (pi0)              -91  1326     0  1873  1874     0     0      0.277      0.169      2.372      2.398      0.135
  1563        211  pi+                 91  1331     0     0     0     0     0      0.286      0.133      0.588      0.681      0.140
  1564        111  (pi0)              -91  1331     0  1875  1876     0     0      0.302     -0.736      1.786      1.960      0.135
  1565        211  pi+                 91  1334     0     0     0     0     0      0.658     -0.104      0.073      0.684      0.140
  1566        111  (pi0)              -91  1334     0  1877  1878     0     0     -0.382      0.316      0.149      0.535      0.135
  1567        130  K_L0                91  1336  1336     0     0     0     0     -1.994      0.672      1.800      2.814      0.498
  1568       -211  pi-                 91  1340     0     0     0     0     0     -1.787      0.674      1.154      2.236      0.140
  1569        111  (pi0)              -91  1340     0  1879  1880     0     0     -2.777      0.594      2.610      3.859      0.135
  1570        211  pi+                 91  1347     0     0     0     0     0     -1.951      0.247      4.979      5.355      0.140
  1571        111  (pi0)              -91  1347     0  1881  1882     0     0    -20.818      1.350     50.016     54.193      0.135
  1572        311  (K0)               -91  1351     0  1620  1620     0     0    -74.092      6.926    176.024    191.108      0.498
  1573        211  pi+                 91  1351     0     0     0     0     0    -15.739      1.730     37.305     40.527      0.140
  1574        211  pi+                 91  1354     0     0     0     0     0     -9.178      0.757     22.159     23.997      0.140
  1575        111  (pi0)              -91  1354     0  1883  1884     0     0    -80.081      8.546    190.693    207.002      0.135
  1576        211  pi+                 91  1377     0     0     0     0     0     -7.089     -2.209    -20.879     22.161      0.140
  1577        111  (pi0)              -91  1377     0  1885  1886     0     0     -1.712     -0.873     -5.568      5.892      0.135
  1578        321  K+                  91  1378     0     0     0     0     0    -18.157     -5.681    -53.208     56.509      0.494
  1579       -211  pi-                 91  1378     0     0     0     0     0     -4.378     -1.614    -12.852     13.674      0.140
  1580       -311  (Kbar0)            -91  1379     0  1621  1621     0     0     -5.745     -1.485    -17.054     18.064      0.498
  1581       -211  pi-                 91  1379     0     0     0     0     0     -0.472     -0.079     -0.842      0.978      0.140
  1582       2212  p+                  91  1380     0     0     0     0     0     -4.993     -1.264    -14.698     15.602      0.938
  1583       -211  pi-                 91  1380     0     0     0     0     0     -1.179     -0.405     -2.889      3.150      0.140
  1584        211  pi+                 91  1383     0     0     0     0     0     -1.496      0.264     -4.936      5.167      0.140
  1585        111  (pi0)              -91  1383     0  1887  1888     0     0    -13.943      3.339    -51.157     53.128      0.135
  1586        130  K_L0                91  1388  1388     0     0     0     0    -15.364      4.823    -52.665     55.074      0.498
  1587        211  pi+                 91  1390     0     0     0     0     0     -3.721      0.771    -12.273     12.849      0.140
  1588       -211  pi-                 91  1390     0     0     0     0     0    -16.927      5.530    -55.775     58.549      0.140
  1589       2112  n0                  91  1394     0     0     0     0     0    -20.565      8.352    -63.999     67.745      0.940
  1590       -211  pi-                 91  1394     0     0     0     0     0    -15.461      6.318    -48.017     50.839      0.140
  1591      -2112  nbar0               91  1395     0     0     0     0     0     -9.862      3.830    -30.125     31.942      0.940
  1592        211  pi+                 91  1395     0     0     0     0     0     -3.717      1.321    -12.236     12.857      0.140
  1593       2112  n0                  91  1397     0     0     0     0     0    -11.354      4.318    -33.886     36.010      0.940
  1594       -211  pi-                 91  1397     0     0     0     0     0     -0.418      0.070     -1.448      1.515      0.140
  1595      -2112  nbar0               91  1398     0     0     0     0     0     -3.099      0.944     -9.038      9.647      0.940
  1596        211  pi+                 91  1398     0     0     0     0     0     -0.984     -0.026     -3.874      3.999      0.140
  1597        211  pi+                 91  1402     0     0     0     0     0     -0.671     -0.260     -1.572      1.735      0.140
  1598       -211  pi-                 91  1402     0     0     0     0     0      0.043     -0.339     -0.453      0.585      0.140
  1599        321  K+                  91  1403     0     0     0     0     0     -1.386      0.093     -2.233      2.676      0.494
  1600       -211  pi-                 91  1403     0     0     0     0     0     -0.107      0.221     -1.047      1.085      0.140
  1601        130  K_L0                91  1406  1406     0     0     0     0      0.212      0.053      4.102      4.138      0.498
  1602        310  (K_S0)             -91  1407  1407  1889  1890     0     0      0.132     -1.359     10.029     10.134      0.498
  1603        310  (K_S0)             -91  1408  1408  1891  1893     0     0     -0.198      0.858     49.672     49.682      0.498
  1604        211  pi+                 91  1410     0     0     0     0     0      0.392     -0.287     10.457     10.470      0.140
  1605        111  (pi0)              -91  1410     0  1894  1895     0     0     -0.120     -0.281      2.580      2.602      0.135
  1606        321  K+                  91  1412     0     0     0     0     0      0.521     -0.113     28.489     28.499      0.494
  1607       -211  pi-                 91  1412     0     0     0     0     0      0.369     -0.280      7.791      7.806      0.140
  1608        130  K_L0                91  1413  1413     0     0     0     0     -0.598      0.004      7.385      7.426      0.498
  1609       -211  pi-                 91  1414     0     0     0     0     0      0.355     -0.213      0.856      0.961      0.140
  1610        111  (pi0)              -91  1414     0  1896  1897     0     0     -0.339     -0.216      1.598      1.653      0.135
  1611        130  K_L0                91  1416  1416     0     0     0     0     -0.627      1.762     -7.970      8.201      0.498
  1612        130  K_L0                91  1420  1420     0     0     0     0      1.549      0.315     69.642     69.661      0.498
  1613        310  (K_S0)             -91  1473  1473  1898  1899     0     0      1.133      0.189     -5.259      5.406      0.498
  1614        130  K_L0                91  1501  1501     0     0     0     0     -0.551     -0.275     -2.176      2.316      0.498
  1615        130  K_L0                91  1520  1520     0     0     0     0     -0.223     -0.045     -9.970      9.985      0.498
  1616        310  (K_S0)             -91  1524  1524  1900  1901     0     0     -0.868     -0.797    -10.052     10.133      0.498
  1617        130  K_L0                91  1535  1535     0     0     0     0      0.611      0.343     -0.269      0.901      0.498
  1618        310  (K_S0)             -91  1550  1550  1902  1903     0     0      0.478      0.422     -3.134      3.237      0.498
  1619        310  (K_S0)             -91  1561  1561  1904  1905     0     0      0.478      0.288      2.685      2.787      0.498
  1620        310  (K_S0)             -91  1572  1572  1906  1907     0     0    -74.092      6.926    176.024    191.108      0.498
  1621        310  (K_S0)             -91  1580  1580  1908  1909     0     0     -5.745     -1.485    -17.054     18.064      0.498
  1622        211  pi+                 91  1018     0     0     0     0     0     -0.068     -0.072      0.254      0.306      0.140
  1623       -211  pi-                 91  1018     0     0     0     0     0     -0.308      0.055      0.097      0.356      0.140
  1624        111  (pi0)              -91  1018     0  1910  1911     0     0     -0.596     -0.489      0.444      0.900      0.135
  1625         22  gamma               91  1019     0     0     0     0     0     -0.390      0.208      0.761      0.880      0.000
  1626         22  gamma               91  1019     0     0     0     0     0     -0.313      0.316      0.816      0.930      0.000
  1627         22  gamma               91  1026     0     0     0     0     0     -0.683      0.572     -0.458      1.002      0.000
  1628         22  gamma               91  1026     0     0     0     0     0     -0.312      0.392     -0.259      0.564      0.000
  1629        211  pi+                 91  1041     0     0     0     0     0     -0.527     -0.594     65.392     65.397      0.140
  1630       -211  pi-                 91  1041     0     0     0     0     0     -0.251     -0.111      9.768      9.773      0.140
  1631        111  (pi0)              -91  1041     0  1912  1913     0     0     -0.186     -0.070     19.742     19.743      0.135
  1632         22  gamma               91  1042     0     0     0     0     0     -0.012      0.011     17.794     17.794      0.000
  1633         22  gamma               91  1042     0     0     0     0     0      0.204      0.073     60.356     60.356      0.000
  1634         22  gamma               91  1047     0     0     0     0     0      0.384      0.221     71.219     71.221      0.000
  1635         22  gamma               91  1047     0     0     0     0     0      0.095      0.095     13.299     13.300      0.000
  1636         22  gamma               91  1081     0     0     0     0     0      0.008      0.036     -0.002      0.037      0.000
  1637         22  gamma               91  1081     0     0     0     0     0      0.379      0.289     -0.413      0.630      0.000
  1638         22  gamma               91  1082     0     0     0     0     0     -0.035     -0.094     -0.166      0.194      0.000
  1639         22  gamma               91  1082     0     0     0     0     0      0.082     -0.426     -1.058      1.144      0.000
  1640        211  pi+                 91  1085     0     0     0     0     0     -0.107     -0.024      0.059      0.187      0.140
  1641       -211  pi-                 91  1085     0     0     0     0     0     -0.011      0.086      0.005      0.165      0.140
  1642        111  (pi0)              -91  1085     0  1914  1915     0     0     -0.015     -0.249      0.767      0.818      0.135
  1643         22  gamma               91  1086     0     0     0     0     0      0.037      0.146      1.567      1.575      0.000
  1644         22  gamma               91  1086     0     0     0     0     0      0.334      0.364      4.885      4.910      0.000
  1645         22  gamma               91  1101     0     0     0     0     0      0.020      0.024      7.492      7.492      0.000
  1646         22  gamma               91  1101     0     0     0     0     0     -0.111      0.098      9.430      9.431      0.000
  1647        211  pi+                 91  1104     0     0     0     0     0      0.151      0.040      6.730      6.733      0.140
  1648       -211  pi-                 91  1104     0     0     0     0     0      0.574     -0.236     16.341     16.354      0.140
  1649        111  (pi0)              -91  1104     0  1916  1917     0     0      0.216     -0.135      7.890      7.896      0.135
  1650         22  gamma               91  1105     0     0     0     0     0     -0.024      0.019      0.221      0.224      0.000
  1651         22  gamma               91  1105     0     0     0     0     0     -0.225      0.718     10.163     10.191      0.000
  1652       2112  n0                  91  1107     0     0     0     0     0      0.700     -0.197      3.079      3.300      0.940
  1653       -211  pi-                 91  1107     0     0     0     0     0      0.048      0.100      0.184      0.256      0.140
  1654         22  gamma               91  1119     0     0     0     0     0     -0.048      0.011    -20.382     20.382      0.000
  1655         22  gamma               91  1119     0     0     0     0     0     -0.074      0.198   -215.344    215.344      0.000
  1656        211  pi+                 91  1121     0     0     0     0     0     -0.348     -0.069   -123.930    123.931      0.140
  1657       -211  pi-                 91  1121     0     0     0     0     0     -0.025      0.082    -17.184     17.184      0.140
  1658        111  (pi0)              -91  1121     0  1918  1919     0     0      0.110     -0.113    -42.919     42.919      0.135
  1659         22  gamma               91  1150     0     0     0     0     0      2.232     -1.787    -10.015     10.415      0.000
  1660         22  gamma               91  1150     0     0     0     0     0      0.130     -0.069     -0.567      0.586      0.000
  1661         22  gamma               91  1153     0     0     0     0     0      0.033     -0.033     -0.020      0.050      0.000
  1662         22  gamma               91  1153     0     0     0     0     0      0.528     -0.506     -1.028      1.262      0.000
  1663        130  K_L0                91  1155     0     0     0     0     0      0.964      0.842     -2.033      2.453      0.498
  1664        310  (K_S0)             -91  1155     0  1920  1921     0     0      0.729      0.507     -1.390      1.723      0.498
  1665        211  pi+                 91  1161     0     0     0     0     0      0.241      0.133      0.367      0.479      0.140
  1666       -211  pi-                 91  1161     0     0     0     0     0      0.211     -0.130      0.262      0.387      0.140
  1667        111  (pi0)              -91  1161     0  1922  1923     0     0      1.066      0.137      0.574      1.226      0.135
  1668         22  gamma               91  1162     0     0     0     0     0      0.991     -1.032      2.541      2.916      0.000
  1669         22  gamma               91  1162     0     0     0     0     0      0.285     -0.274      0.572      0.695      0.000
  1670         22  gamma               91  1167     0     0     0     0     0     -0.009     -0.023      0.323      0.324      0.000
  1671         22  gamma               91  1167     0     0     0     0     0     -0.065      0.121      6.853      6.854      0.000
  1672         22  gamma               91  1173     0     0     0     0     0     -0.637     -0.598      3.197      3.314      0.000
  1673         22  gamma               91  1173     0     0     0     0     0     -0.885     -1.023      4.611      4.806      0.000
  1674        211  pi+                 91  1174     0     0     0     0     0     -0.371     -0.305      3.685      3.719      0.140
  1675       -211  pi-                 91  1174     0     0     0     0     0     -0.200     -0.089      1.026      1.058      0.140
  1676        111  (pi0)              -91  1174     0  1924  1925     0     0     -0.104     -0.130      1.762      1.775      0.135
  1677        211  pi+                 91  1203     0     0     0     0     0     -0.077      0.333     -0.051      0.373      0.140
  1678       -211  pi-                 91  1203     0     0     0     0     0     -0.109     -0.048     -0.128      0.224      0.140
  1679        111  (pi0)              -91  1203     0  1926  1927     0     0      0.252      0.152     -0.171      0.366      0.135
  1680       2212  p+                  91  1208     0     0     0     0     0     -2.021      0.812     -3.608      4.318      0.938
  1681       -211  pi-                 91  1208     0     0     0     0     0     -0.250      0.009     -0.374      0.471      0.140
  1682         22  gamma               91  1217     0     0     0     0     0      0.050     -0.115     -3.700      3.702      0.000
  1683         22  gamma               91  1217     0     0     0     0     0      0.038      0.019     -3.786      3.786      0.000
  1684        211  pi+                 91  1221     0     0     0     0     0      0.176      0.079    -28.789     28.790      0.140
  1685       -211  pi-                 91  1221     0     0     0     0     0      0.040      0.182    -12.180     12.182      0.140
  1686        221  (eta)              -91  1221     0  1928  1930     0     0      0.106      0.515    -54.311     54.317      0.548
  1687         22  gamma               91  1222     0     0     0     0     0     -0.083      0.147   -163.862    163.862      0.000
  1688         22  gamma               91  1222     0     0     0     0     0      0.014      0.132    -66.903     66.904      0.000
  1689         22  gamma               91  1225     0     0     0     0     0     -0.094     -0.483   -263.760    263.761      0.000
  1690         22  gamma               91  1225     0     0     0     0     0     -0.091     -0.906   -583.551    583.551      0.000
  1691         22  gamma               91  1227     0     0     0     0     0     -0.058     -0.014    -54.365     54.365      0.000
  1692         22  gamma               91  1227     0     0     0     0     0     -0.224     -0.299   -187.753    187.753      0.000
  1693         22  gamma               91  1239     0     0     0     0     0     -0.146     -0.216     -1.109      1.139      0.000
  1694         22  gamma               91  1239     0     0     0     0     0     -0.519     -1.193     -6.413      6.544      0.000
  1695        211  pi+                 91  1240     0     0     0     0     0     -0.488     -0.474     -4.814      4.864      0.140
  1696       -211  pi-                 91  1240     0     0     0     0     0     -0.825     -0.736     -7.157      7.244      0.140
  1697        111  (pi0)              -91  1240     0  1931  1932     0     0     -0.352     -0.561     -5.226      5.269      0.135
  1698        211  pi+                 91  1253     0     0     0     0     0     20.874      4.298     -2.810     21.497      0.140
  1699       -211  pi-                 91  1253     0     0     0     0     0     33.523      6.786     -4.933     34.557      0.140
  1700        111  (pi0)              -91  1253     0  1933  1934     0     0     60.259     12.546     -8.910     62.193      0.135
  1701         22  gamma               91  1257     0     0     0     0     0     20.350      3.937     -2.557     20.884      0.000
  1702         22  gamma               91  1257     0     0     0     0     0     11.440      2.215     -1.335     11.728      0.000
  1703         22  gamma               91  1259     0     0     0     0     0     27.590      5.032     -3.080     28.214      0.000
  1704         22  gamma               91  1259     0     0     0     0     0     13.171      2.335     -1.535     13.465      0.000
  1705        211  pi+                 91  1261     0     0     0     0     0     10.798      1.488     -1.072     10.953      0.140
  1706       -211  pi-                 91  1261     0     0     0     0     0      2.463      0.393     -0.392      2.528      0.140
  1707        111  (pi0)              -91  1261     0  1935  1936     0     0      9.040      1.060     -0.715      9.131      0.135
  1708        111  (pi0)              -91  1265     0  1937  1938     0     0      2.152      0.171     -0.676      2.266      0.135
  1709         22  gamma               91  1265     0     0     0     0     0      0.542      0.049      0.240      0.595      0.000
  1710        211  pi+                 91  1266     0     0     0     0     0      0.368     -0.018      0.090      0.404      0.140
  1711       -211  pi-                 91  1266     0     0     0     0     0      0.346      0.062     -0.253      0.455      0.140
  1712        111  (pi0)              -91  1266     0  1939  1940     0     0      0.902      0.434     -0.069      1.012      0.135
  1713         22  gamma               91  1282     0     0     0     0     0      0.035     -0.294     -6.860      6.866      0.000
  1714         22  gamma               91  1282     0     0     0     0     0      0.100     -0.119     -2.783      2.787      0.000
  1715        211  pi+                 91  1284     0     0     0     0     0      0.005     -0.147    -20.769     20.770      0.140
  1716       -211  pi-                 91  1284     0     0     0     0     0      0.178     -0.296    -48.953     48.955      0.140
  1717        111  (pi0)              -91  1284     0  1941  1942     0     0     -0.010     -0.031    -33.155     33.155      0.135
  1718        111  (pi0)              -91  1309     0  1943  1944     0     0      0.354      0.143      0.634      0.753      0.135
  1719        111  (pi0)              -91  1309     0  1945  1946     0     0      0.336      0.335      0.806      0.945      0.135
  1720        111  (pi0)              -91  1309     0  1947  1948     0     0      0.828      0.386      1.167      1.488      0.135
  1721         22  gamma               91  1310     0     0     0     0     0      0.761      0.374      1.864      2.048      0.000
  1722         22  gamma               91  1310     0     0     0     0     0      0.058      0.026      0.071      0.095      0.000
  1723        111  (pi0)              -91  1312     0  1949  1950     0     0      0.170      0.300      0.503      0.625      0.135
  1724        111  (pi0)              -91  1312     0  1951  1952     0     0      0.328      0.306      0.959      1.068      0.135
  1725        111  (pi0)              -91  1312     0  1953  1954     0     0      0.078      0.122      0.648      0.678      0.135
  1726        211  pi+                 91  1318     0     0     0     0     0      0.604      4.265      9.472     10.406      0.140
  1727       -211  pi-                 91  1318     0     0     0     0     0      0.609      1.957      4.598      5.036      0.140
  1728        111  (pi0)              -91  1318     0  1955  1956     0     0      0.135      1.149      2.333      2.608      0.135
  1729       2212  p+                  91  1319     0     0     0     0     0      1.595      7.571     17.814     19.444      0.938
  1730        111  (pi0)              -91  1319     0  1957  1958     0     0      0.478      1.472      3.191      3.549      0.135
  1731      -2212  pbar-               91  1320     0     0     0     0     0      3.061     13.332     27.903     31.090      0.938
  1732        111  (pi0)              -91  1320     0  1959  1960     0     0      1.329      4.791     10.254     11.397      0.135
  1733       3122  (Lambda0)          -91  1322     0  1961  1962     0     0      2.168      7.147     17.570     19.124      1.116
  1734         22  gamma               91  1322     0     0     0     0     0      0.150      0.739      1.800      1.952      0.000
  1735      -2112  nbar0               91  1323     0     0     0     0     0      0.777      1.827      5.190      5.636      0.940
  1736       -211  pi-                 91  1323     0     0     0     0     0      0.369      0.298      1.245      1.340      0.140
  1737        211  pi+                 91  1327     0     0     0     0     0      0.298      0.181      1.172      1.231      0.140
  1738       -211  pi-                 91  1327     0     0     0     0     0      0.386      0.529      2.738      2.819      0.140
  1739        111  (pi0)              -91  1327     0  1963  1964     0     0      0.337      0.300      1.303      1.385      0.135
  1740         22  gamma               91  1329     0     0     0     0     0      0.089      0.274      0.542      0.614      0.000
  1741         22  gamma               91  1329     0     0     0     0     0     -0.021      0.117      0.113      0.164      0.000
  1742        211  pi+                 91  1330     0     0     0     0     0      0.252     -0.149      0.738      0.806      0.140
  1743       -211  pi-                 91  1330     0     0     0     0     0     -0.125     -0.115      0.357      0.420      0.140
  1744        111  (pi0)              -91  1330     0  1965  1966     0     0      0.119      0.112      0.111      0.239      0.135
  1745         22  gamma               91  1332     0     0     0     0     0      0.140     -0.202      0.065      0.255      0.000
  1746         22  gamma               91  1332     0     0     0     0     0      0.393     -0.265      0.195      0.512      0.000
  1747        211  pi+                 91  1335     0     0     0     0     0     -0.053     -0.023      0.108      0.186      0.140
  1748       -211  pi-                 91  1335     0     0     0     0     0     -0.848      0.485      1.370      1.689      0.140
  1749        111  (pi0)              -91  1335     0  1967  1968     0     0     -0.539      0.096      0.480      0.741      0.135
  1750        211  pi+                 91  1339     0     0     0     0     0     -0.769      0.286      0.654      1.058      0.140
  1751       -211  pi-                 91  1339     0     0     0     0     0     -0.943      0.271      1.279      1.618      0.140
  1752        111  (pi0)              -91  1339     0  1969  1970     0     0     -1.227      0.680      1.013      1.736      0.135
  1753         22  gamma               91  1345     0     0     0     0     0     -0.370     -0.157      0.981      1.060      0.000
  1754         22  gamma               91  1345     0     0     0     0     0     -0.382     -0.023      0.876      0.956      0.000
  1755         22  gamma               91  1346     0     0     0     0     0     -0.470      0.098      0.882      1.005      0.000
  1756         22  gamma               91  1346     0     0     0     0     0     -0.184      0.060      0.211      0.286      0.000
  1757        113  (rho0)             -91  1348     0  1971  1972     0     0     -8.213      0.484     19.298     20.992      0.771
  1758         22  gamma               91  1348     0     0     0     0     0     -4.351      0.316     10.101     11.002      0.000
  1759        211  pi+                 91  1350     0     0     0     0     0     -1.800      0.443      4.490      4.859      0.140
  1760       -211  pi-                 91  1350     0     0     0     0     0    -10.445      0.983     26.343     28.355      0.140
  1761         22  gamma               91  1353     0     0     0     0     0    -15.763      1.720     36.657     39.940      0.000
  1762         22  gamma               91  1353     0     0     0     0     0    -28.648      2.951     68.407     74.222      0.000
  1763        223  (omega)            -91  1376     0  1973  1975     0     0   -157.790    -50.567   -448.237    477.883      0.790
  1764         22  gamma               91  1376     0     0     0     0     0    -67.492    -21.573   -191.409    204.103      0.000
  1765        211  pi+                 91  1392     0     0     0     0     0    -10.686      3.689    -34.688     36.484      0.140
  1766       -211  pi-                 91  1392     0     0     0     0     0     -6.809      2.582    -21.630     22.823      0.140
  1767        111  (pi0)              -91  1392     0  1976  1977     0     0     -4.863      1.646    -14.862     15.725      0.135
  1768         22  gamma               91  1393     0     0     0     0     0     -4.452      1.420    -13.593     14.374      0.000
  1769         22  gamma               91  1393     0     0     0     0     0     -8.774      2.948    -26.539     28.107      0.000
  1770         22  gamma               91  1396     0     0     0     0     0     -0.941      0.315     -2.928      3.091      0.000
  1771         22  gamma               91  1396     0     0     0     0     0     -1.420      0.430     -3.905      4.177      0.000
  1772         22  gamma               91  1400     0     0     0     0     0     -1.365      0.222     -3.457      3.724      0.000
  1773         22  gamma               91  1400     0     0     0     0     0     -0.175      0.017     -0.582      0.608      0.000
  1774        211  pi+                 91  1404     0     0     0     0     0     -0.070     -0.002      0.563      0.584      0.140
  1775       -211  pi-                 91  1404     0     0     0     0     0      0.143     -0.411     -0.023      0.458      0.140
  1776        111  (pi0)              -91  1404     0  1978  1979     0     0      0.107     -0.225      0.416      0.503      0.135
  1777         22  gamma               91  1405     0     0     0     0     0     -0.162      0.158      0.217      0.313      0.000
  1778         22  gamma               91  1405     0     0     0     0     0     -0.333     -0.153      1.736      1.774      0.000
  1779        211  pi+                 91  1411     0     0     0     0     0      0.110      0.176     10.213     10.216      0.140
  1780       -211  pi-                 91  1411     0     0     0     0     0     -0.251      0.061      5.868      5.875      0.140
  1781        111  (pi0)              -91  1411     0  1980  1981     0     0      0.006     -0.144      3.318      3.324      0.135
  1782        111  (pi0)              -91  1415     0  1982  1983     0     0     -0.504      0.580      1.100      1.349      0.135
  1783        111  (pi0)              -91  1415     0  1984  1985     0     0     -0.179      0.290      0.457      0.586      0.135
  1784        111  (pi0)              -91  1415     0  1986  1987     0     0     -0.668      0.660      1.740      1.982      0.135
  1785         22  gamma               91  1417     0     0     0     0     0      0.042     -0.032     -0.254      0.259      0.000
  1786         22  gamma               91  1417     0     0     0     0     0     -0.086      0.024     -0.367      0.378      0.000
  1787         22  gamma               91  1419     0     0     0     0     0      0.737     -0.173     13.657     13.678      0.000
  1788         22  gamma               91  1419     0     0     0     0     0      0.392      0.004      7.492      7.502      0.000
  1789         22  gamma               91  1423     0     0     0     0     0     -0.137      0.064      0.011      0.152      0.000
  1790         22  gamma               91  1423     0     0     0     0     0     -1.172      0.183     -0.090      1.190      0.000
  1791         22  gamma               91  1425     0     0     0     0     0     -0.280     -0.095      0.036      0.298      0.000
  1792         22  gamma               91  1425     0     0     0     0     0     -0.259     -0.102      0.172      0.327      0.000
  1793         22  gamma               91  1427     0     0     0     0     0     -1.516      0.959      1.758      2.512      0.000
  1794         22  gamma               91  1427     0     0     0     0     0     -0.167      0.125      0.270      0.341      0.000
  1795         22  gamma               91  1429     0     0     0     0     0      0.063      0.071      0.128      0.159      0.000
  1796         22  gamma               91  1429     0     0     0     0     0     -0.059      0.165      0.176      0.248      0.000
  1797         22  gamma               91  1431     0     0     0     0     0     -0.103     -0.095      3.002      3.006      0.000
  1798         22  gamma               91  1431     0     0     0     0     0     -0.105     -0.242      3.234      3.245      0.000
  1799         22  gamma               91  1435     0     0     0     0     0     -0.027     -0.275     29.483     29.485      0.000
  1800         22  gamma               91  1435     0     0     0     0     0     -0.086     -0.435     32.649     32.652      0.000
  1801         22  gamma               91  1437     0     0     0     0     0      0.132      0.372     48.509     48.511      0.000
  1802         22  gamma               91  1437     0     0     0     0     0     -0.034      0.101     14.210     14.210      0.000
  1803         22  gamma               91  1445     0     0     0     0     0      0.848      1.990      8.590      8.858      0.000
  1804         22  gamma               91  1445     0     0     0     0     0      0.208      0.550      2.621      2.686      0.000
  1805         22  gamma               91  1447     0     0     0     0     0     -0.096      0.055      0.334      0.352      0.000
  1806         22  gamma               91  1447     0     0     0     0     0      0.033      0.094      0.363      0.377      0.000
  1807        211  pi+                 91  1448     0     0     0     0     0      0.044      0.342      1.513      1.558      0.140
  1808       -211  pi-                 91  1448     0     0     0     0     0      0.987      2.718     12.217     12.555      0.140
  1809         22  gamma               91  1450     0     0     0     0     0      0.207     -0.040      0.562      0.600      0.000
  1810         22  gamma               91  1450     0     0     0     0     0      0.362     -0.017      0.577      0.682      0.000
  1811         22  gamma               91  1452     0     0     0     0     0      0.047      0.029      0.080      0.097      0.000
  1812         22  gamma               91  1452     0     0     0     0     0      1.206      0.326      2.896      3.154      0.000
  1813        211  pi+                 91  1454     0     0     0     0     0     -0.030     -0.110     -0.590      0.617      0.140
  1814       -211  pi-                 91  1454     0     0     0     0     0     -0.470      0.172     -1.173      1.283      0.140
  1815         22  gamma               91  1456     0     0     0     0     0      0.124      0.026     -0.079      0.149      0.000
  1816         22  gamma               91  1456     0     0     0     0     0      0.136     -0.118     -0.091      0.201      0.000
  1817         22  gamma               91  1458     0     0     0     0     0     -0.093     -0.158      0.057      0.193      0.000
  1818         22  gamma               91  1458     0     0     0     0     0     -0.033     -0.158      0.190      0.249      0.000
  1819         22  gamma               91  1466     0     0     0     0     0      0.230     -0.152     -2.147      2.165      0.000
  1820         22  gamma               91  1466     0     0     0     0     0      0.032      0.029     -0.284      0.287      0.000
  1821         22  gamma               91  1468     0     0     0     0     0     -0.135      0.175      6.901      6.905      0.000
  1822         22  gamma               91  1468     0     0     0     0     0     -0.001      0.199      6.521      6.524      0.000
  1823         22  gamma               91  1470     0     0     0     0     0      0.003      0.028     -0.110      0.114      0.000
  1824         22  gamma               91  1470     0     0     0     0     0      0.336     -0.018     -1.185      1.231      0.000
  1825         22  gamma               91  1472     0     0     0     0     0      0.009     -0.176     -9.330      9.332      0.000
  1826         22  gamma               91  1472     0     0     0     0     0      0.046     -0.011     -5.827      5.827      0.000
  1827         22  gamma               91  1474     0     0     0     0     0      0.127     -0.060     -0.579      0.596      0.000
  1828         22  gamma               91  1474     0     0     0     0     0      0.279     -0.280     -1.010      1.085      0.000
  1829         22  gamma               91  1476     0     0     0     0     0      0.263      0.044     -1.325      1.352      0.000
  1830         22  gamma               91  1476     0     0     0     0     0      0.391     -0.063     -1.501      1.552      0.000
  1831         22  gamma               91  1478     0     0     0     0     0      0.416     -0.059     -1.133      1.208      0.000
  1832         22  gamma               91  1478     0     0     0     0     0      0.372     -0.177     -0.978      1.062      0.000
  1833        211  pi+                 91  1480     0     0     0     0     0      1.547      0.300     -0.537      1.671      0.140
  1834       -211  pi-                 91  1480     0     0     0     0     0      1.980     -0.075     -0.592      2.073      0.140
  1835         22  gamma               91  1490     0     0     0     0     0      0.009     -0.084      1.153      1.156      0.000
  1836         22  gamma               91  1490     0     0     0     0     0      0.031      0.051      0.954      0.956      0.000
  1837         22  gamma               91  1492     0     0     0     0     0     -0.019     -0.329      1.018      1.070      0.000
  1838         22  gamma               91  1492     0     0     0     0     0     -0.065     -0.151      0.308      0.349      0.000
  1839        211  pi+                 91  1494     0     0     0     0     0      0.171      0.051      0.039      0.230      0.140
  1840       -211  pi-                 91  1494     0     0     0     0     0      0.316      0.760     -0.098      0.840      0.140
  1841         22  gamma               91  1496     0     0     0     0     0      0.144      0.072      0.086      0.183      0.000
  1842         22  gamma               91  1496     0     0     0     0     0      0.178     -0.056      0.061      0.197      0.000
  1843         22  gamma               91  1498     0     0     0     0     0     -0.177      0.032     -0.038      0.183      0.000
  1844         22  gamma               91  1498     0     0     0     0     0     -0.000      0.035      0.034      0.049      0.000
  1845         22  gamma               91  1504     0     0     0     0     0     -0.001     -0.006     -0.006      0.008      0.000
  1846         22  gamma               91  1504     0     0     0     0     0     -0.760      0.555     -1.844      2.070      0.000
  1847         22  gamma               91  1506     0     0     0     0     0      0.244      0.700     -5.677      5.726      0.000
  1848         22  gamma               91  1506     0     0     0     0     0      0.072      0.419     -3.883      3.906      0.000
  1849         22  gamma               91  1508     0     0     0     0     0     -0.039     -0.025     -0.581      0.583      0.000
  1850         22  gamma               91  1508     0     0     0     0     0      0.106     -0.154     -2.024      2.033      0.000
  1851         22  gamma               91  1511     0     0     0     0     0      0.008      0.341     -8.716      8.723      0.000
  1852         22  gamma               91  1511     0     0     0     0     0      0.020      0.180     -2.720      2.726      0.000
  1853         22  gamma               91  1515     0     0     0     0     0     -0.014     -0.013     -0.841      0.842      0.000
  1854         22  gamma               91  1515     0     0     0     0     0      0.228     -0.146    -33.060     33.061      0.000
  1855         22  gamma               91  1517     0     0     0     0     0      0.906      0.292    -71.361     71.368      0.000
  1856         22  gamma               91  1517     0     0     0     0     0      0.201      0.043    -11.579     11.581      0.000
  1857        111  (pi0)              -91  1522     0  1988  1989     0     0     -0.742      0.021    -13.806     13.827      0.135
  1858        111  (pi0)              -91  1522     0  1990  1991     0     0     -0.005      0.004     -1.676      1.682      0.135
  1859        111  (pi0)              -91  1523     0  1992  1993     0     0     -0.070      0.012     -4.314      4.316      0.135
  1860        111  (pi0)              -91  1523     0  1994  1995     0     0     -0.400     -0.076     -3.178      3.207      0.135
  1861       2112  n0                  91  1529     0     0     0     0     0     48.041      9.787     -5.602     49.355      0.940
  1862        111  (pi0)              -91  1529     0  1996  1997     0     0      3.185      0.672     -0.358      3.278      0.135
  1863         22  gamma               91  1538     0     0     0     0     0      0.020     -0.038     -0.044      0.061      0.000
  1864         22  gamma               91  1538     0     0     0     0     0      0.044      0.046     -0.453      0.458      0.000
  1865         22  gamma               91  1542     0     0     0     0     0     -0.016      0.014     -0.019      0.028      0.000
  1866         22  gamma               91  1542     0     0     0     0     0      0.037     -0.031     -0.836      0.838      0.000
  1867         22  gamma               91  1544     0     0     0     0     0     -0.202      0.225     32.286     32.288      0.000
  1868         22  gamma               91  1544     0     0     0     0     0     -0.115      0.016     15.299     15.300      0.000
  1869        211  pi+                 91  1545     0     0     0     0     0      0.738      0.145      5.362      5.417      0.140
  1870       -211  pi-                 91  1545     0     0     0     0     0      0.178      0.069      3.789      3.797      0.140
  1871         22  gamma               91  1555     0     0     0     0     0      0.030      0.036      0.289      0.293      0.000
  1872         22  gamma               91  1555     0     0     0     0     0      0.390      0.550      1.929      2.044      0.000
  1873         22  gamma               91  1562     0     0     0     0     0      0.083      0.001      0.347      0.357      0.000
  1874         22  gamma               91  1562     0     0     0     0     0      0.195      0.168      2.025      2.041      0.000
  1875         22  gamma               91  1564     0     0     0     0     0      0.288     -0.701      1.606      1.776      0.000
  1876         22  gamma               91  1564     0     0     0     0     0      0.014     -0.035      0.180      0.184      0.000
  1877         22  gamma               91  1566     0     0     0     0     0     -0.283      0.180      0.148      0.367      0.000
  1878         22  gamma               91  1566     0     0     0     0     0     -0.099      0.136      0.001      0.168      0.000
  1879         22  gamma               91  1569     0     0     0     0     0     -0.121      0.049      0.144      0.194      0.000
  1880         22  gamma               91  1569     0     0     0     0     0     -2.656      0.545      2.466      3.665      0.000
  1881         22  gamma               91  1571     0     0     0     0     0    -17.780      1.106     42.728     46.293      0.000
  1882         22  gamma               91  1571     0     0     0     0     0     -3.038      0.244      7.288      7.899      0.000
  1883         22  gamma               91  1575     0     0     0     0     0    -10.771      1.189     25.595     27.795      0.000
  1884         22  gamma               91  1575     0     0     0     0     0    -69.310      7.357    165.097    179.207      0.000
  1885         22  gamma               91  1577     0     0     0     0     0     -1.105     -0.557     -3.385      3.604      0.000
  1886         22  gamma               91  1577     0     0     0     0     0     -0.607     -0.316     -2.183      2.288      0.000
  1887         22  gamma               91  1585     0     0     0     0     0    -11.261      2.642    -41.271     42.862      0.000
  1888         22  gamma               91  1585     0     0     0     0     0     -2.682      0.697     -9.885     10.266      0.000
  1889        111  (pi0)              -91  1602     0  1998  1999     0     0     -0.061     -0.161      2.093      2.105      0.135
  1890        111  (pi0)              -91  1602     0  2000  2001     0     0      0.193     -1.198      7.935      8.029      0.135
  1891         12  nu_e                91  1603     0     0     0     0     0     -0.085      0.001      7.940      7.940      0.000
  1892        -11  e+                  91  1603     0     0     0     0     0     -0.021      0.443     24.730     24.734      0.001
  1893       -211  pi-                 91  1603     0     0     0     0     0     -0.092      0.414     17.002     17.008      0.140
  1894         22  gamma               91  1605     0     0     0     0     0     -0.125     -0.184      1.396      1.413      0.000
  1895         22  gamma               91  1605     0     0     0     0     0      0.004     -0.098      1.185      1.189      0.000
  1896         22  gamma               91  1610     0     0     0     0     0     -0.068     -0.030      0.551      0.556      0.000
  1897         22  gamma               91  1610     0     0     0     0     0     -0.271     -0.186      1.047      1.098      0.000
  1898        211  pi+                 91  1613     0     0     0     0     0      0.099      0.104     -1.027      1.047      0.140
  1899       -211  pi-                 91  1613     0     0     0     0     0      1.034      0.085     -4.231      4.359      0.140
  1900        211  pi+                 91  1616     0     0     0     0     0     -0.334     -0.246     -2.248      2.290      0.140
  1901       -211  pi-                 91  1616     0     0     0     0     0     -0.534     -0.551     -7.804      7.843      0.140
  1902        211  pi+                 91  1618     0     0     0     0     0      0.249      0.429     -1.648      1.727      0.140
  1903       -211  pi-                 91  1618     0     0     0     0     0      0.230     -0.007     -1.486      1.510      0.140
  1904        111  (pi0)              -91  1619     0  2002  2003     0     0      0.149     -0.071      0.483      0.528      0.135
  1905        111  (pi0)              -91  1619     0  2004  2005     0     0      0.329      0.359      2.202      2.259      0.135
  1906        211  pi+                 91  1620     0     0     0     0     0    -51.142      4.809    121.969    132.344      0.140
  1907       -211  pi-                 91  1620     0     0     0     0     0    -22.950      2.117     54.055     58.764      0.140
  1908        111  (pi0)              -91  1621     0  2006  2007     0     0     -2.758     -0.739     -7.578      8.099      0.135
  1909        111  (pi0)              -91  1621     0  2008  2009     0     0     -2.988     -0.746     -9.476      9.965      0.135
  1910         22  gamma               91  1624     0     0     0     0     0     -0.340     -0.252      0.170      0.456      0.000
  1911         22  gamma               91  1624     0     0     0     0     0     -0.255     -0.238      0.274      0.444      0.000
  1912         22  gamma               91  1631     0     0     0     0     0     -0.053     -0.023     12.199     12.199      0.000
  1913         22  gamma               91  1631     0     0     0     0     0     -0.134     -0.047      7.543      7.544      0.000
  1914         22  gamma               91  1642     0     0     0     0     0     -0.046     -0.030      0.239      0.245      0.000
  1915         22  gamma               91  1642     0     0     0     0     0      0.031     -0.219      0.528      0.572      0.000
  1916         22  gamma               91  1649     0     0     0     0     0      0.007     -0.053      0.851      0.853      0.000
  1917         22  gamma               91  1649     0     0     0     0     0      0.209     -0.082      7.039      7.043      0.000
  1918         22  gamma               91  1658     0     0     0     0     0      0.081      0.003    -23.181     23.181      0.000
  1919         22  gamma               91  1658     0     0     0     0     0      0.029     -0.116    -19.738     19.738      0.000
  1920        211  pi+                 91  1664     0     0     0     0     0      0.580      0.519     -1.233      1.465      0.140
  1921       -211  pi-                 91  1664     0     0     0     0     0      0.149     -0.012     -0.157      0.258      0.140
  1922         22  gamma               91  1667     0     0     0     0     0      1.036      0.147      0.575      1.194      0.000
  1923         22  gamma               91  1667     0     0     0     0     0      0.031     -0.010     -0.002      0.032      0.000
  1924         22  gamma               91  1676     0     0     0     0     0     -0.021     -0.110      0.634      0.643      0.000
  1925         22  gamma               91  1676     0     0     0     0     0     -0.083     -0.021      1.129      1.132      0.000
  1926         22  gamma               91  1679     0     0     0     0     0      0.120      0.081     -0.008      0.145      0.000
  1927         22  gamma               91  1679     0     0     0     0     0      0.133      0.071     -0.162      0.221      0.000
  1928        211  pi+                 91  1686     0     0     0     0     0      0.112      0.131    -16.358     16.360      0.140
  1929       -211  pi-                 91  1686     0     0     0     0     0      0.061      0.191    -11.115     11.118      0.140
  1930        111  (pi0)              -91  1686     0  2010  2011     0     0     -0.067      0.193    -26.838     26.839      0.135
  1931         22  gamma               91  1697     0     0     0     0     0     -0.360     -0.508     -4.793      4.833      0.000
  1932         22  gamma               91  1697     0     0     0     0     0      0.007     -0.053     -0.433      0.436      0.000
  1933         22  gamma               91  1700     0     0     0     0     0     34.201      7.189     -5.055     35.312      0.000
  1934         22  gamma               91  1700     0     0     0     0     0     26.058      5.357     -3.855     26.881      0.000
  1935         22  gamma               91  1707     0     0     0     0     0      0.177      0.009     -0.028      0.180      0.000
  1936         22  gamma               91  1707     0     0     0     0     0      8.863      1.051     -0.687      8.952      0.000
  1937         22  gamma               91  1708     0     0     0     0     0      1.924      0.116     -0.580      2.013      0.000
  1938         22  gamma               91  1708     0     0     0     0     0      0.228      0.054     -0.096      0.253      0.000
  1939         22  gamma               91  1712     0     0     0     0     0      0.782      0.403     -0.022      0.880      0.000
  1940         22  gamma               91  1712     0     0     0     0     0      0.120      0.031     -0.046      0.132      0.000
  1941         22  gamma               91  1717     0     0     0     0     0     -0.022      0.038    -23.074     23.074      0.000
  1942         22  gamma               91  1717     0     0     0     0     0      0.012     -0.070    -10.081     10.081      0.000
  1943         22  gamma               91  1718     0     0     0     0     0      0.031      0.065      0.100      0.124      0.000
  1944         22  gamma               91  1718     0     0     0     0     0      0.323      0.078      0.534      0.629      0.000
  1945         22  gamma               91  1719     0     0     0     0     0      0.314      0.284      0.770      0.878      0.000
  1946         22  gamma               91  1719     0     0     0     0     0      0.022      0.051      0.036      0.067      0.000
  1947         22  gamma               91  1720     0     0     0     0     0      0.809      0.396      1.126      1.442      0.000
  1948         22  gamma               91  1720     0     0     0     0     0      0.019     -0.010      0.041      0.046      0.000
  1949         22  gamma               91  1723     0     0     0     0     0      0.064      0.020      0.131      0.147      0.000
  1950         22  gamma               91  1723     0     0     0     0     0      0.106      0.280      0.372      0.477      0.000
  1951         22  gamma               91  1724     0     0     0     0     0      0.165      0.158      0.641      0.680      0.000
  1952         22  gamma               91  1724     0     0     0     0     0      0.163      0.148      0.319      0.388      0.000
  1953         22  gamma               91  1725     0     0     0     0     0     -0.033      0.002      0.079      0.086      0.000
  1954         22  gamma               91  1725     0     0     0     0     0      0.111      0.120      0.569      0.592      0.000
  1955         22  gamma               91  1728     0     0     0     0     0      0.005      0.019      0.012      0.023      0.000
  1956         22  gamma               91  1728     0     0     0     0     0      0.130      1.130      2.321      2.585      0.000
  1957         22  gamma               91  1730     0     0     0     0     0      0.173      0.656      1.524      1.668      0.000
  1958         22  gamma               91  1730     0     0     0     0     0      0.305      0.816      1.668      1.882      0.000
  1959         22  gamma               91  1732     0     0     0     0     0      0.518      1.748      3.891      4.297      0.000
  1960         22  gamma               91  1732     0     0     0     0     0      0.812      3.043      6.363      7.100      0.000
  1961       2112  n0                  91  1733     0     0     0     0     0      1.777      5.677     13.836     15.090      0.940
  1962        111  (pi0)              -91  1733     0  2012  2013     0     0      0.391      1.471      3.734      4.034      0.135
  1963         22  gamma               91  1739     0     0     0     0     0      0.350      0.290      1.254      1.334      0.000
  1964         22  gamma               91  1739     0     0     0     0     0     -0.013      0.010      0.049      0.051      0.000
  1965         22  gamma               91  1744     0     0     0     0     0      0.037     -0.026      0.050      0.068      0.000
  1966         22  gamma               91  1744     0     0     0     0     0      0.082      0.138      0.061      0.172      0.000
  1967         22  gamma               91  1749     0     0     0     0     0     -0.352      0.099      0.384      0.530      0.000
  1968         22  gamma               91  1749     0     0     0     0     0     -0.187     -0.003      0.097      0.211      0.000
  1969         22  gamma               91  1752     0     0     0     0     0     -0.807      0.519      0.699      1.187      0.000
  1970         22  gamma               91  1752     0     0     0     0     0     -0.420      0.161      0.314      0.548      0.000
  1971        211  pi+                 91  1757     0     0     0     0     0     -1.103     -0.158      2.613      2.844      0.140
  1972       -211  pi-                 91  1757     0     0     0     0     0     -7.109      0.642     16.684     18.148      0.140
  1973        211  pi+                 91  1763     0     0     0     0     0    -63.067    -20.265   -179.533    191.364      0.140
  1974       -211  pi-                 91  1763     0     0     0     0     0    -30.105     -9.855    -85.695     91.363      0.140
  1975        111  (pi0)              -91  1763     0  2014  2015     0     0    -64.617    -20.446   -183.009    195.156      0.135
  1976         22  gamma               91  1767     0     0     0     0     0     -2.624      0.926     -7.881      8.358      0.000
  1977         22  gamma               91  1767     0     0     0     0     0     -2.239      0.720     -6.981      7.367      0.000
  1978         22  gamma               91  1776     0     0     0     0     0     -0.010     -0.013      0.118      0.120      0.000
  1979         22  gamma               91  1776     0     0     0     0     0      0.117     -0.212      0.297      0.383      0.000
  1980         22  gamma               91  1781     0     0     0     0     0     -0.028     -0.000      0.154      0.156      0.000
  1981         22  gamma               91  1781     0     0     0     0     0      0.033     -0.144      3.164      3.168      0.000
  1982         22  gamma               91  1782     0     0     0     0     0     -0.314      0.270      0.531      0.673      0.000
  1983         22  gamma               91  1782     0     0     0     0     0     -0.191      0.310      0.569      0.676      0.000
  1984         22  gamma               91  1783     0     0     0     0     0     -0.131      0.087      0.177      0.237      0.000
  1985         22  gamma               91  1783     0     0     0     0     0     -0.048      0.203      0.280      0.349      0.000
  1986         22  gamma               91  1784     0     0     0     0     0     -0.552      0.513      1.283      1.488      0.000
  1987         22  gamma               91  1784     0     0     0     0     0     -0.116      0.147      0.457      0.493      0.000
  1988         22  gamma               91  1857     0     0     0     0     0     -0.230      0.010     -3.221      3.229      0.000
  1989         22  gamma               91  1857     0     0     0     0     0     -0.512      0.010    -10.586     10.598      0.000
  1990         22  gamma               91  1858     0     0     0     0     0      0.008     -0.014     -1.632      1.632      0.000
  1991         22  gamma               91  1858     0     0     0     0     0     -0.014      0.018     -0.045      0.050      0.000
  1992         22  gamma               91  1859     0     0     0     0     0      0.039      0.003     -0.733      0.734      0.000
  1993         22  gamma               91  1859     0     0     0     0     0     -0.109      0.009     -3.581      3.583      0.000
  1994         22  gamma               91  1860     0     0     0     0     0     -0.025      0.028     -0.193      0.196      0.000
  1995         22  gamma               91  1860     0     0     0     0     0     -0.375     -0.103     -2.985      3.011      0.000
  1996         22  gamma               91  1862     0     0     0     0     0      0.494      0.093     -0.008      0.503      0.000
  1997         22  gamma               91  1862     0     0     0     0     0      2.691      0.579     -0.351      2.775      0.000
  1998         22  gamma               91  1889     0     0     0     0     0     -0.004      0.014      0.586      0.586      0.000
  1999         22  gamma               91  1889     0     0     0     0     0     -0.057     -0.175      1.507      1.518      0.000
  2000         22  gamma               91  1890     0     0     0     0     0      0.049     -0.263      2.142      2.158      0.000
  2001         22  gamma               91  1890     0     0     0     0     0      0.144     -0.935      5.794      5.871      0.000
  2002         22  gamma               91  1904     0     0     0     0     0      0.130     -0.045      0.197      0.240      0.000
  2003         22  gamma               91  1904     0     0     0     0     0      0.020     -0.026      0.287      0.289      0.000
  2004         22  gamma               91  1905     0     0     0     0     0      0.007      0.059      0.391      0.396      0.000
  2005         22  gamma               91  1905     0     0     0     0     0      0.322      0.300      1.811      1.863      0.000
  2006         22  gamma               91  1908     0     0     0     0     0     -1.307     -0.419     -3.675      3.923      0.000
  2007         22  gamma               91  1908     0     0     0     0     0     -1.451     -0.321     -3.903      4.176      0.000
  2008         22  gamma               91  1909     0     0     0     0     0     -1.549     -0.451     -4.881      5.141      0.000
  2009         22  gamma               91  1909     0     0     0     0     0     -1.439     -0.295     -4.594      4.823      0.000
  2010         22  gamma               91  1930     0     0     0     0     0     -0.052      0.039     -3.456      3.456      0.000
  2011         22  gamma               91  1930     0     0     0     0     0     -0.015      0.153    -23.382     23.383      0.000
  2012         22  gamma               91  1962     0     0     0     0     0      0.161      0.661      1.497      1.644      0.000
  2013         22  gamma               91  1962     0     0     0     0     0      0.230      0.810      2.237      2.390      0.000
  2014         22  gamma               91  1975     0     0     0     0     0    -26.807     -8.541    -76.074     81.110      0.000
  2015         22  gamma               91  1975     0     0     0     0     0    -37.810    -11.905   -106.935    114.046      0.000
                                   Charge sum:  2.000           Momentum sum:      0.000      0.000     -0.000  13000.000  13000.000

 --------  End PYTHIA Event Listing  -----------------------------------------------------------------------------------------------

 -- HV-coloured particles --
   i      no   colHV  acolHV
   0       5     104       0
   1       6       0     104
   2       8     104       0
   3      10       0     104
 ---------------------------

 -- HV-coloured particles --
   i      no   colHV  acolHV
   0       5     104       0
   1       6       0     104
   2       9     104       0
   3      10       0     104
   4      14     104       0
   5      15       0     104
   6      20     104       0
   7      21       0     104
   8      30       0     104
   9      39       0     104
  10     100     104       0
  11     101       0     104
  12     486       0     104
  13     569     104       0
  14     570       0     104
  15     621     104       0
  16     622       0     104
  17     818     104       0
  18     819     293       0
  19     820     104     293
  20     822     295     293
  21     823     104     295
  22     827     293       0
  23     828     297     293
  24     829     295     297
  25     830     104     295
  26     831     298       0
  27     832     293     298
  28     833     297     293
  29     834     297     299
  30     835     299     293
  31     836     293     298
  32     842     298       0
  33     860     298       0
  34     862       0     104
  35     863       0     316
  36     864     316     104
  37     866     316     318
  38     867     318     104
  39     871       0     316
  40     872     320     318
  41     873     316     320
  42     874       0     316
  43     875     320     321
  44     876     321     318
  45     877     318     104
  46     878     318     322
  47     879     322     104
  48     881     323     322
  49     882     318     323
  50     883     321     318
  51     884     323     324
  52     885     324     322
  53     886     322     104
  54     904       0     316
  55     910       0     316
  56     916       0     316
 ---------------------------

 *-------  PYTHIA Event and Cross Section Statistics  -------------------------------------------------------------*
 |                                                                                                                 |
 | Subprocess                                    Code |            Number of events       |      sigma +- delta    |
 |                                                    |       Tried   Selected   Accepted |     (estimated) (mb)   |
 |                                                    |                                   |                        |
 |-----------------------------------------------------------------------------------------------------------------|
 |                                                    |                                   |                        |
 | g g -> Dv Dvbar                               4901 |       36119       1000       1000 |   1.049e-11  1.589e-13 |
 |                                                    |                                   |                        |
 | sum                                                |       36119       1000       1000 |   1.049e-11  1.589e-13 |
 |                                                                                                                 |
 *-------  End PYTHIA Event and Cross Section Statistics ----------------------------------------------------------*

 *-------  PYTHIA Error and Warning Messages Statistics  ----------------------------------------------------------* 
 |                                                                                                                 | 
 |  times   message                                                                                                | 
 |                                                                                                                 | 
 |      0   no errors or warnings to report                                                                        | 
 |                                                                                                                 | 
 *-------  End PYTHIA Error and Warning Messages Statistics  ------------------------------------------------------* 


  2026-07-22 14:07       number of HV gluons

        9.00*10^ 1            3                                                                                         
        8.70*10^ 1            X                                                                                         
        8.40*10^ 1            X3                                                                                        
        8.10*10^ 1            XX                                                                                        
        7.80*10^ 1         7 7XX                                                                                        
        7.50*10^ 1         X3XXX                                                                                        
        7.20*10^ 1         XXXXX                                                                                        
        6.90*10^ 1         XXXXX3                                                                                       
        6.60*10^ 1         XXXXXX 3                                                                                     
        6.30*10^ 1         XXXXXX X                                                                                     
        6.00*10^ 1        7XXXXXXXX                                                                                     
        5.70*10^ 1       3XXXXXXXXX                                                                                     
        5.40*10^ 1       XXXXXXXXXX                                                                                     
        5.10*10^ 1       XXXXXXXXXX                                                                                     
        4.80*10^ 1       XXXXXXXXXX77                                                                                   
        4.50*10^ 1       XXXXXXXXXXXX                                                                                   
        4.20*10^ 1       XXXXXXXXXXXX                                                                                   
        3.90*10^ 1       XXXXXXXXXXXX                                                                                   
        3.60*10^ 1       XXXXXXXXXXXX                                                                                   
        3.30*10^ 1       XXXXXXXXXXXX7                                                                                  
        3.00*10^ 1       XXXXXXXXXXXXX7                                                                                 
        2.70*10^ 1     3 XXXXXXXXXXXXXX                                                                                 
        2.40*10^ 1     X XXXXXXXXXXXXXX3                                                                                
        2.10*10^ 1     X7XXXXXXXXXXXXXXX                                                                                
        1.80*10^ 1    XXXXXXXXXXXXXXXXXX                                                                                
        1.50*10^ 1    XXXXXXXXXXXXXXXXXX7                                                                               
        1.20*10^ 1    XXXXXXXXXXXXXXXXXXX33                                                                             
        0.90*10^ 1    XXXXXXXXXXXXXXXXXXXXX3                                                                            
        0.60*10^ 1   3XXXXXXXXXXXXXXXXXXXXXX7                                                                           
        0.30*10^ 1   XXXXXXXXXXXXXXXXXXXXXXXXX33 7    3                                                                 

          Contents                                                                                                      
            *10^ 1  0012255777886664432211100000000000000000000000000000000000000000000000000000000000000000000000000000
            *10^ 0  0485059737827047729240075311020000100000000000000000000000000000000000000000000000000000000000000000
            *10^-1  0000000000000000000000000000000000000000000000000000000000000000000000000000000000000000000000000000
            *10^-2  0000000000000000000000000000000000000000000000000000000000000000000000000000000000000000000000000000

          Low edge  -                                                                                                   
            *10^ 1  0000000000011111111112222222222333333333344444444445555555555666666666677777777778888888888999999999
            *10^ 0  0012345678901234567890123456789012345678901234567890123456789012345678901234567890123456789012345678
            *10^-1  5555555555555555555555555555555555555555555555555555555555555555555555555555555555555555555555555555

   Entries  =      1000   xMin =    -0.500   Underflow =     0.000   Mean   =    11.054   RMS  =     4.941
   SumW(in) =  1000.000   xMax =    99.500   Overflow  =     0.000   Median =    10.549   nEff =  1000.000


  2026-07-22 14:07       number of HV gammas

        1.00*10^ 3  X                                                                                                   
        0.96*10^ 3  X                                                                                                   
        0.92*10^ 3  X                                                                                                   
        0.88*10^ 3  X                                                                                                   
        0.84*10^ 3  X                                                                                                   
        0.80*10^ 3  X                                                                                                   
        0.76*10^ 3  X                                                                                                   
        0.72*10^ 3  X                                                                                                   
        0.68*10^ 3  X                                                                                                   
        0.64*10^ 3  X                                                                                                   
        0.60*10^ 3  X                                                                                                   
        0.56*10^ 3  X                                                                                                   
        0.52*10^ 3  X                                                                                                   
        0.48*10^ 3  X                                                                                                   
        0.44*10^ 3  X                                                                                                   
        0.40*10^ 3  X                                                                                                   
        0.36*10^ 3  X                                                                                                   
        0.32*10^ 3  X                                                                                                   
        0.28*10^ 3  X                                                                                                   
        0.24*10^ 3  X                                                                                                   
        0.20*10^ 3  X                                                                                                   
        0.16*10^ 3  X                                                                                                   
        0.12*10^ 3  X                                                                                                   
        0.08*10^ 3  X                                                                                                   
        0.04*10^ 3  X                                                                                                   

          Contents                                                                                                      
            *10^ 3  1000000000000000000000000000000000000000000000000000000000000000000000000000000000000000000000000000
            *10^ 2  0000000000000000000000000000000000000000000000000000000000000000000000000000000000000000000000000000
            *10^ 1  0000000000000000000000000000000000000000000000000000000000000000000000000000000000000000000000000000
            *10^ 0  0000000000000000000000000000000000000000000000000000000000000000000000000000000000000000000000000000

          Low edge  -                                                                                                   
            *10^ 1  0000000000011111111112222222222333333333344444444445555555555666666666677777777778888888888999999999
            *10^ 0  0012345678901234567890123456789012345678901234567890123456789012345678901234567890123456789012345678
            *10^-1  5555555555555555555555555555555555555555555555555555555555555555555555555555555555555555555555555555

   Entries  =      1000   xMin =    -0.500   Underflow =     0.000   Mean   = 0.000e+00   RMS  = 0.000e+00
   SumW(in) =  1000.000   xMax =    99.500   Overflow  =     0.000   Median = 0.000e+00   nEff =  1000.000


  2026-07-22 14:07       number of HV hadrons

        7.80*10^ 1                 X                                                                                    
        7.50*10^ 1                 X                                                                                    
        7.20*10^ 1                 X                                                                                    
        6.90*10^ 1                XX                                                                                    
        6.60*10^ 1                XX XX                                                                                 
        6.30*10^ 1                XX XX                                                                                 
        6.00*10^ 1               3XX7XX 77                                                                              
        5.70*10^ 1               XXXXXX XX                                                                              
        5.40*10^ 1               XXXXXXXXX                                                                              
        5.10*10^ 1               XXXXXXXXX3                                                                             
        4.80*10^ 1               XXXXXXXXXX                                                                             
        4.50*10^ 1             33XXXXXXXXXX                                                                             
        4.20*10^ 1             XXXXXXXXXXXX                                                                             
        3.90*10^ 1             XXXXXXXXXXXXX 3                                                                          
        3.60*10^ 1             XXXXXXXXXXXXX X                                                                          
        3.30*10^ 1             XXXXXXXXXXXXX X                                                                          
        3.00*10^ 1             XXXXXXXXXXXXX7X3                                                                         
        2.70*10^ 1             XXXXXXXXXXXXXXXX                                                                         
        2.40*10^ 1            XXXXXXXXXXXXXXXXX3                                                                        
        2.10*10^ 1            XXXXXXXXXXXXXXXXXXX 3                                                                     
        1.80*10^ 1            XXXXXXXXXXXXXXXXXXX X                                                                     
        1.50*10^ 1            XXXXXXXXXXXXXXXXXXX7X                                                                     
        1.20*10^ 1            XXXXXXXXXXXXXXXXXXXXX 3                                                                   
        0.90*10^ 1          73XXXXXXXXXXXXXXXXXXXXX7X3                                                                  
        0.60*10^ 1          XXXXXXXXXXXXXXXXXXXXXXXXXXX                                                                 
        0.30*10^ 1       3 XXXXXXXXXXXXXXXXXXXXXXXXXXXXXXX7 7  3                                                        

          Contents                                                                                                      
            *10^ 1  0000000000244567566555432322211010000000000000000000000000000000000000000000000000000000000000000000
            *10^ 0  0000010387433898966499999782149807633320200100000000000000000000000000000000000000000000000000000000
            *10^-1  0000000000000000000000000000000000000000000000000000000000000000000000000000000000000000000000000000
            *10^-2  0000000000000000000000000000000000000000000000000000000000000000000000000000000000000000000000000000

          Low edge  -                                                                                                   
            *10^ 1  0000000000011111111112222222222333333333344444444445555555555666666666677777777778888888888999999999
            *10^ 0  0012345678901234567890123456789012345678901234567890123456789012345678901234567890123456789012345678
            *10^-1  5555555555555555555555555555555555555555555555555555555555555555555555555555555555555555555555555555

   Entries  =      1000   xMin =    -0.500   Underflow =     0.000   Mean   =    18.979   RMS  =     6.080
   SumW(in) =  1000.000   xMax =    99.500   Overflow  =     0.000   Median =    18.121   nEff =  1000.000
