
 *------------------------------------------------------------------------------------* 
 |                                                                                    | 
 |  *------------------------------------------------------------------------------*  | 
 |  |                                                                              |  | 
 |  |                                                                              |  | 
 |  |   PPP   Y   Y  TTTTT  H   H  III    A      Welcome to the Lund Monte Carlo!  |  | 
 |  |   P  P   Y Y     T    H   H   I    A A     This is PYTHIA version 8.315      |  | 
 |  |   PPP     Y      T    HHHHH   I   AAAAA    Last date of change: 27 May 2025  |  | 
 |  |   P       Y      T    H   H   I   A   A                                      |  | 
 |  |   P       Y      T    H   H  III  A   A    Now is 23 Jul 2026 at 17:04:21    |  | 
 |  |                                                                              |  | 
 |  |   Program documentation and an archive of historic versions is found on:     |  | 
 |  |                                                                              |  | 
 |  |                               https://pythia.org/                            |  | 
 |  |                                                                              |  | 
 |  |   PYTHIA is authored by a collaboration consisting of:                       |  | 
 |  |                                                                              |  | 
 |  |   Javira Altmann, Christian Bierlich, Naomi Cooke, Nishita Desai,            |  | 
 |  |   Ilkka Helenius, Philip Ilten, Leif Lonnblad, Stephen Mrenna,               |  | 
 |  |   Christian Preuss, Torbjorn Sjostrand, and Peter Skands.                    |  | 
 |  |                                                                              |  | 
 |  |   The complete list of authors, including contact information and            |  | 
 |  |   affiliations, can be found on https://pythia.org/.                         |  | 
 |  |   Problems or bugs should be reported on email at authors@pythia.org.        |  | 
 |  |                                                                              |  | 
 |  |   The main program reference is C. Bierlich et al,                           |  | 
 |  |   'A comprehensive guide to the physics and usage of Pythia 8.3',            |  | 
 |  |   SciPost Phys. Codebases 8-r8.3 (2022) [arXiv:2203.11601 [hep-ph]]          |  | 
 |  |                                                                              |  | 
 |  |   PYTHIA is released under the GNU General Public Licence version 2          |  | 
 |  |   or later. Please respect the MCnet Guidelines for Generator Authors        |  | 
 |  |   and Users.                                                                 |  | 
 |  |                                                                              |  | 
 |  |   Disclaimer: this program comes without any guarantees.                     |  | 
 |  |   Beware of errors and use common sense when interpreting results.           |  | 
 |  |                                                                              |  | 
 |  |   Copyright (C) 2025 Torbjorn Sjostrand                                      |  | 
 |  |                                                                              |  | 
 |  |                                                                              |  | 
 |  *------------------------------------------------------------------------------*  | 
 |                                                                                    | 
 *------------------------------------------------------------------------------------* 


 *-------  PYTHIA Process Initialization  --------------------------*
 |                                                                  |
 | We collide p+ with p+ at a CM energy of 1.360e+04 GeV            |
 |                                                                  |
 |------------------------------------------------------------------|
 |                                                    |             |
 | Subprocess                                    Code |   Estimated |
 |                                                    |    max (mb) |
 |                                                    |             |
 |------------------------------------------------------------------|
 |                                                    |             |
 | f fbar -> Zv                                  4941 |   3.220e-09 |
 |                                                                  |
 *-------  End PYTHIA Process Initialization -----------------------*
 PYTHIA Warning in SimpleTimeShower::init: Hidden Valley  pTmin too low, raised to 11.000

 *-------  PYTHIA Multiparton Interactions Initialization  ---------* 
 |                                                                  | 
 |                   sigmaNonDiffractive =    56.87 mb              | 
 |                                                                  | 
 |    pT0 =  2.63 gives sigmaInteraction =   324.02 mb: accepted    | 
 |                                                                  | 
 *-------  End PYTHIA Multiparton Interactions Initialization  -----* 

 *-------  PYTHIA Flag + Mode + Parm + Word + FVec + MVec + PVec + WVec Settings (changes only)  ------------------* 
 |                                                                                                                 | 
 | Name                                          |                      Now |      Default         Min         Max | 
 |                                               |                          |                                      | 
 | Beams:eCM                                     |                13600.000 |    14000.000         0.0             | 
 | HiddenValley:alphaOrder                       |                        1 |            0           0           3 | 
 | HiddenValley:ffbar2Zv                         |                       on |          off                         | 
 | HiddenValley:fragment                         |                       on |          off                         | 
 | HiddenValley:FSR                              |                       on |          off                         | 
 | HiddenValley:Lambda                           |                 10.00000 |      0.40000   0.0100000             | 
 | HiddenValley:probVector                       |                  0.70000 |      0.75000         0.0     1.00000 | 
 | HiddenValley:pTminFSR                         |                  1.00000 |      0.44000     0.10000             | 
 | HiddenValley:setLambda                        |                       on |          off                         | 
 | Init:showChangedParticleData                  |                      off |           on                         | 
 | Main:writeLog                                 |                       on |          off                         | 
 | Stat:showPartonLevel                          |                       on |          off                         | 
 | StringZ:useOldAExtra                          |                       on |          off                         | 
 |                                                                                                                 | 
 *-------  End PYTHIA Flag + Mode + Parm + Word + FVec + MVec + PVec + WVec Settings  -----------------------------* 

 *-------  PYTHIA Flag + Mode + Parm + Word + FVec + MVec + PVec + WVec Settings (changes only)  ------------------* 
 |                                                                                                                 | 
 | Name                                          |                      Now |      Default         Min         Max | 
 |                                               |                          |                                      | 
 | Beams:eCM                                     |                13600.000 |    14000.000         0.0             | 
 | HiddenValley:alphaOrder                       |                        1 |            0           0           3 | 
 | HiddenValley:ffbar2Zv                         |                       on |          off                         | 
 | HiddenValley:fragment                         |                       on |          off                         | 
 | HiddenValley:FSR                              |                       on |          off                         | 
 | HiddenValley:Lambda                           |                 10.00000 |      0.40000   0.0100000             | 
 | HiddenValley:probVector                       |                  0.70000 |      0.75000         0.0     1.00000 | 
 | HiddenValley:pTminFSR                         |                  1.00000 |      0.44000     0.10000             | 
 | HiddenValley:setLambda                        |                       on |          off                         | 
 | Init:showChangedParticleData                  |                      off |           on                         | 
 | Main:writeLog                                 |                       on |          off                         | 
 | Stat:showPartonLevel                          |                       on |          off                         | 
 | StringZ:useOldAExtra                          |                       on |          off                         | 
 |                                                                                                                 | 
 *-------  End PYTHIA Flag + Mode + Parm + Word + FVec + MVec + PVec + WVec Settings  -----------------------------* 

 --------  PYTHIA Particle Data Table (partial)  -----------------------------------------------------------------------------------
 
      id   name            antiName         spn chg col      m0        mWidth      mMin       mMax       tau0    res dec ext vis wid
             no onMode   bRatio   meMode     products 

 4900001  Dv               Dvbar              1  -1   1  400.00000    1.00000   50.00000    0.00000  1.97327e-13   1   1   0   1   0
              0     1   1.0000000  103        1  4900101 

 4900101  qv1              qv1bar             2   0   0   10.00000    0.00000   10.00000   10.00000  0.00000e+00   0   0   0   0   0

 4900102  qv2              qv2bar             2   0   0   10.00000    0.00000    5.00000    5.00000  0.00000e+00   0   0   0   0   0

 4900103  qv3              qv3bar             2   0   0   10.00000    0.00000    5.00000    5.00000  0.00000e+00   0   0   0   0   0

 4900021  gv                                  3   0   0    0.00000    0.00000    0.00000    0.00000  0.00000e+00   0   0   0   0   0

 4900022  gammav                              3   0   0    0.00000    0.00000    0.00000    0.00000  0.00000e+00   0   0   0   0   0
              0     0   0.0500000   91        1       -1 
              1     0   0.2000000   91        2       -2 
              2     0   0.0500000   91        3       -3 
              3     0   0.2000000   91        4       -4 
              4     0   0.0500000   91        5       -5 
              5     0   0.1500000   91       11      -11 
              6     0   0.0000000   91       12      -12 
              7     0   0.1500000   91       13      -13 
              8     0   0.0000000   91       14      -14 
              9     0   0.1500000   91       15      -15 
             10     0   0.0000000   91       16      -16 

 4900023  Zv                                  3   0   0  1.000e+03  2.000e+01  5.000e+02  1.500e+03  9.86635e-15   1   1   0   1   0
              0     0   0.0750000  102        1       -1 
              1     0   0.0750000  102        2       -2 
              2     0   0.0750000  102        3       -3 
              3     0   0.0750000  102        4       -4 
              4     0   0.0750000  102        5       -5 
              5     0   0.0750000  102        6       -6 
              6     0   0.0250000  102       11      -11 
              7     0   0.0250000  102       12      -12 
              8     0   0.0250000  102       13      -13 
              9     0   0.0250000  102       14      -14 
             10     0   0.0250000  102       15      -15 
             11     0   0.0250000  102       16      -16 
             12     1   0.0500000  102  4900101 -4900101 
             13     0   0.0500000  102  4900102 -4900102 
             14     0   0.0500000  102  4900103 -4900103 
             15     0   0.0500000  102  4900104 -4900104 
             16     0   0.0500000  102  4900105 -4900105 
             17     0   0.0500000  102  4900106 -4900106 
             18     0   0.0500000  102  4900107 -4900107 
             19     0   0.0500000  102  4900108 -4900108 

 4900111  pivDiag                             1   0   0    5.00000    0.00000    5.00000    5.00000  0.00000e+00   0   1   0   0   0
              0     1   1.0000000   91        1       -1 

 4900113  rhovDiag                            3   0   0   25.00000    0.00000   25.00000   25.00000  0.00000e+00   0   1   0   0   0
              0     1   1.0000000   91        1       -1 

 4900211  pivUp            pivDn              1   0   0   10.00000    0.00000   10.00000   10.00000  0.00000e+00   0   0   0   0   0

 4900213  rhovUp           rhovDn             3   0   0   10.00000    0.00000   10.00000   10.00000  0.00000e+00   0   0   0   0   0

 --------  End PYTHIA Particle Data Table  -----------------------------------------------------------------------------------------


 --------  PYTHIA Info Listing  ---------------------------------------- 
 
 Beam A: id =   2212, pz =  6.800e+03, e =  6.800e+03, m =  9.383e-01.
 Beam B: id =   2212, pz = -6.800e+03, e =  6.800e+03, m =  9.383e-01.

 In 1: id =    1, x =  3.491e-02, pdf =  4.765e-01 at Q2 =  1.011e+06.
 In 2: id =   -1, x =  1.565e-01, pdf =  4.508e-02 at same Q2.

 Subprocess f fbar -> Zv with code 4941 is 2 -> 1.
 It has sHat =  1.011e+06.
     alphaEM =  8.036e-03,  alphaS =  9.585e-02    at Q2 =  1.011e+06.

 Impact parameter b =  8.582e-01 gives enhancement factor =  9.850e-01.
 Max pT scale for MPI =  1.360e+04, ISR =  1.360e+04, FSR =  1.360e+04.
 Number of MPI =     3, ISR =    13, FSRproc =    54, FSRreson =     8.

 --------  End PYTHIA Info Listing  ------------------------------------

 --------  PYTHIA Event Listing  (hard process)  -----------------------------------------------------------------------------------
 
    no         id  name            status     mothers   daughters     colours      p_x        p_y        p_z         e          m 
     0         90  (system)           -11     0     0     0     0     0     0      0.000      0.000      0.000  13600.000  13600.000
     1       2212  (p+)               -12     0     0     3     0     0     0      0.000      0.000   6800.000   6800.000      0.938
     2       2212  (p+)               -12     0     0     4     0     0     0      0.000      0.000  -6800.000   6800.000      0.938
     3          1  (d)                -21     1     0     5     0   101     0      0.000      0.000    237.384    237.384      0.000
     4         -1  (dbar)             -21     2     0     5     0     0   101      0.000      0.000  -1064.270   1064.270      0.000
     5    4900023  (Zv)               -22     3     4     6     7     0     0      0.000      0.000   -826.886   1301.655   1005.269
     6    4900101  qv1                 23     5     0     0     0     0     0   -311.895   -341.858   -159.723    489.650     10.000
     7   -4900101  qv1bar              23     5     0     0     0     0     0    311.895    341.858   -667.163    812.005     10.000
                                   Charge sum:  0.000           Momentum sum:      0.000      0.000   -826.886   1301.655   1005.269

 --------  End PYTHIA Event Listing  -----------------------------------------------------------------------------------------------

 --------  PYTHIA Event Listing  (complete event)  ---------------------------------------------------------------------------------
 
    no         id  name            status     mothers   daughters     colours      p_x        p_y        p_z         e          m 
     0         90  (system)           -11     0     0     0     0     0     0      0.000      0.000      0.000  13600.000  13600.000
     1       2212  (p+)               -12     0     0   302     0     0     0      0.000      0.000   6800.000   6800.000      0.938
     2       2212  (p+)               -12     0     0   303     0     0     0      0.000      0.000  -6800.000   6800.000      0.938
     3          1  (d)                -21     6     0     5     0   101     0      0.000      0.000    237.384    237.384      0.000
     4         -1  (dbar)             -21     7     7     5     0     0   101      0.000      0.000  -1064.270   1064.270      0.000
     5    4900023  (Zv)               -22     3     4     8     8     0     0      0.000      0.000   -826.886   1301.655   1005.269
     6         21  (g)                -41    10     0     9     3   101   103     -0.000      0.000    330.829    330.829      0.000
     7         -1  (dbar)             -42    11    11     4     4     0   101      0.000     -0.000  -1064.270   1064.270      0.000
     8    4900023  (Zv)               -44     5     5    12    12     0     0    -67.179    150.660   -664.711   1216.395   1005.269
     9         -1  (dbar)             -43     6     0    13    13     0   103     67.179   -150.660    -68.730    178.705      0.330
    10         21  (g)                -41    15     0    14     6   104   103     -0.000     -0.000    659.561    659.561      0.000
    11         -1  (dbar)             -42    16    16     7     7     0   101      0.000      0.000  -1064.270   1064.270      0.000
    12    4900023  (Zv)               -44     8     8    17    17     0     0    -43.385    168.294   -665.232   1217.910   1005.269
    13         -1  (dbar)             -44     9     9    18    18     0   103     71.922   -147.145    -66.652    176.825      0.330
    14         21  (g)                -43    10     0    19    19   104   101    -28.537    -21.149    327.175    329.097      0.000
    15         21  (g)                -41    27    27    20    10   105   103     -0.000      0.000   1086.447   1086.447      0.000
    16         -1  (dbar)             -42    29    29    11    11     0   101      0.000     -0.000  -1064.270   1064.270      0.000
    17    4900023  (Zv)               -44    12    12    30    30     0     0    -44.387    174.674   -667.028   1219.825   1005.269
    18         -1  (dbar)             -44    13    13    25    26     0   103     71.722   -145.873    -64.793    174.989      0.330
    19         21  (g)                -44    14    14    32    32   104   101    -29.728    -13.574    327.393    329.020      0.000
    20         21  (g)                -43    15     0    33    33   105   104      2.393    -15.227    426.605    426.883      0.000
    21         21  (g)                -31    36     0    23    24   106   107      0.000      0.000      2.365      2.365      0.000
    22         21  (g)                -31    37    37    23    24   108   106      0.000      0.000    -21.441     21.441      0.000
    23         21  (g)                -33    21    22    38    38   108   109     -3.343      5.202    -15.439     16.632      0.000
    24         21  (g)                -33    21    22    39    39   109   107      3.343     -5.202     -3.637      7.174      0.000
    25         -1  (dbar)             -51    18     0    31    31     0   110     56.708   -105.531    -44.499    127.800      0.330
    26         21  (g)                -51    18     0    34    34   110   103     15.014    -40.342    -20.013     47.470      0.000
    27         21  (g)                -53    28     0    15    15   105   103     -0.000      0.000   1086.728   1086.728      0.000
    28         21  (g)                -41    43    43    35    27   111   103      0.000      0.000   1357.400   1357.400      0.000
    29         -1  (dbar)             -42    61     0    16    16     0   101     -0.000     -0.000  -1064.270   1064.270      0.000
    30    4900023  (Zv)               -44    17    17    62    62     0     0    -45.122    173.831   -666.797   1219.605   1005.269
    31         -1  (dbar)             -44    25    25    63    63     0   110     56.597   -105.658    -44.582    127.885      0.330
    32         21  (g)                -44    19    19    44    45   104   101    -30.600    -14.575    327.338    329.088      0.000
    33         21  (g)                -44    20    20    46    46   105   104      1.258    -16.529    426.592    426.914      0.000
    34         21  (g)                -44    26    26    41    42   110   103     14.977    -40.384    -20.053     47.511      0.000
    35         21  (g)                -43    28     0    67    67   111   105      2.890      3.315    270.632    270.668      0.000
    36         21  (g)                -41    47    47    40    21   112   107     -0.000      0.000     25.951     25.951      0.000
    37         21  (g)                -42    48     0    22    22   108   106     -0.000      0.000    -21.441     21.441      0.000
    38         21  (g)                -44    23    23    49    49   108   109     -2.794      4.260     -9.216     10.530      0.000
    39         21  (g)                -44    24    24    50    50   109   107      4.971     -7.997     -9.418     13.318      0.000
    40         21  (g)                -43    36     0    51    51   112   106     -2.176      3.737     23.143     23.544      0.000
    41         21  (g)                -51    34     0    66    66   110   113     10.095    -25.021    -16.603     31.680      0.000
    42         21  (g)                -51    34     0    68    68   113   103      4.882    -15.363     -2.903     16.380      0.000
    43         21  (g)                -53    60    60    28    28   111   103      0.000      0.000   1357.948   1357.948      0.000
    44         21  (g)                -51    32     0    55    55   114   101    -30.365    -14.442    322.464    324.213      0.000
    45         21  (g)                -51    32     0    53    54   104   114     -0.150     -1.251     33.724     33.748      0.000
    46         21  (g)                -52    33    33    65    65   105   104      1.173    -15.411    397.742    398.042      0.000
    47         21  (g)                -42   189     0    36    36   112   107      0.000     -0.000     25.951     25.951      0.000
    48         21  (g)                -41   158   158    52    37   108   115      0.000      0.000    -24.816     24.816      0.000
    49         21  (g)                -44    38    38   168   169   108   109     -2.098      3.587     -9.603     10.464      0.000
    50         21  (g)                -44    39    39   192   192   109   107      5.773     -8.772     -9.167     13.939      0.000
    51         21  (g)                -44    40    40   161   161   112   106     -2.162      3.724     22.565     22.972      0.000
    52         21  (g)                -43    48     0   156   157   106   115     -1.513      1.461     -2.660      3.391      0.000
    53         21  (g)                -51    45     0    69    69   104   116     -7.778     -4.305    105.204    105.579      0.000
    54         21  (g)                -51    45     0    70    70   116   114      0.557     -0.309      3.615      3.671      0.000
    55         21  (g)                -52    44    44    64    64   114   101    -23.294    -11.078    247.369    248.710      0.000
    56         21  (g)                -31   113     0    58    59   118   117      0.000      0.000     32.777     32.777      0.000
    57         21  (g)                -31   112   112    58    59   120   119      0.000      0.000   -281.760    281.760      0.000
    58         21  (g)                -33    56    57   115   115   120   117      1.949      0.228   -281.727    281.734      0.000
    59         21  (g)                -33    56    57   110   111   118   119     -1.949     -0.228     32.744     32.803      0.000
    60         21  (g)                -42    75     0    43    43   111   103     -0.000     -0.000   1357.948   1357.948      0.000
    61         -1  (dbar)             -41    76    76    71    29     0   121      0.000      0.000  -1073.553   1073.553      0.000
    62    4900023  (Zv)               -44    30    30    77    77     0     0    -45.082    175.436   -666.730   1219.797   1005.269
    63         -1  (dbar)             -44    31    31    78    78     0   110     56.601   -105.511    -44.679    127.799      0.330
    64         21  (g)                -44    55    55    74    74   114   101    -23.294    -11.077    247.343    248.684      0.000
    65         21  (g)                -44    46    46    80    80   105   104      1.173    -15.411    397.702    398.003      0.000
    66         21  (g)                -44    41    41    81    81   110   113     10.096    -24.980    -16.626     31.660      0.000
    67         21  (g)                -44    35    35    82    82   111   105      2.890      3.315    270.617    270.653      0.000
    68         21  (g)                -44    42    42    83    83   113   103      4.883    -15.347     -2.917     16.367      0.000
    69         21  (g)                -44    53    53    84    84   104   116     -7.778     -4.305    105.193    105.568      0.000
    70         21  (g)                -44    54    54    85    85   116   114      0.557     -0.309      3.615      3.670      0.000
    71         21  (g)                -43    61     0    72    73   101   121     -0.046     -1.812     -9.123      9.301      0.000
    72         21  (g)                -51    71     0    86    86   122   121     -1.727     -1.758     -7.650      8.038      0.000
    73         21  (g)                -51    71     0    87    87   101   122      1.626     -0.080     -0.886      1.854      0.000
    74         21  (g)                -52    64    64    79    79   114   101    -23.239    -11.051    246.756    248.094      0.000
    75         21  (g)                -41    89    89    88    60   111   123     -0.000     -0.000   1775.802   1775.802      0.000
    76         -1  (dbar)             -42    90     0    61    61     0   121      0.000     -0.000  -1073.553   1073.553      0.000
    77    4900023  (Zv)               -44    62    62    91    91     0     0    -45.220    175.741   -666.835   1219.904   1005.269
    78         -1  (dbar)             -44    63    63    92    92     0   110     56.580   -105.465    -44.607    127.727      0.330
    79         21  (g)                -44    74    74    93    93   114   101    -23.363    -10.778    246.757    248.094      0.000
    80         21  (g)                -44    65    65    94    94   105   104      0.973    -14.972    397.712    397.995      0.000
    81         21  (g)                -44    66    66    95    95   110   113     10.092    -24.971    -16.609     31.643      0.000
    82         21  (g)                -44    67    67    96    96   111   105      2.754      3.614    270.616    270.654      0.000
    83         21  (g)                -44    68    68    97    97   113   103      4.879    -15.339     -2.907     16.357      0.000
    84         21  (g)                -44    69    69    98    98   104   116     -7.831     -4.189    105.194    105.568      0.000
    85         21  (g)                -44    70    70    99    99   116   114      0.555     -0.305      3.615      3.670      0.000
    86         21  (g)                -44    72    72   100   100   122   121     -1.727     -1.758     -7.650      8.037      0.000
    87         21  (g)                -44    73    73   101   101   101   122      1.626     -0.079     -0.886      1.853      0.000
    88         21  (g)                -43    75     0   102   102   103   123      0.682     -1.498    417.850    417.853      0.000
    89         21  (g)                -42   122   122    75    75   111   123      0.000      0.000   1775.802   1775.802      0.000
    90         -1  (dbar)             -41   123     0   103    76     0   124     -0.000     -0.000  -1093.997   1093.997      0.000
    91    4900023  (Zv)               -44    77    77   124   124     0     0    -46.230    174.722   -666.928   1219.846   1005.269
    92         -1  (dbar)             -44    78    78   125   125     0   110     56.488   -105.558    -44.582    127.754      0.330
    93         21  (g)                -44    79    79   104   105   114   101    -23.364    -10.779    246.770    248.108      0.000
    94         21  (g)                -44    80    80   109   109   105   104      0.973    -14.972    397.712    397.995      0.000
    95         21  (g)                -44    81    81   128   128   110   113     10.066    -24.998    -16.602     31.652      0.000
    96         21  (g)                -44    82    82   129   129   111   105      2.754      3.614    270.608    270.646      0.000
    97         21  (g)                -44    83    83   130   130   113   103      4.869    -15.350     -2.902     16.363      0.000
    98         21  (g)                -44    84    84   107   108   104   116     -7.832     -4.189    105.198    105.573      0.000
    99         21  (g)                -44    85    85   132   132   116   114      0.555     -0.305      3.615      3.670      0.000
   100         21  (g)                -44    86    86   133   133   122   121     -1.736     -1.767     -7.648      8.039      0.000
   101         21  (g)                -44    87    87   106   106   101   122      1.625     -0.081     -0.886      1.852      0.000
   102         21  (g)                -44    88    88   135   135   103   123      0.682     -1.498    417.842    417.846      0.000
   103         21  (g)                -43    90     0   136   136   121   124      1.148      1.160    -20.391     20.456      0.000
   104         21  (g)                -51    93     0   121   121   114   125    -20.480     -9.218    228.775    229.874      0.000
   105         21  (g)                -51    93     0   119   120   125   101     -2.852     -1.562     17.978     18.270      0.000
   106         21  (g)                -52   101   101   134   134   101   122      1.593     -0.079     -0.869      1.816      0.000
   107         21  (g)                -51    98     0   131   131   126   116     -4.934     -3.007     54.901     55.204      0.000
   108         21  (g)                -51    98     0   138   138   104   126     -2.851     -1.899     69.337     69.422      0.000
   109         21  (g)                -52    94    94   127   127   105   104      0.926    -14.255    378.672    378.941      0.000
   110         21  (g)                -51    59     0   116   116   118   127      0.690     -0.146     13.048     13.067      0.000
   111         21  (g)                -51    59     0   117   117   127   119     -2.640     -0.081     19.628     19.805      0.000
   112         21  (g)                -53   114   114    57    57   120   119      0.000      0.000   -281.828    281.828      0.000
   113         21  (g)                -41   152   152   118    56   118   128      0.000      0.000     35.949     35.949      0.000
   114         21  (g)                -42   265   265   112   112   120   119      0.000     -0.000   -281.828    281.828      0.000
   115         21  (g)                -44    58    58   147   148   120   117      1.949      0.228   -281.532    281.539      0.000
   116         21  (g)                -44   110   110   290   290   118   127      0.300      0.248     13.063     13.068      0.000
   117         21  (g)                -44   111   111   291   291   127   119     -3.229      0.515     19.593     19.864      0.000
   118         21  (g)                -43   113     0   149   149   117   128      0.980     -0.991      2.999      3.306      0.000
   119         21  (g)                -51   105     0   137   137   129   101      0.006     -0.521      2.376      2.433      0.000
   120         21  (g)                -51   105     0   139   139   125   129     -8.977     -3.796     83.967     84.531      0.000
   121         21  (g)                -52   104   104   126   126   114   125    -14.360     -6.463    160.410    161.181      0.000
   122         21  (g)                -42   226   226    89    89   111   123     -0.000      0.000   1775.802   1775.802      0.000
   123         -1  (dbar)             -41   303   303   140    90     0   130      0.000     -0.000  -1550.277   1550.277      0.000
   124    4900023  (Zv)               -44    91    91   304   304     0     0    -46.412    175.824   -666.823   1219.953   1005.269
   125         -1  (dbar)             -44    92    92   144   145     0   110     56.471   -105.458    -44.649    127.687      0.330
   126         21  (g)                -44   121   121   269   270   114   125    -14.360     -6.463    160.408    161.179      0.000
   127         21  (g)                -44   109   109   165   166   105   104      0.926    -14.255    378.663    378.932      0.000
   128         21  (g)                -44    95    95   146   146   110   113     10.062    -24.969    -16.617     31.636      0.000
   129         21  (g)                -44    96    96   174   175   111   105      2.754      3.614    270.609    270.647      0.000
   130         21  (g)                -44    97    97   143   143   113   103      4.867    -15.339     -2.911     16.353      0.000
   131         21  (g)                -44   107   107   183   184   126   116     -4.934     -3.007     54.900     55.203      0.000
   132         21  (g)                -44    99    99   185   185   116   114      0.555     -0.305      3.614      3.670      0.000
   133         21  (g)                -44   100   100   313   313   122   121     -1.737     -1.758     -7.649      8.038      0.000
   134         21  (g)                -44   106   106   171   172   101   122      1.592     -0.077     -0.869      1.816      0.000
   135         21  (g)                -44   102   102   141   142   103   123      0.682     -1.498    417.841    417.844      0.000
   136         21  (g)                -44   103   103   155   155   121   124      1.144      1.184    -20.390     20.457      0.000
   137         21  (g)                -44   119   119   173   173   129   101      0.006     -0.521      2.376      2.432      0.000
   138         21  (g)                -44   108   108   167   167   104   126     -2.851     -1.899     69.336     69.421      0.000
   139         21  (g)                -44   120   120   223   223   125   129     -8.977     -3.795     83.965     84.529      0.000
   140         21  (g)                -43   123     0   153   154   124   130      0.212     -1.277   -456.278    456.280      0.000
   141         21  (g)                -51   135     0   162   163   131   123     -0.354     -1.652    412.080    412.083      0.000
   142         21  (g)                -51   135     0   164   164   103   131      1.061      0.076      5.747      5.844      0.000
   143         21  (g)                -52   130   130   179   179   113   103      4.842    -15.261     -2.896     16.270      0.000
   144         -1  (dbar)             -51   125     0   305   305     0   132     56.726   -106.804    -45.889    129.348      0.330
   145         21  (g)                -51   125     0   218   219   132   110      0.524     -0.586     -0.046      0.787      0.000
   146         21  (g)                -52   128   128   214   214   110   113      9.283    -23.037    -15.331     29.188      0.000
   147         21  (g)                -51   115     0   200   201   120   133      0.737      0.056   -267.877    267.878      0.000
   148         21  (g)                -51   115     0   202   202   133   117      1.220      0.164    -13.632     13.687      0.000
   149         21  (g)                -52   118   118   150   151   117   128      0.972     -0.983      2.975      3.280      0.000
   150         21  (g)                -51   149     0   203   204   117   134      0.730     -1.036     13.115     13.176      0.000
   151         21  (g)                -51   149     0   294   294   134   128      0.242      0.053      0.003      0.248      0.000
   152         21  (g)                -53   287   287   113   113   118   128      0.000      0.000     46.093     46.093      0.000
   153         21  (g)                -51   140     0   245   246   135   130      1.122     -1.419   -360.342    360.347      0.000
   154         21  (g)                -51   140     0   208   208   124   135     -0.802      0.254    -97.877     97.881      0.000
   155         21  (g)                -52   136   136   206   207   121   124      1.035      1.071    -18.449     18.509      0.000
   156         21  (g)                -51    52     0   159   160   106   136     -1.445     -0.107     -2.618      2.992      0.000
   157         21  (g)                -51    52     0   195   195   136   115     -0.068      1.567     -3.270      3.627      0.000
   158         21  (g)                -53   170   170    48    48   108   115      0.000      0.000    -28.044     28.044      0.000
   159         21  (g)                -51   156     0   194   194   137   136     -0.441      0.026     -2.545      2.583      0.000
   160         21  (g)                -51   156     0   196   196   106   137     -1.104      0.039      0.967      1.468      0.000
   161         21  (g)                -52    51    51   193   193   112   106     -2.062      3.552     21.526     21.914      0.000
   162         21  (g)                -51   141     0   186   187   138   123     -0.068     -0.382    335.730    335.730      0.000
   163         21  (g)                -51   141     0   188   188   131   138     -0.205     -1.264     76.788     76.798      0.000
   164         21  (g)                -52   142   142   177   178   103   131      0.980      0.070      5.309      5.399      0.000
   165         21  (g)                -51   127     0   176   176   105   139      0.429     -4.956    157.703    157.782      0.000
   166         21  (g)                -51   127     0   209   210   139   104      0.288     -9.439    226.067    226.264      0.000
   167         21  (g)                -52   138   138   211   211   104   126     -2.641     -1.759     64.229     64.308      0.000
   168         21  (g)                -51    49     0   182   182   140   109     -2.151      3.446     -9.183     10.042      0.000
   169         21  (g)                -51    49     0   180   181   108   140      0.053      0.142     -4.848      4.850      0.000
   170         21  (g)                -53   190   190   158   158   108   115      0.000      0.000    -32.471     32.471      0.000
   171         21  (g)                -51   134     0   314   314   141   122      0.264     -0.626     -0.692      0.970      0.000
   172         21  (g)                -51   134     0   232   232   101   141      1.329      0.418      0.417      1.455      0.000
   173         21  (g)                -52   137   137   221   222   129   101      0.004     -0.391      1.782      1.824      0.000
   174         21  (g)                -51   129     0   250   250   111   142      2.243      2.993    175.718    175.758      0.000
   175         21  (g)                -51   129     0   248   249   142   105      0.532      0.383    102.448    102.450      0.000
   176         21  (g)                -52   165   165   278   279   105   139      0.408     -4.718    150.147    150.221      0.000
   177         21  (g)                -51   164     0   262   262   143   131      1.288     -0.009      2.098      2.462      0.000
   178         21  (g)                -51   164     0   266   267   103   143     -0.236     -0.148      3.167      3.179      0.000
   179         21  (g)                -52   143   143   212   213   113   103      4.770    -15.033     -2.853     16.028      0.000
   180         21  (g)                -51   169     0   197   197   108   144     -0.864      1.705     -4.648      5.026      0.000
   181         21  (g)                -51   169     0   198   198   144   140     -0.025     -0.054     -4.223      4.223      0.000
   182         21  (g)                -52   168   168   191   191   140   109     -1.209      1.936     -5.161      5.643      0.000
   183         21  (g)                -51   131     0   251   252   126   145     -1.060     -1.098      9.121      9.248      0.000
   184         21  (g)                -51   131     0   253   253   145   116     -3.729     -1.988     46.721     46.912      0.000
   185         21  (g)                -52   132   132   271   271   116   114      0.410     -0.226      2.671      2.712      0.000
   186         21  (g)                -51   162     0   224   225   146   123      0.556     -0.850    283.062    283.064      0.000
   187         21  (g)                -51   162     0   330   330   138   146     -0.712     -0.075     85.666     85.669      0.000
   188         21  (g)                -52   163   163   260   261   131   138     -0.117     -0.721     43.790     43.796      0.000
   189         21  (g)                -41   350   350   199    47   147   107      0.000     -0.000    484.539    484.539      0.000
   190         21  (g)                -42   351   351   170   170   108   115     -0.000      0.000    -32.471     32.471      0.000
   191         21  (g)                -44   182   182   233   234   140   109     -1.208      1.929     -5.128      5.610      0.000
   192         21  (g)                -44    50    50   235   235   109   107      5.781     -8.845     -9.310     14.083      0.000
   193         21  (g)                -44   161   161   215   216   112   106     -1.990      2.883     21.583     21.865      0.000
   194         21  (g)                -44   159   159   283   283   137   136     -0.441      0.025     -2.543      2.581      0.000
   195         21  (g)                -44   157   157   281   282   136   115     -0.068      1.562     -3.245      3.602      0.000
   196         21  (g)                -44   160   160   217   217   106   137     -1.100      0.002      0.969      1.466      0.000
   197         21  (g)                -44   180   180   358   358   108   144     -0.864      1.700     -4.619      4.997      0.000
   198         21  (g)                -44   181   181   359   359   144   140     -0.025     -0.054     -4.223      4.223      0.000
   199         21  (g)                -43   189     0   360   360   147   112     -0.087      0.800    458.583    458.583      0.000
   200         21  (g)                -51   147     0   263   264   120   148     -0.193      0.605    -47.019     47.023      0.000
   201         21  (g)                -51   147     0   295   295   148   133      1.073     -0.530   -222.456    222.459      0.000
   202         21  (g)                -52   148   148   205   205   133   117      1.077      0.145    -12.034     12.083      0.000
   203         21  (g)                -51   150     0   292   292   149   134      0.664      0.360      0.973      1.232      0.000
   204         21  (g)                -51   150     0   227   228   117   149      0.078     -1.394     12.002     12.083      0.000
   205         21  (g)                -52   202   202   229   229   133   117      1.064      0.143    -11.895     11.943      0.000
   206         21  (g)                -51   155     0   316   316   121   150     -0.018      0.116     -0.178      0.213      0.000
   207         21  (g)                -51   155     0   331   331   150   124      0.908      1.001    -36.070     36.095      0.000
   208         21  (g)                -52   154   154   247   247   124   135     -0.656      0.208    -80.078     80.081      0.000
   209          2  (u)                -51   166     0   325   325   139     0     -0.516     -7.743    184.115    184.278      0.330
   210         -2  (ubar)             -51   166     0   332   332     0   104      0.564     -1.856     47.771     47.811      0.330
   211         21  (g)                -52   167   167   318   318   104   126     -2.401     -1.599     58.411     58.482      0.000
   212         21  (g)                -51   179     0   268   268   151   103      2.727    -10.875     -2.325     11.450      0.000
   213         21  (g)                -51   179     0   333   333   113   151      2.385     -5.005     -1.092      5.650      0.000
   214         21  (g)                -52   146   146   220   220   110   113      8.942    -22.191    -14.768     28.115      0.000
   215         21  (g)                -51   193     0   242   243   112   152     -1.996      2.651     16.096     16.435      0.000
   216         21  (g)                -51   193     0   244   244   152   106     -0.132      0.232      5.609      5.615      0.000
   217         21  (g)                -52   196   196   357   357   106   137     -0.961      0.001      0.847      1.281      0.000
   218         21  (g)                -51   145     0   322   322   132   153      2.303     -3.764     -1.960      4.829      0.000
   219         21  (g)                -51   145     0   334   334   153   110      0.687     -2.940     -2.158      3.711      0.000
   220         21  (g)                -52   214   214   308   308   110   113      6.476    -16.072    -10.696     20.363      0.000
   221         -1  (dbar)             -51   173     0   230   231     0   101     -2.222     -1.122     16.479     16.669      0.330
   222          1  (d)                -51   173     0   335   335   129     0     -0.571     -0.452     11.466     11.494      0.330
   223         21  (g)                -52   139   139   319   319   125   129     -6.180     -2.613     57.802     58.190      0.000
   224         21  (g)                -51   186     0   315   315   146   154      0.633     -0.979    377.777    377.779      0.000
   225         21  (g)                -51   186     0   336   336   154   123     -0.078      0.130    557.335    557.335      0.000
   226         21  (g)                -53   259   259   122   122   111   123     -0.000      0.000   2427.853   2427.853      0.000
   227         21  (g)                -51   204     0   256   256   155   149      0.658     -0.297      1.941      2.071      0.000
   228         21  (g)                -51   204     0   239   240   117   155     -0.574     -1.097      9.998     10.075      0.000
   229         21  (g)                -52   205   205   241   241   133   117      1.059      0.142    -11.832     11.881      0.000
   230         -1  (dbar)             -51   221     0   317   317     0   156     -1.044     -1.218      9.123      9.269      0.330
   231         21  (g)                -51   221     0   238   238   156   101     -1.125      0.112      7.372      7.459      0.000
   232         21  (g)                -52   172   172   236   237   101   141      1.276      0.401      0.400      1.396      0.000
   233          3  (s)                -51   191     0   352   352   140     0      0.397      0.075     -1.467      1.602      0.500
   234         -3  (sbar)             -51   191     0   362   362     0   109     -1.389      1.523     -4.010      4.536      0.500
   235         21  (g)                -52   192   192   353   353   109   107      5.564     -8.514     -8.961     13.555      0.000
   236         21  (g)                -51   232     0   326   326   158   141      0.504     -0.390      0.926      1.125      0.000
   237         21  (g)                -51   232     0   338   338   101   158      0.652      0.803      0.260      1.067      0.000
   238         21  (g)                -52   231   231   337   337   156   101     -1.005      0.100      6.586      6.663      0.000
   239         21  (g)                -51   228     0   254   255   159   155     -0.925     -1.413      9.054      9.210      0.000
   240         21  (g)                -51   228     0   298   298   117   159      0.360      0.317      0.841      0.968      0.000
   241         21  (g)                -52   229   229   293   293   133   117      1.049      0.141    -11.729     11.777      0.000
   242         21  (g)                -51   215     0   354   354   112   161     -1.200      1.083     11.735     11.846      0.000
   243         21  (g)                -51   215     0   363   363   161   152     -0.879      1.714      7.889      8.121      0.000
   244         21  (g)                -52   216   216   361   361   152   106     -0.049      0.086      2.080      2.083      0.000
   245         21  (g)                -51   153     0   320   320   162   130      0.460     -0.463   -268.380    268.381      0.000
   246         21  (g)                -51   153     0   339   339   135   162      0.482     -0.898   -113.958    113.962      0.000
   247         21  (g)                -52   208   208   323   323   124   135     -0.476      0.151    -58.083     58.085      0.000
   248         21  (g)                -51   175     0   280   280   163   105      0.718     -0.003     47.598     47.603      0.000
   249         21  (g)                -51   175     0   340   340   142   163      0.527      1.339    110.774    110.784      0.000
   250         21  (g)                -52   174   174   257   258   111   142      1.529      2.041    119.794    119.821      0.000
   251         21  (g)                -51   183     0   311   311   126   164     -1.605     -0.952     11.638     11.787      0.000
   252         21  (g)                -51   183     0   341   341   164   145     -1.084     -1.015     17.891     17.953      0.000
   253         21  (g)                -52   184   184   329   329   145   116     -2.100     -1.120     26.314     26.421      0.000
   254         21  (g)                -51   239     0   297   297   159   165      0.295     -0.414      3.736      3.770      0.000
   255         21  (g)                -51   239     0   299   299   165   155     -0.953     -1.120      6.107      6.282      0.000
   256         21  (g)                -52   227   227   296   296   155   149      0.391     -0.176      1.152      1.229      0.000
   257         21  (g)                -51   250     0   309   309   166   142      0.824      0.466     33.061     33.075      0.000
   258         21  (g)                -51   250     0   342   342   111   166      0.705      1.575    109.584    109.598      0.000
   259         21  (g)                -53   302   302   226   226   111   123     -0.000      0.000   2450.704   2450.704      0.000
   260         21  (g)                -51   188     0   324   324   167   138      0.331     -0.797     41.101     41.110      0.000
   261         21  (g)                -51   188     0   343   343   131   167     -0.356      0.076      2.840      2.863      0.000
   262         21  (g)                -52   177   177   275   276   143   131      1.195     -0.009      1.947      2.285      0.000
   263         21  (g)                -51   200     0   289   289   168   148     -0.640      0.286    -95.243     95.246      0.000
   264         21  (g)                -51   200     0   300   300   120   168      0.447      0.320    -88.001     88.002      0.000
   265         21  (g)                -53   288     0   114   114   120   119     -0.000     -0.000   -418.053    418.053      0.000
   266         21  (g)                -51   178     0   277   277   169   143     -0.653     -0.105      1.772      1.891      0.000
   267         21  (g)                -51   178     0   274   274   103   169      0.455     -0.197      1.362      1.450      0.000
   268         21  (g)                -52   212   212   272   273   151   103      2.688    -10.722     -2.292     11.289      0.000
   269         21  (g)                -51   126     0   306   306   170   125     -9.990     -4.105    113.914    114.425      0.000
   270         21  (g)                -51   126     0   286   286   114   170     -4.349     -2.370     46.629     46.891      0.000
   271         21  (g)                -52   185   185   284   285   116   114      0.390     -0.214      2.537      2.575      0.000
   272         21  (g)                -51   268     0   310   310   151   171      1.410     -3.487     -0.593      3.807      0.000
   273         21  (g)                -51   268     0   346   346   171   103      1.296     -7.243     -1.644      7.539      0.000
   274         21  (g)                -52   267   267   344   344   103   169      0.437     -0.189      1.308      1.392      0.000
   275         21  (g)                -51   262     0   321   321   172   131      1.162     -0.236      2.082      2.396      0.000
   276         21  (g)                -51   262     0   347   347   143   172     -0.224      0.186      0.563      0.634      0.000
   277         21  (g)                -52   266   266   328   328   169   143     -0.395     -0.064      1.073      1.145      0.000
   278         21  (g)                -51   176     0   307   307   173   139      0.168     -4.448    145.767    145.835      0.000
   279         21  (g)                -51   176     0   348   348   105   173      0.390     -0.271     14.354     14.362      0.000
   280         21  (g)                -52   248   248   327   327   163   105      0.567     -0.003     37.623     37.627      0.000
   281         21  (g)                -51   195     0   356   356   174   115      0.009      1.379     -4.275      4.492      0.000
   282         21  (g)                -51   195     0   364   364   136   174     -0.316      0.196     -0.350      0.511      0.000
   283         21  (g)                -52   194   194   355   355   137   136     -0.201      0.011     -1.162      1.180      0.000
   284         21  (g)                -51   271     0   312   312   116   175     -0.362      0.072      6.925      6.935      0.000
   285         21  (g)                -51   271     0   349   349   175   114      0.051     -0.668      3.117      3.188      0.000
   286         21  (g)                -52   270   270   345   345   114   170     -3.649     -1.988     39.123     39.343      0.000
   287         21  (g)                -42   365   365   152   152   118   128      0.000      0.000     46.093     46.093      0.000
   288         21  (g)                -41   366   366   301   265   176   119     -0.000     -0.000   -454.236    454.236      0.000
   289         21  (g)                -44   263   263   367   367   168   148     -0.702      0.280    -95.244     95.247      0.000
   290         21  (g)                -44   116   116   368   368   118   127      0.300      0.248     13.062     13.068      0.000
   291         21  (g)                -44   117   117   369   369   127   119     -3.229      0.515     19.593     19.864      0.000
   292         21  (g)                -44   203   203   370   370   149   134      0.664      0.360      0.973      1.232      0.000
   293         21  (g)                -44   241   241   371   371   133   117      1.042      0.140    -11.730     11.777      0.000
   294         21  (g)                -44   151   151   372   372   134   128      0.242      0.053      0.003      0.248      0.000
   295         21  (g)                -44   201   201   373   373   148   133      0.930     -0.543   -222.459    222.461      0.000
   296         21  (g)                -44   256   256   374   374   155   149      0.390     -0.176      1.152      1.229      0.000
   297         21  (g)                -44   254   254   375   375   159   165      0.295     -0.414      3.736      3.770      0.000
   298         21  (g)                -44   240   240   376   376   117   159      0.360      0.317      0.841      0.968      0.000
   299         21  (g)                -44   255   255   377   377   165   155     -0.953     -1.120      6.108      6.282      0.000
   300         21  (g)                -44   264   264   378   378   120   168      0.390      0.314    -88.002     88.003      0.000
   301         21  (g)                -43   288     0   379   379   176   120      0.270      0.025    -36.178     36.179      0.000
   302         21  (g)                -61     1     0   259   259   147   123      1.779     -0.704   2450.703   2450.704      0.000
   303         -1  (dbar)             -61     2     0   123   123     0   130     -1.902      0.588  -1550.276   1550.277      0.000
   304    4900023  (Zv)               -62   124   124   385   386     0     0    -47.369    176.102   -666.718   1219.973   1005.269
   305         -1  (dbar)             -62   144   144   577   577     0   132     56.649   -106.783    -45.980    129.329      0.330
   306         21  (g)                -62   269   269   459   459   170   125     -9.907     -4.137    113.922    114.427      0.000
   307         21  (g)                -62   278   278   481   481   173   139      0.274     -4.490    145.765    145.835      0.000
   308         21  (g)                -62   220   220   574   574   110   113      6.461    -16.067    -10.708     20.360      0.000
   309         21  (g)                -62   257   257   484   484   166   142      0.848      0.457     33.060     33.074      0.000
   310         21  (g)                -62   272   272   418     0   151   171      1.409     -3.486     -0.596      3.807      0.000
   311         21  (g)                -62   251   251   464   464   126   164     -1.597     -0.955     11.639     11.787      0.000
   312         21  (g)                -62   284   284   425     0   116   118     -0.357      0.070      6.925      6.935      0.000
   313         21  (g)                -62   133   133   528   528   122   137     -1.747     -1.755     -7.648      8.039      0.000
   314         21  (g)                -62   171   171   423     0   141   122      0.264     -0.625     -0.693      0.970      0.000
   315         21  (g)                -62   224   224   564   564   146   154      0.908     -1.088    377.776    377.779      0.000
   316         21  (g)                -62   206   206   411     0   121   174     -0.018      0.116     -0.178      0.213      0.000
   317         -1  (dbar)             -62   230   230   538   538     0   165     -1.037     -1.220      9.124      9.269      0.330
   318         21  (g)                -62   211   211   465   465   104   126     -2.359     -1.616     58.412     58.482      0.000
   319         21  (g)                -62   223   223   458   458   125   129     -6.138     -2.629     57.807     58.191      0.000
   320         21  (g)                -62   245   245   415     0   162   130      0.131     -0.362   -268.380    268.381      0.000
   321         21  (g)                -62   275   275   568   568   172   131      1.163     -0.236      2.081      2.396      0.000
   322         21  (g)                -62   218   218   576   576   132   153      2.300     -3.764     -1.964      4.828      0.000
   323         21  (g)                -62   247   247   414     0   124   168     -0.547      0.173    -58.082     58.085      0.000
   324         21  (g)                -62   260   260   566   566   167   138      0.361     -0.809     41.100     41.110      0.000
   325          2  (u)                -62   209   209   480   480   139     0     -0.382     -7.796    184.113    184.278      0.330
   326         21  (g)                -62   236   236   530   530   158   109      0.505     -0.391      0.926      1.124      0.000
   327         21  (g)                -62   280   280   428     0   163   105      0.595     -0.013     37.622     37.627      0.000
   328         21  (g)                -62   277   277   417     0   169   143     -0.395     -0.064      1.074      1.146      0.000
   329         21  (g)                -62   253   253   427     0   145   116     -2.081     -1.127     26.315     26.421      0.000
   330         21  (g)                -62   187   187   565   565   138   146     -0.650     -0.100     85.667     85.670      0.000
   331         21  (g)                -62   207   207   510   510   150   144      0.863      1.015    -36.071     36.095      0.000
   332         -2  (ubar)             -62   210   210   466   466     0   104      0.599     -1.869     47.770     47.811      0.330
   333         21  (g)                -62   213   213   418     0   113   151      2.382     -5.004     -1.096      5.649      0.000
   334         21  (g)                -62   219   219   575   575   153   110      0.684     -2.939     -2.160      3.711      0.000
   335          1  (d)                -62   222   222   457   457   129     0     -0.563     -0.455     11.467     11.494      0.330
   336         21  (g)                -62   225   225   419     0   154   123      0.327     -0.030    557.335    557.335      0.000
   337         21  (g)                -62   238   238   535   535   156   112     -1.001      0.099      6.587      6.664      0.000
   338         21  (g)                -62   237   237   421     0   101   149      0.652      0.803      0.260      1.067      0.000
   339         21  (g)                -62   246   246   507   507   135   148      0.342     -0.855   -113.958    113.962      0.000
   340         21  (g)                -62   249   249   483   483   142   163      0.608      1.307    110.774    110.783      0.000
   341         21  (g)                -62   252   252   427     0   164   145     -1.071     -1.020     17.892     17.953      0.000
   342         21  (g)                -62   258   258   485   485   111   166      0.784      1.543    109.584    109.598      0.000
   343         21  (g)                -62   261   261   567   567   131   167     -0.354      0.075      2.840      2.863      0.000
   344         21  (g)                -62   274   274   416     0   103   155      0.438     -0.189      1.307      1.391      0.000
   345         21  (g)                -62   286   286   460   460   114   170     -3.621     -1.999     39.126     39.344      0.000
   346         21  (g)                -62   273   273   572   572   171   103      1.293     -7.242     -1.648      7.539      0.000
   347         21  (g)                -62   276   276   417     0   143   106     -0.224      0.185      0.564      0.634      0.000
   348         21  (g)                -62   279   279   428     0   105   173      0.401     -0.275     14.354     14.362      0.000
   349         21  (g)                -62   285   285   426     0   175   114      0.053     -0.668      3.117      3.188      0.000
   350         21  (g)                -61     1     0   189   189   115   115      1.636      0.047    484.523    484.525      0.000
   351         21  (g)                -61     2     0   190   190   107   107     -1.082      1.396    -32.447     32.495      0.000
   352          3  (s)                -62   233   233   422     0   140     0      0.347      0.141     -1.471      1.598      0.500
   353         21  (g)                -62   235   235   423     0   109   141      5.196     -8.029     -9.237     13.296      0.000
   354         21  (g)                -62   242   242   534   534   112   161     -1.162      1.087     11.780     11.887      0.000
   355         21  (g)                -62   283   283   422     0   137   140     -0.240      0.062     -1.157      1.184      0.000
   356         21  (g)                -62   281   281   512   512   174   133     -0.137      1.568     -4.243      4.525      0.000
   357         21  (g)                -62   217   217   569   569   106   172     -0.965      0.011      0.865      1.296      0.000
   358         21  (g)                -62   197   197   411     0   108   121     -1.023      1.906     -4.563      5.050      0.000
   359         21  (g)                -62   198   198   509   509   144   124     -0.166      0.127     -4.220      4.225      0.000
   360         21  (g)                -62   199   199   486   486   147   111      1.461      0.845    458.586    458.589      0.000
   361         21  (g)                -62   244   244   424     0   152   159     -0.042      0.086      2.083      2.085      0.000
   362         -3  (sbar)             -62   234   234   413     0     0   136     -1.530      1.707     -3.948      4.593      0.500
   363         21  (g)                -62   243   243   533   533   161   134     -0.856      1.720      7.942      8.171      0.000
   364         21  (g)                -62   282   282   413     0   136   108     -0.330      0.215     -0.340      0.520      0.000
   365         21  (g)                -61     1     0   287   287   119   119     -2.984      0.694     46.042     46.143      0.000
   366         21  (g)                -61     2     0   288   288   128   128      0.891     -1.331   -454.197    454.200      0.000
   367         21  (g)                -62   289   289   414     0   168   135     -0.515      0.001    -95.262     95.263      0.000
   368         21  (g)                -62   290   290   424     0   118   152     -0.546      0.445     13.056     13.075      0.000
   369         21  (g)                -62   291   291   536   536   127   156     -4.506      0.811     19.459     19.990      0.000
   370         21  (g)                -62   292   292   420     0   149   117      0.593      0.376      0.991      1.215      0.000
   371         21  (g)                -62   293   293   511   511   133   150      1.063      0.106    -11.695     11.744      0.000
   372         21  (g)                -62   294   294   421     0   134   101      0.234      0.054      0.011      0.241      0.000
   373         21  (g)                -62   295   295   506   506   148   176      1.366     -1.195   -222.403    222.411      0.000
   374         21  (g)                -62   296   296   416     0   155   169      0.313     -0.158      1.165      1.217      0.000
   375         21  (g)                -62   297   297   426     0   159   175      0.053     -0.357      3.745      3.762      0.000
   376         21  (g)                -62   298   298   420     0   117   158      0.302      0.331      0.849      0.960      0.000
   377         21  (g)                -62   299   299   537   537   165   127     -1.354     -1.027      6.079      6.312      0.000
   378         21  (g)                -62   300   300   412     0   120   162      0.563      0.057    -87.984     87.986      0.000
   379         21  (g)                -62   301   301   412     0   176   120      0.341     -0.081    -36.166     36.168      0.000
   380       2203  (uu_1)             -63     1     0   487   487     0   147     -0.306      0.078   1406.132   1406.132      0.771
   381          1  (d)                -63     1     0   419     0   123     0     -0.124     -0.115   2412.521   2412.521      0.330
   382       2101  (ud_0)             -63     2     0   452   452     0   179      0.726     -0.044  -3883.323   3883.323      0.579
   383          2  (u)                -63     2     0   415     0   130     0      0.798     -0.232   -719.220    719.221      0.330
   384          1  (d)                -63     2     0   451   451   179     0      0.569     -0.378   -160.458    160.460      0.330
   385    4900101  (qv1)              -23   304     0   387   388     0     0   -329.395   -276.798   -100.550    441.960     10.000
   386   -4900101  (qv1bar)           -23   304     0   389   389     0     0    282.027    452.900   -566.169    778.013     10.000
   387    4900101  (qv1)              -51   385     0   392   392     0     0   -290.090   -222.716   -120.320    385.138     10.000
   388    4900021  (gv)               -51   385     0   390   391     0     0    -36.776    -50.020     14.693     63.799      0.000
   389   -4900101  (qv1bar)           -52   386   386   393   394     0     0    279.497    448.838   -561.091    771.036     10.000
   390    4900021  (gv)               -51   388     0   395   395     0     0    -42.778    -52.902     15.199     69.711      0.000
   391    4900021  (gv)               -51   388     0   398   398     0     0   -109.593    -85.609    -48.804    147.382      0.000
   392    4900101  (qv1)              -52   387   387   429     0     0     0   -174.495   -134.224    -72.022    231.844     10.000
   393   -4900101  (qv1bar)           -51   389     0   399   400     0     0    259.416    415.649   -489.175    692.425     10.000
   394    4900021  (gv)               -51   389     0   401   401     0     0     18.923     31.757    -71.505     80.496      0.000
   395    4900021  (gv)               -52   390   390   396   397     0     0    -41.621    -51.471     14.788     67.825      0.000
   396    4900021  (gv)               -51   395     0   404   404     0     0    -57.043    -59.758     14.151     83.817      0.000
   397    4900021  (gv)               -51   395     0   402   403     0     0    -22.560    -21.383    -16.277     35.087      0.000
   398    4900021  (gv)               -52   391   391   429     0     0     0    -71.611    -55.939    -31.890     96.303      0.000
   399   -4900101  (qv1bar)           -51   393     0   438   438     0     0    225.683    376.303   -453.513    631.119     10.000
   400    4900021  (gv)               -51   393     0   437   437     0     0     37.527     45.713    -49.996     77.444      0.000
   401    4900021  (gv)               -52   394   394   407   407     0     0     15.130     25.391    -57.170     64.359      0.000
   402    4900021  (gv)               -51   397     0   432   432     0     0      1.594     -2.515     -4.073      5.046      0.000
   403    4900021  (gv)               -51   397     0   433   433     0     0    -52.748    -48.823     -5.111     72.057      0.000
   404    4900021  (gv)               -52   396   396   405   406     0     0    -28.449    -29.803      7.058     41.802      0.000
   405    4900021  (gv)               -51   404     0   410   410     0     0    -11.768    -27.958      2.111     30.407      0.000
   406    4900021  (gv)               -51   404     0   408   409     0     0    -15.667     -0.143      1.115     15.708      0.000
   407    4900021  (gv)               -52   401   401   436   436     0     0     14.116     23.689    -53.339     60.045      0.000
   408    4900021  (gv)               -51   406     0   435   435     0     0    -22.329    -22.107     -6.166     32.021      0.000
   409    4900021  (gv)               -51   406     0   430     0     0     0     -3.532     -2.255      9.110     10.027      0.000
   410    4900021  (gv)               -52   405   405   430     0     0     0     -1.574     -3.739      0.282      4.067      0.000
   411         21  (g)                -73   316   358   513   513   108   174     -1.041      2.023     -4.741      5.263      0.225
   412         21  (g)                -73   378   379   505   505   176   162      0.904     -0.025   -124.150    124.154      0.237
   413         -3  (sbar)             -73   362   364   514   514     0   108     -1.860      1.921     -4.288      5.113      0.775
   414         21  (g)                -73   323   367   508   508   124   135     -1.062      0.174   -153.344    153.348      0.371
   415          2  (u)                -73   383   320   504   504   162     0      0.929     -0.593   -987.601    987.601      0.654
   416         21  (g)                -73   344   374   571   571   103   169      0.751     -0.347      2.472      2.608      0.078
   417         21  (g)                -73   328   347   570   570   169   106     -0.618      0.121      1.637      1.780      0.300
   418         21  (g)                -73   310   333   573   573   113   171      3.791     -8.490     -1.692      9.456      0.327
   419          1  (d)                -73   381   336   563   563   154     0      0.203     -0.146   2969.856   2969.856      0.826
   420         21  (g)                -73   370   376   531   531   149   158      0.895      0.707      1.840      2.175      0.205
   421         21  (g)                -73   338   372   532   532   134   149      0.886      0.858      0.270      1.307      0.339
   422          3  (s)                -73   352   355   527   527   137     0      0.106      0.203     -2.629      2.782      0.882
   423         21  (g)                -73   314   353   529   529   109   122      5.460     -8.655     -9.930     14.266      0.457
   424         21  (g)                -73   361   368   425     0   118   159     -0.588      0.531     15.139     15.160      0.119
   425         21  (g)                -73   312   424   462   462   116   159     -0.944      0.601     22.064     22.095      0.321
   426         21  (g)                -73   349   375   461   461   159   114      0.106     -1.026      6.862      6.950      0.402
   427         21  (g)                -73   329   341   463   463   164   116     -3.152     -2.147     44.207     44.374      0.518
   428         21  (g)                -73   327   348   482   482   163   173      0.995     -0.288     51.976     51.989      0.519
   429    4900101  (qv1)              -73   392   398   431   431     0     0   -246.105   -190.164   -103.912    328.147     12.362
   430    4900021  (gv)               -73   409   410   434   434     0     0     -5.106     -5.994      9.392     14.094      6.959
   431    4900101  (qv1)              -71   429   429   439   450     0     0   -246.105   -190.164   -103.912    328.147     12.362
   432    4900021  (gv)               -71   402   402   439   450     0     0      1.594     -2.515     -4.073      5.046      0.000
   433    4900021  (gv)               -71   403   403   439   450     0     0    -52.748    -48.823     -5.111     72.057      0.000
   434    4900021  (gv)               -71   430   430   439   450     0     0     -5.106     -5.994      9.392     14.094      6.959
   435    4900021  (gv)               -71   408   408   439   450     0     0    -22.329    -22.107     -6.166     32.021      0.000
   436    4900021  (gv)               -71   407   407   439   450     0     0     14.116     23.689    -53.339     60.045      0.000
   437    4900021  (gv)               -71   400   400   439   450     0     0     37.527     45.713    -49.996     77.444      0.000
   438   -4900101  (qv1bar)           -71   399   399   439   450     0     0    225.683    376.303   -453.513    631.119     10.000
   439    4900113  (rhovDiag)         -83   431   438   685   686     0     0    -97.522    -68.070    -30.921    125.400     25.000
   440    4900113  (rhovDiag)         -83   431   438   699   700     0     0    -78.759    -86.954    -35.407    125.071     25.000
   441    4900113  (rhovDiag)         -83   431   438   719   720     0     0    -99.263    -71.563    -42.026    131.779     25.000
   442    4900113  (rhovDiag)         -83   431   438   730   731     0     0    -15.790     -0.991    -28.840     41.317     25.000
   443    4900113  (rhovDiag)         -83   431   438   741   742     0     0    -15.406    -16.798      1.613     33.869     25.000
   444    4900111  (pivDiag)          -84   431   438   749   750     0     0      5.891     10.643    -20.532     24.383      5.000
   445    4900113  (rhovDiag)         -84   431   438   754   755     0     0     11.144     24.448    -10.350     38.132     25.000
   446    4900111  (pivDiag)          -84   431   438   765   766     0     0     10.155     -4.739     -4.582     13.099      5.000
   447    4900111  (pivDiag)          -84   431   438   776   777     0     0     -6.749     19.295    -40.595     45.726      5.000
   448    4900113  (rhovDiag)         -84   431   438   781   782     0     0     51.670     44.196    -65.174     97.446     25.000
   449    4900113  (rhovDiag)         -84   431   438   789   790     0     0    128.576    251.147   -290.088    405.441     25.000
   450    4900111  (pivDiag)          -84   431   438   800   801     0     0     58.684     75.485    -99.815    138.311      5.000
   451          1  (d)                -71   384   384   453   456   179     0      0.569     -0.378   -160.458    160.460      0.330
   452       2101  (ud_0)             -71   382   382   453   456     0   179      0.726     -0.044  -3883.323   3883.323      0.579
   453        111  (pi0)              -83   451   452   808   809     0     0      0.763     -0.293  -1109.317   1109.318      0.135
   454       -211  pi-                 83   451   452     0     0     0     0     -0.262      0.370   -251.392    251.392      0.140
   455        221  (eta)              -84   451   452   810   811     0     0      0.450     -0.632   -493.827    493.828      0.548
   456       2212  p+                  84   451   452     0     0     0     0      0.344      0.133  -2189.245   2189.245      0.938
   457          1  (d)                -71   335   335   467   479   129     0     -0.563     -0.455     11.467     11.494      0.330
   458         21  (g)                -71   319   319   467   479   125   129     -6.138     -2.629     57.807     58.191      0.000
   459         21  (g)                -71   306   306   467   479   170   125     -9.907     -4.137    113.922    114.427      0.000
   460         21  (g)                -71   345   345   467   479   114   170     -3.621     -1.999     39.126     39.344      0.000
   461         21  (g)                -71   426   426   467   479   159   114      0.106     -1.026      6.862      6.950      0.402
   462         21  (g)                -71   425   425   467   479   116   159     -0.944      0.601     22.064     22.095      0.321
   463         21  (g)                -71   427   427   467   479   164   116     -3.152     -2.147     44.207     44.374      0.518
   464         21  (g)                -71   311   311   467   479   126   164     -1.597     -0.955     11.639     11.787      0.000
   465         21  (g)                -71   318   318   467   479   104   126     -2.359     -1.616     58.412     58.482      0.000
   466         -2  (ubar)             -71   332   332   467   479     0   104      0.599     -1.869     47.770     47.811      0.330
   467       -211  pi-                 83   457   466     0     0     0     0     -1.733     -1.061     19.608     19.714      0.140
   468       2214  (Delta+)           -83   457   466   608   609     0     0     -6.146     -2.592     67.707     68.046      1.260
   469      -3214  (Sigma*bar0)       -83   457   466   610   611     0     0     -8.156     -3.261     89.722     90.161      1.378
   470       -321  K-                  84   457   466     0     0     0     0     -0.433     -0.583      7.232      7.286      0.494
   471        223  (omega)            -84   457   466   812   814     0     0     -2.506     -1.465     28.405     28.564      0.780
   472       2214  (Delta+)           -84   457   466   612   613     0     0     -1.274     -0.678     23.962     24.038      1.258
   473        113  (rho0)             -84   457   466   614   615     0     0     -1.918     -1.042     22.658     22.799      1.275
   474      -2212  pbar-               84   457   466     0     0     0     0     -0.511     -0.375     10.794     10.853      0.938
   475        213  (rho+)             -84   457   466   616   617     0     0     -2.741     -1.213     44.897     45.011      1.125
   476       2114  (Delta0)           -84   457   466   618   619     0     0     -0.634     -1.400     27.331     27.404      1.267
   477        113  (rho0)             -84   457   466   620   621     0     0     -0.942     -1.118     19.932     20.004      0.852
   478      -2112  nbar0               84   457   466     0     0     0     0     -0.788     -0.581     29.083     29.115      0.940
   479       -211  pi-                 84   457   466     0     0     0     0      0.207     -0.864     21.944     21.963      0.140
   480          2  (u)                -71   325   325   488   503   139     0     -0.382     -7.796    184.113    184.278      0.330
   481         21  (g)                -71   307   307   488   503   173   139      0.274     -4.490    145.765    145.835      0.000
   482         21  (g)                -71   428   428   488   503   163   173      0.995     -0.288     51.976     51.989      0.519
   483         21  (g)                -71   340   340   488   503   142   163      0.608      1.307    110.774    110.783      0.000
   484         21  (g)                -71   309   309   488   503   166   142      0.848      0.457     33.060     33.074      0.000
   485         21  (g)                -71   342   342   488   503   111   166      0.784      1.543    109.584    109.598      0.000
   486         21  (g)                -71   360   360   488   503   147   111      1.461      0.845    458.586    458.589      0.000
   487       2203  (uu_1)             -71   380   380   488   503     0   147     -0.306      0.078   1406.132   1406.132      0.771
   488        213  (rho+)             -83   480   487   622   623     0     0     -0.098     -3.881    109.906    109.979      0.921
   489       -213  (rho-)             -83   480   487   624   625     0     0      0.073     -4.993    125.214    125.319      1.180
   490        223  (omega)            -83   480   487   815   817     0     0      0.315     -0.741     60.849     60.860      0.799
   491        213  (rho+)             -83   480   487   626   627     0     0      0.106     -1.836     43.876     43.921      0.757
   492        111  (pi0)              -83   480   487   818   819     0     0      0.020     -0.298     34.286     34.288      0.135
   493       -211  pi-                 84   480   487     0     0     0     0      0.667      0.806     29.080     29.099      0.140
   494        321  K+                  84   480   487     0     0     0     0      0.505      0.235    108.363    108.365      0.494
   495       -311  (Kbar0)            -84   480   487   628   628     0     0     -0.013     -0.186     25.427     25.432      0.498
   496        111  (pi0)              -84   480   487   820   821     0     0      0.433      0.143     32.822     32.826      0.135
   497       -211  pi-                 84   480   487     0     0     0     0      0.202      0.631     82.752     82.755      0.140
   498        113  (rho0)             -84   480   487   629   630     0     0      0.667      0.522     66.791     66.800      0.647
   499        111  (pi0)              -84   480   487   822   823     0     0      0.428     -0.113     35.092     35.095      0.135
   500        213  (rho+)             -84   480   487   631   632     0     0      0.257      1.521    208.562    208.569      0.791
   501       -211  pi-                 84   480   487     0     0     0     0      0.493     -0.314    691.800    691.801      0.140
   502       2212  p+                  84   480   487     0     0     0     0      0.545      0.106    690.477    690.478      0.938
   503        211  pi+                 84   480   487     0     0     0     0     -0.317      0.052    154.693    154.693      0.140
   504          2  (u)                -71   415   415   515   526   162     0      0.929     -0.593   -987.601    987.601      0.654
   505         21  (g)                -71   412   412   515   526   176   162      0.904     -0.025   -124.150    124.154      0.237
   506         21  (g)                -71   373   373   515   526   148   176      1.366     -1.195   -222.403    222.411      0.000
   507         21  (g)                -71   339   339   515   526   135   148      0.342     -0.855   -113.958    113.962      0.000
   508         21  (g)                -71   414   414   515   526   124   135     -1.062      0.174   -153.344    153.348      0.371
   509         21  (g)                -71   359   359   515   526   144   124     -0.166      0.127     -4.220      4.225      0.000
   510         21  (g)                -71   331   331   515   526   150   144      0.863      1.015    -36.071     36.095      0.000
   511         21  (g)                -71   371   371   515   526   133   150      1.063      0.106    -11.695     11.744      0.000
   512         21  (g)                -71   356   356   515   526   174   133     -0.137      1.568     -4.243      4.525      0.000
   513         21  (g)                -71   411   411   515   526   108   174     -1.041      2.023     -4.741      5.263      0.225
   514         -3  (sbar)             -71   413   413   515   526     0   108     -1.860      1.921     -4.288      5.113      0.775
   515        113  (rho0)             -83   504   514   633   634     0     0      0.372     -0.013   -224.443    224.445      0.731
   516        213  (rho+)             -83   504   514   635   636     0     0      1.149     -0.636   -780.512    780.513      0.882
   517       -213  (rho-)             -83   504   514   637   638     0     0      0.327     -0.872   -165.170    165.174      0.649
   518        221  (eta)              -83   504   514   824   826     0     0      0.809     -0.084   -114.311    114.315      0.548
   519        321  K+                  83   504   514     0     0     0     0      0.096     -0.947   -217.840    217.843      0.494
   520       -311  (Kbar0)            -83   504   514   639   639     0     0     -0.248      0.447    -22.404     22.416      0.498
   521        313  (K*0)              -83   504   514   640   641     0     0      0.260      0.326    -86.214     86.220      0.918
   522       -311  (Kbar0)            -83   504   514   642   642     0     0      1.013      0.468    -36.742     36.762      0.498
   523       2112  n0                  84   504   514     0     0     0     0      0.216      0.488     -5.548      5.653      0.940
   524      -2112  nbar0               84   504   514     0     0     0     0     -0.641      0.757     -2.683      3.011      0.940
   525        113  (rho0)             -84   504   514   643   644     0     0     -0.483      2.696     -6.798      7.390      0.945
   526        311  (K0)               -84   504   514   645   645     0     0     -1.668      1.636     -4.048      4.701      0.498
   527          3  (s)                -71   422   422   539   562   137     0      0.106      0.203     -2.629      2.782      0.882
   528         21  (g)                -71   313   313   539   562   122   137     -1.747     -1.755     -7.648      8.039      0.000
   529         21  (g)                -71   423   423   539   562   109   122      5.460     -8.655     -9.930     14.266      0.457
   530         21  (g)                -71   326   326   539   562   158   109      0.505     -0.391      0.926      1.124      0.000
   531         21  (g)                -71   420   420   539   562   149   158      0.895      0.707      1.840      2.175      0.205
   532         21  (g)                -71   421   421   539   562   134   149      0.886      0.858      0.270      1.307      0.339
   533         21  (g)                -71   363   363   539   562   161   134     -0.856      1.720      7.942      8.171      0.000
   534         21  (g)                -71   354   354   539   562   112   161     -1.162      1.087     11.780     11.887      0.000
   535         21  (g)                -71   337   337   539   562   156   112     -1.001      0.099      6.587      6.664      0.000
   536         21  (g)                -71   369   369   539   562   127   156     -4.506      0.811     19.459     19.990      0.000
   537         21  (g)                -71   377   377   539   562   165   127     -1.354     -1.027      6.079      6.312      0.000
   538         -1  (dbar)             -71   317   317   539   562     0   165     -1.037     -1.220      9.124      9.269      0.330
   539       -311  (Kbar0)            -83   527   538   646   646     0     0     -0.599     -0.339     -3.488      3.590      0.498
   540        311  (K0)               -83   527   538   647   647     0     0     -0.251     -0.453     -1.246      1.439      0.498
   541       -323  (K*-)              -83   527   538   648   649     0     0      0.136     -0.452     -2.504      2.704      0.906
   542        211  pi+                 83   527   538     0     0     0     0     -0.288      0.003     -1.229      1.270      0.140
   543       -211  pi-                 83   527   538     0     0     0     0     -0.425     -0.635     -1.319      1.531      0.140
   544        223  (omega)            -83   527   538   827   828     0     0      0.615     -1.085     -2.095      2.559      0.776
   545        211  pi+                 83   527   538     0     0     0     0      1.294     -2.217     -2.942      3.907      0.140
   546       -211  pi-                 83   527   538     0     0     0     0      0.788     -0.970     -0.663      1.422      0.140
   547        111  (pi0)              -83   527   538   829   830     0     0      0.168     -0.077     -0.342      0.411      0.135
   548        223  (omega)            -83   527   538   831   833     0     0      1.258     -3.194     -3.050      4.659      0.786
   549        321  K+                  83   527   538     0     0     0     0      1.251     -1.076      0.041      1.723      0.494
   550       -321  K-                  83   527   538     0     0     0     0      0.326      0.038     -0.594      0.839      0.494
   551        213  (rho+)             -84   527   538   650   651     0     0      0.667      0.866      1.028      1.646      0.676
   552        331  (eta')             -84   527   538   834   835     0     0      0.681      0.332      2.641      2.910      0.958
   553        111  (pi0)              -84   527   538   836   837     0     0     -0.299      0.117      0.626      0.716      0.135
   554       2112  n0                  84   527   538     0     0     0     0      0.019      0.707      1.650      2.026      0.940
   555        211  pi+                 84   527   538     0     0     0     0      0.495      0.346      2.599      2.672      0.140
   556      -2224  (Deltabar--)       -84   527   538   652   653     0     0     -3.363      0.904     16.039     16.453      1.156
   557        211  pi+                 84   527   538     0     0     0     0     -0.123      0.259      3.116      3.132      0.140
   558        113  (rho0)             -84   527   538   654   655     0     0     -1.752      1.113     12.392     12.599      0.928
   559        311  (K0)               -84   527   538   656   656     0     0     -0.683      0.204      2.448      2.597      0.498
   560       -311  (Kbar0)            -84   527   538   657   657     0     0     -2.237     -0.497     12.089     12.314      0.498
   561       -211  pi-                 84   527   538     0     0     0     0     -0.507     -0.646      2.629      2.758      0.140
   562        211  pi+                 84   527   538     0     0     0     0     -0.983     -0.811      5.975      6.111      0.140
   563          1  (d)                -71   419   419   578   607   154     0      0.203     -0.146   2969.856   2969.856      0.826
   564         21  (g)                -71   315   315   578   607   146   154      0.908     -1.088    377.776    377.779      0.000
   565         21  (g)                -71   330   330   578   607   138   146     -0.650     -0.100     85.667     85.670      0.000
   566         21  (g)                -71   324   324   578   607   167   138      0.361     -0.809     41.100     41.110      0.000
   567         21  (g)                -71   343   343   578   607   131   167     -0.354      0.075      2.840      2.863      0.000
   568         21  (g)                -71   321   321   578   607   172   131      1.163     -0.236      2.081      2.396      0.000
   569         21  (g)                -71   357   357   578   607   106   172     -0.965      0.011      0.865      1.296      0.000
   570         21  (g)                -71   417   417   578   607   169   106     -0.618      0.121      1.637      1.780      0.300
   571         21  (g)                -71   416   416   578   607   103   169      0.751     -0.347      2.472      2.608      0.078
   572         21  (g)                -71   346   346   578   607   171   103      1.293     -7.242     -1.648      7.539      0.000
   573         21  (g)                -71   418   418   578   607   113   171      3.791     -8.490     -1.692      9.456      0.327
   574         21  (g)                -71   308   308   578   607   110   113      6.461    -16.067    -10.708     20.360      0.000
   575         21  (g)                -71   334   334   578   607   153   110      0.684     -2.939     -2.160      3.711      0.000
   576         21  (g)                -71   322   322   578   607   132   153      2.300     -3.764     -1.964      4.828      0.000
   577         -1  (dbar)             -71   305   305   578   607     0   132     56.649   -106.783    -45.980    129.329      0.330
   578       2214  (Delta+)           -83   563   577   658   659     0     0      0.410      0.120   2716.337   2716.337      1.489
   579        113  (rho0)             -83   563   577   660   661     0     0     -0.066     -0.985    484.004    484.006      0.805
   580      -2212  pbar-               83   563   577     0     0     0     0      0.590     -0.464    121.931    121.937      0.938
   581       -213  (rho-)             -83   563   577   662   663     0     0     -0.182     -0.500     77.624     77.630      0.822
   582        321  K+                  83   563   577     0     0     0     0     -0.209      0.187     44.870     44.873      0.494
   583       -313  (K*bar0)           -83   563   577   664   665     0     0     -0.115     -0.108      9.626      9.672      0.926
   584       -213  (rho-)             -83   563   577   666   667     0     0      0.463     -0.291     13.330     13.366      0.818
   585        223  (omega)            -83   563   577   838   840     0     0      0.222      0.382      7.286      7.342      0.794
   586       2212  p+                  83   563   577     0     0     0     0      0.062     -0.340      3.547      3.685      0.938
   587      -2212  pbar-               83   563   577     0     0     0     0     -0.348     -0.336      2.126      2.374      0.938
   588        113  (rho0)             -83   563   577   668   669     0     0      0.332      0.034      1.348      1.616      0.826
   589        213  (rho+)             -83   563   577   670   671     0     0     -0.705     -0.583      1.116      1.629      0.755
   590       2112  n0                  83   563   577     0     0     0     0      0.497     -0.345      0.189      1.134      0.940
   591      -2112  nbar0               84   563   577     0     0     0     0     -0.037     -1.169      0.392      1.551      0.940
   592        311  (K0)               -84   563   577   672   672     0     0      0.450     -1.278     -0.162      1.453      0.498
   593       -321  K-                  84   563   577     0     0     0     0      2.199     -4.858     -0.841      5.421      0.494
   594        113  (rho0)             -84   563   577   673   674     0     0      0.693     -2.998     -1.509      3.506      0.739
   595        213  (rho+)             -84   563   577   675   676     0     0      1.836     -4.944     -2.135      5.744      0.790
   596       -213  (rho-)             -84   563   577   677   678     0     0      1.141     -3.289     -1.281      3.784      0.746
   597        211  pi+                 84   563   577     0     0     0     0      0.509     -0.701     -0.783      1.176      0.140
   598       -211  pi-                 84   563   577     0     0     0     0      0.949     -2.698     -1.818      3.392      0.140
   599        213  (rho+)             -84   563   577   679   680     0     0      2.372     -4.910     -1.916      5.832      0.777
   600       -211  pi-                 84   563   577     0     0     0     0      1.981     -5.447     -3.403      6.723      0.140
   601        321  K+                  84   563   577     0     0     0     0      2.348     -4.021     -2.559      5.336      0.494
   602       -311  (Kbar0)            -84   563   577   681   681     0     0      0.924     -2.620     -1.170      3.055      0.498
   603        111  (pi0)              -84   563   577   841   843     0     0      2.653     -4.791     -2.024      5.840      0.135
   604       -213  (rho-)             -84   563   577   682   683     0     0     10.247    -20.056     -9.034     24.290      1.077
   605        211  pi+                 84   563   577     0     0     0     0      1.804     -3.489     -1.732      4.295      0.140
   606        111  (pi0)              -84   563   577   844   845     0     0     14.068    -26.882    -11.816     32.560      0.135
   607        221  (eta)              -84   563   577   846   848     0     0     26.889    -50.421    -21.400     61.021      0.548
   608       2212  p+                  91   468     0     0     0     0     0     -4.127     -1.568     46.495     46.713      0.938
   609        111  (pi0)              -91   468     0   849   850     0     0     -2.019     -1.024     21.212     21.333      0.135
   610      -3122  (Lambdabar0)       -91   469     0   851   852     0     0     -7.281     -2.820     77.962     78.360      1.116
   611        111  (pi0)              -91   469     0   853   854     0     0     -0.876     -0.441     11.760     11.801      0.135
   612       2112  n0                  91   472     0     0     0     0     0     -0.817     -0.714     17.834     17.892      0.940
   613        211  pi+                 91   472     0     0     0     0     0     -0.458      0.036      6.128      6.146      0.140
   614        211  pi+                 91   473     0     0     0     0     0     -0.293      0.242      5.624      5.639      0.140
   615       -211  pi-                 91   473     0     0     0     0     0     -1.625     -1.284     17.034     17.160      0.140
   616        211  pi+                 91   475     0     0     0     0     0     -1.122     -0.857     26.864     26.901      0.140
   617        111  (pi0)              -91   475     0   855   856     0     0     -1.620     -0.356     18.033     18.110      0.135
   618       2212  p+                  91   476     0     0     0     0     0     -0.440     -1.339     25.477     25.533      0.938
   619       -211  pi-                 91   476     0     0     0     0     0     -0.194     -0.061      1.854      1.871      0.140
   620        211  pi+                 91   477     0     0     0     0     0     -0.286     -0.867     13.600     13.632      0.140
   621       -211  pi-                 91   477     0     0     0     0     0     -0.656     -0.251      6.332      6.372      0.140
   622        211  pi+                 91   488     0     0     0     0     0      0.050     -0.166      3.289      3.297      0.140
   623        111  (pi0)              -91   488     0   857   858     0     0     -0.147     -3.715    106.617    106.682      0.135
   624       -211  pi-                 91   489     0     0     0     0     0     -0.261     -0.484      9.732      9.749      0.140
   625        111  (pi0)              -91   489     0   859   860     0     0      0.334     -4.509    115.481    115.570      0.135
   626        211  pi+                 91   491     0     0     0     0     0      0.104     -1.540     40.438     40.468      0.140
   627        111  (pi0)              -91   491     0   861   862     0     0      0.001     -0.296      3.438      3.453      0.135
   628        310  (K_S0)             -91   495   495   863   864     0     0     -0.013     -0.186     25.427     25.432      0.498
   629        211  pi+                 91   498     0     0     0     0     0      0.186      0.442     22.204     22.209      0.140
   630       -211  pi-                 91   498     0     0     0     0     0      0.481      0.080     44.587     44.590      0.140
   631        211  pi+                 91   500     0     0     0     0     0      0.336      0.991    169.614    169.618      0.140
   632        111  (pi0)              -91   500     0   865   866     0     0     -0.079      0.530     38.948     38.952      0.135
   633        211  pi+                 91   515     0     0     0     0     0     -0.059     -0.182    -31.240     31.241      0.140
   634       -211  pi-                 91   515     0     0     0     0     0      0.431      0.169   -193.203    193.203      0.140
   635        211  pi+                 91   516     0     0     0     0     0     -0.052     -0.125    -43.260     43.260      0.140
   636        111  (pi0)              -91   516     0   867   868     0     0      1.200     -0.512   -737.252    737.253      0.135
   637       -211  pi-                 91   517     0     0     0     0     0      0.270     -0.924   -147.752    147.755      0.140
   638        111  (pi0)              -91   517     0   869   870     0     0      0.057      0.053    -17.418     17.419      0.135
   639        130  K_L0                91   520   520     0     0     0     0     -0.248      0.447    -22.404     22.416      0.498
   640        321  K+                  91   521     0     0     0     0     0     -0.061      0.028    -31.218     31.222      0.494
   641       -211  pi-                 91   521     0     0     0     0     0      0.321      0.298    -54.996     54.998      0.140
   642        310  (K_S0)             -91   522   522   871   872     0     0      1.013      0.468    -36.742     36.762      0.498
   643        211  pi+                 91   525     0     0     0     0     0     -0.111      0.511     -0.612      0.817      0.140
   644       -211  pi-                 91   525     0     0     0     0     0     -0.371      2.185     -6.186      6.573      0.140
   645        310  (K_S0)             -91   526   526   873   874     0     0     -1.668      1.636     -4.048      4.701      0.498
   646        310  (K_S0)             -91   539   539   875   876     0     0     -0.599     -0.339     -3.488      3.590      0.498
   647        310  (K_S0)             -91   540   540   877   878     0     0     -0.251     -0.453     -1.246      1.439      0.498
   648       -311  (Kbar0)            -91   541     0   684   684     0     0      0.161     -0.090     -0.825      0.981      0.498
   649       -211  pi-                 91   541     0     0     0     0     0     -0.025     -0.362     -1.679      1.724      0.140
   650        211  pi+                 91   551     0     0     0     0     0      0.363      0.129      0.113      0.425      0.140
   651        111  (pi0)              -91   551     0   879   880     0     0      0.305      0.736      0.915      1.221      0.135
   652      -2212  pbar-               91   556     0     0     0     0     0     -2.716      0.577     12.734     13.067      0.938
   653       -211  pi-                 91   556     0     0     0     0     0     -0.648      0.327      3.305      3.386      0.140
   654        211  pi+                 91   558     0     0     0     0     0     -1.676      1.222     11.487     11.673      0.140
   655       -211  pi-                 91   558     0     0     0     0     0     -0.077     -0.109      0.905      0.926      0.140
   656        310  (K_S0)             -91   559   559   881   882     0     0     -0.683      0.204      2.448      2.597      0.498
   657        310  (K_S0)             -91   560   560   883   884     0     0     -2.237     -0.497     12.089     12.314      0.498
   658       2212  p+                  91   578     0     0     0     0     0      0.212      0.305   2525.106   2525.106      0.938
   659        111  (pi0)              -91   578     0   885   886     0     0      0.198     -0.186    191.231    191.232      0.135
   660        211  pi+                 91   579     0     0     0     0     0     -0.227     -0.700    421.401    421.401      0.140
   661       -211  pi-                 91   579     0     0     0     0     0      0.161     -0.285     62.604     62.605      0.140
   662       -211  pi-                 91   581     0     0     0     0     0      0.068     -0.146     59.799     59.799      0.140
   663        111  (pi0)              -91   581     0   887   888     0     0     -0.251     -0.355     17.825     17.831      0.135
   664       -321  K-                  91   583     0     0     0     0     0     -0.135     -0.314      8.347      8.369      0.494
   665        211  pi+                 91   583     0     0     0     0     0      0.020      0.206      1.279      1.303      0.140
   666       -211  pi-                 91   584     0     0     0     0     0      0.134      0.102      0.946      0.971      0.140
   667        111  (pi0)              -91   584     0   889   890     0     0      0.329     -0.392     12.384     12.395      0.135
   668        211  pi+                 91   588     0     0     0     0     0      0.579      0.017      0.789      0.989      0.140
   669       -211  pi-                 91   588     0     0     0     0     0     -0.247      0.017      0.559      0.627      0.140
   670        211  pi+                 91   589     0     0     0     0     0     -0.400     -0.710      0.822      1.166      0.140
   671        111  (pi0)              -91   589     0   891   892     0     0     -0.305      0.128      0.294      0.463      0.135
   672        310  (K_S0)             -91   592   592   893   894     0     0      0.450     -1.278     -0.162      1.453      0.498
   673        211  pi+                 91   594     0     0     0     0     0      0.489     -2.245     -0.784      2.432      0.140
   674       -211  pi-                 91   594     0     0     0     0     0      0.204     -0.753     -0.726      1.075      0.140
   675        211  pi+                 91   595     0     0     0     0     0      1.229     -4.070     -1.593      4.543      0.140
   676        111  (pi0)              -91   595     0   895   896     0     0      0.607     -0.874     -0.542      1.202      0.135
   677       -211  pi-                 91   596     0     0     0     0     0      0.648     -1.035     -0.638      1.385      0.140
   678        111  (pi0)              -91   596     0   897   898     0     0      0.492     -2.253     -0.643      2.398      0.135
   679        211  pi+                 91   599     0     0     0     0     0      0.082     -0.298     -0.238      0.414      0.140
   680        111  (pi0)              -91   599     0   899   900     0     0      2.290     -4.613     -1.678      5.418      0.135
   681        310  (K_S0)             -91   602   602   901   902     0     0      0.924     -2.620     -1.170      3.055      0.498
   682       -211  pi-                 91   604     0     0     0     0     0      6.705    -13.541     -5.573     16.106      0.140
   683        111  (pi0)              -91   604     0   903   904     0     0      3.542     -6.515     -3.461      8.184      0.135
   684        310  (K_S0)             -91   648   648   905   906     0     0      0.161     -0.090     -0.825      0.981      0.498
   685          1  (d)                -91   439     0   689   689   193     0    -70.389    -52.103    -11.297     88.301      0.330
   686         -1  (dbar)             -91   439     0   687   688     0   193    -27.133    -15.966    -19.623     37.099      0.330
   687         -1  (dbar)             -51   686     0   696   697     0   194    -16.632    -10.155    -13.340     23.618      0.330
   688         21  (g)                -51   686     0   690   691   194   193    -11.317     -6.415     -6.414     14.504      0.000
   689          1  (d)                -52   685   685   692   692   193     0    -69.573    -51.499    -11.167     87.277      0.330
   690         21  (g)                -51   688     0   693   694   194   195     -8.065     -4.131     -4.947     10.324      0.000
   691         21  (g)                -51   688     0   695   695   195   193     -6.815     -4.922     -2.039      8.651      0.000
   692          1  (d)                -52   689   689  1053  1053   193     0    -66.009    -48.861    -10.595     82.807      0.330
   693         21  (g)                -51   690     0   698   698   194   196     -2.947     -0.890     -1.573      3.457      0.000
   694         21  (g)                -51   690     0  1055  1055   196   195     -6.991     -4.593     -3.934      9.244      0.000
   695         21  (g)                -52   691   691  1054  1054   195   193     -4.943     -3.570     -1.479      6.274      0.000
   696         -1  (dbar)             -51   687     0  1058  1058     0   197    -13.345     -7.635    -11.081     18.955      0.330
   697         21  (g)                -51   687     0  1057  1057   197   194     -4.469     -2.877     -2.889      6.050      0.000
   698         21  (g)                -52   693   693  1056  1056   194   196     -1.764     -0.533     -0.942      2.070      0.000
   699          1  (d)                -91   440     0   701   702   199     0    -54.410    -41.680    -20.871     71.647      0.330
   700         -1  (dbar)             -91   440     0   703   703     0   199    -24.349    -45.274    -14.536     53.423      0.330
   701          1  (d)                -51   699     0   704   705   200     0    -38.096    -26.392    -12.839     48.091      0.330
   702         21  (g)                -51   699     0   706   706   199   200    -18.522    -19.394     -9.351     28.401      0.000
   703         -1  (dbar)             -52   700   700   718   718     0   199    -22.142    -41.168    -13.218     48.578      0.330
   704          1  (d)                -51   701     0   709   709   201     0     -3.736     -1.232     -1.502      4.224      0.330
   705         21  (g)                -51   701     0   707   708   200   201    -44.984    -36.285    -16.700     60.159      0.000
   706         21  (g)                -52   702   702   713   714   199   200     -7.897     -8.269     -3.987     12.110      0.000
   707         21  (g)                -51   705     0   712   712   200   202    -43.369    -34.599    -15.648     57.644      0.000
   708         21  (g)                -51   705     0   710   711   202   201     -2.047     -1.809     -1.226      2.994      0.000
   709          1  (d)                -52   704   704  1068  1068   201     0     -3.305     -1.109     -1.328      3.745      0.330
   710         21  (g)                -51   708     0  1069  1069   203   201     -6.356     -4.335     -2.292      8.028      0.000
   711         21  (g)                -51   708     0  1070  1070   202   203    -15.825    -13.537     -6.199     21.728      0.000
   712         21  (g)                -52   707   707   715   715   200   202    -23.235    -18.536     -8.384     30.882      0.000
   713         21  (g)                -51   706     0   716   717   199   204     -8.474     -8.259     -3.259     12.273      0.000
   714         21  (g)                -51   706     0  1072  1072   204   200     -4.175     -3.802     -2.443      6.152      0.000
   715         21  (g)                -52   712   712  1071  1071   200   202    -18.483    -14.745     -6.669     24.566      0.000
   716         21  (g)                -51   713     0  1073  1073   205   204     -5.983     -5.314     -2.009      8.251      0.000
   717         21  (g)                -51   713     0  1074  1074   199   205     -3.607     -5.021     -1.916      6.473      0.000
   718         -1  (dbar)             -52   703   703  1075  1075     0   199    -21.026    -39.090    -12.551     46.128      0.330
   719          1  (d)                -91   441     0   723   723   206     0    -30.626    -20.193     -0.910     36.697      0.330
   720         -1  (dbar)             -91   441     0   721   722     0   206    -68.637    -51.370    -41.116     95.082      0.330
   721         -1  (dbar)             -51   720     0  1013  1013     0   207    -13.028     -9.016     -7.833     17.677      0.330
   722         21  (g)                -51   720     0   724   725   207   206    -55.761    -42.454    -33.288     77.587      0.000
   723          1  (d)                -52   719   719   726   726   206     0    -30.474    -20.093     -0.905     36.515      0.330
   724         21  (g)                -51   722     0   727   728   207   208    -52.914    -40.345    -32.102     73.880      0.000
   725         21  (g)                -51   722     0   729   729   208   206     -3.475     -2.523     -1.204      4.460      0.000
   726          1  (d)                -52   723   723  1009  1009   206     0    -29.845    -19.679     -0.887     35.762      0.330
   727         21  (g)                -51   724     0  1012  1012   207   209    -45.257    -34.843    -27.830     63.536      0.000
   728         21  (g)                -51   724     0  1011  1011   209   208     -8.194     -5.892     -4.458     11.034      0.000
   729         21  (g)                -52   725   725  1010  1010   208   206     -2.938     -2.133     -1.018      3.770      0.000
   730          1  (d)                -91   442     0   734   734   210     0     -6.592     -7.576      0.304     10.053      0.330
   731         -1  (dbar)             -91   442     0   732   733     0   210     -9.198      6.585    -29.144     31.264      0.330
   732         -1  (dbar)             -51   731     0   737   737     0   211    -11.231      6.347    -28.640     31.413      0.330
   733         21  (g)                -51   731     0   735   736   211   210      0.981     -0.972     -0.454      1.453      0.000
   734          1  (d)                -52   730   730  1037  1037   210     0     -5.540     -6.367      0.253      8.450      0.330
   735         21  (g)                -51   733     0  1038  1038   213   210      0.045     -0.750     -0.055      0.754      0.000
   736         21  (g)                -51   733     0   738   739   211   213      0.788     -0.137     -0.776      1.114      0.000
   737         -1  (dbar)             -52   732   732   740   740     0   211    -11.083      6.263    -28.262     30.998      0.330
   738         21  (g)                -51   736     0  1039  1039   214   213      0.258     -0.518     -0.753      0.949      0.000
   739         21  (g)                -51   736     0  1040  1040   211   214      0.251      0.538     -0.734      0.944      0.000
   740         -1  (dbar)             -52   737   737  1041  1041     0   211    -10.804      6.106    -27.552     30.219      0.330
   741          1  (d)                -91   443     0   745   745   215     0     -6.603     -5.541     12.995     15.597      0.330
   742         -1  (dbar)             -91   443     0   743   744     0   215     -8.804    -11.256    -11.382     18.272      0.330
   743         -1  (dbar)             -51   742     0   746   747     0   217     -3.952     -5.053     -6.561      9.182      0.330
   744         21  (g)                -51   742     0   748   748   217   215     -4.914     -6.255     -4.697      9.238      0.000
   745          1  (d)                -52   741   741  1023  1023   215     0     -6.540     -5.489     12.871     15.449      0.330
   746         -1  (dbar)             -51   743     0  1026  1026     0   219     -5.117     -5.504     -6.227      9.765      0.330
   747         21  (g)                -51   743     0  1025  1025   219   217     -0.896     -2.173     -2.304      3.291      0.000
   748         21  (g)                -52   744   744  1024  1024   217   215     -2.853     -3.632     -2.727      5.364      0.000
   749          1  (d)                -91   444     0   751   752   220     0      1.512      0.542     -0.895      1.868      0.330
   750         -1  (dbar)             -91   444     0   753   753     0   220      4.379     10.102    -19.637     22.515      0.330
   751          1  (d)                -51   749     0   991   994   221     0      1.870      1.056     -1.392      2.580      0.330
   752         21  (g)                -51   749     0   991   994   220   221      0.250      0.893     -2.238      2.422      0.000
   753         -1  (dbar)             -52   750   750   991   994     0   220      3.771      8.695    -16.902     19.381      0.330
   754          1  (d)                -91   445     0   758   758   222     0     17.936     20.872    -12.390     30.182      0.330
   755         -1  (dbar)             -91   445     0   756   757     0   222     -6.792      3.576      2.040      7.950      0.330
   756         -1  (dbar)             -51   755     0   954   954     0   223     -2.660     -0.559      0.683      2.822      0.330
   757         21  (g)                -51   755     0   759   760   223   222     -3.585      4.772      0.979      6.048      0.000
   758          1  (d)                -52   754   754   761   761   222     0     17.389     20.235    -12.012     29.262      0.330
   759          3  (s)                -51   757     0   953   953   223     0     -0.186      0.060     -0.572      0.784      0.500
   760         -3  (sbar)             -51   757     0   764   764     0   222     -2.845      5.357      1.168      6.197      0.500
   761          1  (d)                -52   758   758   762   763   222     0     16.834     19.590    -11.629     28.329      0.330
   762          1  (d)                -51   761     0  1002  1008   224     0     15.868     19.360    -11.265     27.451      0.330
   763         21  (g)                -51   761     0  1002  1008   222   224      0.898      0.357     -0.336      1.024      0.000
   764         -3  (sbar)             -52   760   760  1002  1008     0   222     -2.777      5.230      1.140      6.051      0.500
   765          1  (d)                -91   446     0   767   768   225     0      1.205     -1.414     -2.807      3.382      0.330
   766         -1  (dbar)             -91   446     0   769   769     0   225      8.950     -3.325     -1.776      9.717      0.330
   767          1  (d)                -51   765     0   971   971   226     0      1.752     -1.237      0.104      2.172      0.330
   768         21  (g)                -51   765     0   770   771   225   226      2.460     -1.290     -3.497      4.466      0.000
   769         -1  (dbar)             -52   766   766   772   772     0   225      5.944     -2.212     -1.189      6.461      0.330
   770         21  (g)                -51   768     0   775   775   227   226      0.981     -0.506     -2.249      2.505      0.000
   771         21  (g)                -51   768     0   773   774   225   227      3.885     -1.676     -1.705      4.562      0.000
   772         -1  (dbar)             -52   769   769   975   975     0   225      3.537     -1.319     -0.732      3.860      0.330
   773         21  (g)                -51   771     0   974   974   225   228      3.999     -1.619     -2.303      4.890      0.000
   774         21  (g)                -51   771     0   973   973   228   227      0.102     -0.169      0.103      0.223      0.000
   775         21  (g)                -52   770   770   972   972   227   226      0.765     -0.395     -1.754      1.954      0.000
   776          1  (d)                -91   447     0   780   780   229     0     -4.379      8.065    -13.827     16.599      0.330
   777         -1  (dbar)             -91   447     0   778   779     0   229     -2.370     11.231    -26.768     29.127      0.330
   778         -1  (dbar)             -51   777     0   985   985     0   230     -3.026     12.356    -28.703     31.397      0.330
   779         21  (g)                -51   777     0   984   984   230   229      0.039      0.002      0.013      0.041      0.000
   780          1  (d)                -52   776   776   983   983   229     0     -3.762      6.938    -11.905     14.287      0.330
   781          1  (d)                -91   448     0   785   785   231     0     45.990     30.498    -60.516     81.899      0.330
   782         -1  (dbar)             -91   448     0   783   784     0   231      5.680     13.698     -4.659     15.547      0.330
   783         -1  (dbar)             -51   782     0   996   996     0   232      3.547     10.881     -2.880     11.806      0.330
   784         21  (g)                -51   782     0   786   787   232   231      4.713      4.527     -5.173      8.335      0.000
   785          1  (d)                -52   781   781   788   788   231     0     43.411     28.787    -57.121     77.305      0.330
   786          2  (u)                -51   784     0   995   995   232     0      3.800      4.060     -5.429      7.778      0.330
   787         -2  (ubar)             -51   784     0   958   958     0   231      5.308      3.380     -5.526      8.381      0.330
   788          1  (d)                -52   785   785   957   957   231     0     39.017     25.875    -51.339     69.481      0.330
   789          1  (d)                -91   449     0   793   793   234     0     85.477    188.896   -205.639    292.020      0.330
   790         -1  (dbar)             -91   449     0   791   792     0   234     43.099     62.251    -84.448    113.421      0.330
   791         -1  (dbar)             -51   790     0  1093  1093     0   235     38.551     57.020    -78.039    104.056      0.330
   792         21  (g)                -51   790     0   796   796   235   234      6.070      8.594    -10.071     14.565      0.000
   793          1  (d)                -52   789   789   794   795   234     0     83.955    185.533   -201.978    286.820      0.330
   794          1  (d)                -51   793     0  1089  1089   237     0     32.025     70.858    -78.086    110.200      0.330
   795         21  (g)                -51   793     0   797   798   234   237     52.098    114.913   -124.171    177.024      0.000
   796         21  (g)                -52   792   792   799   799   235   234      5.901      8.356     -9.792     14.161      0.000
   797         21  (g)                -51   795     0  1090  1090   238   237     40.598     90.278    -96.830    138.472      0.000
   798         21  (g)                -51   795     0  1091  1091   234   238     11.722     24.950    -27.711     39.087      0.000
   799         21  (g)                -52   796   796  1092  1092   235   234      5.679      8.041     -9.423     13.627      0.000
   800          1  (d)                -91   450     0   804   804   239     0     30.550     35.957    -51.223     69.643      0.330
   801         -1  (dbar)             -91   450     0   802   803     0   239     28.134     39.528    -48.592     68.668      0.330
   802         -1  (dbar)             -51   801     0   965   965     0   240     12.122     18.530    -22.279     31.413      0.330
   803         21  (g)                -51   801     0   805   806   240   239     26.529     33.351    -43.941     61.212      0.000
   804          1  (d)                -52   800   800   807   807   239     0     20.034     23.604    -33.596     45.687      0.330
   805         21  (g)                -51   803     0   964   964   240   241      7.261      8.395    -11.286     15.829      0.000
   806         21  (g)                -51   803     0   963   963   241   239     25.343     32.054    -42.858     59.216      0.000
   807          1  (d)                -52   804   804   962   962   239     0     13.959     16.506    -23.393     31.853      0.330
   808         22  gamma               91   453     0     0     0     0     0      0.322     -0.137   -565.430    565.430      0.000
   809         22  gamma               91   453     0     0     0     0     0      0.440     -0.156   -543.887    543.887      0.000
   810         22  gamma               91   455     0     0     0     0     0      0.492     -0.701   -468.732    468.733      0.000
   811         22  gamma               91   455     0     0     0     0     0     -0.042      0.069    -25.094     25.094      0.000
   812        211  pi+                 91   471     0     0     0     0     0     -1.052     -0.424     12.578     12.630      0.140
   813       -211  pi-                 91   471     0     0     0     0     0     -1.293     -0.854     12.961     13.054      0.140
   814        111  (pi0)              -91   471     0   907   908     0     0     -0.162     -0.187      2.866      2.879      0.135
   815        211  pi+                 91   490     0     0     0     0     0      0.072     -0.480     29.999     30.003      0.140
   816       -211  pi-                 91   490     0     0     0     0     0      0.306     -0.102     12.191     12.196      0.140
   817        111  (pi0)              -91   490     0   909   910     0     0     -0.062     -0.160     18.660     18.661      0.135
   818         22  gamma               91   492     0     0     0     0     0      0.012     -0.199     28.676     28.677      0.000
   819         22  gamma               91   492     0     0     0     0     0      0.008     -0.098      5.610      5.611      0.000
   820         22  gamma               91   496     0     0     0     0     0      0.090      0.027     11.355     11.356      0.000
   821         22  gamma               91   496     0     0     0     0     0      0.343      0.117     21.467     21.470      0.000
   822         22  gamma               91   499     0     0     0     0     0      0.211     -0.041     22.096     22.097      0.000
   823         22  gamma               91   499     0     0     0     0     0      0.217     -0.071     12.996     12.998      0.000
   824        111  (pi0)              -91   518     0   911   912     0     0      0.346     -0.035    -41.160     41.162      0.135
   825        111  (pi0)              -91   518     0   913   914     0     0      0.372      0.002    -61.427     61.428      0.135
   826        111  (pi0)              -91   518     0   915   916     0     0      0.092     -0.051    -11.724     11.725      0.135
   827        111  (pi0)              -91   544     0   917   918     0     0      0.457     -0.904     -0.972      1.410      0.135
   828         22  gamma               91   544     0     0     0     0     0      0.158     -0.181     -1.123      1.149      0.000
   829         22  gamma               91   547     0     0     0     0     0     -0.004     -0.054     -0.104      0.117      0.000
   830         22  gamma               91   547     0     0     0     0     0      0.172     -0.023     -0.237      0.294      0.000
   831        211  pi+                 91   548     0     0     0     0     0      0.938     -2.082     -2.136      3.130      0.140
   832       -211  pi-                 91   548     0     0     0     0     0      0.309     -0.699     -0.472      0.909      0.140
   833        111  (pi0)              -91   548     0   919   920     0     0      0.011     -0.413     -0.442      0.620      0.135
   834        113  (rho0)             -91   552     0   921   922     0     0      0.320     -0.107      1.697      1.808      0.525
   835         22  gamma               91   552     0     0     0     0     0      0.361      0.438      0.944      1.102      0.000
   836         22  gamma               91   553     0     0     0     0     0      0.007      0.028      0.065      0.071      0.000
   837         22  gamma               91   553     0     0     0     0     0     -0.306      0.089      0.562      0.646      0.000
   838        211  pi+                 91   585     0     0     0     0     0      0.104     -0.086      1.797      1.808      0.140
   839       -211  pi-                 91   585     0     0     0     0     0      0.136      0.217      4.384      4.394      0.140
   840        111  (pi0)              -91   585     0   923   924     0     0     -0.018      0.251      1.105      1.141      0.135
   841         22  gamma               91   603     0     0     0     0     0      1.921     -3.342     -1.421      4.108      0.000
   842         11  e-                  91   603     0     0     0     0     0      0.317     -0.625     -0.264      0.749      0.001
   843        -11  e+                  91   603     0     0     0     0     0      0.415     -0.824     -0.339      0.983      0.001
   844         22  gamma               91   606     0     0     0     0     0      4.814     -9.336     -4.078     11.268      0.000
   845         22  gamma               91   606     0     0     0     0     0      9.254    -17.546     -7.737     21.292      0.000
   846        111  (pi0)              -91   607     0   925   926     0     0     10.596    -19.967     -8.419     24.121      0.135
   847        111  (pi0)              -91   607     0   927   928     0     0      3.756     -7.193     -3.082      8.682      0.135
   848        111  (pi0)              -91   607     0   929   930     0     0     12.537    -23.261     -9.898     28.218      0.135
   849         22  gamma               91   609     0     0     0     0     0     -1.564     -0.855     16.651     16.746      0.000
   850         22  gamma               91   609     0     0     0     0     0     -0.455     -0.169      4.562      4.587      0.000
   851      -2112  nbar0               91   610     0     0     0     0     0     -6.817     -2.671     73.016     73.388      0.940
   852        111  (pi0)              -91   610     0   931   932     0     0     -0.464     -0.149      4.947      4.972      0.135
   853         22  gamma               91   611     0     0     0     0     0     -0.153     -0.048      1.467      1.476      0.000
   854         22  gamma               91   611     0     0     0     0     0     -0.722     -0.394     10.293     10.325      0.000
   855         22  gamma               91   617     0     0     0     0     0     -1.240     -0.305     14.365     14.421      0.000
   856         22  gamma               91   617     0     0     0     0     0     -0.380     -0.051      3.668      3.688      0.000
   857         22  gamma               91   623     0     0     0     0     0     -0.014     -0.090      3.186      3.187      0.000
   858         22  gamma               91   623     0     0     0     0     0     -0.133     -3.625    103.431    103.495      0.000
   859         22  gamma               91   625     0     0     0     0     0      0.107     -1.872     46.384     46.422      0.000
   860         22  gamma               91   625     0     0     0     0     0      0.227     -2.637     69.097     69.147      0.000
   861         22  gamma               91   627     0     0     0     0     0     -0.035     -0.148      1.112      1.123      0.000
   862         22  gamma               91   627     0     0     0     0     0      0.036     -0.148      2.326      2.331      0.000
   863        211  pi+                 91   628     0     0     0     0     0     -0.076     -0.229     22.102     22.103      0.140
   864       -211  pi-                 91   628     0     0     0     0     0      0.063      0.043      3.325      3.329      0.140
   865         22  gamma               91   632     0     0     0     0     0     -0.008      0.018      4.507      4.507      0.000
   866         22  gamma               91   632     0     0     0     0     0     -0.071      0.512     34.440     34.444      0.000
   867         22  gamma               91   636     0     0     0     0     0      0.188     -0.133   -120.152    120.152      0.000
   868         22  gamma               91   636     0     0     0     0     0      1.013     -0.379   -617.100    617.101      0.000
   869         22  gamma               91   638     0     0     0     0     0      0.099      0.043    -14.363     14.363      0.000
   870         22  gamma               91   638     0     0     0     0     0     -0.041      0.009     -3.056      3.056      0.000
   871        111  (pi0)              -91   642     0   933   934     0     0      0.565      0.370    -16.019     16.034      0.135
   872        111  (pi0)              -91   642     0   935   936     0     0      0.448      0.098    -20.722     20.728      0.135
   873        211  pi+                 91   645     0     0     0     0     0     -0.297      0.493     -1.155      1.298      0.140
   874       -211  pi-                 91   645     0     0     0     0     0     -1.372      1.142     -2.894      3.403      0.140
   875        211  pi+                 91   646     0     0     0     0     0     -0.221      0.052     -1.532      1.555      0.140
   876       -211  pi-                 91   646     0     0     0     0     0     -0.378     -0.391     -1.956      2.035      0.140
   877        111  (pi0)              -91   647     0   937   938     0     0      0.107     -0.113     -0.349      0.405      0.135
   878        111  (pi0)              -91   647     0   939   940     0     0     -0.358     -0.340     -0.897      1.033      0.135
   879         22  gamma               91   651     0     0     0     0     0      0.010      0.068      0.139      0.155      0.000
   880         22  gamma               91   651     0     0     0     0     0      0.294      0.669      0.776      1.066      0.000
   881        211  pi+                 91   656     0     0     0     0     0     -0.091     -0.046      0.891      0.908      0.140
   882       -211  pi-                 91   656     0     0     0     0     0     -0.592      0.250      1.556      1.690      0.140
   883        111  (pi0)              -91   657     0   941   942     0     0     -1.760     -0.335     10.070     10.229      0.135
   884        111  (pi0)              -91   657     0   943   944     0     0     -0.478     -0.162      2.019      2.085      0.135
   885         22  gamma               91   659     0     0     0     0     0      0.218     -0.159    170.782    170.783      0.000
   886         22  gamma               91   659     0     0     0     0     0     -0.020     -0.027     20.449     20.449      0.000
   887         22  gamma               91   663     0     0     0     0     0     -0.168     -0.326     14.644     14.648      0.000
   888         22  gamma               91   663     0     0     0     0     0     -0.083     -0.028      3.182      3.183      0.000
   889         22  gamma               91   667     0     0     0     0     0      0.092     -0.052      3.571      3.573      0.000
   890         22  gamma               91   667     0     0     0     0     0      0.237     -0.340      8.813      8.823      0.000
   891         22  gamma               91   671     0     0     0     0     0     -0.269      0.143      0.294      0.423      0.000
   892         22  gamma               91   671     0     0     0     0     0     -0.036     -0.015      0.000      0.039      0.000
   893        111  (pi0)              -91   672     0   945   946     0     0      0.167     -0.583      0.132      0.636      0.135
   894        111  (pi0)              -91   672     0   947   948     0     0      0.283     -0.695     -0.294      0.817      0.135
   895         22  gamma               91   676     0     0     0     0     0      0.418     -0.673     -0.449      0.911      0.000
   896         22  gamma               91   676     0     0     0     0     0      0.189     -0.201     -0.093      0.291      0.000
   897         22  gamma               91   678     0     0     0     0     0      0.165     -0.698     -0.137      0.730      0.000
   898         22  gamma               91   678     0     0     0     0     0      0.327     -1.556     -0.507      1.669      0.000
   899         22  gamma               91   680     0     0     0     0     0      0.235     -0.509     -0.142      0.579      0.000
   900         22  gamma               91   680     0     0     0     0     0      2.055     -4.103     -1.536      4.839      0.000
   901        111  (pi0)              -91   681     0   949   950     0     0      0.476     -1.315     -0.363      1.451      0.135
   902        111  (pi0)              -91   681     0   951   952     0     0      0.448     -1.305     -0.807      1.604      0.135
   903         22  gamma               91   683     0     0     0     0     0      1.183     -2.298     -1.175      2.839      0.000
   904         22  gamma               91   683     0     0     0     0     0      2.359     -4.217     -2.285      5.345      0.000
   905        211  pi+                 91   684     0     0     0     0     0      0.138     -0.060     -0.810      0.835      0.140
   906       -211  pi-                 91   684     0     0     0     0     0      0.022     -0.030     -0.015      0.145      0.140
   907         22  gamma               91   814     0     0     0     0     0     -0.050     -0.158      1.574      1.583      0.000
   908         22  gamma               91   814     0     0     0     0     0     -0.112     -0.029      1.292      1.297      0.000
   909         22  gamma               91   817     0     0     0     0     0      0.006     -0.143     10.448     10.449      0.000
   910         22  gamma               91   817     0     0     0     0     0     -0.069     -0.018      8.212      8.212      0.000
   911         22  gamma               91   824     0     0     0     0     0      0.310     -0.075    -35.190     35.191      0.000
   912         22  gamma               91   824     0     0     0     0     0      0.036      0.040     -5.971      5.971      0.000
   913         22  gamma               91   825     0     0     0     0     0      0.100      0.032    -26.351     26.351      0.000
   914         22  gamma               91   825     0     0     0     0     0      0.271     -0.030    -35.076     35.077      0.000
   915         22  gamma               91   826     0     0     0     0     0      0.011      0.044     -3.644      3.644      0.000
   916         22  gamma               91   826     0     0     0     0     0      0.081     -0.095     -8.080      8.081      0.000
   917         22  gamma               91   827     0     0     0     0     0      0.190     -0.488     -0.440      0.684      0.000
   918         22  gamma               91   827     0     0     0     0     0      0.268     -0.415     -0.532      0.726      0.000
   919         22  gamma               91   833     0     0     0     0     0      0.055     -0.160     -0.116      0.205      0.000
   920         22  gamma               91   833     0     0     0     0     0     -0.043     -0.253     -0.326      0.415      0.000
   921        211  pi+                 91   834     0     0     0     0     0      0.395     -0.091      1.466      1.528      0.140
   922       -211  pi-                 91   834     0     0     0     0     0     -0.075     -0.015      0.231      0.280      0.140
   923         22  gamma               91   840     0     0     0     0     0      0.009      0.194      0.560      0.593      0.000
   924         22  gamma               91   840     0     0     0     0     0     -0.027      0.057      0.545      0.548      0.000
   925         22  gamma               91   846     0     0     0     0     0      3.009     -5.568     -2.397      6.768      0.000
   926         22  gamma               91   846     0     0     0     0     0      7.587    -14.399     -6.022     17.354      0.000
   927         22  gamma               91   847     0     0     0     0     0      2.024     -3.783     -1.684      4.609      0.000
   928         22  gamma               91   847     0     0     0     0     0      1.732     -3.411     -1.398      4.073      0.000
   929         22  gamma               91   848     0     0     0     0     0     11.002    -20.466     -8.665     24.799      0.000
   930         22  gamma               91   848     0     0     0     0     0      1.535     -2.795     -1.233      3.419      0.000
   931         22  gamma               91   852     0     0     0     0     0     -0.314     -0.131      3.921      3.936      0.000
   932         22  gamma               91   852     0     0     0     0     0     -0.150     -0.018      1.026      1.037      0.000
   933         22  gamma               91   871     0     0     0     0     0      0.545      0.313    -14.586     14.600      0.000
   934         22  gamma               91   871     0     0     0     0     0      0.020      0.057     -1.433      1.434      0.000
   935         22  gamma               91   872     0     0     0     0     0      0.211      0.041    -12.670     12.672      0.000
   936         22  gamma               91   872     0     0     0     0     0      0.237      0.057     -8.052      8.056      0.000
   937         22  gamma               91   877     0     0     0     0     0      0.109     -0.076     -0.139      0.192      0.000
   938         22  gamma               91   877     0     0     0     0     0     -0.002     -0.038     -0.210      0.213      0.000
   939         22  gamma               91   878     0     0     0     0     0     -0.317     -0.310     -0.693      0.822      0.000
   940         22  gamma               91   878     0     0     0     0     0     -0.042     -0.030     -0.205      0.211      0.000
   941         22  gamma               91   883     0     0     0     0     0     -1.707     -0.334      9.633      9.789      0.000
   942         22  gamma               91   883     0     0     0     0     0     -0.052     -0.001      0.436      0.439      0.000
   943         22  gamma               91   884     0     0     0     0     0      0.007      0.002      0.067      0.068      0.000
   944         22  gamma               91   884     0     0     0     0     0     -0.485     -0.163      1.952      2.018      0.000
   945         22  gamma               91   893     0     0     0     0     0      0.142     -0.393      0.147      0.443      0.000
   946         22  gamma               91   893     0     0     0     0     0      0.025     -0.190     -0.015      0.193      0.000
   947         22  gamma               91   894     0     0     0     0     0      0.294     -0.674     -0.270      0.783      0.000
   948         22  gamma               91   894     0     0     0     0     0     -0.011     -0.021     -0.024      0.034      0.000
   949         22  gamma               91   901     0     0     0     0     0      0.335     -0.878     -0.306      0.989      0.000
   950         22  gamma               91   901     0     0     0     0     0      0.140     -0.437     -0.056      0.463      0.000
   951         22  gamma               91   902     0     0     0     0     0      0.148     -0.259     -0.174      0.345      0.000
   952         22  gamma               91   902     0     0     0     0     0      0.301     -1.045     -0.633      1.258      0.000
   953          3  (s)                -71   759   759   955   956   223     0     -0.186      0.060     -0.572      0.784      0.500
   954         -1  (dbar)             -71   756   756   955   956     0   223     -2.660     -0.559      0.683      2.822      0.330
   955       -321  K-                  83   953   954     0     0     0     0     -0.453      0.496     -0.455      0.950      0.494
   956        211  pi+                 84   953   954     0     0     0     0     -2.393     -0.995      0.566      2.656      0.140
   957          1  (d)                -71   788   788   959   961   231     0     39.017     25.875    -51.339     69.481      0.330
   958         -2  (ubar)             -71   787   787   959   961     0   231      5.308      3.380     -5.526      8.381      0.330
   959       -211  pi-                 83   957   958     0     0     0     0     30.577     20.088    -40.269     54.407      0.140
   960        111  (pi0)              -84   957   958  1157  1158     0     0      4.861      3.729     -5.677      8.353      0.135
   961        221  (eta)              -84   957   958  1159  1161     0     0      8.887      5.437    -10.919     15.102      0.548
   962          1  (d)                -71   807   807   966   970   239     0     13.959     16.506    -23.393     31.853      0.330
   963         21  (g)                -71   806   806   966   970   241   239     25.343     32.054    -42.858     59.216      0.000
   964         21  (g)                -71   805   805   966   970   240   241      7.261      8.395    -11.286     15.829      0.000
   965         -1  (dbar)             -71   802   802   966   970     0   240     12.122     18.530    -22.279     31.413      0.330
   966        223  (omega)            -83   962   965  1162  1164     0     0     18.630     23.130    -31.384     43.216      0.781
   967        111  (pi0)              -83   962   965  1165  1166     0     0     17.045     20.116    -27.609     38.177      0.135
   968        111  (pi0)              -84   962   965  1167  1168     0     0     11.623     16.243    -21.770     29.544      0.135
   969        111  (pi0)              -84   962   965  1169  1170     0     0      4.437      5.937     -6.673      9.974      0.135
   970        111  (pi0)              -84   962   965  1171  1172     0     0      6.949     10.059    -12.378     17.399      0.135
   971          1  (d)                -71   767   767   976   982   226     0      1.752     -1.237      0.104      2.172      0.330
   972         21  (g)                -71   775   775   976   982   227   226      0.765     -0.395     -1.754      1.954      0.000
   973         21  (g)                -71   774   774   976   982   228   227      0.102     -0.169      0.103      0.223      0.000
   974         21  (g)                -71   773   773   976   982   225   228      3.999     -1.619     -2.303      4.890      0.000
   975         -1  (dbar)             -71   772   772   976   982     0   225      3.537     -1.319     -0.732      3.860      0.330
   976       -213  (rho-)             -83   971   975  1104  1105     0     0      1.460     -0.805     -0.640      1.954      0.793
   977        211  pi+                 83   971   975     0     0     0     0      0.036     -0.607     -0.291      0.688      0.140
   978        111  (pi0)              -83   971   975  1173  1174     0     0      0.978     -0.153     -0.502      1.118      0.135
   979       -211  pi-                 83   971   975     0     0     0     0      0.128     -0.348      0.270      0.480      0.140
   980        221  (eta)              -84   971   975  1175  1177     0     0      3.988     -1.541     -2.010      4.755      0.548
   981        111  (pi0)              -84   971   975  1178  1179     0     0      2.038     -0.739     -1.140      2.453      0.135
   982        211  pi+                 84   971   975     0     0     0     0      1.527     -0.547     -0.270      1.650      0.140
   983          1  (d)                -71   780   780   986   990   229     0     -3.762      6.938    -11.905     14.287      0.330
   984         21  (g)                -71   779   779   986   990   230   229      0.039      0.002      0.013      0.041      0.000
   985         -1  (dbar)             -71   778   778   986   990     0   230     -3.026     12.356    -28.703     31.397      0.330
   986        223  (omega)            -83   983   985  1180  1182     0     0     -3.308      6.218    -11.232     13.280      0.773
   987        221  (eta)              -84   983   985  1183  1185     0     0     -0.522      0.910     -2.287      2.575      0.548
   988        223  (omega)            -84   983   985  1186  1188     0     0     -1.232      4.938    -10.593     11.778      0.782
   989        221  (eta)              -84   983   985  1189  1190     0     0     -1.110      4.990    -11.225     12.347      0.548
   990        111  (pi0)              -84   983   985  1191  1192     0     0     -0.576      2.240     -5.257      5.745      0.135
   991       -211  pi-                 83   751   753     0     0     0     0      0.187      0.360     -0.449      0.621      0.140
   992        223  (omega)            -83   751   753  1193  1195     0     0      0.529      1.143     -1.942      2.444      0.783
   993        213  (rho+)             -84   751   753  1106  1107     0     0      2.035      1.421     -2.497      3.593      0.717
   994        111  (pi0)              -84   751   753  1196  1197     0     0      3.140      7.719    -15.644     17.725      0.135
   995          2  (u)                -71   786   786   997  1001   232     0      3.800      4.060     -5.429      7.778      0.330
   996         -1  (dbar)             -71   783   783   997  1001     0   232      3.547     10.881     -2.880     11.806      0.330
   997        221  (eta)              -83   995   996  1198  1200     0     0      2.706      3.126     -3.814      5.652      0.548
   998        211  pi+                 83   995   996     0     0     0     0      0.135      0.895     -0.599      1.094      0.140
   999        221  (eta)              -83   995   996  1201  1203     0     0      0.631      1.254     -0.196      1.520      0.548
  1000       2114  (Delta0)           -84   995   996  1108  1109     0     0      2.168      5.307     -2.038      6.209      1.240
  1001      -2114  (Deltabar0)        -84   995   996  1110  1111     0     0      1.707      4.360     -1.662      5.110      1.195
  1002       -211  pi-                 83   762   764     0     0     0     0      9.019     10.531     -6.392     15.268      0.140
  1003        213  (rho+)             -83   762   764  1112  1113     0     0      6.447      8.125     -4.129     11.219      1.117
  1004        113  (rho0)             -83   762   764  1114  1115     0     0      0.355      1.129     -0.787      1.645      0.828
  1005        111  (pi0)              -84   762   764  1204  1205     0     0     -0.068      1.134      0.212      1.163      0.135
  1006        313  (K*0)              -84   762   764  1116  1117     0     0     -0.304      0.738      0.020      1.193      0.886
  1007       -323  (K*-)              -84   762   764  1118  1119     0     0     -0.572      0.962      0.008      1.426      0.883
  1008        321  K+                  84   762   764     0     0     0     0     -0.888      2.328      0.608      2.612      0.494
  1009          1  (d)                -71   726   726  1014  1022   206     0    -29.845    -19.679     -0.887     35.762      0.330
  1010         21  (g)                -71   729   729  1014  1022   208   206     -2.938     -2.133     -1.018      3.770      0.000
  1011         21  (g)                -71   728   728  1014  1022   209   208     -8.194     -5.892     -4.458     11.034      0.000
  1012         21  (g)                -71   727   727  1014  1022   207   209    -45.257    -34.843    -27.830     63.536      0.000
  1013         -1  (dbar)             -71   721   721  1014  1022     0   207    -13.028     -9.016     -7.833     17.677      0.330
  1014        223  (omega)            -83  1009  1013  1206  1208     0     0    -16.035    -10.198     -0.805     19.037      0.785
  1015       -211  pi-                 83  1009  1013     0     0     0     0     -7.762     -5.427     -0.285      9.476      0.140
  1016        211  pi+                 83  1009  1013     0     0     0     0     -0.966     -0.761     -0.013      1.238      0.140
  1017       -213  (rho-)             -83  1009  1013  1120  1121     0     0     -2.964     -2.333     -0.553      3.899      0.816
  1018        223  (omega)            -84  1009  1013  1209  1211     0     0     -3.674     -1.854     -0.460      4.213      0.779
  1019       2212  p+                  84  1009  1013     0     0     0     0    -11.112     -8.911     -5.977     15.475      0.938
  1020      -3122  (Lambdabar0)       -84  1009  1013  1212  1213     0     0    -17.450    -13.316    -10.136     24.203      1.116
  1021       -323  (K*-)              -84  1009  1013  1122  1123     0     0    -13.005     -9.140     -7.779     17.719      0.883
  1022        213  (rho+)             -84  1009  1013  1124  1125     0     0    -26.296    -19.622    -16.017     36.518      0.720
  1023          1  (d)                -71   745   745  1027  1036   215     0     -6.540     -5.489     12.871     15.449      0.330
  1024         21  (g)                -71   748   748  1027  1036   217   215     -2.853     -3.632     -2.727      5.364      0.000
  1025         21  (g)                -71   747   747  1027  1036   219   217     -0.896     -2.173     -2.304      3.291      0.000
  1026         -1  (dbar)             -71   746   746  1027  1036     0   219     -5.117     -5.504     -6.227      9.765      0.330
  1027       -213  (rho-)             -83  1023  1026  1126  1127     0     0     -3.576     -3.261      6.963      8.533      0.956
  1028        211  pi+                 83  1023  1026     0     0     0     0     -0.076     -0.242      0.487      0.567      0.140
  1029       -211  pi-                 83  1023  1026     0     0     0     0     -0.214     -0.171      0.299      0.429      0.140
  1030        213  (rho+)             -83  1023  1026  1128  1129     0     0     -2.010     -1.243      3.159      4.023      0.785
  1031        111  (pi0)              -83  1023  1026  1214  1215     0     0     -0.102      0.121      0.648      0.681      0.135
  1032        221  (eta)              -83  1023  1026  1216  1218     0     0     -0.811     -1.232      0.838      1.783      0.548
  1033       -211  pi-                 84  1023  1026     0     0     0     0     -1.028     -1.562     -1.243      2.249      0.140
  1034        323  (K*+)              -84  1023  1026  1130  1131     0     0     -1.937     -2.036     -2.797      4.077      0.948
  1035       -313  (K*bar0)           -84  1023  1026  1132  1133     0     0     -3.058     -3.300     -3.254      5.620      0.869
  1036        113  (rho0)             -84  1023  1026  1134  1135     0     0     -2.594     -3.872     -3.488      5.908      1.009
  1037          1  (d)                -71   734   734  1042  1052   210     0     -5.540     -6.367      0.253      8.450      0.330
  1038         21  (g)                -71   735   735  1042  1052   213   210      0.045     -0.750     -0.055      0.754      0.000
  1039         21  (g)                -71   738   738  1042  1052   214   213      0.258     -0.518     -0.753      0.949      0.000
  1040         21  (g)                -71   739   739  1042  1052   211   214      0.251      0.538     -0.734      0.944      0.000
  1041         -1  (dbar)             -71   740   740  1042  1052     0   211    -10.804      6.106    -27.552     30.219      0.330
  1042       -211  pi-                 83  1037  1041     0     0     0     0     -0.484     -0.388     -0.107      0.645      0.140
  1043        211  pi+                 83  1037  1041     0     0     0     0     -1.597     -1.923     -0.277      2.519      0.140
  1044        221  (eta)              -83  1037  1041  1219  1221     0     0     -2.476     -3.819      0.634      4.628      0.548
  1045       2112  n0                  83  1037  1041     0     0     0     0     -0.703     -0.750     -0.626      1.527      0.940
  1046      -2112  nbar0               83  1037  1041     0     0     0     0     -0.033     -0.368     -0.803      1.290      0.940
  1047       -211  pi-                 83  1037  1041     0     0     0     0      0.124     -0.081     -0.101      0.227      0.140
  1048        321  K+                  84  1037  1041     0     0     0     0     -3.683      1.739     -8.620      9.547      0.494
  1049       -321  K-                  84  1037  1041     0     0     0     0     -0.086      0.610     -1.244      1.473      0.494
  1050        321  K+                  84  1037  1041     0     0     0     0     -2.127      1.212     -4.785      5.397      0.494
  1051       -311  (Kbar0)            -84  1037  1041  1136  1136     0     0     -3.553      1.810    -10.009     10.786      0.498
  1052        111  (pi0)              -84  1037  1041  1222  1223     0     0     -1.172      0.967     -2.901      3.277      0.135
  1053          1  (d)                -71   692   692  1059  1067   193     0    -66.009    -48.861    -10.595     82.807      0.330
  1054         21  (g)                -71   695   695  1059  1067   195   193     -4.943     -3.570     -1.479      6.274      0.000
  1055         21  (g)                -71   694   694  1059  1067   196   195     -6.991     -4.593     -3.934      9.244      0.000
  1056         21  (g)                -71   698   698  1059  1067   194   196     -1.764     -0.533     -0.942      2.070      0.000
  1057         21  (g)                -71   697   697  1059  1067   197   194     -4.469     -2.877     -2.889      6.050      0.000
  1058         -1  (dbar)             -71   696   696  1059  1067     0   197    -13.345     -7.635    -11.081     18.955      0.330
  1059       2112  n0                  83  1053  1058     0     0     0     0    -27.120    -20.219     -4.411     34.126      0.940
  1060      -2112  nbar0               83  1053  1058     0     0     0     0    -28.604    -20.770     -4.624     35.663      0.940
  1061       -211  pi-                 83  1053  1058     0     0     0     0     -6.942     -5.536     -2.232      9.156      0.140
  1062        111  (pi0)              -83  1053  1058  1224  1225     0     0     -0.402     -0.288      0.008      0.512      0.135
  1063        221  (eta)              -83  1053  1058  1226  1228     0     0     -2.664     -1.605     -0.654      3.225      0.548
  1064        223  (omega)            -83  1053  1058  1229  1230     0     0     -4.576     -3.076     -0.857      5.634      0.780
  1065       2212  p+                  83  1053  1058     0     0     0     0     -7.984     -5.312     -3.338     10.197      0.938
  1066      -2112  nbar0               84  1053  1058     0     0     0     0     -3.856     -2.236     -2.300      5.103      0.940
  1067        111  (pi0)              -84  1053  1058  1231  1232     0     0    -15.375     -9.029    -12.513     21.783      0.135
  1068          1  (d)                -71   709   709  1076  1088   201     0     -3.305     -1.109     -1.328      3.745      0.330
  1069         21  (g)                -71   710   710  1076  1088   203   201     -6.356     -4.335     -2.292      8.028      0.000
  1070         21  (g)                -71   711   711  1076  1088   202   203    -15.825    -13.537     -6.199     21.728      0.000
  1071         21  (g)                -71   715   715  1076  1088   200   202    -18.483    -14.745     -6.669     24.566      0.000
  1072         21  (g)                -71   714   714  1076  1088   204   200     -4.175     -3.802     -2.443      6.152      0.000
  1073         21  (g)                -71   716   716  1076  1088   205   204     -5.983     -5.314     -2.009      8.251      0.000
  1074         21  (g)                -71   717   717  1076  1088   199   205     -3.607     -5.021     -1.916      6.473      0.000
  1075         -1  (dbar)             -71   718   718  1076  1088     0   199    -21.026    -39.090    -12.551     46.128      0.330
  1076        113  (rho0)             -83  1068  1075  1137  1138     0     0     -5.859     -3.521     -2.210      7.257      1.029
  1077       -211  pi-                 83  1068  1075     0     0     0     0     -2.892     -2.032     -1.540      3.858      0.140
  1078        113  (rho0)             -83  1068  1075  1139  1140     0     0     -7.233     -6.012     -2.320      9.731      0.917
  1079        211  pi+                 83  1068  1075     0     0     0     0     -9.770     -8.472     -4.016     13.542      0.140
  1080        113  (rho0)             -84  1068  1075  1141  1142     0     0     -9.577     -6.408     -3.226     11.987      0.710
  1081        111  (pi0)              -84  1068  1075  1233  1234     0     0    -14.335    -12.429     -5.628     19.791      0.135
  1082       -211  pi-                 84  1068  1075     0     0     0     0     -0.194     -0.318     -0.216      0.452      0.140
  1083        211  pi+                 84  1068  1075     0     0     0     0     -2.476     -2.246     -1.085      3.517      0.140
  1084        113  (rho0)             -84  1068  1075  1143  1144     0     0     -3.043     -4.392     -1.939      5.752      0.881
  1085       -211  pi-                 84  1068  1075     0     0     0     0     -3.616     -5.380     -1.682      6.698      0.140
  1086        211  pi+                 84  1068  1075     0     0     0     0     -2.368     -3.755     -1.511      4.691      0.140
  1087       -211  pi-                 84  1068  1075     0     0     0     0     -4.005     -6.893     -1.855      8.186      0.140
  1088        213  (rho+)             -84  1068  1075  1145  1146     0     0    -13.391    -25.096     -8.180     29.607      0.761
  1089          1  (d)                -71   794   794  1094  1103   237     0     32.025     70.858    -78.086    110.200      0.330
  1090         21  (g)                -71   797   797  1094  1103   238   237     40.598     90.278    -96.830    138.472      0.000
  1091         21  (g)                -71   798   798  1094  1103   234   238     11.722     24.950    -27.711     39.087      0.000
  1092         21  (g)                -71   799   799  1094  1103   235   234      5.679      8.041     -9.423     13.627      0.000
  1093         -1  (dbar)             -71   791   791  1094  1103     0   235     38.551     57.020    -78.039    104.056      0.330
  1094        311  (K0)               -83  1089  1093  1147  1147     0     0     32.067     70.534    -77.132    109.329      0.498
  1095       -321  K-                  83  1089  1093     0     0     0     0     20.571     45.936    -49.769     70.785      0.494
  1096        323  (K*+)              -83  1089  1093  1148  1149     0     0     14.814     33.099    -35.285     50.605      0.884
  1097       3214  (Sigma*0)          -84  1089  1093  1150  1151     0     0     14.629     30.639    -34.203     48.214      1.380
  1098        223  (omega)            -84  1089  1093  1235  1237     0     0      6.212      9.737    -12.286     16.880      0.768
  1099      -2112  nbar0               84  1089  1093     0     0     0     0      4.047      6.967     -9.014     12.126      0.940
  1100       -211  pi-                 84  1089  1093     0     0     0     0      4.773      7.483     -8.871     12.550      0.140
  1101       2212  p+                  84  1089  1093     0     0     0     0      7.858     11.645    -15.770     21.140      0.938
  1102      -2212  pbar-               84  1089  1093     0     0     0     0     17.895     26.381    -36.293     48.315      0.938
  1103        211  pi+                 84  1089  1093     0     0     0     0      5.711      8.725    -11.464     15.498      0.140
  1104       -211  pi-                 91   976     0     0     0     0     0      0.821     -0.837     -0.516      1.289      0.140
  1105        111  (pi0)              -91   976     0  1238  1239     0     0      0.639      0.032     -0.124      0.665      0.135
  1106        211  pi+                 91   993     0     0     0     0     0      1.376      0.603     -1.660      2.243      0.140
  1107        111  (pi0)              -91   993     0  1240  1241     0     0      0.659      0.818     -0.837      1.350      0.135
  1108       2212  p+                  91  1000     0     0     0     0     0      1.708      3.629     -1.388      4.347      0.938
  1109       -211  pi-                 91  1000     0     0     0     0     0      0.460      1.677     -0.650      1.862      0.140
  1110      -2112  nbar0               91  1001     0     0     0     0     0      1.590      3.847     -1.623      4.565      0.940
  1111        111  (pi0)              -91  1001     0  1242  1243     0     0      0.117      0.514     -0.039      0.545      0.135
  1112        211  pi+                 91  1003     0     0     0     0     0      0.522      0.942     -0.164      1.098      0.140
  1113        111  (pi0)              -91  1003     0  1244  1245     0     0      5.925      7.183     -3.965     10.121      0.135
  1114        211  pi+                 91  1004     0     0     0     0     0      0.324      0.083     -0.345      0.501      0.140
  1115       -211  pi-                 91  1004     0     0     0     0     0      0.031      1.046     -0.442      1.144      0.140
  1116        321  K+                  91  1006     0     0     0     0     0     -0.371      0.225      0.013      0.657      0.494
  1117       -211  pi-                 91  1006     0     0     0     0     0      0.066      0.513      0.007      0.536      0.140
  1118       -311  (Kbar0)            -91  1007     0  1152  1152     0     0     -0.664      0.919     -0.061      1.240      0.498
  1119       -211  pi-                 91  1007     0     0     0     0     0      0.092      0.043      0.069      0.186      0.140
  1120       -211  pi-                 91  1017     0     0     0     0     0     -0.043     -0.147     -0.008      0.208      0.140
  1121        111  (pi0)              -91  1017     0  1246  1247     0     0     -2.921     -2.186     -0.545      3.691      0.135
  1122       -311  (Kbar0)            -91  1021     0  1153  1153     0     0     -7.538     -5.310     -4.210     10.149      0.498
  1123       -211  pi-                 91  1021     0     0     0     0     0     -5.467     -3.829     -3.569      7.570      0.140
  1124        211  pi+                 91  1022     0     0     0     0     0     -8.874     -6.287     -5.479     12.179      0.140
  1125        111  (pi0)              -91  1022     0  1248  1249     0     0    -17.421    -13.336    -10.538     24.339      0.135
  1126       -211  pi-                 91  1027     0     0     0     0     0     -2.235     -1.554      3.383      4.345      0.140
  1127        111  (pi0)              -91  1027     0  1250  1251     0     0     -1.340     -1.706      3.580      4.188      0.135
  1128        211  pi+                 91  1030     0     0     0     0     0     -0.890     -0.155      1.001      1.356      0.140
  1129        111  (pi0)              -91  1030     0  1252  1253     0     0     -1.120     -1.087      2.158      2.667      0.135
  1130        311  (K0)               -91  1034     0  1154  1154     0     0     -1.600     -1.610     -2.588      3.478      0.498
  1131        211  pi+                 91  1034     0     0     0     0     0     -0.337     -0.426     -0.209      0.599      0.140
  1132       -311  (Kbar0)            -91  1035     0  1155  1155     0     0     -1.521     -1.886     -1.995      3.177      0.498
  1133        111  (pi0)              -91  1035     0  1254  1255     0     0     -1.537     -1.414     -1.259      2.442      0.135
  1134        211  pi+                 91  1036     0     0     0     0     0     -0.547     -1.562     -1.469      2.218      0.140
  1135       -211  pi-                 91  1036     0     0     0     0     0     -2.047     -2.309     -2.019      3.690      0.140
  1136        130  K_L0                91  1051  1051     0     0     0     0     -3.553      1.810    -10.009     10.786      0.498
  1137        211  pi+                 91  1076     0     0     0     0     0     -0.823     -0.815     -0.138      1.174      0.140
  1138       -211  pi-                 91  1076     0     0     0     0     0     -5.036     -2.707     -2.072      6.083      0.140
  1139        211  pi+                 91  1078     0     0     0     0     0     -2.128     -1.414     -0.355      2.583      0.140
  1140       -211  pi-                 91  1078     0     0     0     0     0     -5.105     -4.599     -1.965      7.148      0.140
  1141        211  pi+                 91  1080     0     0     0     0     0     -7.601     -5.224     -2.806      9.642      0.140
  1142       -211  pi-                 91  1080     0     0     0     0     0     -1.976     -1.184     -0.420      2.346      0.140
  1143        211  pi+                 91  1084     0     0     0     0     0     -0.083     -0.373     -0.036      0.408      0.140
  1144       -211  pi-                 91  1084     0     0     0     0     0     -2.961     -4.019     -1.902      5.344      0.140
  1145        211  pi+                 91  1088     0     0     0     0     0     -8.087    -14.458     -4.639     17.204      0.140
  1146        111  (pi0)              -91  1088     0  1256  1257     0     0     -5.303    -10.638     -3.541     12.403      0.135
  1147        130  K_L0                91  1094  1094     0     0     0     0     32.067     70.534    -77.132    109.329      0.498
  1148        311  (K0)               -91  1096     0  1156  1156     0     0      7.169     16.152    -16.869     24.435      0.498
  1149        211  pi+                 91  1096     0     0     0     0     0      7.645     16.947    -18.416     26.169      0.140
  1150       3122  (Lambda0)          -91  1097     0  1258  1259     0     0     11.302     23.237    -26.011     36.681      1.116
  1151        111  (pi0)              -91  1097     0  1260  1261     0     0      3.328      7.402     -8.192     11.532      0.135
  1152        130  K_L0                91  1118  1118     0     0     0     0     -0.664      0.919     -0.061      1.240      0.498
  1153        310  (K_S0)             -91  1122  1122  1262  1263     0     0     -7.538     -5.310     -4.210     10.149      0.498
  1154        130  K_L0                91  1130  1130     0     0     0     0     -1.600     -1.610     -2.588      3.478      0.498
  1155        310  (K_S0)             -91  1132  1132  1264  1265     0     0     -1.521     -1.886     -1.995      3.177      0.498
  1156        310  (K_S0)             -91  1148  1148  1266  1267     0     0      7.169     16.152    -16.869     24.435      0.498
  1157         22  gamma               91   960     0     0     0     0     0      2.144      1.690     -2.452      3.670      0.000
  1158         22  gamma               91   960     0     0     0     0     0      2.717      2.039     -3.225      4.684      0.000
  1159        111  (pi0)              -91   961     0  1268  1269     0     0      1.410      0.796     -1.696      2.349      0.135
  1160        111  (pi0)              -91   961     0  1270  1271     0     0      2.469      1.475     -3.153      4.270      0.135
  1161        111  (pi0)              -91   961     0  1272  1273     0     0      5.008      3.166     -6.070      8.483      0.135
  1162        211  pi+                 91   966     0     0     0     0     0      3.443      4.444     -5.940      8.180      0.140
  1163       -211  pi-                 91   966     0     0     0     0     0     12.076     15.156    -20.409     28.144      0.140
  1164        111  (pi0)              -91   966     0  1274  1275     0     0      3.111      3.531     -5.035      6.893      0.135
  1165         22  gamma               91   967     0     0     0     0     0      4.856      5.810     -7.979     11.000      0.000
  1166         22  gamma               91   967     0     0     0     0     0     12.188     14.307    -19.630     27.177      0.000
  1167         22  gamma               91   968     0     0     0     0     0     10.016     13.916    -18.687     25.361      0.000
  1168         22  gamma               91   968     0     0     0     0     0      1.607      2.327     -3.082      4.183      0.000
  1169         22  gamma               91   969     0     0     0     0     0      0.641      0.790     -0.946      1.389      0.000
  1170         22  gamma               91   969     0     0     0     0     0      3.796      5.147     -5.728      8.586      0.000
  1171         22  gamma               91   970     0     0     0     0     0      3.098      4.536     -5.475      7.755      0.000
  1172         22  gamma               91   970     0     0     0     0     0      3.851      5.524     -6.903      9.644      0.000
  1173         22  gamma               91   978     0     0     0     0     0      0.904     -0.153     -0.422      1.009      0.000
  1174         22  gamma               91   978     0     0     0     0     0      0.074      0.000     -0.080      0.109      0.000
  1175        211  pi+                 91   980     0     0     0     0     0      2.145     -0.836     -1.043      2.531      0.140
  1176       -211  pi-                 91   980     0     0     0     0     0      0.436     -0.229     -0.261      0.575      0.140
  1177        111  (pi0)              -91   980     0  1276  1277     0     0      1.407     -0.475     -0.706      1.650      0.135
  1178         22  gamma               91   981     0     0     0     0     0      1.424     -0.474     -0.843      1.722      0.000
  1179         22  gamma               91   981     0     0     0     0     0      0.614     -0.264     -0.297      0.732      0.000
  1180        211  pi+                 91   986     0     0     0     0     0     -0.628      1.644     -2.993      3.475      0.140
  1181       -211  pi-                 91   986     0     0     0     0     0     -1.257      1.939     -3.418      4.128      0.140
  1182        111  (pi0)              -91   986     0  1278  1279     0     0     -1.423      2.635     -4.822      5.678      0.135
  1183        211  pi+                 91   987     0     0     0     0     0     -0.159      0.308     -1.055      1.120      0.140
  1184       -211  pi-                 91   987     0     0     0     0     0     -0.086      0.301     -0.596      0.687      0.140
  1185        111  (pi0)              -91   987     0  1280  1281     0     0     -0.278      0.301     -0.636      0.768      0.135
  1186        211  pi+                 91   988     0     0     0     0     0     -0.416      2.240     -4.244      4.819      0.140
  1187       -211  pi-                 91   988     0     0     0     0     0     -0.187      0.396     -1.046      1.142      0.140
  1188        111  (pi0)              -91   988     0  1282  1283     0     0     -0.629      2.303     -5.303      5.817      0.135
  1189         22  gamma               91   989     0     0     0     0     0     -0.571      2.620     -6.542      7.070      0.000
  1190         22  gamma               91   989     0     0     0     0     0     -0.539      2.369     -4.683      5.276      0.000
  1191         22  gamma               91   990     0     0     0     0     0     -0.152      0.480     -1.266      1.363      0.000
  1192         22  gamma               91   990     0     0     0     0     0     -0.424      1.760     -3.990      4.382      0.000
  1193        211  pi+                 91   992     0     0     0     0     0      0.023      0.284     -0.928      0.981      0.140
  1194       -211  pi-                 91   992     0     0     0     0     0      0.241      0.585     -0.577      0.868      0.140
  1195        111  (pi0)              -91   992     0  1284  1286     0     0      0.265      0.274     -0.437      0.595      0.135
  1196         22  gamma               91   994     0     0     0     0     0      2.438      5.930    -11.926     13.540      0.000
  1197         22  gamma               91   994     0     0     0     0     0      0.701      1.789     -3.718      4.185      0.000
  1198        211  pi+                 91   997     0     0     0     0     0      1.114      1.156     -1.398      2.133      0.140
  1199       -211  pi-                 91   997     0     0     0     0     0      0.355      0.379     -0.497      0.732      0.140
  1200        111  (pi0)              -91   997     0  1287  1288     0     0      1.237      1.591     -1.919      2.786      0.135
  1201        211  pi+                 91   999     0     0     0     0     0      0.170      0.394     -0.089      0.460      0.140
  1202       -211  pi-                 91   999     0     0     0     0     0      0.093      0.398      0.047      0.435      0.140
  1203        111  (pi0)              -91   999     0  1289  1290     0     0      0.368      0.461     -0.153      0.624      0.135
  1204         22  gamma               91  1005     0     0     0     0     0     -0.016      0.961      0.205      0.983      0.000
  1205         22  gamma               91  1005     0     0     0     0     0     -0.052      0.172      0.007      0.180      0.000
  1206        211  pi+                 91  1014     0     0     0     0     0     -3.463     -1.942     -0.138      3.975      0.140
  1207       -211  pi-                 91  1014     0     0     0     0     0     -4.188     -2.861     -0.336      5.085      0.140
  1208        111  (pi0)              -91  1014     0  1291  1292     0     0     -8.384     -5.394     -0.332      9.976      0.135
  1209        211  pi+                 91  1018     0     0     0     0     0     -0.890     -0.184     -0.066      0.922      0.140
  1210       -211  pi-                 91  1018     0     0     0     0     0     -1.951     -1.154     -0.168      2.278      0.140
  1211        111  (pi0)              -91  1018     0  1293  1294     0     0     -0.832     -0.516     -0.226      1.014      0.135
  1212      -2212  pbar-               91  1020     0     0     0     0     0    -15.626    -11.831     -9.003     21.589      0.938
  1213        211  pi+                 91  1020     0     0     0     0     0     -1.823     -1.485     -1.134      2.614      0.140
  1214         22  gamma               91  1031     0     0     0     0     0     -0.101      0.041      0.509      0.520      0.000
  1215         22  gamma               91  1031     0     0     0     0     0     -0.001      0.079      0.140      0.161      0.000
  1216        111  (pi0)              -91  1032     0  1295  1296     0     0     -0.201     -0.307      0.399      0.559      0.135
  1217        111  (pi0)              -91  1032     0  1297  1298     0     0     -0.385     -0.547      0.252      0.727      0.135
  1218        111  (pi0)              -91  1032     0  1299  1300     0     0     -0.225     -0.378      0.187      0.497      0.135
  1219        211  pi+                 91  1044     0     0     0     0     0     -1.290     -2.079      0.377      2.479      0.140
  1220       -211  pi-                 91  1044     0     0     0     0     0     -0.343     -0.633      0.129      0.745      0.140
  1221        111  (pi0)              -91  1044     0  1301  1302     0     0     -0.842     -1.107      0.128      1.404      0.135
  1222         22  gamma               91  1052     0     0     0     0     0     -0.837      0.699     -2.209      2.463      0.000
  1223         22  gamma               91  1052     0     0     0     0     0     -0.334      0.267     -0.692      0.814      0.000
  1224         22  gamma               91  1062     0     0     0     0     0     -0.312     -0.225      0.063      0.390      0.000
  1225         22  gamma               91  1062     0     0     0     0     0     -0.089     -0.063     -0.055      0.123      0.000
  1226        211  pi+                 91  1063     0     0     0     0     0     -0.970     -0.708     -0.138      1.217      0.140
  1227       -211  pi-                 91  1063     0     0     0     0     0     -0.418     -0.200     -0.176      0.515      0.140
  1228         22  gamma               91  1063     0     0     0     0     0     -1.276     -0.697     -0.340      1.493      0.000
  1229        111  (pi0)              -91  1064     0  1303  1304     0     0     -1.477     -0.795      0.040      1.683      0.135
  1230         22  gamma               91  1064     0     0     0     0     0     -3.100     -2.281     -0.896      3.951      0.000
  1231         22  gamma               91  1067     0     0     0     0     0     -3.255     -1.925     -2.588      4.582      0.000
  1232         22  gamma               91  1067     0     0     0     0     0    -12.120     -7.104     -9.925     17.200      0.000
  1233         22  gamma               91  1081     0     0     0     0     0     -5.766     -4.996     -2.332      7.977      0.000
  1234         22  gamma               91  1081     0     0     0     0     0     -8.569     -7.434     -3.296     11.813      0.000
  1235        211  pi+                 91  1098     0     0     0     0     0      1.716      2.351     -3.385      4.466      0.140
  1236       -211  pi-                 91  1098     0     0     0     0     0      1.360      2.204     -2.613      3.681      0.140
  1237        111  (pi0)              -91  1098     0  1305  1306     0     0      3.136      5.182     -6.288      8.732      0.135
  1238         22  gamma               91  1105     0     0     0     0     0      0.593      0.041     -0.148      0.613      0.000
  1239         22  gamma               91  1105     0     0     0     0     0      0.045     -0.009      0.024      0.052      0.000
  1240         22  gamma               91  1107     0     0     0     0     0      0.167      0.142     -0.222      0.312      0.000
  1241         22  gamma               91  1107     0     0     0     0     0      0.492      0.676     -0.615      1.038      0.000
  1242         22  gamma               91  1111     0     0     0     0     0      0.128      0.337      0.013      0.361      0.000
  1243         22  gamma               91  1111     0     0     0     0     0     -0.011      0.177     -0.052      0.184      0.000
  1244         22  gamma               91  1113     0     0     0     0     0      3.573      4.262     -2.315      6.024      0.000
  1245         22  gamma               91  1113     0     0     0     0     0      2.352      2.921     -1.650      4.097      0.000
  1246         22  gamma               91  1121     0     0     0     0     0     -1.946     -1.384     -0.329      2.410      0.000
  1247         22  gamma               91  1121     0     0     0     0     0     -0.975     -0.802     -0.217      1.281      0.000
  1248         22  gamma               91  1125     0     0     0     0     0     -8.154     -6.158     -4.895     11.330      0.000
  1249         22  gamma               91  1125     0     0     0     0     0     -9.268     -7.178     -5.643     13.010      0.000
  1250         22  gamma               91  1127     0     0     0     0     0     -0.968     -1.212      2.670      3.088      0.000
  1251         22  gamma               91  1127     0     0     0     0     0     -0.372     -0.495      0.909      1.100      0.000
  1252         22  gamma               91  1129     0     0     0     0     0     -0.376     -0.424      0.700      0.900      0.000
  1253         22  gamma               91  1129     0     0     0     0     0     -0.744     -0.663      1.458      1.766      0.000
  1254         22  gamma               91  1133     0     0     0     0     0     -0.144     -0.174     -0.103      0.248      0.000
  1255         22  gamma               91  1133     0     0     0     0     0     -1.393     -1.240     -1.156      2.194      0.000
  1256         22  gamma               91  1146     0     0     0     0     0     -2.224     -4.584     -1.479      5.305      0.000
  1257         22  gamma               91  1146     0     0     0     0     0     -3.080     -6.054     -2.062      7.098      0.000
  1258       2212  p+                  91  1150     0     0     0     0     0     10.470     21.514    -24.016     33.913      0.938
  1259       -211  pi-                 91  1150     0     0     0     0     0      0.832      1.724     -1.995      2.768      0.140
  1260         22  gamma               91  1151     0     0     0     0     0      2.676      5.825     -6.494      9.125      0.000
  1261         22  gamma               91  1151     0     0     0     0     0      0.652      1.577     -1.698      2.408      0.000
  1262        211  pi+                 91  1153     0     0     0     0     0     -0.726     -0.530     -0.364      0.980      0.140
  1263       -211  pi-                 91  1153     0     0     0     0     0     -6.813     -4.780     -3.846      9.169      0.140
  1264        211  pi+                 91  1155     0     0     0     0     0     -0.817     -0.771     -0.742      1.353      0.140
  1265       -211  pi-                 91  1155     0     0     0     0     0     -0.704     -1.115     -1.253      1.824      0.140
  1266        211  pi+                 91  1156     0     0     0     0     0      4.684     10.297    -11.023     15.796      0.140
  1267       -211  pi-                 91  1156     0     0     0     0     0      2.485      5.855     -5.846      8.640      0.140
  1268         22  gamma               91  1159     0     0     0     0     0      0.108      0.044     -0.172      0.207      0.000
  1269         22  gamma               91  1159     0     0     0     0     0      1.302      0.753     -1.525      2.142      0.000
  1270         22  gamma               91  1160     0     0     0     0     0      2.301      1.354     -2.879      3.926      0.000
  1271         22  gamma               91  1160     0     0     0     0     0      0.168      0.121     -0.274      0.343      0.000
  1272         22  gamma               91  1161     0     0     0     0     0      2.607      1.712     -3.137      4.424      0.000
  1273         22  gamma               91  1161     0     0     0     0     0      2.401      1.454     -2.932      4.059      0.000
  1274         22  gamma               91  1164     0     0     0     0     0      0.114      0.125     -0.147      0.224      0.000
  1275         22  gamma               91  1164     0     0     0     0     0      2.996      3.406     -4.889      6.669      0.000
  1276         22  gamma               91  1177     0     0     0     0     0      0.749     -0.182     -0.374      0.857      0.000
  1277         22  gamma               91  1177     0     0     0     0     0      0.657     -0.293     -0.332      0.792      0.000
  1278         22  gamma               91  1182     0     0     0     0     0     -0.797      1.473     -2.823      3.283      0.000
  1279         22  gamma               91  1182     0     0     0     0     0     -0.626      1.162     -1.998      2.395      0.000
  1280         22  gamma               91  1185     0     0     0     0     0     -0.077      0.171     -0.336      0.385      0.000
  1281         22  gamma               91  1185     0     0     0     0     0     -0.201      0.130     -0.300      0.384      0.000
  1282         22  gamma               91  1188     0     0     0     0     0     -0.386      1.296     -2.858      3.162      0.000
  1283         22  gamma               91  1188     0     0     0     0     0     -0.243      1.007     -2.445      2.655      0.000
  1284         22  gamma               91  1195     0     0     0     0     0      0.005      0.001      0.007      0.009      0.000
  1285         11  e-                  91  1195     0     0     0     0     0      0.037      0.073     -0.074      0.110      0.001
  1286        -11  e+                  91  1195     0     0     0     0     0      0.222      0.200     -0.370      0.476      0.001
  1287         22  gamma               91  1200     0     0     0     0     0      0.621      0.715     -0.961      1.350      0.000
  1288         22  gamma               91  1200     0     0     0     0     0      0.616      0.876     -0.958      1.436      0.000
  1289         22  gamma               91  1203     0     0     0     0     0      0.240      0.229     -0.137      0.359      0.000
  1290         22  gamma               91  1203     0     0     0     0     0      0.129      0.232     -0.017      0.266      0.000
  1291         22  gamma               91  1208     0     0     0     0     0     -6.095     -3.990     -0.226      7.289      0.000
  1292         22  gamma               91  1208     0     0     0     0     0     -2.289     -1.404     -0.106      2.688      0.000
  1293         22  gamma               91  1211     0     0     0     0     0     -0.016     -0.041     -0.012      0.045      0.000
  1294         22  gamma               91  1211     0     0     0     0     0     -0.817     -0.475     -0.215      0.969      0.000
  1295         22  gamma               91  1216     0     0     0     0     0     -0.149     -0.154      0.302      0.370      0.000
  1296         22  gamma               91  1216     0     0     0     0     0     -0.052     -0.153      0.097      0.189      0.000
  1297         22  gamma               91  1217     0     0     0     0     0     -0.207     -0.391      0.196      0.484      0.000
  1298         22  gamma               91  1217     0     0     0     0     0     -0.179     -0.155      0.056      0.243      0.000
  1299         22  gamma               91  1218     0     0     0     0     0     -0.025     -0.168      0.065      0.182      0.000
  1300         22  gamma               91  1218     0     0     0     0     0     -0.200     -0.210      0.122      0.315      0.000
  1301         22  gamma               91  1221     0     0     0     0     0     -0.402     -0.620      0.029      0.739      0.000
  1302         22  gamma               91  1221     0     0     0     0     0     -0.441     -0.488      0.099      0.665      0.000
  1303         22  gamma               91  1229     0     0     0     0     0     -0.806     -0.510      0.019      0.954      0.000
  1304         22  gamma               91  1229     0     0     0     0     0     -0.671     -0.285      0.021      0.729      0.000
  1305         22  gamma               91  1237     0     0     0     0     0      0.594      1.073     -1.235      1.741      0.000
  1306         22  gamma               91  1237     0     0     0     0     0      2.542      4.110     -5.053      6.992      0.000
                                   Charge sum:  2.000           Momentum sum:     -0.000      0.000      0.000  13600.000  13600.000

 --------  End PYTHIA Event Listing  -----------------------------------------------------------------------------------------------

 -- HV-coloured particles --
   i      no   colHV  acolHV
   0       6     102       0
   1       7       0     102
 ---------------------------

 -- HV-coloured particles --
   i      no   colHV  acolHV
   0     385     102       0
   1     386       0     102
   2     387     184       0
   3     388     102     184
   4     389       0     102
   5     390     102     185
   6     391     185     184
   7     392     184       0
   8     393       0     186
   9     394     186     102
  10     395     102     185
  11     396     102     187
  12     397     187     185
  13     398     185     184
  14     399       0     188
  15     400     188     186
  16     401     186     102
  17     402     189     185
  18     403     187     189
  19     404     102     187
  20     405     191     187
  21     406     102     191
  22     407     186     102
  23     408     102     192
  24     409     192     191
  25     410     191     187
 ---------------------------
#--------------------------------------------------------------------------
#                         FastJet release 3.5.1
#                 M. Cacciari, G.P. Salam and G. Soyez                  
#     A software package for jet finding and analysis at colliders      
#                           https://fastjet.fr                           
#	                                                                      
# Please cite EPJC72(2012)1896 [arXiv:1111.6097] if you use this package
# for scientific work and optionally PLB641(2006)57 [hep-ph/0512210].   
#                                                                       
# FastJet is provided without warranty under the GNU GPL v2 or higher.  
# It uses T. Chan's closest pair algorithm, S. Fortune's Voronoi code
# and 3rd party plugin jet algorithms. See COPYING file for details.
#--------------------------------------------------------------------------

 Pythia::next(): 1000 events have been generated 
 PYTHIA Error in SimpleSpaceShower::pT2nearThreshold: stuck in loop
 PYTHIA Warning in SimpleSpaceShower::pT2nextQCD: weight above unity
 No jets found in event 1413

 Pythia::next(): 2000 events have been generated 

 Pythia::next(): 3000 events have been generated 
 No jets found in event 3788

 Pythia::next(): 4000 events have been generated 

 Pythia::next(): 5000 events have been generated 

 Pythia::next(): 6000 events have been generated 
 PYTHIA Error in StringFragmentation::fragment: stuck in joining
 PYTHIA Error in Pythia::next: hadronLevel failed; try again

 Pythia::next(): 7000 events have been generated 

 Pythia::next(): 8000 events have been generated 
 No jets found in event 8413

 Pythia::next(): 9000 events have been generated 

 *-------  PYTHIA Event and Cross Section Statistics  -------------------------------------------------------------*
 |                                                                                                                 |
 | Subprocess                                    Code |            Number of events       |      sigma +- delta    |
 |                                                    |       Tried   Selected   Accepted |     (estimated) (mb)   |
 |                                                    |                                   |                        |
 |-----------------------------------------------------------------------------------------------------------------|
 |                                                    |                                   |                        |
 | f fbar -> Zv                                  4941 |      111482      10000      10000 |   2.889e-10  1.067e-12 |
 |                                                    |                                   |                        |
 | sum                                                |      111482      10000      10000 |   2.889e-10  1.067e-12 |
 |                                                                                                                 |
 *-------  End PYTHIA Event and Cross Section Statistics ----------------------------------------------------------*

 *-------  PYTHIA Multiparton Interactions Statistics  --------*
 |                                                             |
 |  Note: excludes hardest subprocess if already listed above  |
 |                                                             |
 | Subprocess                               Code |       Times |
 |                                               |             |
 |-------------------------------------------------------------|
 |                                               |             |
 | g g -> g g                                111 |       52159 |
 | g g -> q qbar (uds)                       112 |         758 |
 | q g -> q g                                113 |       22474 |
 | q q(bar)' -> q q(bar)'                    114 |        2137 |
 | q qbar -> g g                             115 |          26 |
 | q qbar -> q' qbar' (uds)                  116 |          14 |
 | g g -> c cbar                             121 |         201 |
 | q qbar -> c cbar                          122 |           4 |
 | g g -> b bbar                             123 |          63 |
 | q qbar -> b bbar                          124 |           1 |
 | q g -> q gamma (udscb)                    201 |           4 |
 | q qbar -> g gamma                         202 |           0 |
 | g g -> g gamma                            203 |           0 |
 | f fbar -> gamma gamma                     204 |           0 |
 | g g -> gamma gamma                        205 |           0 |
 | f f' -> f f' (t-channel gamma*/Z0)        211 |           0 |
 | f_1 f_2 -> f_3 f_4 (t-channel W+-)        212 |           0 |
 | f fbar -> f' fbar' (s-channel gamma*)     223 |           0 |
 | g g -> ccbar(3S1)[3S1(1)] g               401 |           0 |
 | g g -> ccbar(3S1)[3S1(8)] g               402 |           5 |
 | q g -> ccbar(3S1)[3S1(8)] q               403 |           1 |
 | q qbar -> ccbar(3S1)[3S1(8)] g            404 |           0 |
 | g g -> ccbar(3S1)[1S0(8)] g               405 |           1 |
 | q g -> ccbar(3S1)[1S0(8)] q               406 |           1 |
 | q qbar -> ccbar(3S1)[1S0(8)] g            407 |           0 |
 | g g -> ccbar(3S1)[3PJ(8)] g               408 |           6 |
 | q g -> ccbar(3S1)[3PJ(8)] q               409 |           1 |
 | q qbar -> ccbar(3S1)[3PJ(8)] g            410 |           0 |
 | g g -> ccbar(3PJ)[3PJ(1)] g               411 |          77 |
 | q g -> ccbar(3PJ)[3PJ(1)] q               412 |           6 |
 | q qbar -> ccbar(3PJ)[3PJ(1)] g            413 |           0 |
 | g g -> ccbar(3PJ)[3S1(8)] g               414 |           0 |
 | q g -> ccbar(3PJ)[3S1(8)] q               415 |           0 |
 | q qbar -> ccbar(3PJ)[3S1(8)] g            416 |           0 |
 | g g -> ccbar(3DJ)[3DJ(1)] g               417 |           1 |
 | g g -> ccbar(3DJ)[3PJ(8)] g               418 |           2 |
 | q g -> ccbar(3DJ)[3PJ(8)] q               419 |           1 |
 | q qbar -> ccbar(3DJ)[3PJ(8)] g            420 |           0 |
 | g g -> double ccbar(3S1)[3S1(1)]          421 |           0 |
 | q qbar -> double ccbar(3S1)[3S1(1)]       422 |           0 |
 | g g -> ccbar(3S1)[3S1(1)] gamma           441 |           0 |
 | g g -> bbbar(3S1)[3S1(1)] g               501 |           0 |
 | g g -> bbbar(3S1)[3S1(8)] g               502 |           0 |
 | q g -> bbbar(3S1)[3S1(8)] q               503 |           0 |
 | q qbar -> bbbar(3S1)[3S1(8)] g            504 |           0 |
 | g g -> bbbar(3S1)[1S0(8)] g               505 |           0 |
 | q g -> bbbar(3S1)[1S0(8)] q               506 |           0 |
 | q qbar -> bbbar(3S1)[1S0(8)] g            507 |           0 |
 | g g -> bbbar(3S1)[3PJ(8)] g               508 |           0 |
 | q g -> bbbar(3S1)[3PJ(8)] q               509 |           0 |
 | q qbar -> bbbar(3S1)[3PJ(8)] g            510 |           0 |
 | g g -> bbbar(3PJ)[3PJ(1)] g               511 |           3 |
 | q g -> bbbar(3PJ)[3PJ(1)] q               512 |           0 |
 | q qbar -> bbbar(3PJ)[3PJ(1)] g            513 |           0 |
 | g g -> bbbar(3PJ)[3S1(8)] g               514 |           1 |
 | q g -> bbbar(3PJ)[3S1(8)] q               515 |           0 |
 | q qbar -> bbbar(3PJ)[3S1(8)] g            516 |           0 |
 | g g -> double bbbar(3S1)[3S1(1)]          521 |           0 |
 | q qbar -> double bbbar(3S1)[3S1(1)]       522 |           0 |
 | g g -> bbbar(3S1)[3S1(1)] gamma           551 |           0 |
 |                                                             |
 | sum                                           |       77947 |
 |                                               |             |
 *-------  End PYTHIA Multiparton Interactions Statistics -----*

 *-------  PYTHIA Error and Warning Messages Statistics  ----------------------------------------------------------* 
 |                                                                                                                 | 
 |  times   message                                                                                                | 
 |                                                                                                                 | 
 |      1   Error in Pythia::next: hadronLevel failed; try again                                                   | 
 |      9   Error in SimpleSpaceShower::pT2nearThreshold: stuck in loop                                            | 
 |      1   Error in StringFragmentation::fragment: stuck in joining                                               | 
 |      1   Warning in SimpleSpaceShower::pT2nextQCD: weight above unity                                           | 
 |      2   Warning in SimpleTimeShower::init: Hidden Valley                                                       | 
 |                                                                                                                 | 
 *-------  End PYTHIA Error and Warning Messages Statistics  ------------------------------------------------------* 


  2026-07-23 17:05       number of HV gluons

        1.50*10^ 3         3                                                                                            
        1.45*10^ 3        XX                                                                                            
        1.40*10^ 3        XX                                                                                            
        1.35*10^ 3        XX                                                                                            
        1.30*10^ 3        XX2                                                                                           
        1.25*10^ 3       1XXX                                                                                           
        1.20*10^ 3       XXXX                                                                                           
        1.15*10^ 3       XXXX                                                                                           
        1.10*10^ 3       XXXX                                                                                           
        1.05*10^ 3       XXXX7                                                                                          
        1.00*10^ 3       XXXXX                                                                                          
        0.95*10^ 3       XXXXX                                                                                          
        0.90*10^ 3       XXXXX                                                                                          
        0.85*10^ 3       XXXXX7                                                                                         
        0.80*10^ 3      8XXXXXX                                                                                         
        0.75*10^ 3      XXXXXXX                                                                                         
        0.70*10^ 3      XXXXXXX                                                                                         
        0.65*10^ 3      XXXXXXX                                                                                         
        0.60*10^ 3      XXXXXXX                                                                                         
        0.55*10^ 3      XXXXXXX4                                                                                        
        0.50*10^ 3      XXXXXXXX                                                                                        
        0.45*10^ 3      XXXXXXXX                                                                                        
        0.40*10^ 3     7XXXXXXXX6                                                                                       
        0.35*10^ 3     XXXXXXXXXX                                                                                       
        0.30*10^ 3     XXXXXXXXXX                                                                                       
        0.25*10^ 3     XXXXXXXXXX6                                                                                      
        0.20*10^ 3     XXXXXXXXXXX1                                                                                     
        0.15*10^ 3    2XXXXXXXXXXXX                                                                                     
        0.10*10^ 3    XXXXXXXXXXXXX7                                                                                    
        0.05*10^ 3   3XXXXXXXXXXXXXX6321                                                                                

          Contents                                                                                                      
            *10^ 3  0000011111000000000000000000000000000000000000000000000000000000000000000000000000000000000000000000
            *10^ 2  0013724420853210000000000000000000000000000000000000000000000000000000000000000000000000000000000000
            *10^ 1  0108905663328358311000000000000000000000000000000000000000000000000000000000000000000000000000000000
            *10^ 0  2697062517411056260612100000000000000000000000000000000000000000000000000000000000000000000000000000

          Low edge  -                                                                                                   
            *10^ 1  0000000000011111111112222222222333333333344444444445555555555666666666677777777778888888888999999999
            *10^ 0  0012345678901234567890123456789012345678901234567890123456789012345678901234567890123456789012345678
            *10^-1  5555555555555555555555555555555555555555555555555555555555555555555555555555555555555555555555555555

   Entries  =     10000   xMin =    -0.500   Underflow =     0.000   Mean   =     7.523   RMS  =     2.819
   SumW(in) = 10000.000   xMax =    99.500   Overflow  =     0.000   Median =     7.209   nEff = 10000.000


  2026-07-23 17:05       number of HV gammas

        1.00*10^ 4  X                                                                                                   
        0.96*10^ 4  X                                                                                                   
        0.92*10^ 4  X                                                                                                   
        0.88*10^ 4  X                                                                                                   
        0.84*10^ 4  X                                                                                                   
        0.80*10^ 4  X                                                                                                   
        0.76*10^ 4  X                                                                                                   
        0.72*10^ 4  X                                                                                                   
        0.68*10^ 4  X                                                                                                   
        0.64*10^ 4  X                                                                                                   
        0.60*10^ 4  X                                                                                                   
        0.56*10^ 4  X                                                                                                   
        0.52*10^ 4  X                                                                                                   
        0.48*10^ 4  X                                                                                                   
        0.44*10^ 4  X                                                                                                   
        0.40*10^ 4  X                                                                                                   
        0.36*10^ 4  X                                                                                                   
        0.32*10^ 4  X                                                                                                   
        0.28*10^ 4  X                                                                                                   
        0.24*10^ 4  X                                                                                                   
        0.20*10^ 4  X                                                                                                   
        0.16*10^ 4  X                                                                                                   
        0.12*10^ 4  X                                                                                                   
        0.08*10^ 4  X                                                                                                   
        0.04*10^ 4  X                                                                                                   

          Contents                                                                                                      
            *10^ 4  1000000000000000000000000000000000000000000000000000000000000000000000000000000000000000000000000000
            *10^ 3  0000000000000000000000000000000000000000000000000000000000000000000000000000000000000000000000000000
            *10^ 2  0000000000000000000000000000000000000000000000000000000000000000000000000000000000000000000000000000
            *10^ 1  0000000000000000000000000000000000000000000000000000000000000000000000000000000000000000000000000000

          Low edge  -                                                                                                   
            *10^ 1  0000000000011111111112222222222333333333344444444445555555555666666666677777777778888888888999999999
            *10^ 0  0012345678901234567890123456789012345678901234567890123456789012345678901234567890123456789012345678
            *10^-1  5555555555555555555555555555555555555555555555555555555555555555555555555555555555555555555555555555

   Entries  =     10000   xMin =    -0.500   Underflow =     0.000   Mean   = 0.000e+00   RMS  = 0.000e+00
   SumW(in) = 10000.000   xMax =    99.500   Overflow  =     0.000   Median = 0.000e+00   nEff = 10000.000


  2026-07-23 17:05       number of HV hadrons

        1.56*10^ 3             8                                                                                        
        1.50*10^ 3             X8                                                                                       
        1.44*10^ 3             XX                                                                                       
        1.38*10^ 3            9XX                                                                                       
        1.32*10^ 3            XXX                                                                                       
        1.26*10^ 3            XXX                                                                                       
        1.20*10^ 3            XXX9                                                                                      
        1.14*10^ 3            XXXX                                                                                      
        1.08*10^ 3           8XXXX                                                                                      
        1.02*10^ 3           XXXXX                                                                                      
        0.96*10^ 3           XXXXX3                                                                                     
        0.90*10^ 3           XXXXXX                                                                                     
        0.84*10^ 3           XXXXXX                                                                                     
        0.78*10^ 3           XXXXXX                                                                                     
        0.72*10^ 3           XXXXXX                                                                                     
        0.66*10^ 3           XXXXXX9                                                                                    
        0.60*10^ 3           XXXXXXX                                                                                    
        0.54*10^ 3           XXXXXXX                                                                                    
        0.48*10^ 3          7XXXXXXX0                                                                                   
        0.42*10^ 3          XXXXXXXXX                                                                                   
        0.36*10^ 3          XXXXXXXXX                                                                                   
        0.30*10^ 3          XXXXXXXXX3                                                                                  
        0.24*10^ 3          XXXXXXXXXX                                                                                  
        0.18*10^ 3         XXXXXXXXXXX8                                                                                 
        0.12*10^ 3         XXXXXXXXXXXX51                                                                               
        0.06*10^ 3       17XXXXXXXXXXXXXX631                                                                            

          Contents                                                                                                      
            *10^ 3  0000000001111100000000000000000000000000000000000000000000000000000000000000000000000000000000000000
            *10^ 2  0000000140354196421000000000000000000000000000000000000000000000000000000000000000000000000000000000
            *10^ 1  0000004766748915257963100000000000000000000000000000000000000000000000000000000000000000000000000000
            *10^ 0  0000042845577566390085952000000000000000000000000000000000000000000000000000000000000000000000000000

          Low edge  -                                                                                                   
            *10^ 1  0000000000011111111112222222222333333333344444444445555555555666666666677777777778888888888999999999
            *10^ 0  0012345678901234567890123456789012345678901234567890123456789012345678901234567890123456789012345678
            *10^-1  5555555555555555555555555555555555555555555555555555555555555555555555555555555555555555555555555555

   Entries  =     10000   xMin =    -0.500   Underflow =     0.000   Mean   =    12.024   RMS  =     2.734
   SumW(in) = 10000.000   xMax =    99.500   Overflow  =     0.000   Median =    11.719   nEff = 10000.000


  2026-07-23 17:05       dN/dpTj

        2.50*10^ 3                      7                                                                               
        2.40*10^ 3                      X                                                                               
        2.30*10^ 3                      X6                                                                              
        2.20*10^ 3                      XX2                                                                             
        2.10*10^ 3                      XXX7                                                                            
        2.00*10^ 3                      XXXX2                                                                           
        1.90*10^ 3                      XXXXX3                                                                          
        1.80*10^ 3                      XXXXXX                                                                          
        1.70*10^ 3                      XXXXXX4                                                                         
        1.60*10^ 3                      XXXXXXXX                                                                        
        1.50*10^ 3                      XXXXXXXX3                                                                       
        1.40*10^ 3                      XXXXXXXXX52                                                                     
        1.30*10^ 3                      XXXXXXXXXXX15                                                                   
        1.20*10^ 3                      XXXXXXXXXXXXX4                                                                  
        1.10*10^ 3                      XXXXXXXXXXXXXX9                                                                 
        1.00*10^ 3                      XXXXXXXXXXXXXXX776                                                              
        0.90*10^ 3                      XXXXXXXXXXXXXXXXXX84                                                            
        0.80*10^ 3                      XXXXXXXXXXXXXXXXXXXX724                                                         
        0.70*10^ 3                      XXXXXXXXXXXXXXXXXXXXXXX682                                                      
        0.60*10^ 3                      XXXXXXXXXXXXXXXXXXXXXXXXXXX9530 1                                               
        0.50*10^ 3                      XXXXXXXXXXXXXXXXXXXXXXXXXXXXXXX5X661 3                                          
        0.40*10^ 3                      XXXXXXXXXXXXXXXXXXXXXXXXXXXXXXXXXXXX8X796847   1                                
        0.30*10^ 3                      XXXXXXXXXXXXXXXXXXXXXXXXXXXXXXXXXXXXXXXXXXXX99XX87X655533  2                    
        0.20*10^ 3                      XXXXXXXXXXXXXXXXXXXXXXXXXXXXXXXXXXXXXXXXXXXXXXXXXXXXXXXXXXXX79XX9698774655645443
        0.10*10^ 3                      XXXXXXXXXXXXXXXXXXXXXXXXXXXXXXXXXXXXXXXXXXXXXXXXXXXXXXXXXXXXXXXXXXXXXXXXXXXXXXXX

          Contents                                                                                                      
            *10^ 3  0000000000000000000022221111111111100000000000000000000000000000000000000000000000000000000000000000
            *10^ 2  0000000000000000000042109865433221099988777666655554544434333333222322222222222211221111111111111111
            *10^ 1  0000000000000000000076161239352154976574624671094305065172786747899176955543200168009688674655535332
            *10^ 0  0000000000000000000011669996433144215760903268319352828376093914926095684550804798422271701041792687

          Low edge                                                                                                      
            *10^ 1  0000000000111111111122222222223333333333444444444455555555556666666666777777777788888888889999999999
            *10^ 0  0123456789012345678901234567890123456789012345678901234567890123456789012345678901234567890123456789
            *10^-1  0000000000000000000000000000000000000000000000000000000000000000000000000000000000000000000000000000

   Entries  =     69365   xMin =     0.000   Underflow =     0.000   Mean   =    41.425   RMS  =    19.732
   SumW(in) = 48993.000   xMax =   100.000   Overflow  = 20372.000   Median =    34.806   nEff = 48993.000
