
 *------------------------------------------------------------------------------------* 
 |                                                                                    | 
 |  *------------------------------------------------------------------------------*  | 
 |  |                                                                              |  | 
 |  |                                                                              |  | 
 |  |   PPP   Y   Y  TTTTT  H   H  III    A      Welcome to the Lund Monte Carlo!  |  | 
 |  |   P  P   Y Y     T    H   H   I    A A     This is PYTHIA version 8.315      |  | 
 |  |   PPP     Y      T    HHHHH   I   AAAAA    Last date of change: 27 May 2025  |  | 
 |  |   P       Y      T    H   H   I   A   A                                      |  | 
 |  |   P       Y      T    H   H  III  A   A    Now is 30 Jul 2026 at 11:55:04    |  | 
 |  |                                                                              |  | 
 |  |   Program documentation and an archive of historic versions is found on:     |  | 
 |  |                                                                              |  | 
 |  |                               https://pythia.org/                            |  | 
 |  |                                                                              |  | 
 |  |   PYTHIA is authored by a collaboration consisting of:                       |  | 
 |  |                                                                              |  | 
 |  |   Javira Altmann, Christian Bierlich, Naomi Cooke, Nishita Desai,            |  | 
 |  |   Ilkka Helenius, Philip Ilten, Leif Lonnblad, Stephen Mrenna,               |  | 
 |  |   Christian Preuss, Torbjorn Sjostrand, and Peter Skands.                    |  | 
 |  |                                                                              |  | 
 |  |   The complete list of authors, including contact information and            |  | 
 |  |   affiliations, can be found on https://pythia.org/.                         |  | 
 |  |   Problems or bugs should be reported on email at authors@pythia.org.        |  | 
 |  |                                                                              |  | 
 |  |   The main program reference is C. Bierlich et al,                           |  | 
 |  |   'A comprehensive guide to the physics and usage of Pythia 8.3',            |  | 
 |  |   SciPost Phys. Codebases 8-r8.3 (2022) [arXiv:2203.11601 [hep-ph]]          |  | 
 |  |                                                                              |  | 
 |  |   PYTHIA is released under the GNU General Public Licence version 2          |  | 
 |  |   or later. Please respect the MCnet Guidelines for Generator Authors        |  | 
 |  |   and Users.                                                                 |  | 
 |  |                                                                              |  | 
 |  |   Disclaimer: this program comes without any guarantees.                     |  | 
 |  |   Beware of errors and use common sense when interpreting results.           |  | 
 |  |                                                                              |  | 
 |  |   Copyright (C) 2025 Torbjorn Sjostrand                                      |  | 
 |  |                                                                              |  | 
 |  |                                                                              |  | 
 |  *------------------------------------------------------------------------------*  | 
 |                                                                                    | 
 *------------------------------------------------------------------------------------* 


 *-------  PYTHIA Process Initialization  --------------------------*
 |                                                                  |
 | We collide p+ with p+ at a CM energy of 1.360e+04 GeV            |
 |                                                                  |
 |------------------------------------------------------------------|
 |                                                    |             |
 | Subprocess                                    Code |   Estimated |
 |                                                    |    max (mb) |
 |                                                    |             |
 |------------------------------------------------------------------|
 |                                                    |             |
 | f fbar -> Zv                                  4941 |   1.073e-09 |
 |                                                                  |
 *-------  End PYTHIA Process Initialization -----------------------*
 PYTHIA Warning in SimpleTimeShower::init: Hidden Valley  pTmin too low, raised to 11.000

 *-------  PYTHIA Multiparton Interactions Initialization  ---------* 
 |                                                                  | 
 |                   sigmaNonDiffractive =    56.87 mb              | 
 |                                                                  | 
 |    pT0 =  2.63 gives sigmaInteraction =   324.02 mb: accepted    | 
 |                                                                  | 
 *-------  End PYTHIA Multiparton Interactions Initialization  -----* 

 *-------  PYTHIA Flag + Mode + Parm + Word + FVec + MVec + PVec + WVec Settings (changes only)  ------------------* 
 |                                                                                                                 | 
 | Name                                          |                      Now |      Default         Min         Max | 
 |                                               |                          |                                      | 
 | Beams:eCM                                     |                13600.000 |    14000.000         0.0             | 
 | HiddenValley:alphaOrder                       |                        1 |            0           0           3 | 
 | HiddenValley:ffbar2Zv                         |                       on |          off                         | 
 | HiddenValley:fragment                         |                       on |          off                         | 
 | HiddenValley:FSR                              |                       on |          off                         | 
 | HiddenValley:gHV                              |                  1.00000 |      2.40000                         | 
 | HiddenValley:Lambda                           |                 10.00000 |      0.40000   0.0100000             | 
 | HiddenValley:pTminFSR                         |                  1.00000 |      0.44000     0.10000             | 
 | HiddenValley:ratioPiRho                       |                  5.00000 |      2.50000         0.0             | 
 | HiddenValley:setLambda                        |                       on |          off                         | 
 | HiddenValley:setMesonMassesFromQv             |                       on |          off                         | 
 | Init:showChangedParticleData                  |                      off |           on                         | 
 | Main:writeLog                                 |                       on |          off                         | 
 | Stat:showPartonLevel                          |                       on |          off                         | 
 | StringZ:useOldAExtra                          |                       on |          off                         | 
 |                                                                                                                 | 
 *-------  End PYTHIA Flag + Mode + Parm + Word + FVec + MVec + PVec + WVec Settings  -----------------------------* 

 --------  PYTHIA Info Listing  ---------------------------------------- 
 
 Beam A: id =   2212, pz =  6.800e+03, e =  6.800e+03, m =  9.383e-01.
 Beam B: id =   2212, pz = -6.800e+03, e =  6.800e+03, m =  9.383e-01.

 In 1: id =    1, x =  3.491e-02, pdf =  4.765e-01 at Q2 =  1.011e+06.
 In 2: id =   -1, x =  1.565e-01, pdf =  4.508e-02 at same Q2.

 Subprocess f fbar -> Zv with code 4941 is 2 -> 1.
 It has sHat =  1.011e+06.
     alphaEM =  8.036e-03,  alphaS =  9.585e-02    at Q2 =  1.011e+06.

 Impact parameter b =  8.582e-01 gives enhancement factor =  9.850e-01.
 Max pT scale for MPI =  1.360e+04, ISR =  1.360e+04, FSR =  1.360e+04.
 Number of MPI =     3, ISR =    13, FSRproc =    54, FSRreson =     6.

 --------  End PYTHIA Info Listing  ------------------------------------

 --------  PYTHIA Event Listing  (hard process)  -----------------------------------------------------------------------------------
 
    no         id  name            status     mothers   daughters     colours      p_x        p_y        p_z         e          m 
     0         90  (system)           -11     0     0     0     0     0     0      0.000      0.000      0.000  13600.000  13600.000
     1       2212  (p+)               -12     0     0     3     0     0     0      0.000      0.000   6800.000   6800.000      0.938
     2       2212  (p+)               -12     0     0     4     0     0     0      0.000      0.000  -6800.000   6800.000      0.938
     3          1  (d)                -21     1     0     5     0   101     0      0.000      0.000    237.384    237.384      0.000
     4         -1  (dbar)             -21     2     0     5     0     0   101      0.000      0.000  -1064.270   1064.270      0.000
     5    4900023  (Zv)               -22     3     4     6     7     0     0      0.000      0.000   -826.886   1301.655   1005.269
     6    4900101  qv1                 23     5     0     0     0     0     0   -311.941   -341.909   -159.686    489.626      5.000
     7   -4900101  qv1bar              23     5     0     0     0     0     0    311.941    341.909   -667.200    812.029      5.000
                                   Charge sum:  0.000           Momentum sum:      0.000      0.000   -826.886   1301.655   1005.269

 --------  End PYTHIA Event Listing  -----------------------------------------------------------------------------------------------

 --------  PYTHIA Event Listing  (complete event)  ---------------------------------------------------------------------------------
 
    no         id  name            status     mothers   daughters     colours      p_x        p_y        p_z         e          m 
     0         90  (system)           -11     0     0     0     0     0     0      0.000      0.000      0.000  13600.000  13600.000
     1       2212  (p+)               -12     0     0   302     0     0     0      0.000      0.000   6800.000   6800.000      0.938
     2       2212  (p+)               -12     0     0   303     0     0     0      0.000      0.000  -6800.000   6800.000      0.938
     3          1  (d)                -21     6     0     5     0   101     0      0.000      0.000    237.384    237.384      0.000
     4         -1  (dbar)             -21     7     7     5     0     0   101      0.000      0.000  -1064.270   1064.270      0.000
     5    4900023  (Zv)               -22     3     4     8     8     0     0      0.000      0.000   -826.886   1301.655   1005.269
     6         21  (g)                -41    10     0     9     3   101   103     -0.000      0.000    330.829    330.829      0.000
     7         -1  (dbar)             -42    11    11     4     4     0   101      0.000     -0.000  -1064.270   1064.270      0.000
     8    4900023  (Zv)               -44     5     5    12    12     0     0    -67.179    150.660   -664.711   1216.395   1005.269
     9         -1  (dbar)             -43     6     0    13    13     0   103     67.179   -150.660    -68.730    178.705      0.330
    10         21  (g)                -41    15     0    14     6   104   103     -0.000     -0.000    659.561    659.561      0.000
    11         -1  (dbar)             -42    16    16     7     7     0   101      0.000      0.000  -1064.270   1064.270      0.000
    12    4900023  (Zv)               -44     8     8    17    17     0     0    -43.385    168.294   -665.232   1217.910   1005.269
    13         -1  (dbar)             -44     9     9    18    18     0   103     71.922   -147.145    -66.652    176.825      0.330
    14         21  (g)                -43    10     0    19    19   104   101    -28.537    -21.149    327.175    329.097      0.000
    15         21  (g)                -41    27    27    20    10   105   103     -0.000      0.000   1086.447   1086.447      0.000
    16         -1  (dbar)             -42    29    29    11    11     0   101      0.000     -0.000  -1064.270   1064.270      0.000
    17    4900023  (Zv)               -44    12    12    30    30     0     0    -44.387    174.674   -667.028   1219.825   1005.269
    18         -1  (dbar)             -44    13    13    25    26     0   103     71.722   -145.873    -64.793    174.989      0.330
    19         21  (g)                -44    14    14    32    32   104   101    -29.728    -13.574    327.393    329.020      0.000
    20         21  (g)                -43    15     0    33    33   105   104      2.393    -15.227    426.605    426.883      0.000
    21         21  (g)                -31    36     0    23    24   106   107      0.000      0.000      2.365      2.365      0.000
    22         21  (g)                -31    37    37    23    24   108   106      0.000      0.000    -21.441     21.441      0.000
    23         21  (g)                -33    21    22    38    38   108   109     -3.343      5.202    -15.439     16.632      0.000
    24         21  (g)                -33    21    22    39    39   109   107      3.343     -5.202     -3.637      7.174      0.000
    25         -1  (dbar)             -51    18     0    31    31     0   110     56.708   -105.531    -44.499    127.800      0.330
    26         21  (g)                -51    18     0    34    34   110   103     15.014    -40.342    -20.013     47.470      0.000
    27         21  (g)                -53    28     0    15    15   105   103     -0.000      0.000   1086.728   1086.728      0.000
    28         21  (g)                -41    43    43    35    27   111   103      0.000      0.000   1357.400   1357.400      0.000
    29         -1  (dbar)             -42    61     0    16    16     0   101     -0.000     -0.000  -1064.270   1064.270      0.000
    30    4900023  (Zv)               -44    17    17    62    62     0     0    -45.122    173.831   -666.797   1219.605   1005.269
    31         -1  (dbar)             -44    25    25    63    63     0   110     56.597   -105.658    -44.582    127.885      0.330
    32         21  (g)                -44    19    19    44    45   104   101    -30.600    -14.575    327.338    329.088      0.000
    33         21  (g)                -44    20    20    46    46   105   104      1.258    -16.529    426.592    426.914      0.000
    34         21  (g)                -44    26    26    41    42   110   103     14.977    -40.384    -20.053     47.511      0.000
    35         21  (g)                -43    28     0    67    67   111   105      2.890      3.315    270.632    270.668      0.000
    36         21  (g)                -41    47    47    40    21   112   107     -0.000      0.000     25.951     25.951      0.000
    37         21  (g)                -42    48     0    22    22   108   106     -0.000      0.000    -21.441     21.441      0.000
    38         21  (g)                -44    23    23    49    49   108   109     -2.794      4.260     -9.216     10.530      0.000
    39         21  (g)                -44    24    24    50    50   109   107      4.971     -7.997     -9.418     13.318      0.000
    40         21  (g)                -43    36     0    51    51   112   106     -2.176      3.737     23.143     23.544      0.000
    41         21  (g)                -51    34     0    66    66   110   113     10.095    -25.021    -16.603     31.680      0.000
    42         21  (g)                -51    34     0    68    68   113   103      4.882    -15.363     -2.903     16.380      0.000
    43         21  (g)                -53    60    60    28    28   111   103      0.000      0.000   1357.948   1357.948      0.000
    44         21  (g)                -51    32     0    55    55   114   101    -30.365    -14.442    322.464    324.213      0.000
    45         21  (g)                -51    32     0    53    54   104   114     -0.150     -1.251     33.724     33.748      0.000
    46         21  (g)                -52    33    33    65    65   105   104      1.173    -15.411    397.742    398.042      0.000
    47         21  (g)                -42   189     0    36    36   112   107      0.000     -0.000     25.951     25.951      0.000
    48         21  (g)                -41   158   158    52    37   108   115      0.000      0.000    -24.816     24.816      0.000
    49         21  (g)                -44    38    38   168   169   108   109     -2.098      3.587     -9.603     10.464      0.000
    50         21  (g)                -44    39    39   192   192   109   107      5.773     -8.772     -9.167     13.939      0.000
    51         21  (g)                -44    40    40   161   161   112   106     -2.162      3.724     22.565     22.972      0.000
    52         21  (g)                -43    48     0   156   157   106   115     -1.513      1.461     -2.660      3.391      0.000
    53         21  (g)                -51    45     0    69    69   104   116     -7.778     -4.305    105.204    105.579      0.000
    54         21  (g)                -51    45     0    70    70   116   114      0.557     -0.309      3.615      3.671      0.000
    55         21  (g)                -52    44    44    64    64   114   101    -23.294    -11.078    247.369    248.710      0.000
    56         21  (g)                -31   113     0    58    59   118   117      0.000      0.000     32.777     32.777      0.000
    57         21  (g)                -31   112   112    58    59   120   119      0.000      0.000   -281.760    281.760      0.000
    58         21  (g)                -33    56    57   115   115   120   117      1.949      0.228   -281.727    281.734      0.000
    59         21  (g)                -33    56    57   110   111   118   119     -1.949     -0.228     32.744     32.803      0.000
    60         21  (g)                -42    75     0    43    43   111   103     -0.000     -0.000   1357.948   1357.948      0.000
    61         -1  (dbar)             -41    76    76    71    29     0   121      0.000      0.000  -1073.553   1073.553      0.000
    62    4900023  (Zv)               -44    30    30    77    77     0     0    -45.082    175.436   -666.730   1219.797   1005.269
    63         -1  (dbar)             -44    31    31    78    78     0   110     56.601   -105.511    -44.679    127.799      0.330
    64         21  (g)                -44    55    55    74    74   114   101    -23.294    -11.077    247.343    248.684      0.000
    65         21  (g)                -44    46    46    80    80   105   104      1.173    -15.411    397.702    398.003      0.000
    66         21  (g)                -44    41    41    81    81   110   113     10.096    -24.980    -16.626     31.660      0.000
    67         21  (g)                -44    35    35    82    82   111   105      2.890      3.315    270.617    270.653      0.000
    68         21  (g)                -44    42    42    83    83   113   103      4.883    -15.347     -2.917     16.367      0.000
    69         21  (g)                -44    53    53    84    84   104   116     -7.778     -4.305    105.193    105.568      0.000
    70         21  (g)                -44    54    54    85    85   116   114      0.557     -0.309      3.615      3.670      0.000
    71         21  (g)                -43    61     0    72    73   101   121     -0.046     -1.812     -9.123      9.301      0.000
    72         21  (g)                -51    71     0    86    86   122   121     -1.727     -1.758     -7.650      8.038      0.000
    73         21  (g)                -51    71     0    87    87   101   122      1.626     -0.080     -0.886      1.854      0.000
    74         21  (g)                -52    64    64    79    79   114   101    -23.239    -11.051    246.756    248.094      0.000
    75         21  (g)                -41    89    89    88    60   111   123     -0.000     -0.000   1775.802   1775.802      0.000
    76         -1  (dbar)             -42    90     0    61    61     0   121      0.000     -0.000  -1073.553   1073.553      0.000
    77    4900023  (Zv)               -44    62    62    91    91     0     0    -45.220    175.741   -666.835   1219.904   1005.269
    78         -1  (dbar)             -44    63    63    92    92     0   110     56.580   -105.465    -44.607    127.727      0.330
    79         21  (g)                -44    74    74    93    93   114   101    -23.363    -10.778    246.757    248.094      0.000
    80         21  (g)                -44    65    65    94    94   105   104      0.973    -14.972    397.712    397.995      0.000
    81         21  (g)                -44    66    66    95    95   110   113     10.092    -24.971    -16.609     31.643      0.000
    82         21  (g)                -44    67    67    96    96   111   105      2.754      3.614    270.616    270.654      0.000
    83         21  (g)                -44    68    68    97    97   113   103      4.879    -15.339     -2.907     16.357      0.000
    84         21  (g)                -44    69    69    98    98   104   116     -7.831     -4.189    105.194    105.568      0.000
    85         21  (g)                -44    70    70    99    99   116   114      0.555     -0.305      3.615      3.670      0.000
    86         21  (g)                -44    72    72   100   100   122   121     -1.727     -1.758     -7.650      8.037      0.000
    87         21  (g)                -44    73    73   101   101   101   122      1.626     -0.079     -0.886      1.853      0.000
    88         21  (g)                -43    75     0   102   102   103   123      0.682     -1.498    417.850    417.853      0.000
    89         21  (g)                -42   122   122    75    75   111   123      0.000      0.000   1775.802   1775.802      0.000
    90         -1  (dbar)             -41   123     0   103    76     0   124     -0.000     -0.000  -1093.997   1093.997      0.000
    91    4900023  (Zv)               -44    77    77   124   124     0     0    -46.230    174.722   -666.928   1219.846   1005.269
    92         -1  (dbar)             -44    78    78   125   125     0   110     56.488   -105.558    -44.582    127.754      0.330
    93         21  (g)                -44    79    79   104   105   114   101    -23.364    -10.779    246.770    248.108      0.000
    94         21  (g)                -44    80    80   109   109   105   104      0.973    -14.972    397.712    397.995      0.000
    95         21  (g)                -44    81    81   128   128   110   113     10.066    -24.998    -16.602     31.652      0.000
    96         21  (g)                -44    82    82   129   129   111   105      2.754      3.614    270.608    270.646      0.000
    97         21  (g)                -44    83    83   130   130   113   103      4.869    -15.350     -2.902     16.363      0.000
    98         21  (g)                -44    84    84   107   108   104   116     -7.832     -4.189    105.198    105.573      0.000
    99         21  (g)                -44    85    85   132   132   116   114      0.555     -0.305      3.615      3.670      0.000
   100         21  (g)                -44    86    86   133   133   122   121     -1.736     -1.767     -7.648      8.039      0.000
   101         21  (g)                -44    87    87   106   106   101   122      1.625     -0.081     -0.886      1.852      0.000
   102         21  (g)                -44    88    88   135   135   103   123      0.682     -1.498    417.842    417.846      0.000
   103         21  (g)                -43    90     0   136   136   121   124      1.148      1.160    -20.391     20.456      0.000
   104         21  (g)                -51    93     0   121   121   114   125    -20.480     -9.218    228.775    229.874      0.000
   105         21  (g)                -51    93     0   119   120   125   101     -2.852     -1.562     17.978     18.270      0.000
   106         21  (g)                -52   101   101   134   134   101   122      1.593     -0.079     -0.869      1.816      0.000
   107         21  (g)                -51    98     0   131   131   126   116     -4.934     -3.007     54.901     55.204      0.000
   108         21  (g)                -51    98     0   138   138   104   126     -2.851     -1.899     69.337     69.422      0.000
   109         21  (g)                -52    94    94   127   127   105   104      0.926    -14.255    378.672    378.941      0.000
   110         21  (g)                -51    59     0   116   116   118   127      0.690     -0.146     13.048     13.067      0.000
   111         21  (g)                -51    59     0   117   117   127   119     -2.640     -0.081     19.628     19.805      0.000
   112         21  (g)                -53   114   114    57    57   120   119      0.000      0.000   -281.828    281.828      0.000
   113         21  (g)                -41   152   152   118    56   118   128      0.000      0.000     35.949     35.949      0.000
   114         21  (g)                -42   265   265   112   112   120   119      0.000     -0.000   -281.828    281.828      0.000
   115         21  (g)                -44    58    58   147   148   120   117      1.949      0.228   -281.532    281.539      0.000
   116         21  (g)                -44   110   110   290   290   118   127      0.300      0.248     13.063     13.068      0.000
   117         21  (g)                -44   111   111   291   291   127   119     -3.229      0.515     19.593     19.864      0.000
   118         21  (g)                -43   113     0   149   149   117   128      0.980     -0.991      2.999      3.306      0.000
   119         21  (g)                -51   105     0   137   137   129   101      0.006     -0.521      2.376      2.433      0.000
   120         21  (g)                -51   105     0   139   139   125   129     -8.977     -3.796     83.967     84.531      0.000
   121         21  (g)                -52   104   104   126   126   114   125    -14.360     -6.463    160.410    161.181      0.000
   122         21  (g)                -42   226   226    89    89   111   123     -0.000      0.000   1775.802   1775.802      0.000
   123         -1  (dbar)             -41   303   303   140    90     0   130      0.000     -0.000  -1550.277   1550.277      0.000
   124    4900023  (Zv)               -44    91    91   304   304     0     0    -46.412    175.824   -666.823   1219.953   1005.269
   125         -1  (dbar)             -44    92    92   144   145     0   110     56.471   -105.458    -44.649    127.687      0.330
   126         21  (g)                -44   121   121   269   270   114   125    -14.360     -6.463    160.408    161.179      0.000
   127         21  (g)                -44   109   109   165   166   105   104      0.926    -14.255    378.663    378.932      0.000
   128         21  (g)                -44    95    95   146   146   110   113     10.062    -24.969    -16.617     31.636      0.000
   129         21  (g)                -44    96    96   174   175   111   105      2.754      3.614    270.609    270.647      0.000
   130         21  (g)                -44    97    97   143   143   113   103      4.867    -15.339     -2.911     16.353      0.000
   131         21  (g)                -44   107   107   183   184   126   116     -4.934     -3.007     54.900     55.203      0.000
   132         21  (g)                -44    99    99   185   185   116   114      0.555     -0.305      3.614      3.670      0.000
   133         21  (g)                -44   100   100   313   313   122   121     -1.737     -1.758     -7.649      8.038      0.000
   134         21  (g)                -44   106   106   171   172   101   122      1.592     -0.077     -0.869      1.816      0.000
   135         21  (g)                -44   102   102   141   142   103   123      0.682     -1.498    417.841    417.844      0.000
   136         21  (g)                -44   103   103   155   155   121   124      1.144      1.184    -20.390     20.457      0.000
   137         21  (g)                -44   119   119   173   173   129   101      0.006     -0.521      2.376      2.432      0.000
   138         21  (g)                -44   108   108   167   167   104   126     -2.851     -1.899     69.336     69.421      0.000
   139         21  (g)                -44   120   120   223   223   125   129     -8.977     -3.795     83.965     84.529      0.000
   140         21  (g)                -43   123     0   153   154   124   130      0.212     -1.277   -456.278    456.280      0.000
   141         21  (g)                -51   135     0   162   163   131   123     -0.354     -1.652    412.080    412.083      0.000
   142         21  (g)                -51   135     0   164   164   103   131      1.061      0.076      5.747      5.844      0.000
   143         21  (g)                -52   130   130   179   179   113   103      4.842    -15.261     -2.896     16.270      0.000
   144         -1  (dbar)             -51   125     0   305   305     0   132     56.726   -106.804    -45.889    129.348      0.330
   145         21  (g)                -51   125     0   218   219   132   110      0.524     -0.586     -0.046      0.787      0.000
   146         21  (g)                -52   128   128   214   214   110   113      9.283    -23.037    -15.331     29.188      0.000
   147         21  (g)                -51   115     0   200   201   120   133      0.737      0.056   -267.877    267.878      0.000
   148         21  (g)                -51   115     0   202   202   133   117      1.220      0.164    -13.632     13.687      0.000
   149         21  (g)                -52   118   118   150   151   117   128      0.972     -0.983      2.975      3.280      0.000
   150         21  (g)                -51   149     0   203   204   117   134      0.730     -1.036     13.115     13.176      0.000
   151         21  (g)                -51   149     0   294   294   134   128      0.242      0.053      0.003      0.248      0.000
   152         21  (g)                -53   287   287   113   113   118   128      0.000      0.000     46.093     46.093      0.000
   153         21  (g)                -51   140     0   245   246   135   130      1.122     -1.419   -360.342    360.347      0.000
   154         21  (g)                -51   140     0   208   208   124   135     -0.802      0.254    -97.877     97.881      0.000
   155         21  (g)                -52   136   136   206   207   121   124      1.035      1.071    -18.449     18.509      0.000
   156         21  (g)                -51    52     0   159   160   106   136     -1.445     -0.107     -2.618      2.992      0.000
   157         21  (g)                -51    52     0   195   195   136   115     -0.068      1.567     -3.270      3.627      0.000
   158         21  (g)                -53   170   170    48    48   108   115      0.000      0.000    -28.044     28.044      0.000
   159         21  (g)                -51   156     0   194   194   137   136     -0.441      0.026     -2.545      2.583      0.000
   160         21  (g)                -51   156     0   196   196   106   137     -1.104      0.039      0.967      1.468      0.000
   161         21  (g)                -52    51    51   193   193   112   106     -2.062      3.552     21.526     21.914      0.000
   162         21  (g)                -51   141     0   186   187   138   123     -0.068     -0.382    335.730    335.730      0.000
   163         21  (g)                -51   141     0   188   188   131   138     -0.205     -1.264     76.788     76.798      0.000
   164         21  (g)                -52   142   142   177   178   103   131      0.980      0.070      5.309      5.399      0.000
   165         21  (g)                -51   127     0   176   176   105   139      0.429     -4.956    157.703    157.782      0.000
   166         21  (g)                -51   127     0   209   210   139   104      0.288     -9.439    226.067    226.264      0.000
   167         21  (g)                -52   138   138   211   211   104   126     -2.641     -1.759     64.229     64.308      0.000
   168         21  (g)                -51    49     0   182   182   140   109     -2.151      3.446     -9.183     10.042      0.000
   169         21  (g)                -51    49     0   180   181   108   140      0.053      0.142     -4.848      4.850      0.000
   170         21  (g)                -53   190   190   158   158   108   115      0.000      0.000    -32.471     32.471      0.000
   171         21  (g)                -51   134     0   314   314   141   122      0.264     -0.626     -0.692      0.970      0.000
   172         21  (g)                -51   134     0   232   232   101   141      1.329      0.418      0.417      1.455      0.000
   173         21  (g)                -52   137   137   221   222   129   101      0.004     -0.391      1.782      1.824      0.000
   174         21  (g)                -51   129     0   250   250   111   142      2.243      2.993    175.718    175.758      0.000
   175         21  (g)                -51   129     0   248   249   142   105      0.532      0.383    102.448    102.450      0.000
   176         21  (g)                -52   165   165   278   279   105   139      0.408     -4.718    150.147    150.221      0.000
   177         21  (g)                -51   164     0   262   262   143   131      1.288     -0.009      2.098      2.462      0.000
   178         21  (g)                -51   164     0   266   267   103   143     -0.236     -0.148      3.167      3.179      0.000
   179         21  (g)                -52   143   143   212   213   113   103      4.770    -15.033     -2.853     16.028      0.000
   180         21  (g)                -51   169     0   197   197   108   144     -0.864      1.705     -4.648      5.026      0.000
   181         21  (g)                -51   169     0   198   198   144   140     -0.025     -0.054     -4.223      4.223      0.000
   182         21  (g)                -52   168   168   191   191   140   109     -1.209      1.936     -5.161      5.643      0.000
   183         21  (g)                -51   131     0   251   252   126   145     -1.060     -1.098      9.121      9.248      0.000
   184         21  (g)                -51   131     0   253   253   145   116     -3.729     -1.988     46.721     46.912      0.000
   185         21  (g)                -52   132   132   271   271   116   114      0.410     -0.226      2.671      2.712      0.000
   186         21  (g)                -51   162     0   224   225   146   123      0.556     -0.850    283.062    283.064      0.000
   187         21  (g)                -51   162     0   330   330   138   146     -0.712     -0.075     85.666     85.669      0.000
   188         21  (g)                -52   163   163   260   261   131   138     -0.117     -0.721     43.790     43.796      0.000
   189         21  (g)                -41   350   350   199    47   147   107      0.000     -0.000    484.539    484.539      0.000
   190         21  (g)                -42   351   351   170   170   108   115     -0.000      0.000    -32.471     32.471      0.000
   191         21  (g)                -44   182   182   233   234   140   109     -1.208      1.929     -5.128      5.610      0.000
   192         21  (g)                -44    50    50   235   235   109   107      5.781     -8.845     -9.310     14.083      0.000
   193         21  (g)                -44   161   161   215   216   112   106     -1.990      2.883     21.583     21.865      0.000
   194         21  (g)                -44   159   159   283   283   137   136     -0.441      0.025     -2.543      2.581      0.000
   195         21  (g)                -44   157   157   281   282   136   115     -0.068      1.562     -3.245      3.602      0.000
   196         21  (g)                -44   160   160   217   217   106   137     -1.100      0.002      0.969      1.466      0.000
   197         21  (g)                -44   180   180   358   358   108   144     -0.864      1.700     -4.619      4.997      0.000
   198         21  (g)                -44   181   181   359   359   144   140     -0.025     -0.054     -4.223      4.223      0.000
   199         21  (g)                -43   189     0   360   360   147   112     -0.087      0.800    458.583    458.583      0.000
   200         21  (g)                -51   147     0   263   264   120   148     -0.193      0.605    -47.019     47.023      0.000
   201         21  (g)                -51   147     0   295   295   148   133      1.073     -0.530   -222.456    222.459      0.000
   202         21  (g)                -52   148   148   205   205   133   117      1.077      0.145    -12.034     12.083      0.000
   203         21  (g)                -51   150     0   292   292   149   134      0.664      0.360      0.973      1.232      0.000
   204         21  (g)                -51   150     0   227   228   117   149      0.078     -1.394     12.002     12.083      0.000
   205         21  (g)                -52   202   202   229   229   133   117      1.064      0.143    -11.895     11.943      0.000
   206         21  (g)                -51   155     0   316   316   121   150     -0.018      0.116     -0.178      0.213      0.000
   207         21  (g)                -51   155     0   331   331   150   124      0.908      1.001    -36.070     36.095      0.000
   208         21  (g)                -52   154   154   247   247   124   135     -0.656      0.208    -80.078     80.081      0.000
   209          2  (u)                -51   166     0   325   325   139     0     -0.516     -7.743    184.115    184.278      0.330
   210         -2  (ubar)             -51   166     0   332   332     0   104      0.564     -1.856     47.771     47.811      0.330
   211         21  (g)                -52   167   167   318   318   104   126     -2.401     -1.599     58.411     58.482      0.000
   212         21  (g)                -51   179     0   268   268   151   103      2.727    -10.875     -2.325     11.450      0.000
   213         21  (g)                -51   179     0   333   333   113   151      2.385     -5.005     -1.092      5.650      0.000
   214         21  (g)                -52   146   146   220   220   110   113      8.942    -22.191    -14.768     28.115      0.000
   215         21  (g)                -51   193     0   242   243   112   152     -1.996      2.651     16.096     16.435      0.000
   216         21  (g)                -51   193     0   244   244   152   106     -0.132      0.232      5.609      5.615      0.000
   217         21  (g)                -52   196   196   357   357   106   137     -0.961      0.001      0.847      1.281      0.000
   218         21  (g)                -51   145     0   322   322   132   153      2.303     -3.764     -1.960      4.829      0.000
   219         21  (g)                -51   145     0   334   334   153   110      0.687     -2.940     -2.158      3.711      0.000
   220         21  (g)                -52   214   214   308   308   110   113      6.476    -16.072    -10.696     20.363      0.000
   221         -1  (dbar)             -51   173     0   230   231     0   101     -2.222     -1.122     16.479     16.669      0.330
   222          1  (d)                -51   173     0   335   335   129     0     -0.571     -0.452     11.466     11.494      0.330
   223         21  (g)                -52   139   139   319   319   125   129     -6.180     -2.613     57.802     58.190      0.000
   224         21  (g)                -51   186     0   315   315   146   154      0.633     -0.979    377.777    377.779      0.000
   225         21  (g)                -51   186     0   336   336   154   123     -0.078      0.130    557.335    557.335      0.000
   226         21  (g)                -53   259   259   122   122   111   123     -0.000      0.000   2427.853   2427.853      0.000
   227         21  (g)                -51   204     0   256   256   155   149      0.658     -0.297      1.941      2.071      0.000
   228         21  (g)                -51   204     0   239   240   117   155     -0.574     -1.097      9.998     10.075      0.000
   229         21  (g)                -52   205   205   241   241   133   117      1.059      0.142    -11.832     11.881      0.000
   230         -1  (dbar)             -51   221     0   317   317     0   156     -1.044     -1.218      9.123      9.269      0.330
   231         21  (g)                -51   221     0   238   238   156   101     -1.125      0.112      7.372      7.459      0.000
   232         21  (g)                -52   172   172   236   237   101   141      1.276      0.401      0.400      1.396      0.000
   233          3  (s)                -51   191     0   352   352   140     0      0.397      0.075     -1.467      1.602      0.500
   234         -3  (sbar)             -51   191     0   362   362     0   109     -1.389      1.523     -4.010      4.536      0.500
   235         21  (g)                -52   192   192   353   353   109   107      5.564     -8.514     -8.961     13.555      0.000
   236         21  (g)                -51   232     0   326   326   158   141      0.504     -0.390      0.926      1.125      0.000
   237         21  (g)                -51   232     0   338   338   101   158      0.652      0.803      0.260      1.067      0.000
   238         21  (g)                -52   231   231   337   337   156   101     -1.005      0.100      6.586      6.663      0.000
   239         21  (g)                -51   228     0   254   255   159   155     -0.925     -1.413      9.054      9.210      0.000
   240         21  (g)                -51   228     0   298   298   117   159      0.360      0.317      0.841      0.968      0.000
   241         21  (g)                -52   229   229   293   293   133   117      1.049      0.141    -11.729     11.777      0.000
   242         21  (g)                -51   215     0   354   354   112   161     -1.200      1.083     11.735     11.846      0.000
   243         21  (g)                -51   215     0   363   363   161   152     -0.879      1.714      7.889      8.121      0.000
   244         21  (g)                -52   216   216   361   361   152   106     -0.049      0.086      2.080      2.083      0.000
   245         21  (g)                -51   153     0   320   320   162   130      0.460     -0.463   -268.380    268.381      0.000
   246         21  (g)                -51   153     0   339   339   135   162      0.482     -0.898   -113.958    113.962      0.000
   247         21  (g)                -52   208   208   323   323   124   135     -0.476      0.151    -58.083     58.085      0.000
   248         21  (g)                -51   175     0   280   280   163   105      0.718     -0.003     47.598     47.603      0.000
   249         21  (g)                -51   175     0   340   340   142   163      0.527      1.339    110.774    110.784      0.000
   250         21  (g)                -52   174   174   257   258   111   142      1.529      2.041    119.794    119.821      0.000
   251         21  (g)                -51   183     0   311   311   126   164     -1.605     -0.952     11.638     11.787      0.000
   252         21  (g)                -51   183     0   341   341   164   145     -1.084     -1.015     17.891     17.953      0.000
   253         21  (g)                -52   184   184   329   329   145   116     -2.100     -1.120     26.314     26.421      0.000
   254         21  (g)                -51   239     0   297   297   159   165      0.295     -0.414      3.736      3.770      0.000
   255         21  (g)                -51   239     0   299   299   165   155     -0.953     -1.120      6.107      6.282      0.000
   256         21  (g)                -52   227   227   296   296   155   149      0.391     -0.176      1.152      1.229      0.000
   257         21  (g)                -51   250     0   309   309   166   142      0.824      0.466     33.061     33.075      0.000
   258         21  (g)                -51   250     0   342   342   111   166      0.705      1.575    109.584    109.598      0.000
   259         21  (g)                -53   302   302   226   226   111   123     -0.000      0.000   2450.704   2450.704      0.000
   260         21  (g)                -51   188     0   324   324   167   138      0.331     -0.797     41.101     41.110      0.000
   261         21  (g)                -51   188     0   343   343   131   167     -0.356      0.076      2.840      2.863      0.000
   262         21  (g)                -52   177   177   275   276   143   131      1.195     -0.009      1.947      2.285      0.000
   263         21  (g)                -51   200     0   289   289   168   148     -0.640      0.286    -95.243     95.246      0.000
   264         21  (g)                -51   200     0   300   300   120   168      0.447      0.320    -88.001     88.002      0.000
   265         21  (g)                -53   288     0   114   114   120   119     -0.000     -0.000   -418.053    418.053      0.000
   266         21  (g)                -51   178     0   277   277   169   143     -0.653     -0.105      1.772      1.891      0.000
   267         21  (g)                -51   178     0   274   274   103   169      0.455     -0.197      1.362      1.450      0.000
   268         21  (g)                -52   212   212   272   273   151   103      2.688    -10.722     -2.292     11.289      0.000
   269         21  (g)                -51   126     0   306   306   170   125     -9.990     -4.105    113.914    114.425      0.000
   270         21  (g)                -51   126     0   286   286   114   170     -4.349     -2.370     46.629     46.891      0.000
   271         21  (g)                -52   185   185   284   285   116   114      0.390     -0.214      2.537      2.575      0.000
   272         21  (g)                -51   268     0   310   310   151   171      1.410     -3.487     -0.593      3.807      0.000
   273         21  (g)                -51   268     0   346   346   171   103      1.296     -7.243     -1.644      7.539      0.000
   274         21  (g)                -52   267   267   344   344   103   169      0.437     -0.189      1.308      1.392      0.000
   275         21  (g)                -51   262     0   321   321   172   131      1.162     -0.236      2.082      2.396      0.000
   276         21  (g)                -51   262     0   347   347   143   172     -0.224      0.186      0.563      0.634      0.000
   277         21  (g)                -52   266   266   328   328   169   143     -0.395     -0.064      1.073      1.145      0.000
   278         21  (g)                -51   176     0   307   307   173   139      0.168     -4.448    145.767    145.835      0.000
   279         21  (g)                -51   176     0   348   348   105   173      0.390     -0.271     14.354     14.362      0.000
   280         21  (g)                -52   248   248   327   327   163   105      0.567     -0.003     37.623     37.627      0.000
   281         21  (g)                -51   195     0   356   356   174   115      0.009      1.379     -4.275      4.492      0.000
   282         21  (g)                -51   195     0   364   364   136   174     -0.316      0.196     -0.350      0.511      0.000
   283         21  (g)                -52   194   194   355   355   137   136     -0.201      0.011     -1.162      1.180      0.000
   284         21  (g)                -51   271     0   312   312   116   175     -0.362      0.072      6.925      6.935      0.000
   285         21  (g)                -51   271     0   349   349   175   114      0.051     -0.668      3.117      3.188      0.000
   286         21  (g)                -52   270   270   345   345   114   170     -3.649     -1.988     39.123     39.343      0.000
   287         21  (g)                -42   365   365   152   152   118   128      0.000      0.000     46.093     46.093      0.000
   288         21  (g)                -41   366   366   301   265   176   119     -0.000     -0.000   -454.236    454.236      0.000
   289         21  (g)                -44   263   263   367   367   168   148     -0.702      0.280    -95.244     95.247      0.000
   290         21  (g)                -44   116   116   368   368   118   127      0.300      0.248     13.062     13.068      0.000
   291         21  (g)                -44   117   117   369   369   127   119     -3.229      0.515     19.593     19.864      0.000
   292         21  (g)                -44   203   203   370   370   149   134      0.664      0.360      0.973      1.232      0.000
   293         21  (g)                -44   241   241   371   371   133   117      1.042      0.140    -11.730     11.777      0.000
   294         21  (g)                -44   151   151   372   372   134   128      0.242      0.053      0.003      0.248      0.000
   295         21  (g)                -44   201   201   373   373   148   133      0.930     -0.543   -222.459    222.461      0.000
   296         21  (g)                -44   256   256   374   374   155   149      0.390     -0.176      1.152      1.229      0.000
   297         21  (g)                -44   254   254   375   375   159   165      0.295     -0.414      3.736      3.770      0.000
   298         21  (g)                -44   240   240   376   376   117   159      0.360      0.317      0.841      0.968      0.000
   299         21  (g)                -44   255   255   377   377   165   155     -0.953     -1.120      6.108      6.282      0.000
   300         21  (g)                -44   264   264   378   378   120   168      0.390      0.314    -88.002     88.003      0.000
   301         21  (g)                -43   288     0   379   379   176   120      0.270      0.025    -36.178     36.179      0.000
   302         21  (g)                -61     1     0   259   259   147   123      1.779     -0.704   2450.703   2450.704      0.000
   303         -1  (dbar)             -61     2     0   123   123     0   130     -1.902      0.588  -1550.276   1550.277      0.000
   304    4900023  (Zv)               -62   124   124   385   386     0     0    -47.369    176.102   -666.718   1219.973   1005.269
   305         -1  (dbar)             -62   144   144   575   575     0   132     56.649   -106.783    -45.980    129.329      0.330
   306         21  (g)                -62   269   269   451   451   170   125     -9.907     -4.137    113.922    114.427      0.000
   307         21  (g)                -62   278   278   473   473   173   139      0.274     -4.490    145.765    145.835      0.000
   308         21  (g)                -62   220   220   572   572   110   113      6.461    -16.067    -10.708     20.360      0.000
   309         21  (g)                -62   257   257   476   476   166   142      0.848      0.457     33.060     33.074      0.000
   310         21  (g)                -62   272   272   412     0   151   171      1.409     -3.486     -0.596      3.807      0.000
   311         21  (g)                -62   251   251   456   456   126   164     -1.597     -0.955     11.639     11.787      0.000
   312         21  (g)                -62   284   284   419     0   116   118     -0.357      0.070      6.925      6.935      0.000
   313         21  (g)                -62   133   133   527   527   122   137     -1.747     -1.755     -7.648      8.039      0.000
   314         21  (g)                -62   171   171   417     0   141   122      0.264     -0.625     -0.693      0.970      0.000
   315         21  (g)                -62   224   224   562   562   146   154      0.908     -1.088    377.776    377.779      0.000
   316         21  (g)                -62   206   206   405     0   121   174     -0.018      0.116     -0.178      0.213      0.000
   317         -1  (dbar)             -62   230   230   537   537     0   165     -1.037     -1.220      9.124      9.269      0.330
   318         21  (g)                -62   211   211   457   457   104   126     -2.359     -1.616     58.412     58.482      0.000
   319         21  (g)                -62   223   223   450   450   125   129     -6.138     -2.629     57.807     58.191      0.000
   320         21  (g)                -62   245   245   409     0   162   130      0.131     -0.362   -268.380    268.381      0.000
   321         21  (g)                -62   275   275   566   566   172   131      1.163     -0.236      2.081      2.396      0.000
   322         21  (g)                -62   218   218   574   574   132   153      2.300     -3.764     -1.964      4.828      0.000
   323         21  (g)                -62   247   247   408     0   124   168     -0.547      0.173    -58.082     58.085      0.000
   324         21  (g)                -62   260   260   564   564   167   138      0.361     -0.809     41.100     41.110      0.000
   325          2  (u)                -62   209   209   472   472   139     0     -0.382     -7.796    184.113    184.278      0.330
   326         21  (g)                -62   236   236   529   529   158   109      0.505     -0.391      0.926      1.124      0.000
   327         21  (g)                -62   280   280   422     0   163   105      0.595     -0.013     37.622     37.627      0.000
   328         21  (g)                -62   277   277   411     0   169   143     -0.395     -0.064      1.074      1.146      0.000
   329         21  (g)                -62   253   253   421     0   145   116     -2.081     -1.127     26.315     26.421      0.000
   330         21  (g)                -62   187   187   563   563   138   146     -0.650     -0.100     85.667     85.670      0.000
   331         21  (g)                -62   207   207   504   504   150   144      0.863      1.015    -36.071     36.095      0.000
   332         -2  (ubar)             -62   210   210   458   458     0   104      0.599     -1.869     47.770     47.811      0.330
   333         21  (g)                -62   213   213   412     0   113   151      2.382     -5.004     -1.096      5.649      0.000
   334         21  (g)                -62   219   219   573   573   153   110      0.684     -2.939     -2.160      3.711      0.000
   335          1  (d)                -62   222   222   449   449   129     0     -0.563     -0.455     11.467     11.494      0.330
   336         21  (g)                -62   225   225   413     0   154   123      0.327     -0.030    557.335    557.335      0.000
   337         21  (g)                -62   238   238   534   534   156   112     -1.001      0.099      6.587      6.664      0.000
   338         21  (g)                -62   237   237   415     0   101   149      0.652      0.803      0.260      1.067      0.000
   339         21  (g)                -62   246   246   501   501   135   148      0.342     -0.855   -113.958    113.962      0.000
   340         21  (g)                -62   249   249   475   475   142   163      0.608      1.307    110.774    110.783      0.000
   341         21  (g)                -62   252   252   421     0   164   145     -1.071     -1.020     17.892     17.953      0.000
   342         21  (g)                -62   258   258   477   477   111   166      0.784      1.543    109.584    109.598      0.000
   343         21  (g)                -62   261   261   565   565   131   167     -0.354      0.075      2.840      2.863      0.000
   344         21  (g)                -62   274   274   410     0   103   155      0.438     -0.189      1.307      1.391      0.000
   345         21  (g)                -62   286   286   452   452   114   170     -3.621     -1.999     39.126     39.344      0.000
   346         21  (g)                -62   273   273   570   570   171   103      1.293     -7.242     -1.648      7.539      0.000
   347         21  (g)                -62   276   276   411     0   143   106     -0.224      0.185      0.564      0.634      0.000
   348         21  (g)                -62   279   279   422     0   105   173      0.401     -0.275     14.354     14.362      0.000
   349         21  (g)                -62   285   285   420     0   175   114      0.053     -0.668      3.117      3.188      0.000
   350         21  (g)                -61     1     0   189   189   115   115      1.636      0.047    484.523    484.525      0.000
   351         21  (g)                -61     2     0   190   190   107   107     -1.082      1.396    -32.447     32.495      0.000
   352          3  (s)                -62   233   233   416     0   140     0      0.347      0.141     -1.471      1.598      0.500
   353         21  (g)                -62   235   235   417     0   109   141      5.196     -8.029     -9.237     13.296      0.000
   354         21  (g)                -62   242   242   533   533   112   161     -1.162      1.087     11.780     11.887      0.000
   355         21  (g)                -62   283   283   416     0   137   140     -0.240      0.062     -1.157      1.184      0.000
   356         21  (g)                -62   281   281   506   506   174   133     -0.137      1.568     -4.243      4.525      0.000
   357         21  (g)                -62   217   217   567   567   106   172     -0.965      0.011      0.865      1.296      0.000
   358         21  (g)                -62   197   197   405     0   108   121     -1.023      1.906     -4.563      5.050      0.000
   359         21  (g)                -62   198   198   503   503   144   124     -0.166      0.127     -4.220      4.225      0.000
   360         21  (g)                -62   199   199   478   478   147   111      1.461      0.845    458.586    458.589      0.000
   361         21  (g)                -62   244   244   418     0   152   159     -0.042      0.086      2.083      2.085      0.000
   362         -3  (sbar)             -62   234   234   407     0     0   136     -1.530      1.707     -3.948      4.593      0.500
   363         21  (g)                -62   243   243   532   532   161   134     -0.856      1.720      7.942      8.171      0.000
   364         21  (g)                -62   282   282   407     0   136   108     -0.330      0.215     -0.340      0.520      0.000
   365         21  (g)                -61     1     0   287   287   119   119     -2.984      0.694     46.042     46.143      0.000
   366         21  (g)                -61     2     0   288   288   128   128      0.891     -1.331   -454.197    454.200      0.000
   367         21  (g)                -62   289   289   408     0   168   135     -0.515      0.001    -95.262     95.263      0.000
   368         21  (g)                -62   290   290   418     0   118   152     -0.546      0.445     13.056     13.075      0.000
   369         21  (g)                -62   291   291   535   535   127   156     -4.506      0.811     19.459     19.990      0.000
   370         21  (g)                -62   292   292   414     0   149   117      0.593      0.376      0.991      1.215      0.000
   371         21  (g)                -62   293   293   505   505   133   150      1.063      0.106    -11.695     11.744      0.000
   372         21  (g)                -62   294   294   415     0   134   101      0.234      0.054      0.011      0.241      0.000
   373         21  (g)                -62   295   295   500   500   148   176      1.366     -1.195   -222.403    222.411      0.000
   374         21  (g)                -62   296   296   410     0   155   169      0.313     -0.158      1.165      1.217      0.000
   375         21  (g)                -62   297   297   420     0   159   175      0.053     -0.357      3.745      3.762      0.000
   376         21  (g)                -62   298   298   414     0   117   158      0.302      0.331      0.849      0.960      0.000
   377         21  (g)                -62   299   299   536   536   165   127     -1.354     -1.027      6.079      6.312      0.000
   378         21  (g)                -62   300   300   406     0   120   162      0.563      0.057    -87.984     87.986      0.000
   379         21  (g)                -62   301   301   406     0   176   120      0.341     -0.081    -36.166     36.168      0.000
   380       2203  (uu_1)             -63     1     0   479   479     0   147     -0.306      0.078   1406.132   1406.132      0.771
   381          1  (d)                -63     1     0   413     0   123     0     -0.124     -0.115   2412.521   2412.521      0.330
   382       2101  (ud_0)             -63     2     0   445   445     0   179      0.726     -0.044  -3883.323   3883.323      0.579
   383          2  (u)                -63     2     0   409     0   130     0      0.798     -0.232   -719.220    719.221      0.330
   384          1  (d)                -63     2     0   444   444   179     0      0.569     -0.378   -160.458    160.460      0.330
   385    4900101  (qv1)              -23   304     0   387   388     0     0   -329.441   -276.852   -100.515    441.935      5.000
   386   -4900101  (qv1bar)           -23   304     0   389   389     0     0    282.072    452.954   -566.203    778.038      5.000
   387    4900101  (qv1)              -51   385     0   399   400     0     0   -289.906   -222.422   -120.449    384.772      5.000
   388    4900021  (gv)               -51   385     0   390   391     0     0    -36.985    -50.336     14.816     64.196      0.000
   389   -4900101  (qv1bar)           -52   386   386   392   392     0     0    279.522    448.859   -561.085    771.005      5.000
   390    4900021  (gv)               -51   388     0   396   397     0     0    -36.542    -54.554      7.377     66.074      0.000
   391    4900021  (gv)               -51   388     0   395   395     0     0      9.766     20.611    -13.053     26.279      0.000
   392   -4900101  (qv1bar)           -52   389   389   393   394     0     0    269.313    432.466   -540.593    742.847      5.000
   393   -4900101  (qv1bar)           -51   392     0   430   430     0     0    221.974    339.919   -437.400    596.792      5.000
   394    4900021  (gv)               -51   392     0   423     0     0     0     52.275    102.965   -109.791    159.338      0.000
   395    4900021  (gv)               -52   391   391   398   398     0     0      4.830     10.193     -6.456     12.997      0.000
   396    4900021  (gv)               -51   390     0   401   401     0     0    -39.722    -47.065     -0.228     61.588      0.000
   397    4900021  (gv)               -51   390     0   428   428     0     0      4.670     -4.343      5.614      8.496      0.000
   398    4900021  (gv)               -52   395   395   423     0     0     0      3.340      7.049     -4.464      8.987      0.000
   399    4900101  (qv1)              -51   387     0   424   424     0     0   -125.401   -106.943    -40.387    169.760      5.000
   400    4900021  (gv)               -51   387     0   402   403     0     0   -173.635   -126.297    -80.115    229.169      0.000
   401    4900021  (gv)               -52   396   396   404   404     0     0    -30.592    -36.247     -0.176     47.431      0.000
   402    4900021  (gv)               -51   400     0   425   425     0     0    -68.803    -39.884    -34.238     86.584      0.000
   403    4900021  (gv)               -51   400     0   426   426     0     0   -113.340    -96.493    -45.926    155.775      0.000
   404    4900021  (gv)               -52   401   401   427   427     0     0    -22.085    -26.167     -0.127     34.242      0.000
   405         21  (g)                -73   316   358   507   507   108   174     -1.041      2.023     -4.741      5.263      0.225
   406         21  (g)                -73   378   379   499   499   176   162      0.904     -0.025   -124.150    124.154      0.237
   407         -3  (sbar)             -73   362   364   508   508     0   108     -1.860      1.921     -4.288      5.113      0.775
   408         21  (g)                -73   323   367   502   502   124   135     -1.062      0.174   -153.344    153.348      0.371
   409          2  (u)                -73   383   320   498   498   162     0      0.929     -0.593   -987.601    987.601      0.654
   410         21  (g)                -73   344   374   569   569   103   169      0.751     -0.347      2.472      2.608      0.078
   411         21  (g)                -73   328   347   568   568   169   106     -0.618      0.121      1.637      1.780      0.300
   412         21  (g)                -73   310   333   571   571   113   171      3.791     -8.490     -1.692      9.456      0.327
   413          1  (d)                -73   381   336   561   561   154     0      0.203     -0.146   2969.856   2969.856      0.826
   414         21  (g)                -73   370   376   530   530   149   158      0.895      0.707      1.840      2.175      0.205
   415         21  (g)                -73   338   372   531   531   134   149      0.886      0.858      0.270      1.307      0.339
   416          3  (s)                -73   352   355   526   526   137     0      0.106      0.203     -2.629      2.782      0.882
   417         21  (g)                -73   314   353   528   528   109   122      5.460     -8.655     -9.930     14.266      0.457
   418         21  (g)                -73   361   368   419     0   118   159     -0.588      0.531     15.139     15.160      0.119
   419         21  (g)                -73   312   418   454   454   116   159     -0.944      0.601     22.064     22.095      0.321
   420         21  (g)                -73   349   375   453   453   159   114      0.106     -1.026      6.862      6.950      0.402
   421         21  (g)                -73   329   341   455   455   164   116     -3.152     -2.147     44.207     44.374      0.518
   422         21  (g)                -73   327   348   474   474   163   173      0.995     -0.288     51.976     51.989      0.519
   423    4900021  (gv)               -73   394   398   429   429     0     0     55.615    110.013   -114.255    168.324      9.111
   424    4900101  (qv1)              -71   399   399   431   443     0     0   -125.401   -106.943    -40.387    169.760      5.000
   425    4900021  (gv)               -71   402   402   431   443     0     0    -68.803    -39.884    -34.238     86.584      0.000
   426    4900021  (gv)               -71   403   403   431   443     0     0   -113.340    -96.493    -45.926    155.775      0.000
   427    4900021  (gv)               -71   404   404   431   443     0     0    -22.085    -26.167     -0.127     34.242      0.000
   428    4900021  (gv)               -71   397   397   431   443     0     0      4.670     -4.343      5.614      8.496      0.000
   429    4900021  (gv)               -71   423   423   431   443     0     0     55.615    110.013   -114.255    168.324      9.111
   430   -4900101  (qv1bar)           -71   393   393   431   443     0     0    221.974    339.919   -437.400    596.792      5.000
   431    4900113  (rhovDiag)         -83   424   430   661   662     0     0    -93.520    -68.795    -38.116    122.833     12.500
   432    4900113  (rhovDiag)         -83   424   430   675   676     0     0   -142.782   -123.496    -52.612    196.373     12.500
   433    4900113  (rhovDiag)         -83   424   430   677   678     0     0    -37.615    -23.571    -12.741     47.844     12.500
   434    4900113  (rhovDiag)         -83   424   430   679   680     0     0    -40.370    -43.242     -7.483     60.925     12.500
   435    4900113  (rhovDiag)         -83   424   430   684   685     0     0     -5.207     -7.522    -15.486     21.904     12.500
   436    4900113  (rhovDiag)         -84   424   430   695   696     0     0      1.832     20.054    -14.270     27.665     12.500
   437    4900113  (rhovDiag)         -84   424   430   703   704     0     0      2.951     11.066    -14.236     22.137     12.500
   438    4900113  (rhovDiag)         -84   424   430   717   718     0     0      6.208      3.643     -2.126     14.580     12.500
   439    4900113  (rhovDiag)         -84   424   430   725   726     0     0     45.907     63.931    -86.788    117.827     12.500
   440    4900113  (rhovDiag)         -84   424   430   739   740     0     0     29.742     55.002    -69.604     94.397     12.500
   441    4900111  (pivDiag)          -84   424   430   759   760     0     0     66.807    110.176   -119.909    176.029      2.500
   442    4900113  (rhovDiag)         -84   424   430   761   762     0     0     78.791    118.550   -155.170    210.940     12.500
   443    4900111  (pivDiag)          -84   424   430   778   779     0     0     39.888     60.307    -78.180    106.520      2.500
   444          1  (d)                -71   384   384   446   448   179     0      0.569     -0.378   -160.458    160.460      0.330
   445       2101  (ud_0)             -71   382   382   446   448     0   179      0.726     -0.044  -3883.323   3883.323      0.579
   446       -213  (rho-)             -83   444   445   606   607     0     0      0.567     -0.313   -424.381    424.382      0.889
   447        111  (pi0)              -83   444   445   780   781     0     0      0.397     -0.562   -972.303    972.304      0.135
   448       2212  p+                  84   444   445     0     0     0     0      0.331      0.453  -2647.096   2647.097      0.938
   449          1  (d)                -71   335   335   459   471   129     0     -0.563     -0.455     11.467     11.494      0.330
   450         21  (g)                -71   319   319   459   471   125   129     -6.138     -2.629     57.807     58.191      0.000
   451         21  (g)                -71   306   306   459   471   170   125     -9.907     -4.137    113.922    114.427      0.000
   452         21  (g)                -71   345   345   459   471   114   170     -3.621     -1.999     39.126     39.344      0.000
   453         21  (g)                -71   420   420   459   471   159   114      0.106     -1.026      6.862      6.950      0.402
   454         21  (g)                -71   419   419   459   471   116   159     -0.944      0.601     22.064     22.095      0.321
   455         21  (g)                -71   421   421   459   471   164   116     -3.152     -2.147     44.207     44.374      0.518
   456         21  (g)                -71   311   311   459   471   126   164     -1.597     -0.955     11.639     11.787      0.000
   457         21  (g)                -71   318   318   459   471   104   126     -2.359     -1.616     58.412     58.482      0.000
   458         -2  (ubar)             -71   332   332   459   471     0   104      0.599     -1.869     47.770     47.811      0.330
   459        221  (eta)              -83   449   458   782   783     0     0     -2.158     -1.114     27.050     27.165      0.548
   460       -213  (rho-)             -83   449   458   608   609     0     0     -6.058     -2.516     66.976     67.307      1.177
   461        321  K+                  83   449   458     0     0     0     0     -3.629     -1.930     35.783     36.021      0.494
   462        333  (phi)              -83   449   458   784   785     0     0     -3.565     -2.039     39.840     40.064      1.019
   463       -323  (K*-)              -83   449   458   610   611     0     0     -3.736     -1.233     45.634     45.812      0.900
   464        111  (pi0)              -83   449   458   786   787     0     0     -1.254     -0.363      7.869      7.977      0.135
   465        113  (rho0)             -83   449   458   612   613     0     0     -0.468     -1.171     22.773     22.828      0.955
   466        213  (rho+)             -83   449   458   614   615     0     0     -1.515     -0.542     25.146     25.238      1.436
   467       -211  pi-                 83   449   458     0     0     0     0     -2.961     -1.818     33.891     34.068      0.140
   468        213  (rho+)             -84   449   458   616   617     0     0     -1.184     -0.403     19.990     20.045      0.817
   469        223  (omega)            -84   449   458   788   790     0     0     -0.807     -0.891     21.152     21.200      0.780
   470        111  (pi0)              -84   449   458   791   792     0     0      0.305     -0.454     13.679     13.691      0.135
   471       -213  (rho-)             -84   449   458   618   619     0     0     -0.546     -1.759     53.495     53.540      1.195
   472          2  (u)                -71   325   325   480   497   139     0     -0.382     -7.796    184.113    184.278      0.330
   473         21  (g)                -71   307   307   480   497   173   139      0.274     -4.490    145.765    145.835      0.000
   474         21  (g)                -71   422   422   480   497   163   173      0.995     -0.288     51.976     51.989      0.519
   475         21  (g)                -71   340   340   480   497   142   163      0.608      1.307    110.774    110.783      0.000
   476         21  (g)                -71   309   309   480   497   166   142      0.848      0.457     33.060     33.074      0.000
   477         21  (g)                -71   342   342   480   497   111   166      0.784      1.543    109.584    109.598      0.000
   478         21  (g)                -71   360   360   480   497   147   111      1.461      0.845    458.586    458.589      0.000
   479       2203  (uu_1)             -71   380   380   480   497     0   147     -0.306      0.078   1406.132   1406.132      0.771
   480        111  (pi0)              -83   472   479   793   794     0     0     -0.075     -0.677     18.794     18.807      0.135
   481        223  (omega)            -83   472   479   795   797     0     0      0.306     -5.792    149.541    149.655      0.783
   482       2212  p+                  83   472   479     0     0     0     0     -0.728     -4.114    106.740    106.826      0.938
   483       -321  K-                  83   472   479     0     0     0     0      0.697     -0.349     49.169     49.177      0.494
   484      -3122  (Lambdabar0)       -83   472   479   798   799     0     0     -0.003     -0.484     50.751     50.765      1.116
   485        111  (pi0)              -84   472   479   800   801     0     0      1.113      1.053     92.516     92.529      0.135
   486        213  (rho+)             -84   472   479   620   621     0     0      0.857     -0.149     94.163     94.168      0.506
   487       -211  pi-                 84   472   479     0     0     0     0     -0.147     -0.356      9.584      9.593      0.140
   488        211  pi+                 84   472   479     0     0     0     0     -0.124      0.196     15.392     15.394      0.140
   489       -213  (rho-)             -84   472   479   622   623     0     0      0.707      0.856    108.616    108.624      0.644
   490        321  K+                  84   472   479     0     0     0     0      0.695      0.493     57.831     57.839      0.494
   491       -321  K-                  84   472   479     0     0     0     0      0.170      0.147     80.723     80.725      0.494
   492        211  pi+                 84   472   479     0     0     0     0      0.504      0.055    158.307    158.308      0.140
   493        111  (pi0)              -84   472   479   802   803     0     0      0.069      0.038     34.369     34.369      0.135
   494        311  (K0)               -84   472   479   624   624     0     0     -0.414      0.598    225.984    225.985      0.498
   495       -311  (Kbar0)            -84   472   479   625   625     0     0      0.738     -0.129    401.033    401.034      0.498
   496       2112  n0                  84   472   479     0     0     0     0      0.025      0.425    731.129    731.130      0.940
   497        211  pi+                 84   472   479     0     0     0     0     -0.107     -0.154    115.349    115.350      0.140
   498          2  (u)                -71   409   409   509   525   162     0      0.929     -0.593   -987.601    987.601      0.654
   499         21  (g)                -71   406   406   509   525   176   162      0.904     -0.025   -124.150    124.154      0.237
   500         21  (g)                -71   373   373   509   525   148   176      1.366     -1.195   -222.403    222.411      0.000
   501         21  (g)                -71   339   339   509   525   135   148      0.342     -0.855   -113.958    113.962      0.000
   502         21  (g)                -71   408   408   509   525   124   135     -1.062      0.174   -153.344    153.348      0.371
   503         21  (g)                -71   359   359   509   525   144   124     -0.166      0.127     -4.220      4.225      0.000
   504         21  (g)                -71   331   331   509   525   150   144      0.863      1.015    -36.071     36.095      0.000
   505         21  (g)                -71   371   371   509   525   133   150      1.063      0.106    -11.695     11.744      0.000
   506         21  (g)                -71   356   356   509   525   174   133     -0.137      1.568     -4.243      4.525      0.000
   507         21  (g)                -71   405   405   509   525   108   174     -1.041      2.023     -4.741      5.263      0.225
   508         -3  (sbar)             -71   407   407   509   525     0   108     -1.860      1.921     -4.288      5.113      0.775
   509        211  pi+                 83   498   508     0     0     0     0      0.677     -0.314   -406.233    406.233      0.140
   510        311  (K0)               -83   498   508   626   626     0     0      0.035     -0.126   -113.551    113.552      0.498
   511       -311  (Kbar0)            -83   498   508   627   627     0     0      0.100     -0.543   -400.720    400.721      0.498
   512        223  (omega)            -83   498   508   804   806     0     0      1.162     -0.547   -211.017    211.022      0.784
   513        111  (pi0)              -83   498   508   807   808     0     0      0.012     -0.090    -10.213     10.215      0.135
   514       -213  (rho-)             -83   498   508   628   629     0     0      0.393     -0.022   -219.109    219.111      0.929
   515        211  pi+                 83   498   508     0     0     0     0      0.656     -0.128    -76.166     76.169      0.140
   516       -211  pi-                 84   498   508     0     0     0     0     -0.307     -0.107    -11.481     11.487      0.140
   517        111  (pi0)              -84   498   508   809   810     0     0     -0.270     -0.372    -48.035     48.038      0.135
   518        211  pi+                 84   498   508     0     0     0     0     -0.068      0.131   -108.477    108.477      0.140
   519       -213  (rho-)             -84   498   508   630   631     0     0      1.231      0.107    -25.183     25.237      1.080
   520        211  pi+                 84   498   508     0     0     0     0     -0.159      1.092    -17.709     17.744      0.140
   521       -213  (rho-)             -84   498   508   632   633     0     0     -0.275      0.318     -3.468      3.567      0.720
   522        211  pi+                 84   498   508     0     0     0     0      0.484     -0.081     -2.150      2.210      0.140
   523        111  (pi0)              -84   498   508   811   812     0     0      0.223      0.839     -2.596      2.741      0.135
   524        113  (rho0)             -84   498   508   634   635     0     0     -1.098      1.115     -4.304      4.705      1.078
   525        313  (K*0)              -84   498   508   636   637     0     0     -1.594      2.995     -6.301      7.214      0.906
   526          3  (s)                -71   416   416   538   560   137     0      0.106      0.203     -2.629      2.782      0.882
   527         21  (g)                -71   313   313   538   560   122   137     -1.747     -1.755     -7.648      8.039      0.000
   528         21  (g)                -71   417   417   538   560   109   122      5.460     -8.655     -9.930     14.266      0.457
   529         21  (g)                -71   326   326   538   560   158   109      0.505     -0.391      0.926      1.124      0.000
   530         21  (g)                -71   414   414   538   560   149   158      0.895      0.707      1.840      2.175      0.205
   531         21  (g)                -71   415   415   538   560   134   149      0.886      0.858      0.270      1.307      0.339
   532         21  (g)                -71   363   363   538   560   161   134     -0.856      1.720      7.942      8.171      0.000
   533         21  (g)                -71   354   354   538   560   112   161     -1.162      1.087     11.780     11.887      0.000
   534         21  (g)                -71   337   337   538   560   156   112     -1.001      0.099      6.587      6.664      0.000
   535         21  (g)                -71   369   369   538   560   127   156     -4.506      0.811     19.459     19.990      0.000
   536         21  (g)                -71   377   377   538   560   165   127     -1.354     -1.027      6.079      6.312      0.000
   537         -1  (dbar)             -71   317   317   538   560     0   165     -1.037     -1.220      9.124      9.269      0.330
   538       -321  K-                  83   526   537     0     0     0     0     -0.296      0.044     -1.382      1.498      0.494
   539        211  pi+                 83   526   537     0     0     0     0     -0.923     -0.006     -4.896      4.984      0.140
   540       -211  pi-                 83   526   537     0     0     0     0      0.381     -1.854     -2.517      3.152      0.140
   541        211  pi+                 83   526   537     0     0     0     0      0.108     -0.251     -1.450      1.482      0.140
   542        221  (eta)              -83   526   537   813   815     0     0      0.469     -1.882     -2.737      3.399      0.548
   543        111  (pi0)              -83   526   537   816   817     0     0      0.427     -0.181     -0.071      0.488      0.135
   544        223  (omega)            -83   526   537   818   820     0     0      1.615     -3.031     -3.437      4.921      0.782
   545       2114  (Delta0)           -83   526   537   638   639     0     0      1.363     -2.372     -2.789      4.114      1.289
   546       -211  pi-                 83   526   537     0     0     0     0      1.012     -0.462     -0.150      1.132      0.140
   547      -1114  (Deltabar+)        -83   526   537   640   641     0     0      1.082      0.174      0.933      1.880      1.208
   548       2114  (Delta0)           -83   526   537   642   643     0     0     -0.148      0.480      1.230      1.804      1.221
   549        111  (pi0)              -83   526   537   821   822     0     0      0.239      0.237     -0.106      0.378      0.135
   550      -2212  pbar-               84   526   537     0     0     0     0      0.146      1.144      6.757      6.918      0.938
   551        111  (pi0)              -84   526   537   823   824     0     0     -0.506      0.266      2.719      2.782      0.135
   552        111  (pi0)              -84   526   537   825   826     0     0      0.112     -0.278      1.035      1.086      0.135
   553       2112  n0                  84   526   537     0     0     0     0     -1.305      0.237      6.299      6.506      0.940
   554        211  pi+                 84   526   537     0     0     0     0     -1.664      0.446      6.044      6.286      0.140
   555      -2112  nbar0               84   526   537     0     0     0     0     -0.634      0.348      3.595      3.785      0.940
   556        111  (pi0)              -84   526   537   827   828     0     0      0.201      0.118      0.729      0.777      0.135
   557       -211  pi-                 84   526   537     0     0     0     0     -0.824      0.343      8.086      8.136      0.140
   558        111  (pi0)              -84   526   537   829   830     0     0     -1.643      0.127     10.123     10.257      0.135
   559        213  (rho+)             -84   526   537   644   645     0     0     -1.532      0.050      8.465      8.644      0.838
   560        111  (pi0)              -84   526   537   831   832     0     0     -1.493     -1.259      7.321      7.578      0.135
   561          1  (d)                -71   413   413   576   605   154     0      0.203     -0.146   2969.856   2969.856      0.826
   562         21  (g)                -71   315   315   576   605   146   154      0.908     -1.088    377.776    377.779      0.000
   563         21  (g)                -71   330   330   576   605   138   146     -0.650     -0.100     85.667     85.670      0.000
   564         21  (g)                -71   324   324   576   605   167   138      0.361     -0.809     41.100     41.110      0.000
   565         21  (g)                -71   343   343   576   605   131   167     -0.354      0.075      2.840      2.863      0.000
   566         21  (g)                -71   321   321   576   605   172   131      1.163     -0.236      2.081      2.396      0.000
   567         21  (g)                -71   357   357   576   605   106   172     -0.965      0.011      0.865      1.296      0.000
   568         21  (g)                -71   411   411   576   605   169   106     -0.618      0.121      1.637      1.780      0.300
   569         21  (g)                -71   410   410   576   605   103   169      0.751     -0.347      2.472      2.608      0.078
   570         21  (g)                -71   346   346   576   605   171   103      1.293     -7.242     -1.648      7.539      0.000
   571         21  (g)                -71   412   412   576   605   113   171      3.791     -8.490     -1.692      9.456      0.327
   572         21  (g)                -71   308   308   576   605   110   113      6.461    -16.067    -10.708     20.360      0.000
   573         21  (g)                -71   334   334   576   605   153   110      0.684     -2.939     -2.160      3.711      0.000
   574         21  (g)                -71   322   322   576   605   132   153      2.300     -3.764     -1.964      4.828      0.000
   575         -1  (dbar)             -71   305   305   576   605     0   132     56.649   -106.783    -45.980    129.329      0.330
   576       -211  pi-                 83   561   575     0     0     0     0     -0.151     -0.006    246.703    246.704      0.140
   577        211  pi+                 83   561   575     0     0     0     0      0.117     -0.136    316.287    316.287      0.140
   578       -213  (rho-)             -83   561   575   646   647     0     0     -0.076      0.041    542.332    542.332      0.634
   579        113  (rho0)             -83   561   575   648   649     0     0      0.772     -0.270   1470.532   1470.532      0.813
   580       3222  (Sigma+)           -83   561   575   833   834     0     0     -0.434     -0.407    659.177    659.178      1.189
   581      -3222  (Sigmabar-)        -83   561   575   835   836     0     0      0.982     -0.833    192.544    192.552      1.189
   582        211  pi+                 83   561   575     0     0     0     0     -0.896      0.112     15.969     15.995      0.140
   583        223  (omega)            -83   561   575   837   839     0     0      0.535     -0.364     15.238     15.271      0.772
   584       -213  (rho-)             -83   561   575   650   651     0     0      0.039     -0.504     12.700     12.742      0.902
   585        223  (omega)            -83   561   575   840   842     0     0      0.401      0.359      5.105      5.193      0.783
   586        111  (pi0)              -83   561   575   843   844     0     0      0.032     -0.087      0.397      0.429      0.135
   587        211  pi+                 83   561   575     0     0     0     0     -0.357      0.020      0.752      0.844      0.140
   588       -213  (rho-)             -83   561   575   652   653     0     0     -0.254     -0.390      2.161      2.441      1.035
   589        111  (pi0)              -83   561   575   845   846     0     0     -0.808      0.677      1.772      2.066      0.135
   590        211  pi+                 84   561   575     0     0     0     0      0.248     -1.314      1.445      1.974      0.140
   591       -213  (rho-)             -84   561   575   654   655     0     0      0.744     -0.479      0.479      1.387      0.956
   592       2212  p+                  84   561   575     0     0     0     0      0.504     -0.820      0.018      1.345      0.938
   593        211  pi+                 84   561   575     0     0     0     0      0.244     -2.283      0.115      2.303      0.140
   594      -2224  (Deltabar--)       -84   561   575   656   657     0     0      1.978     -5.340     -1.901      6.113      1.156
   595        211  pi+                 84   561   575     0     0     0     0      1.263     -4.762     -1.002      5.029      0.140
   596        311  (K0)               -84   561   575   658   658     0     0      1.574     -4.306     -2.394      5.196      0.498
   597       -321  K-                  84   561   575     0     0     0     0      3.194     -5.948     -4.166      7.949      0.494
   598        221  (eta)              -84   561   575   847   848     0     0      0.591     -2.126     -0.630      2.359      0.548
   599        111  (pi0)              -84   561   575   849   850     0     0      0.324     -1.395     -1.017      1.761      0.135
   600        213  (rho+)             -84   561   575   659   660     0     0      4.433    -10.226     -6.198     12.772      0.695
   601       -211  pi-                 84   561   575     0     0     0     0      0.484     -1.085     -0.249      1.222      0.140
   602        211  pi+                 84   561   575     0     0     0     0      2.974     -5.927     -2.713      7.166      0.140
   603       -211  pi-                 84   561   575     0     0     0     0      1.661     -2.800     -1.128      3.449      0.140
   604        111  (pi0)              -84   561   575   851   852     0     0      7.642    -13.815     -6.629     17.123      0.135
   605        211  pi+                 84   561   575     0     0     0     0     44.216    -83.395    -35.555    100.866      0.140
   606       -211  pi-                 91   446     0     0     0     0     0      0.482     -0.543   -222.163    222.165      0.140
   607        111  (pi0)              -91   446     0   853   854     0     0      0.085      0.230   -202.218    202.218      0.135
   608       -211  pi-                 91   460     0     0     0     0     0     -1.843     -0.692     15.269     15.396      0.140
   609        111  (pi0)              -91   460     0   855   856     0     0     -4.216     -1.824     51.708     51.911      0.135
   610       -321  K-                  91   463     0     0     0     0     0     -2.843     -1.167     33.462     33.606      0.494
   611        111  (pi0)              -91   463     0   857   858     0     0     -0.892     -0.065     12.172     12.205      0.135
   612        211  pi+                 91   465     0     0     0     0     0      0.110     -0.853     15.183     15.208      0.140
   613       -211  pi-                 91   465     0     0     0     0     0     -0.578     -0.318      7.590      7.620      0.140
   614        211  pi+                 91   466     0     0     0     0     0      0.018     -0.053     10.918     10.919      0.140
   615        111  (pi0)              -91   466     0   859   860     0     0     -1.533     -0.488     14.228     14.319      0.135
   616        211  pi+                 91   468     0     0     0     0     0     -1.139     -0.551     16.026     16.076      0.140
   617        111  (pi0)              -91   468     0   861   862     0     0     -0.045      0.147      3.964      3.969      0.135
   618       -211  pi-                 91   471     0     0     0     0     0     -0.472     -1.721     36.125     36.169      0.140
   619        111  (pi0)              -91   471     0   863   864     0     0     -0.075     -0.038     17.370     17.371      0.135
   620        211  pi+                 91   486     0     0     0     0     0      0.457     -0.222     66.213     66.215      0.140
   621        111  (pi0)              -91   486     0   865   866     0     0      0.400      0.073     27.950     27.953      0.135
   622       -211  pi-                 91   489     0     0     0     0     0      0.740      0.620     72.791     72.798      0.140
   623        111  (pi0)              -91   489     0   867   868     0     0     -0.033      0.236     35.825     35.826      0.135
   624        310  (K_S0)             -91   494   494   869   870     0     0     -0.414      0.598    225.984    225.985      0.498
   625        130  K_L0                91   495   495     0     0     0     0      0.738     -0.129    401.033    401.034      0.498
   626        130  K_L0                91   510   510     0     0     0     0      0.035     -0.126   -113.551    113.552      0.498
   627        310  (K_S0)             -91   511   511   871   872     0     0      0.100     -0.543   -400.720    400.721      0.498
   628       -211  pi-                 91   514     0     0     0     0     0      0.135      0.162    -15.735     15.737      0.140
   629        111  (pi0)              -91   514     0   873   874     0     0      0.259     -0.184   -203.374    203.374      0.135
   630       -211  pi-                 91   519     0     0     0     0     0      0.686     -0.445    -15.053     15.076      0.140
   631        111  (pi0)              -91   519     0   875   876     0     0      0.545      0.552    -10.131     10.161      0.135
   632       -211  pi-                 91   521     0     0     0     0     0     -0.236      0.063     -0.425      0.510      0.140
   633        111  (pi0)              -91   521     0   877   878     0     0     -0.039      0.255     -3.043      3.057      0.135
   634        211  pi+                 91   524     0     0     0     0     0     -0.263     -0.184     -0.787      0.861      0.140
   635       -211  pi-                 91   524     0     0     0     0     0     -0.835      1.299     -3.517      3.844      0.140
   636        321  K+                  91   525     0     0     0     0     0     -0.920      1.640     -4.115      4.551      0.494
   637       -211  pi-                 91   525     0     0     0     0     0     -0.674      1.355     -2.186      2.662      0.140
   638       2112  n0                  91   545     0     0     0     0     0      0.798     -1.641     -1.603      2.604      0.940
   639        111  (pi0)              -91   545     0   879   880     0     0      0.565     -0.731     -1.187      1.510      0.135
   640      -2112  nbar0               91   547     0     0     0     0     0      0.898      0.001      0.580      1.423      0.940
   641        211  pi+                 91   547     0     0     0     0     0      0.185      0.173      0.354      0.457      0.140
   642       2212  p+                  91   548     0     0     0     0     0      0.025      0.295      0.724      1.221      0.938
   643       -211  pi-                 91   548     0     0     0     0     0     -0.173      0.185      0.506      0.583      0.140
   644        211  pi+                 91   559     0     0     0     0     0      0.025     -0.082      0.526      0.551      0.140
   645        111  (pi0)              -91   559     0   881   882     0     0     -1.557      0.133      7.939      8.092      0.135
   646       -211  pi-                 91   578     0     0     0     0     0     -0.277     -0.128    245.499    245.500      0.140
   647        111  (pi0)              -91   578     0   883   884     0     0      0.202      0.169    296.832    296.832      0.135
   648        211  pi+                 91   579     0     0     0     0     0      0.252      0.256    618.648    618.649      0.140
   649       -211  pi-                 91   579     0     0     0     0     0      0.519     -0.526    851.883    851.883      0.140
   650       -211  pi-                 91   584     0     0     0     0     0      0.320     -0.150      9.493      9.500      0.140
   651        111  (pi0)              -91   584     0   885   886     0     0     -0.280     -0.354      3.208      3.242      0.135
   652       -211  pi-                 91   588     0     0     0     0     0      0.293     -0.241      0.338      0.527      0.140
   653        111  (pi0)              -91   588     0   887   888     0     0     -0.547     -0.149      1.823      1.914      0.135
   654       -211  pi-                 91   591     0     0     0     0     0      0.314     -0.711      0.352      0.865      0.140
   655        111  (pi0)              -91   591     0   889   890     0     0      0.430      0.233      0.127      0.522      0.135
   656      -2212  pbar-               91   594     0     0     0     0     0      1.527     -4.532     -1.545      5.112      0.938
   657       -211  pi-                 91   594     0     0     0     0     0      0.451     -0.808     -0.355      1.001      0.140
   658        310  (K_S0)             -91   596   596   891   892     0     0      1.574     -4.306     -2.394      5.196      0.498
   659        211  pi+                 91   600     0     0     0     0     0      3.942     -8.845     -5.564     11.169      0.140
   660        111  (pi0)              -91   600     0   893   894     0     0      0.491     -1.381     -0.634      1.603      0.135
   661          1  (d)                -91   431     0   665   665   190     0    -27.161    -13.524     -8.153     31.420      0.330
   662         -1  (dbar)             -91   431     0   663   664     0   190    -66.359    -55.272    -29.963     91.413      0.330
   663         -1  (dbar)             -51   662     0   669   670     0   192    -63.996    -52.132    -29.251     87.572      0.330
   664         21  (g)                -51   662     0   668   668   192   190     -4.337     -4.120     -1.303      6.122      0.000
   665          1  (d)                -52   661   661   666   667   190     0    -25.187    -12.544     -7.562     29.138      0.330
   666          1  (d)                -51   665     0   672   673   193     0    -19.749     -9.580     -5.121     22.542      0.330
   667         21  (g)                -51   665     0   674   674   190   193     -6.676     -4.139     -2.812      8.343      0.000
   668         21  (g)                -52   664   664   671   671   192   190     -3.100     -2.945     -0.932      4.376      0.000
   669         -1  (dbar)             -51   663     0  1044  1044     0   194    -38.592    -30.772    -16.928     52.182      0.330
   670         21  (g)                -51   663     0  1043  1043   194   192    -26.249    -22.162    -12.577     36.583      0.000
   671         21  (g)                -52   668   668  1042  1042   192   190     -2.254     -2.142     -0.678      3.183      0.000
   672          1  (d)                -51   666     0  1039  1039   195     0    -18.977     -9.948     -5.584     22.145      0.330
   673         21  (g)                -51   666     0  1040  1040   193   195     -3.435     -1.284     -0.660      3.726      0.000
   674         21  (g)                -52   667   667  1041  1041   190   193     -4.012     -2.487     -1.690      5.014      0.000
   675          1  (d)                -91   432     0   956   962   197     0   -137.136   -120.693    -49.177    189.186      0.330
   676         -1  (dbar)             -91   432     0   956   962     0   197     -5.646     -2.803     -3.435      7.186      0.330
   677          1  (d)                -91   433     0   992   998   198     0    -23.410    -21.068    -10.748     33.280      0.330
   678         -1  (dbar)             -91   433     0   992   998     0   198    -14.205     -2.503     -1.993     14.565      0.330
   679          1  (d)                -91   434     0   681   682   200     0     -2.715     -8.481     -3.315      9.508      0.330
   680         -1  (dbar)             -91   434     0   683   683     0   200    -37.656    -34.761     -4.167     51.417      0.330
   681          1  (d)                -51   679     0   963   968   202     0     -3.668     -8.717     -3.567     10.113      0.330
   682         21  (g)                -51   679     0   963   968   200   202      0.066     -0.583      0.153      0.606      0.000
   683         -1  (dbar)             -52   680   680   963   968     0   200    -36.768    -33.942     -4.069     50.206      0.330
   684          1  (d)                -91   435     0   686   687   203     0     -7.320     -6.510     -4.717     10.878      0.330
   685         -1  (dbar)             -91   435     0   688   688     0   203      2.113     -1.012    -10.769     11.026      0.330
   686          1  (d)                -51   684     0   691   691   204     0     -5.833     -4.949     -5.754      9.578      0.330
   687         21  (g)                -51   684     0   689   690   203   204     -1.329     -1.635      0.235      2.120      0.000
   688         -1  (dbar)             -52   685   685   694   694     0   203      1.955     -0.937     -9.967     10.206      0.330
   689         21  (g)                -51   687     0   692   693   203   206     -1.360     -1.040      0.302      1.739      0.000
   690         21  (g)                -51   687     0   981   981   206   204     -1.241     -1.672     -1.330      2.471      0.000
   691          1  (d)                -52   686   686   980   980   204     0     -4.561     -3.872     -4.492      7.489      0.330
   692         21  (g)                -51   689     0   982   982   207   206     -0.766     -0.214     -0.433      0.906      0.000
   693         21  (g)                -51   689     0   983   983   203   207     -0.541     -0.851      0.465      1.110      0.000
   694         -1  (dbar)             -52   688   688   984   984     0   203      1.901     -0.912     -9.696      9.928      0.330
   695          1  (d)                -91   436     0   697   698   208     0      4.783     10.157     -1.645     11.351      0.330
   696         -1  (dbar)             -91   436     0   699   699     0   208     -2.951      9.897    -12.625     16.314      0.330
   697          1  (d)                -51   695     0   999   999   211     0      4.872      9.170     -1.524     10.500      0.330
   698         21  (g)                -51   695     0   700   701   208   211     -0.262      1.565     -0.860      1.805      0.000
   699         -1  (dbar)             -52   696   696   702   702     0   208     -2.777      9.318    -11.886     15.360      0.330
   700         21  (g)                -51   698     0  1000  1000   212   211     -0.186      0.042     -0.378      0.423      0.000
   701         21  (g)                -51   698     0  1001  1001   208   212     -0.897      4.264     -3.999      5.915      0.000
   702         -1  (dbar)             -52   699   699  1002  1002     0   208     -1.957      6.577     -8.369     10.827      0.330
   703          1  (d)                -91   437     0   705   706   213     0      1.530      6.075    -15.555     16.773      0.330
   704         -1  (dbar)             -91   437     0   707   707     0   213      1.421      4.991      1.320      5.365      0.330
   705          1  (d)                -51   703     0   716   716   215     0      0.342      5.582    -13.252     14.388      0.330
   706         21  (g)                -51   703     0   708   709   213   215      1.265      0.764     -2.230      2.675      0.000
   707         -1  (dbar)             -52   704   704   710   710     0   213      1.344      4.720      1.247      5.075      0.330
   708         21  (g)                -51   706     0   714   715   216   215      1.596      0.163     -0.912      1.845      0.000
   709         21  (g)                -51   706     0   711   712   213   216     -0.039      1.636     -1.039      1.938      0.000
   710         -1  (dbar)             -52   707   707   713   713     0   213      1.052      3.685      0.967      3.967      0.330
   711         21  (g)                -51   709     0   932   932   217   216     -0.497      0.646     -0.179      0.834      0.000
   712         21  (g)                -51   709     0   933   933   213   217      0.807      2.184     -0.522      2.386      0.000
   713         -1  (dbar)             -52   710   710   934   934     0   213      0.703      2.491      0.629      2.684      0.330
   714          2  (u)                -51   708     0   931   931   216     0      0.470     -0.233     -1.044      1.214      0.330
   715         -2  (ubar)             -51   708     0   927   927     0   215      1.149      0.787     -0.795      1.637      0.330
   716          1  (d)                -52   705   705   926   926   215     0      0.319      5.191    -12.326     13.382      0.330
   717          1  (d)                -91   438     0   719   720   218     0     -0.159      6.681     -3.234      7.432      0.330
   718         -1  (dbar)             -91   438     0   721   721     0   218      6.367     -3.038      1.109      7.148      0.330
   719          1  (d)                -51   717     0   722   723   219     0      0.033      5.894     -3.887      7.069      0.330
   720         21  (g)                -51   717     0   724   724   218   219      0.360      0.522      0.750      0.982      0.000
   721         -1  (dbar)             -52   718   718   972   972     0   218      5.815     -2.773      1.012      6.530      0.330
   722          1  (d)                -51   719     0   969   969   220     0     -0.130      5.440     -2.876      6.164      0.330
   723         21  (g)                -51   719     0   970   970   219   220      0.221      0.538     -0.890      1.064      0.000
   724         21  (g)                -52   720   720   971   971   218   219      0.302      0.438      0.628      0.823      0.000
   725          1  (d)                -91   439     0   727   728   221     0      6.983     18.994    -22.268     30.091      0.330
   726         -1  (dbar)             -91   439     0   729   729     0   221     38.925     44.937    -64.520     87.735      0.330
   727          1  (d)                -51   725     0   735   735   222     0      8.657     19.517    -25.009     32.885      0.330
   728         21  (g)                -51   725     0   730   731   221   222      0.978      2.538     -1.654      3.183      0.000
   729         -1  (dbar)             -52   726   726   732   732     0   221     36.272     41.876    -60.125     81.758      0.330
   730         21  (g)                -51   728     0   733   734   224   222      0.546      1.529     -0.700      1.768      0.000
   731         21  (g)                -51   728     0  1030  1030   221   224      5.112      6.411     -8.712     11.964      0.000
   732         -1  (dbar)             -52   729   729  1031  1031     0   221     31.592     36.474    -52.367     71.210      0.330
   733         21  (g)                -51   730     0   736   737   224   225      1.853      3.934     -4.038      5.934      0.000
   734         21  (g)                -51   730     0   738   738   225   222     -0.140      0.224     -0.035      0.267      0.000
   735          1  (d)                -52   727   727  1027  1027   222     0      7.490     16.888    -21.636     28.452      0.330
   736         21  (g)                -51   733     0  1029  1029   224   226      0.660      1.552     -2.310      2.861      0.000
   737         21  (g)                -51   733     0   921     0   226   225      1.080      2.563     -1.756      3.289      0.000
   738         21  (g)                -52   734   734   921     0   225   222     -0.027      0.043     -0.007      0.051      0.000
   739          1  (d)                -91   440     0   743   743   227     0      0.906     11.009    -10.042     14.932      0.330
   740         -1  (dbar)             -91   440     0   741   742     0   227     28.836     43.993    -59.562     79.465      0.330
   741         -1  (dbar)             -51   740     0   746   746     0   228     21.924     34.313    -50.232     64.664      0.330
   742         21  (g)                -51   740     0   744   745   228   227      7.192     13.253    -12.579     19.637      0.000
   743          1  (d)                -52   739   739   747   748   227     0      0.626      7.435     -6.793     10.096      0.330
   744         21  (g)                -51   742     0   749   749   229   227     14.573     21.186    -27.257     37.472      0.000
   745         21  (g)                -51   742     0   752   752   228   229      1.572      6.074     -5.844      8.574      0.000
   746         -1  (dbar)             -52   741   741   750   751     0   228     12.971     20.306    -29.710     38.254      0.330
   747          1  (d)                -51   743     0  1008  1008   230     0      2.597     11.503    -12.343     17.074      0.330
   748         21  (g)                -51   743     0   758   758   227   230      1.969      1.662     -1.820      3.155      0.000
   749         21  (g)                -52   744   744   756   757   229   227     10.632     15.458    -19.887     27.340      0.000
   750         -1  (dbar)             -51   746     0  1015  1015     0   231      1.398      3.490     -4.549      5.911      0.330
   751         21  (g)                -51   746     0   755   755   231   228     11.866     17.945    -26.248     33.937      0.000
   752         21  (g)                -52   745   745   753   754   228   229      1.280      4.945     -4.757      6.980      0.000
   753         21  (g)                -51   752     0  1012  1012   232   229      0.558      3.343     -3.145      4.624      0.000
   754         21  (g)                -51   752     0  1013  1013   228   232      3.057      5.134     -6.779      9.036      0.000
   755         21  (g)                -52   751   751  1014  1014   231   228      9.530     14.412    -21.081     27.257      0.000
   756         21  (g)                -51   749     0  1011  1011   229   235      8.144     12.418    -15.944     21.788      0.000
   757         21  (g)                -51   749     0  1010  1010   235   227      2.898      3.385     -4.321      6.208      0.000
   758         21  (g)                -52   748   748  1009  1009   227   230      1.560      1.316     -1.442      2.499      0.000
   759          1  (d)                -91   441     0   922   923   236     0     25.480     43.017    -45.093     67.329      0.330
   760         -1  (dbar)             -91   441     0   922   923     0   236     41.326     67.159    -74.816    108.700      0.330
   761          1  (d)                -91   442     0   763   764   237     0     69.279    101.662   -127.696    177.316      0.330
   762         -1  (dbar)             -91   442     0   765   765     0   237      9.512     16.888    -27.474     33.625      0.330
   763          1  (d)                -51   761     0   768   768   239     0     56.114     79.531   -102.055    141.030      0.330
   764         21  (g)                -51   761     0   766   767   237   239     14.239     24.042    -28.755     40.095      0.000
   765         -1  (dbar)             -52   762   762   771   771     0   237      8.438     14.977    -24.359     29.816      0.330
   766         21  (g)                -51   764     0   769   770   237   241     16.009     25.297    -29.923     42.328      0.000
   767         21  (g)                -51   764     0   940   940   241   239      6.921     11.054    -14.632     19.601      0.000
   768          1  (d)                -52   763   763   939   939   239     0     47.423     67.221    -86.255    119.195      0.330
   769         21  (g)                -51   766     0   774   774   242   241      7.283     10.752    -12.227     17.837      0.000
   770         21  (g)                -51   766     0   772   773   237   242      9.296     15.561    -19.351     26.514      0.000
   771         -1  (dbar)             -52   765   765   777   777     0   237      7.867     13.963    -22.705     27.793      0.330
   772         21  (g)                -51   770     0   775   776   237   244     10.613     16.368    -19.901     27.868      0.000
   773         21  (g)                -51   770     0   942   942   244   242      2.306      4.541     -5.532      7.519      0.000
   774         21  (g)                -52   769   769   941   941   242   241      3.660      5.403     -6.145      8.964      0.000
   775         21  (g)                -51   772     0   943   943   245   244      9.360     15.103    -17.975     25.275      0.000
   776         21  (g)                -51   772     0   944   944   237   245      2.009      2.609     -4.119      5.273      0.000
   777         -1  (dbar)             -52   771   771   945   945     0   237      7.112     12.619    -20.512     25.113      0.330
   778          1  (d)                -91   443     0   924   925   246     0     15.635     23.148    -28.534     39.932      0.330
   779         -1  (dbar)             -91   443     0   924   925     0   246     24.254     37.158    -49.646     66.587      0.330
   780         22  gamma               91   447     0     0     0     0     0      0.161     -0.164   -254.364    254.364      0.000
   781         22  gamma               91   447     0     0     0     0     0      0.237     -0.398   -717.940    717.940      0.000
   782         22  gamma               91   459     0     0     0     0     0     -1.192     -0.433     16.389     16.438      0.000
   783         22  gamma               91   459     0     0     0     0     0     -0.966     -0.681     10.661     10.727      0.000
   784        130  K_L0                91   462     0     0     0     0     0     -1.572     -0.998     17.679     17.784      0.498
   785        310  (K_S0)             -91   462     0   895   896     0     0     -1.993     -1.041     22.161     22.280      0.498
   786         22  gamma               91   464     0     0     0     0     0     -0.839     -0.304      5.484      5.556      0.000
   787         22  gamma               91   464     0     0     0     0     0     -0.415     -0.058      2.385      2.422      0.000
   788        211  pi+                 91   469     0     0     0     0     0     -0.268     -0.186      3.171      3.191      0.140
   789       -211  pi-                 91   469     0     0     0     0     0     -0.496     -0.323     10.285     10.303      0.140
   790        111  (pi0)              -91   469     0   897   898     0     0     -0.044     -0.383      7.695      7.706      0.135
   791         22  gamma               91   470     0     0     0     0     0      0.107     -0.280      7.448      7.454      0.000
   792         22  gamma               91   470     0     0     0     0     0      0.197     -0.174      6.231      6.236      0.000
   793         22  gamma               91   480     0     0     0     0     0     -0.032     -0.167      6.401      6.404      0.000
   794         22  gamma               91   480     0     0     0     0     0     -0.044     -0.510     12.392     12.403      0.000
   795        211  pi+                 91   481     0     0     0     0     0     -0.126     -1.184     30.033     30.057      0.140
   796       -211  pi-                 91   481     0     0     0     0     0      0.411     -4.195    107.534    107.616      0.140
   797        111  (pi0)              -91   481     0   899   900     0     0      0.020     -0.413     11.974     11.982      0.135
   798      -2112  nbar0               91   484     0     0     0     0     0      0.087     -0.368     43.789     43.800      0.940
   799        111  (pi0)              -91   484     0   901   902     0     0     -0.090     -0.116      6.962      6.965      0.135
   800         22  gamma               91   485     0     0     0     0     0      0.707      0.734     63.910     63.919      0.000
   801         22  gamma               91   485     0     0     0     0     0      0.406      0.319     28.606     28.610      0.000
   802         22  gamma               91   493     0     0     0     0     0      0.015      0.020     29.639     29.639      0.000
   803         22  gamma               91   493     0     0     0     0     0      0.054      0.018      4.730      4.730      0.000
   804        211  pi+                 91   512     0     0     0     0     0      0.210     -0.049    -21.100     21.101      0.140
   805       -211  pi-                 91   512     0     0     0     0     0      0.854     -0.252   -136.154    136.157      0.140
   806        111  (pi0)              -91   512     0   903   904     0     0      0.098     -0.246    -53.764     53.764      0.135
   807         22  gamma               91   513     0     0     0     0     0     -0.009     -0.122     -8.435      8.435      0.000
   808         22  gamma               91   513     0     0     0     0     0      0.022      0.032     -1.779      1.779      0.000
   809         22  gamma               91   517     0     0     0     0     0     -0.171     -0.319    -33.532     33.534      0.000
   810         22  gamma               91   517     0     0     0     0     0     -0.099     -0.053    -14.503     14.504      0.000
   811         22  gamma               91   523     0     0     0     0     0      0.217      0.838     -2.592      2.733      0.000
   812         22  gamma               91   523     0     0     0     0     0      0.007      0.001     -0.003      0.007      0.000
   813        211  pi+                 91   542     0     0     0     0     0      0.094     -0.602     -0.733      0.964      0.140
   814       -211  pi-                 91   542     0     0     0     0     0      0.134     -0.498     -1.055      1.182      0.140
   815         22  gamma               91   542     0     0     0     0     0      0.241     -0.782     -0.949      1.253      0.000
   816         22  gamma               91   543     0     0     0     0     0      0.136     -0.052     -0.087      0.170      0.000
   817         22  gamma               91   543     0     0     0     0     0      0.290     -0.128      0.016      0.318      0.000
   818        211  pi+                 91   544     0     0     0     0     0      0.274     -0.481     -0.877      1.047      0.140
   819       -211  pi-                 91   544     0     0     0     0     0      0.660     -1.087     -0.970      1.605      0.140
   820        111  (pi0)              -91   544     0   905   906     0     0      0.681     -1.463     -1.590      2.269      0.135
   821         22  gamma               91   549     0     0     0     0     0      0.103      0.017     -0.033      0.110      0.000
   822         22  gamma               91   549     0     0     0     0     0      0.136      0.219     -0.072      0.268      0.000
   823         22  gamma               91   551     0     0     0     0     0     -0.482      0.282      2.554      2.614      0.000
   824         22  gamma               91   551     0     0     0     0     0     -0.024     -0.015      0.166      0.168      0.000
   825         22  gamma               91   552     0     0     0     0     0      0.014     -0.131      0.264      0.295      0.000
   826         22  gamma               91   552     0     0     0     0     0      0.098     -0.147      0.771      0.791      0.000
   827         22  gamma               91   556     0     0     0     0     0      0.215      0.127      0.646      0.693      0.000
   828         22  gamma               91   556     0     0     0     0     0     -0.014     -0.009      0.083      0.085      0.000
   829         22  gamma               91   558     0     0     0     0     0     -0.605     -0.016      3.600      3.650      0.000
   830         22  gamma               91   558     0     0     0     0     0     -1.038      0.143      6.523      6.607      0.000
   831         22  gamma               91   560     0     0     0     0     0     -0.647     -0.467      2.880      2.989      0.000
   832         22  gamma               91   560     0     0     0     0     0     -0.846     -0.793      4.440      4.589      0.000
   833       2112  n0                  91   580     0     0     0     0     0     -0.408     -0.210    587.561    587.562      0.940
   834        211  pi+                 91   580     0     0     0     0     0     -0.026     -0.197     71.616     71.616      0.140
   835      -2212  pbar-               91   581     0     0     0     0     0      0.580     -0.697    138.871    138.877      0.938
   836        111  (pi0)              -91   581     0   907   908     0     0      0.402     -0.135     53.673     53.674      0.135
   837        211  pi+                 91   583     0     0     0     0     0      0.401     -0.159      6.310      6.326      0.140
   838       -211  pi-                 91   583     0     0     0     0     0      0.111     -0.086      7.794      7.797      0.140
   839        111  (pi0)              -91   583     0   909   910     0     0      0.022     -0.119      1.134      1.148      0.135
   840        211  pi+                 91   585     0     0     0     0     0      0.158      0.327      3.455      3.477      0.140
   841       -211  pi-                 91   585     0     0     0     0     0      0.070      0.001      0.226      0.275      0.140
   842        111  (pi0)              -91   585     0   911   912     0     0      0.173      0.031      1.424      1.441      0.135
   843         22  gamma               91   586     0     0     0     0     0      0.069     -0.084      0.188      0.218      0.000
   844         22  gamma               91   586     0     0     0     0     0     -0.037     -0.003      0.209      0.212      0.000
   845         22  gamma               91   589     0     0     0     0     0     -0.287      0.235      0.502      0.624      0.000
   846         22  gamma               91   589     0     0     0     0     0     -0.521      0.442      1.269      1.442      0.000
   847         22  gamma               91   598     0     0     0     0     0      0.635     -2.049     -0.501      2.203      0.000
   848         22  gamma               91   598     0     0     0     0     0     -0.044     -0.077     -0.129      0.157      0.000
   849         22  gamma               91   599     0     0     0     0     0      0.258     -1.275     -0.907      1.586      0.000
   850         22  gamma               91   599     0     0     0     0     0      0.066     -0.119     -0.110      0.175      0.000
   851         22  gamma               91   604     0     0     0     0     0      6.412    -11.674     -5.623     14.458      0.000
   852         22  gamma               91   604     0     0     0     0     0      1.230     -2.140     -1.006      2.665      0.000
   853         22  gamma               91   607     0     0     0     0     0      0.079      0.181   -107.796    107.797      0.000
   854         22  gamma               91   607     0     0     0     0     0      0.005      0.049    -94.421     94.421      0.000
   855         22  gamma               91   609     0     0     0     0     0     -1.189     -0.453     14.559     14.615      0.000
   856         22  gamma               91   609     0     0     0     0     0     -3.026     -1.371     37.149     37.297      0.000
   857         22  gamma               91   611     0     0     0     0     0     -0.726     -0.081      9.237      9.266      0.000
   858         22  gamma               91   611     0     0     0     0     0     -0.167      0.016      2.935      2.940      0.000
   859         22  gamma               91   615     0     0     0     0     0     -0.447     -0.203      4.119      4.149      0.000
   860         22  gamma               91   615     0     0     0     0     0     -1.085     -0.286     10.108     10.170      0.000
   861         22  gamma               91   617     0     0     0     0     0      0.048      0.038      1.308      1.309      0.000
   862         22  gamma               91   617     0     0     0     0     0     -0.093      0.109      2.656      2.660      0.000
   863         22  gamma               91   619     0     0     0     0     0     -0.001      0.043      7.246      7.246      0.000
   864         22  gamma               91   619     0     0     0     0     0     -0.073     -0.082     10.124     10.125      0.000
   865         22  gamma               91   621     0     0     0     0     0      0.004     -0.003      0.026      0.027      0.000
   866         22  gamma               91   621     0     0     0     0     0      0.396      0.076     27.923     27.926      0.000
   867         22  gamma               91   623     0     0     0     0     0     -0.061      0.062     16.969     16.969      0.000
   868         22  gamma               91   623     0     0     0     0     0      0.028      0.174     18.856     18.857      0.000
   869        111  (pi0)              -91   624     0   913   914     0     0      0.059      0.198     62.581     62.581      0.135
   870        111  (pi0)              -91   624     0   915   916     0     0     -0.473      0.400    163.403    163.404      0.135
   871        211  pi+                 91   627     0     0     0     0     0     -0.003     -0.073   -200.605    200.605      0.140
   872       -211  pi-                 91   627     0     0     0     0     0      0.103     -0.470   -200.115    200.116      0.140
   873         22  gamma               91   629     0     0     0     0     0      0.050     -0.107    -86.160     86.160      0.000
   874         22  gamma               91   629     0     0     0     0     0      0.209     -0.076   -117.214    117.214      0.000
   875         22  gamma               91   631     0     0     0     0     0      0.527      0.489     -9.010      9.038      0.000
   876         22  gamma               91   631     0     0     0     0     0      0.018      0.063     -1.121      1.123      0.000
   877         22  gamma               91   633     0     0     0     0     0     -0.051      0.150     -2.404      2.409      0.000
   878         22  gamma               91   633     0     0     0     0     0      0.012      0.105     -0.640      0.648      0.000
   879         22  gamma               91   639     0     0     0     0     0      0.356     -0.559     -0.857      1.083      0.000
   880         22  gamma               91   639     0     0     0     0     0      0.209     -0.172     -0.330      0.427      0.000
   881         22  gamma               91   645     0     0     0     0     0     -0.411      0.052      1.821      1.867      0.000
   882         22  gamma               91   645     0     0     0     0     0     -1.146      0.081      6.118      6.225      0.000
   883         22  gamma               91   647     0     0     0     0     0      0.078      0.102     80.992     80.992      0.000
   884         22  gamma               91   647     0     0     0     0     0      0.124      0.067    215.840    215.840      0.000
   885         22  gamma               91   651     0     0     0     0     0     -0.103     -0.227      1.921      1.937      0.000
   886         22  gamma               91   651     0     0     0     0     0     -0.177     -0.127      1.287      1.305      0.000
   887         22  gamma               91   653     0     0     0     0     0     -0.395     -0.129      1.496      1.552      0.000
   888         22  gamma               91   653     0     0     0     0     0     -0.152     -0.019      0.327      0.361      0.000
   889         22  gamma               91   655     0     0     0     0     0      0.251      0.169      0.138      0.332      0.000
   890         22  gamma               91   655     0     0     0     0     0      0.179      0.064     -0.011      0.190      0.000
   891        211  pi+                 91   658     0     0     0     0     0      0.703     -1.578     -0.726      1.879      0.140
   892       -211  pi-                 91   658     0     0     0     0     0      0.871     -2.728     -1.668      3.317      0.140
   893         22  gamma               91   660     0     0     0     0     0      0.028     -0.036     -0.041      0.061      0.000
   894         22  gamma               91   660     0     0     0     0     0      0.462     -1.346     -0.593      1.542      0.000
   895        111  (pi0)              -91   785     0   917   918     0     0     -0.818     -0.350      7.009      7.067      0.135
   896        111  (pi0)              -91   785     0   919   920     0     0     -1.175     -0.690     15.151     15.213      0.135
   897         22  gamma               91   790     0     0     0     0     0     -0.028     -0.019      1.329      1.330      0.000
   898         22  gamma               91   790     0     0     0     0     0     -0.016     -0.364      6.366      6.376      0.000
   899         22  gamma               91   797     0     0     0     0     0      0.046     -0.312      7.397      7.404      0.000
   900         22  gamma               91   797     0     0     0     0     0     -0.026     -0.102      4.577      4.578      0.000
   901         22  gamma               91   799     0     0     0     0     0      0.011     -0.096      3.180      3.181      0.000
   902         22  gamma               91   799     0     0     0     0     0     -0.101     -0.020      3.783      3.784      0.000
   903         22  gamma               91   806     0     0     0     0     0      0.129     -0.228    -48.223     48.224      0.000
   904         22  gamma               91   806     0     0     0     0     0     -0.030     -0.017     -5.540      5.540      0.000
   905         22  gamma               91   820     0     0     0     0     0      0.215     -0.355     -0.355      0.546      0.000
   906         22  gamma               91   820     0     0     0     0     0      0.466     -1.108     -1.235      1.723      0.000
   907         22  gamma               91   836     0     0     0     0     0      0.198     -0.061     18.129     18.131      0.000
   908         22  gamma               91   836     0     0     0     0     0      0.204     -0.075     35.543     35.544      0.000
   909         22  gamma               91   839     0     0     0     0     0     -0.046     -0.061      0.298      0.308      0.000
   910         22  gamma               91   839     0     0     0     0     0      0.068     -0.058      0.836      0.841      0.000
   911         22  gamma               91   842     0     0     0     0     0      0.049      0.061      0.303      0.313      0.000
   912         22  gamma               91   842     0     0     0     0     0      0.124     -0.030      1.120      1.128      0.000
   913         22  gamma               91   869     0     0     0     0     0      0.019     -0.005     17.505     17.505      0.000
   914         22  gamma               91   869     0     0     0     0     0      0.040      0.203     45.076     45.076      0.000
   915         22  gamma               91   870     0     0     0     0     0     -0.189      0.246     84.195     84.195      0.000
   916         22  gamma               91   870     0     0     0     0     0     -0.284      0.154     79.208     79.209      0.000
   917         22  gamma               91   895     0     0     0     0     0     -0.194     -0.083      2.151      2.162      0.000
   918         22  gamma               91   895     0     0     0     0     0     -0.625     -0.268      4.858      4.905      0.000
   919         22  gamma               91   896     0     0     0     0     0     -0.168     -0.078      2.578      2.584      0.000
   920         22  gamma               91   896     0     0     0     0     0     -1.007     -0.613     12.574     12.629      0.000
   921         21  (g)                -73   737   738  1028  1028   226   222      1.053      2.606     -1.763      3.340      0.387
   922       2112  n0                  83   759   760     0     0     0     0     25.448     42.452    -45.069     66.947      0.940
   923      -2112  nbar0               84   759   760     0     0     0     0     41.359     67.723    -74.840    109.082      0.940
   924        113  (rho0)             -83   778   779  1053  1054     0     0     18.696     27.739    -34.490     48.050      0.531
   925        111  (pi0)              -84   778   779  1107  1108     0     0     21.192     32.568    -43.691     58.469      0.135
   926          1  (d)                -71   716   716   928   930   215     0      0.319      5.191    -12.326     13.382      0.330
   927         -2  (ubar)             -71   715   715   928   930     0   215      1.149      0.787     -0.795      1.637      0.330
   928        311  (K0)               -83   926   927  1055  1055     0     0      0.280      3.849     -9.624     10.381      0.498
   929       -323  (K*-)              -83   926   927  1056  1057     0     0      0.610      0.945     -1.400      2.017      0.918
   930        113  (rho0)             -84   926   927  1058  1059     0     0      0.578      1.184     -2.096      2.621      0.860
   931          2  (u)                -71   714   714   935   938   216     0      0.470     -0.233     -1.044      1.214      0.330
   932         21  (g)                -71   711   711   935   938   217   216     -0.497      0.646     -0.179      0.834      0.000
   933         21  (g)                -71   712   712   935   938   213   217      0.807      2.184     -0.522      2.386      0.000
   934         -1  (dbar)             -71   713   713   935   938     0   213      0.703      2.491      0.629      2.684      0.330
   935        211  pi+                 83   931   934     0     0     0     0      0.576     -0.236     -1.011      1.195      0.140
   936       -211  pi-                 84   931   934     0     0     0     0      0.283      1.596     -0.202      1.639      0.140
   937        113  (rho0)             -84   931   934  1060  1061     0     0      0.581      2.057     -0.145      2.237      0.642
   938        213  (rho+)             -84   931   934  1062  1063     0     0      0.044      1.670      0.243      2.047      1.158
   939          1  (d)                -71   768   768   946   955   239     0     47.423     67.221    -86.255    119.195      0.330
   940         21  (g)                -71   767   767   946   955   241   239      6.921     11.054    -14.632     19.601      0.000
   941         21  (g)                -71   774   774   946   955   242   241      3.660      5.403     -6.145      8.964      0.000
   942         21  (g)                -71   773   773   946   955   244   242      2.306      4.541     -5.532      7.519      0.000
   943         21  (g)                -71   775   775   946   955   245   244      9.360     15.103    -17.975     25.275      0.000
   944         21  (g)                -71   776   776   946   955   237   245      2.009      2.609     -4.119      5.273      0.000
   945         -1  (dbar)             -71   777   777   946   955     0   237      7.112     12.619    -20.512     25.113      0.330
   946       -211  pi-                 83   939   945     0     0     0     0      1.805      2.722     -3.254      4.613      0.140
   947        323  (K*+)              -83   939   945  1064  1065     0     0     24.209     34.431    -44.907     61.556      0.967
   948       -321  K-                  83   939   945     0     0     0     0     31.360     45.429    -57.161     79.466      0.494
   949        211  pi+                 84   939   945     0     0     0     0      4.680      8.317    -10.432     14.139      0.140
   950        221  (eta)              -84   939   945  1109  1110     0     0      3.578      4.890     -6.887      9.189      0.548
   951        311  (K0)               -84   939   945  1066  1066     0     0      1.777      3.303     -4.291      5.721      0.498
   952       -313  (K*bar0)           -84   939   945  1067  1068     0     0      3.960      6.454     -8.942     11.751      0.891
   953       -211  pi-                 84   939   945     0     0     0     0      1.463      3.191     -4.073      5.379      0.140
   954        111  (pi0)              -84   939   945  1111  1112     0     0      2.162      2.291     -4.149      5.211      0.135
   955        211  pi+                 84   939   945     0     0     0     0      3.798      7.521    -11.073     13.915      0.140
   956        221  (eta)              -83   675   676  1113  1114     0     0    -84.045    -74.028    -30.329    116.033      0.548
   957        111  (pi0)              -83   675   676  1115  1116     0     0    -28.145    -24.726     -9.888     38.746      0.135
   958        221  (eta)              -83   675   676  1117  1118     0     0     -8.565     -7.186     -2.709     11.517      0.548
   959        111  (pi0)              -83   675   676  1119  1120     0     0    -10.381     -9.293     -4.806     14.739      0.135
   960        313  (K*0)              -83   675   676  1069  1070     0     0     -4.872     -3.282     -1.576      6.174      1.056
   961       -321  K-                  84   675   676     0     0     0     0     -2.497     -1.909     -1.695      3.605      0.494
   962        213  (rho+)             -84   675   676  1071  1072     0     0     -4.277     -3.072     -1.609      5.558      0.757
   963       -211  pi-                 83   681   683     0     0     0     0     -1.849     -5.394     -2.223      6.122      0.140
   964       3222  (Sigma+)           -84   681   683  1121  1122     0     0     -3.985     -4.745     -0.921      6.376      1.189
   965      -3222  (Sigmabar-)        -84   681   683  1123  1124     0     0     -1.851     -2.477     -0.673      3.380      1.189
   966        113  (rho0)             -84   681   683  1073  1074     0     0     -5.257     -5.073     -0.511      7.390      0.988
   967        323  (K*+)              -84   681   683  1075  1076     0     0    -14.445    -13.426     -1.834     19.835      1.065
   968       -311  (Kbar0)            -84   681   683  1077  1077     0     0    -12.984    -12.127     -1.321     17.822      0.498
   969          1  (d)                -71   722   722   973   979   220     0     -0.130      5.440     -2.876      6.164      0.330
   970         21  (g)                -71   723   723   973   979   219   220      0.221      0.538     -0.890      1.064      0.000
   971         21  (g)                -71   724   724   973   979   218   219      0.302      0.438      0.628      0.823      0.000
   972         -1  (dbar)             -71   721   721   973   979     0   218      5.815     -2.773      1.012      6.530      0.330
   973        111  (pi0)              -83   969   972  1125  1126     0     0     -0.178      2.301     -1.727      2.885      0.135
   974        111  (pi0)              -83   969   972  1127  1128     0     0      0.201      1.442     -1.176      1.877      0.135
   975       -211  pi-                 83   969   972     0     0     0     0     -0.040      1.693     -0.046      1.700      0.140
   976        111  (pi0)              -83   969   972  1129  1130     0     0      0.063      0.408     -0.367      0.568      0.135
   977        113  (rho0)             -84   969   972  1078  1079     0     0      0.797      0.013      0.216      1.234      0.917
   978       2212  p+                  84   969   972     0     0     0     0      3.718     -1.905      0.348      4.295      0.938
   979      -2112  nbar0               84   969   972     0     0     0     0      1.647     -0.309      0.627      2.021      0.940
   980          1  (d)                -71   691   691   985   991   204     0     -4.561     -3.872     -4.492      7.489      0.330
   981         21  (g)                -71   690   690   985   991   206   204     -1.241     -1.672     -1.330      2.471      0.000
   982         21  (g)                -71   692   692   985   991   207   206     -0.766     -0.214     -0.433      0.906      0.000
   983         21  (g)                -71   693   693   985   991   203   207     -0.541     -0.851      0.465      1.110      0.000
   984         -1  (dbar)             -71   694   694   985   991     0   203      1.901     -0.912     -9.696      9.928      0.330
   985       2112  n0                  83   980   984     0     0     0     0     -4.147     -3.895     -4.622      7.390      0.940
   986      -2112  nbar0               83   980   984     0     0     0     0     -1.760     -1.042     -0.458      2.297      0.940
   987        311  (K0)               -83   980   984  1080  1080     0     0     -0.764     -1.384     -1.360      2.143      0.498
   988       -311  (Kbar0)            -83   980   984  1081  1081     0     0     -0.350     -0.285     -0.307      0.739      0.498
   989       -213  (rho-)             -84   980   984  1082  1083     0     0      0.638      0.235     -1.415      1.781      0.842
   990        111  (pi0)              -84   980   984  1131  1132     0     0      0.879     -1.058     -4.484      4.692      0.135
   991        211  pi+                 84   980   984     0     0     0     0      0.296     -0.093     -2.841      2.861      0.140
   992       -211  pi-                 83   677   678     0     0     0     0     -2.564     -2.590     -1.254      3.856      0.140
   993        321  K+                  83   677   678     0     0     0     0     -5.579     -4.887     -2.441      7.824      0.494
   994        333  (phi)              -83   677   678  1133  1134     0     0    -14.723    -12.550     -6.564     20.455      1.018
   995       -311  (Kbar0)            -83   677   678  1084  1084     0     0     -2.308     -0.275     -0.249      2.390      0.498
   996       -211  pi-                 83   677   678     0     0     0     0     -0.739     -0.677     -0.302      1.056      0.140
   997        211  pi+                 83   677   678     0     0     0     0     -0.845     -0.556     -0.457      1.118      0.140
   998        111  (pi0)              -84   677   678  1135  1136     0     0    -10.857     -2.037     -1.474     11.145      0.135
   999          1  (d)                -71   697   697  1003  1007   211     0      4.872      9.170     -1.524     10.500      0.330
  1000         21  (g)                -71   700   700  1003  1007   212   211     -0.186      0.042     -0.378      0.423      0.000
  1001         21  (g)                -71   701   701  1003  1007   208   212     -0.897      4.264     -3.999      5.915      0.000
  1002         -1  (dbar)             -71   702   702  1003  1007     0   208     -1.957      6.577     -8.369     10.827      0.330
  1003       -211  pi-                 83   999  1002     0     0     0     0      1.599      1.625     -0.508      2.340      0.140
  1004       2212  p+                  83   999  1002     0     0     0     0      2.922      6.824     -0.968      7.544      0.938
  1005      -2212  pbar-               83   999  1002     0     0     0     0     -0.409      2.271     -1.991      3.189      0.938
  1006        321  K+                  83   999  1002     0     0     0     0      0.050      1.935     -1.705      2.626      0.494
  1007       -311  (Kbar0)            -84   999  1002  1085  1085     0     0     -2.329      7.400     -9.098     11.967      0.498
  1008          1  (d)                -71   747   747  1016  1026   230     0      2.597     11.503    -12.343     17.074      0.330
  1009         21  (g)                -71   758   758  1016  1026   227   230      1.560      1.316     -1.442      2.499      0.000
  1010         21  (g)                -71   757   757  1016  1026   235   227      2.898      3.385     -4.321      6.208      0.000
  1011         21  (g)                -71   756   756  1016  1026   229   235      8.144     12.418    -15.944     21.788      0.000
  1012         21  (g)                -71   753   753  1016  1026   232   229      0.558      3.343     -3.145      4.624      0.000
  1013         21  (g)                -71   754   754  1016  1026   228   232      3.057      5.134     -6.779      9.036      0.000
  1014         21  (g)                -71   755   755  1016  1026   231   228      9.530     14.412    -21.081     27.257      0.000
  1015         -1  (dbar)             -71   750   750  1016  1026     0   231      1.398      3.490     -4.549      5.911      0.330
  1016       -213  (rho-)             -83  1008  1015  1086  1087     0     0      2.040      6.219     -6.426      9.206      0.787
  1017        221  (eta)              -83  1008  1015  1137  1139     0     0      0.173      2.981     -3.711      4.794      0.548
  1018        211  pi+                 83  1008  1015     0     0     0     0      1.075      2.298     -2.008      3.239      0.140
  1019       -211  pi-                 83  1008  1015     0     0     0     0      1.699      1.381     -2.088      3.029      0.140
  1020       2224  (Delta++)          -84  1008  1015  1088  1089     0     0      6.995     11.632    -13.939     19.492      1.180
  1021        111  (pi0)              -84  1008  1015  1140  1141     0     0      0.406      0.481     -0.735      0.977      0.135
  1022      -2224  (Deltabar--)       -84  1008  1015  1090  1091     0     0      4.680      7.763    -10.429     13.871      1.209
  1023       3222  (Sigma+)           -84  1008  1015  1142  1143     0     0      5.734     10.072    -12.985     17.446      1.189
  1024      -3212  (Sigmabar0)        -84  1008  1015  1144  1145     0     0      2.838      4.698     -7.089      9.044      1.193
  1025       -211  pi-                 84  1008  1015     0     0     0     0      1.170      2.211     -3.261      4.112      0.140
  1026        211  pi+                 84  1008  1015     0     0     0     0      2.932      5.264     -6.933      9.186      0.140
  1027          1  (d)                -71   735   735  1032  1038   222     0      7.490     16.888    -21.636     28.452      0.330
  1028         21  (g)                -71   921   921  1032  1038   226   222      1.053      2.606     -1.763      3.340      0.387
  1029         21  (g)                -71   736   736  1032  1038   224   226      0.660      1.552     -2.310      2.861      0.000
  1030         21  (g)                -71   731   731  1032  1038   221   224      5.112      6.411     -8.712     11.964      0.000
  1031         -1  (dbar)             -71   732   732  1032  1038     0   221     31.592     36.474    -52.367     71.210      0.330
  1032        221  (eta)              -83  1027  1031  1146  1148     0     0      2.538      5.679     -6.992      9.375      0.548
  1033       -213  (rho-)             -83  1027  1031  1092  1093     0     0      3.980      8.716    -11.277     14.821      0.832
  1034        111  (pi0)              -83  1027  1031  1149  1150     0     0      1.102      4.473     -4.306      6.308      0.135
  1035        211  pi+                 84  1027  1031     0     0     0     0      2.423      2.736     -3.757      5.243      0.140
  1036       -211  pi-                 84  1027  1031     0     0     0     0      9.703     11.343    -16.899     22.548      0.140
  1037        323  (K*+)              -84  1027  1031  1094  1095     0     0     12.492     15.283    -21.237     29.007      0.874
  1038       -311  (Kbar0)            -84  1027  1031  1096  1096     0     0     13.669     15.701    -22.320     30.525      0.498
  1039          1  (d)                -71   672   672  1045  1052   195     0    -18.977     -9.948     -5.584     22.145      0.330
  1040         21  (g)                -71   673   673  1045  1052   193   195     -3.435     -1.284     -0.660      3.726      0.000
  1041         21  (g)                -71   674   674  1045  1052   190   193     -4.012     -2.487     -1.690      5.014      0.000
  1042         21  (g)                -71   671   671  1045  1052   192   190     -2.254     -2.142     -0.678      3.183      0.000
  1043         21  (g)                -71   670   670  1045  1052   194   192    -26.249    -22.162    -12.577     36.583      0.000
  1044         -1  (dbar)             -71   669   669  1045  1052     0   194    -38.592    -30.772    -16.928     52.182      0.330
  1045        111  (pi0)              -83  1039  1044  1151  1152     0     0     -4.415     -2.340     -1.485      5.215      0.135
  1046       1114  (Delta-)           -83  1039  1044  1097  1098     0     0    -17.009     -9.706     -4.950     20.281      1.827
  1047      -1114  (Deltabar+)        -83  1039  1044  1099  1100     0     0     -9.696     -5.901     -3.725     12.067      1.703
  1048       -211  pi-                 84  1039  1044     0     0     0     0     -1.404     -1.221     -0.522      1.937      0.140
  1049        321  K+                  84  1039  1044     0     0     0     0     -8.757     -7.359     -4.194     12.193      0.494
  1050       -311  (Kbar0)            -84  1039  1044  1101  1101     0     0    -12.004     -8.939     -4.931     15.766      0.498
  1051        311  (K0)               -84  1039  1044  1102  1102     0     0    -16.318    -13.619     -7.237     22.459      0.498
  1052       -311  (Kbar0)            -84  1039  1044  1103  1103     0     0    -23.917    -19.711    -11.071     32.914      0.498
  1053        211  pi+                 91   924     0     0     0     0     0      2.465      3.859     -4.768      6.612      0.140
  1054       -211  pi-                 91   924     0     0     0     0     0     16.232     23.880    -29.722     41.438      0.140
  1055        130  K_L0                91   928   928     0     0     0     0      0.280      3.849     -9.624     10.381      0.498
  1056       -311  (Kbar0)            -91   929     0  1104  1104     0     0      0.483      0.260     -0.677      1.003      0.498
  1057       -211  pi-                 91   929     0     0     0     0     0      0.127      0.685     -0.723      1.014      0.140
  1058        211  pi+                 91   930     0     0     0     0     0      0.773      0.986     -1.731      2.141      0.140
  1059       -211  pi-                 91   930     0     0     0     0     0     -0.195      0.197     -0.365      0.479      0.140
  1060        211  pi+                 91   937     0     0     0     0     0      0.324      0.486      0.131      0.615      0.140
  1061       -211  pi-                 91   937     0     0     0     0     0      0.256      1.572     -0.276      1.622      0.140
  1062        211  pi+                 91   938     0     0     0     0     0      0.494      1.400      0.168      1.500      0.140
  1063        111  (pi0)              -91   938     0  1153  1154     0     0     -0.450      0.271      0.075      0.547      0.135
  1064        321  K+                  91   947     0     0     0     0     0     20.967     29.619    -38.390     52.830      0.494
  1065        111  (pi0)              -91   947     0  1155  1156     0     0      3.242      4.812     -6.517      8.726      0.135
  1066        130  K_L0                91   951   951     0     0     0     0      1.777      3.303     -4.291      5.721      0.498
  1067       -311  (Kbar0)            -91   952     0  1105  1105     0     0      1.309      2.103     -3.052      3.962      0.498
  1068        111  (pi0)              -91   952     0  1157  1158     0     0      2.651      4.351     -5.890      7.789      0.135
  1069        321  K+                  91   960     0     0     0     0     0     -3.509     -2.757     -1.021      4.605      0.494
  1070       -211  pi-                 91   960     0     0     0     0     0     -1.363     -0.525     -0.555      1.569      0.140
  1071        211  pi+                 91   962     0     0     0     0     0     -3.680     -2.846     -1.278      4.827      0.140
  1072        111  (pi0)              -91   962     0  1159  1160     0     0     -0.597     -0.226     -0.331      0.731      0.135
  1073        211  pi+                 91   966     0     0     0     0     0     -0.159     -0.134     -0.125      0.280      0.140
  1074       -211  pi-                 91   966     0     0     0     0     0     -5.097     -4.939     -0.386      7.110      0.140
  1075        321  K+                  91   967     0     0     0     0     0     -9.582     -8.596     -1.528     12.972      0.494
  1076        111  (pi0)              -91   967     0  1161  1162     0     0     -4.864     -4.830     -0.305      6.862      0.135
  1077        130  K_L0                91   968   968     0     0     0     0    -12.984    -12.127     -1.321     17.822      0.498
  1078        211  pi+                 91   977     0     0     0     0     0      0.676     -0.275      0.401      0.844      0.140
  1079       -211  pi-                 91   977     0     0     0     0     0      0.122      0.288     -0.186      0.390      0.140
  1080        310  (K_S0)             -91   987   987  1163  1164     0     0     -0.764     -1.384     -1.360      2.143      0.498
  1081        310  (K_S0)             -91   988   988  1165  1166     0     0     -0.350     -0.285     -0.307      0.739      0.498
  1082       -211  pi-                 91   989     0     0     0     0     0      0.451     -0.034     -0.197      0.513      0.140
  1083        111  (pi0)              -91   989     0  1167  1168     0     0      0.187      0.269     -1.218      1.268      0.135
  1084        130  K_L0                91   995   995     0     0     0     0     -2.308     -0.275     -0.249      2.390      0.498
  1085        310  (K_S0)             -91  1007  1007  1169  1170     0     0     -2.329      7.400     -9.098     11.967      0.498
  1086       -211  pi-                 91  1016     0     0     0     0     0      0.307      1.127     -0.809      1.428      0.140
  1087        111  (pi0)              -91  1016     0  1171  1172     0     0      1.733      5.092     -5.617      7.778      0.135
  1088       2212  p+                  91  1020     0     0     0     0     0      5.709      9.519    -11.651     16.119      0.938
  1089        211  pi+                 91  1020     0     0     0     0     0      1.286      2.112     -2.288      3.372      0.140
  1090      -2212  pbar-               91  1022     0     0     0     0     0      4.357      6.919     -9.419     12.508      0.938
  1091       -211  pi-                 91  1022     0     0     0     0     0      0.323      0.844     -1.010      1.363      0.140
  1092       -211  pi-                 91  1033     0     0     0     0     0      3.465      7.122     -9.615     12.458      0.140
  1093        111  (pi0)              -91  1033     0  1173  1174     0     0      0.515      1.594     -1.662      2.363      0.135
  1094        311  (K0)               -91  1037     0  1106  1106     0     0      5.924      6.928     -9.935     13.492      0.498
  1095        211  pi+                 91  1037     0     0     0     0     0      6.568      8.355    -11.303     15.515      0.140
  1096        130  K_L0                91  1038  1038     0     0     0     0     13.669     15.701    -22.320     30.525      0.498
  1097       2112  n0                  91  1046     0     0     0     0     0    -13.685     -8.440     -4.191     16.642      0.940
  1098       -211  pi-                 91  1046     0     0     0     0     0     -3.323     -1.265     -0.759      3.639      0.140
  1099      -2112  nbar0               91  1047     0     0     0     0     0     -8.616     -5.454     -3.704     10.889      0.940
  1100        211  pi+                 91  1047     0     0     0     0     0     -1.081     -0.447     -0.021      1.178      0.140
  1101        130  K_L0                91  1050  1050     0     0     0     0    -12.004     -8.939     -4.931     15.766      0.498
  1102        130  K_L0                91  1051  1051     0     0     0     0    -16.318    -13.619     -7.237     22.459      0.498
  1103        310  (K_S0)             -91  1052  1052  1175  1176     0     0    -23.917    -19.711    -11.071     32.914      0.498
  1104        310  (K_S0)             -91  1056  1056  1177  1178     0     0      0.483      0.260     -0.677      1.003      0.498
  1105        310  (K_S0)             -91  1067  1067  1179  1180     0     0      1.309      2.103     -3.052      3.962      0.498
  1106        310  (K_S0)             -91  1094  1094  1181  1182     0     0      5.924      6.928     -9.935     13.492      0.498
  1107         22  gamma               91   925     0     0     0     0     0     16.768     25.669    -34.469     46.132      0.000
  1108         22  gamma               91   925     0     0     0     0     0      4.423      6.898     -9.222     12.337      0.000
  1109         22  gamma               91   950     0     0     0     0     0      3.481      4.617     -6.421      8.641      0.000
  1110         22  gamma               91   950     0     0     0     0     0      0.097      0.273     -0.465      0.548      0.000
  1111         22  gamma               91   954     0     0     0     0     0      1.837      1.874     -3.463      4.345      0.000
  1112         22  gamma               91   954     0     0     0     0     0      0.324      0.417     -0.686      0.866      0.000
  1113         22  gamma               91   956     0     0     0     0     0    -49.454    -43.790    -18.102     68.491      0.000
  1114         22  gamma               91   956     0     0     0     0     0    -34.591    -30.237    -12.227     47.543      0.000
  1115         22  gamma               91   957     0     0     0     0     0    -13.301    -11.757     -4.644     18.349      0.000
  1116         22  gamma               91   957     0     0     0     0     0    -14.844    -12.969     -5.244     20.397      0.000
  1117         22  gamma               91   958     0     0     0     0     0     -4.563     -3.695     -1.683      6.108      0.000
  1118         22  gamma               91   958     0     0     0     0     0     -4.002     -3.491     -1.025      5.409      0.000
  1119         22  gamma               91   959     0     0     0     0     0     -1.400     -1.227     -0.686      1.984      0.000
  1120         22  gamma               91   959     0     0     0     0     0     -8.981     -8.066     -4.120     12.755      0.000
  1121       2112  n0                  91   964     0     0     0     0     0     -2.669     -3.338     -0.713      4.433      0.940
  1122        211  pi+                 91   964     0     0     0     0     0     -1.316     -1.407     -0.207      1.943      0.140
  1123      -2212  pbar-               91   965     0     0     0     0     0     -1.698     -2.258     -0.753      3.071      0.938
  1124        111  (pi0)              -91   965     0  1183  1184     0     0     -0.152     -0.219      0.080      0.309      0.135
  1125         22  gamma               91   973     0     0     0     0     0     -0.156      2.252     -1.676      2.812      0.000
  1126         22  gamma               91   973     0     0     0     0     0     -0.022      0.049     -0.051      0.074      0.000
  1127         22  gamma               91   974     0     0     0     0     0      0.106      0.496     -0.342      0.612      0.000
  1128         22  gamma               91   974     0     0     0     0     0      0.095      0.946     -0.834      1.265      0.000
  1129         22  gamma               91   976     0     0     0     0     0      0.073      0.185     -0.240      0.311      0.000
  1130         22  gamma               91   976     0     0     0     0     0     -0.010      0.223     -0.127      0.257      0.000
  1131         22  gamma               91   990     0     0     0     0     0      0.389     -0.365     -1.730      1.811      0.000
  1132         22  gamma               91   990     0     0     0     0     0      0.490     -0.693     -2.754      2.882      0.000
  1133        321  K+                  91   994     0     0     0     0     0     -6.221     -5.320     -2.878      8.691      0.494
  1134       -321  K-                  91   994     0     0     0     0     0     -8.502     -7.230     -3.685     11.764      0.494
  1135         22  gamma               91   998     0     0     0     0     0     -5.492     -1.088     -0.709      5.643      0.000
  1136         22  gamma               91   998     0     0     0     0     0     -5.365     -0.950     -0.765      5.502      0.000
  1137        111  (pi0)              -91  1017     0  1185  1186     0     0      0.128      0.614     -0.846      1.062      0.135
  1138        111  (pi0)              -91  1017     0  1187  1188     0     0      0.093      0.676     -0.849      1.098      0.135
  1139        111  (pi0)              -91  1017     0  1189  1190     0     0     -0.049      1.690     -2.016      2.635      0.135
  1140         22  gamma               91  1021     0     0     0     0     0      0.225      0.172     -0.283      0.400      0.000
  1141         22  gamma               91  1021     0     0     0     0     0      0.181      0.310     -0.453      0.578      0.000
  1142       2112  n0                  91  1023     0     0     0     0     0      4.349      7.374     -9.756     13.013      0.940
  1143        211  pi+                 91  1023     0     0     0     0     0      1.385      2.698     -3.229      4.432      0.140
  1144      -3122  (Lambdabar0)       -91  1024     0  1191  1192     0     0      2.656      4.270     -6.540      8.324      1.116
  1145         22  gamma               91  1024     0     0     0     0     0      0.182      0.429     -0.549      0.720      0.000
  1146        211  pi+                 91  1032     0     0     0     0     0      0.568      1.053     -1.485      1.912      0.140
  1147       -211  pi-                 91  1032     0     0     0     0     0      1.703      3.896     -4.542      6.223      0.140
  1148         22  gamma               91  1032     0     0     0     0     0      0.267      0.730     -0.966      1.240      0.000
  1149         22  gamma               91  1034     0     0     0     0     0      0.704      2.722     -2.549      3.795      0.000
  1150         22  gamma               91  1034     0     0     0     0     0      0.398      1.751     -1.757      2.513      0.000
  1151         22  gamma               91  1045     0     0     0     0     0     -0.755     -0.433     -0.215      0.896      0.000
  1152         22  gamma               91  1045     0     0     0     0     0     -3.661     -1.908     -1.271      4.319      0.000
  1153         22  gamma               91  1063     0     0     0     0     0     -0.411      0.195      0.079      0.462      0.000
  1154         22  gamma               91  1063     0     0     0     0     0     -0.039      0.076     -0.005      0.085      0.000
  1155         22  gamma               91  1065     0     0     0     0     0      2.355      3.601     -4.834      6.472      0.000
  1156         22  gamma               91  1065     0     0     0     0     0      0.887      1.211     -1.682      2.254      0.000
  1157         22  gamma               91  1068     0     0     0     0     0      2.042      3.376     -4.645      6.094      0.000
  1158         22  gamma               91  1068     0     0     0     0     0      0.609      0.975     -1.246      1.695      0.000
  1159         22  gamma               91  1072     0     0     0     0     0     -0.197     -0.046     -0.170      0.264      0.000
  1160         22  gamma               91  1072     0     0     0     0     0     -0.400     -0.180     -0.160      0.467      0.000
  1161         22  gamma               91  1076     0     0     0     0     0     -3.543     -3.592     -0.197      5.049      0.000
  1162         22  gamma               91  1076     0     0     0     0     0     -1.321     -1.238     -0.108      1.813      0.000
  1163        211  pi+                 91  1080     0     0     0     0     0     -0.681     -0.913     -0.830      1.416      0.140
  1164       -211  pi-                 91  1080     0     0     0     0     0     -0.082     -0.471     -0.530      0.727      0.140
  1165        111  (pi0)              -91  1081     0  1193  1194     0     0     -0.334     -0.183     -0.379      0.554      0.135
  1166        111  (pi0)              -91  1081     0  1195  1196     0     0     -0.016     -0.102      0.072      0.184      0.135
  1167         22  gamma               91  1083     0     0     0     0     0     -0.021      0.039     -0.138      0.145      0.000
  1168         22  gamma               91  1083     0     0     0     0     0      0.208      0.230     -1.080      1.123      0.000
  1169        211  pi+                 91  1085     0     0     0     0     0     -1.118      3.282     -4.356      5.569      0.140
  1170       -211  pi-                 91  1085     0     0     0     0     0     -1.211      4.118     -4.742      6.398      0.140
  1171         22  gamma               91  1087     0     0     0     0     0      1.485      4.222     -4.705      6.493      0.000
  1172         22  gamma               91  1087     0     0     0     0     0      0.249      0.870     -0.913      1.285      0.000
  1173         22  gamma               91  1093     0     0     0     0     0      0.244      0.969     -0.990      1.407      0.000
  1174         22  gamma               91  1093     0     0     0     0     0      0.271      0.624     -0.672      0.957      0.000
  1175        211  pi+                 91  1103     0     0     0     0     0    -17.421    -14.513     -7.970     24.034      0.140
  1176       -211  pi-                 91  1103     0     0     0     0     0     -6.495     -5.198     -3.102      8.880      0.140
  1177        111  (pi0)              -91  1104     0  1197  1198     0     0      0.259      0.344     -0.514      0.684      0.135
  1178        111  (pi0)              -91  1104     0  1199  1200     0     0      0.224     -0.084     -0.162      0.319      0.135
  1179        211  pi+                 91  1105     0     0     0     0     0      0.916      1.583     -2.474      3.080      0.140
  1180       -211  pi-                 91  1105     0     0     0     0     0      0.392      0.521     -0.578      0.882      0.140
  1181        211  pi+                 91  1106     0     0     0     0     0      1.630      1.680     -2.437      3.382      0.140
  1182       -211  pi-                 91  1106     0     0     0     0     0      4.294      5.249     -7.497     10.110      0.140
  1183         22  gamma               91  1124     0     0     0     0     0     -0.082     -0.202      0.027      0.219      0.000
  1184         22  gamma               91  1124     0     0     0     0     0     -0.070     -0.017      0.054      0.090      0.000
  1185         22  gamma               91  1137     0     0     0     0     0      0.085      0.284     -0.502      0.583      0.000
  1186         22  gamma               91  1137     0     0     0     0     0      0.043      0.331     -0.344      0.479      0.000
  1187         22  gamma               91  1138     0     0     0     0     0      0.048      0.056     -0.099      0.124      0.000
  1188         22  gamma               91  1138     0     0     0     0     0      0.046      0.621     -0.749      0.974      0.000
  1189         22  gamma               91  1139     0     0     0     0     0      0.032      0.926     -1.152      1.478      0.000
  1190         22  gamma               91  1139     0     0     0     0     0     -0.081      0.764     -0.864      1.157      0.000
  1191      -2212  pbar-               91  1144     0     0     0     0     0      2.117      3.304     -5.046      6.460      0.938
  1192        211  pi+                 91  1144     0     0     0     0     0      0.539      0.966     -1.494      1.864      0.140
  1193         22  gamma               91  1165     0     0     0     0     0     -0.009     -0.004      0.012      0.015      0.000
  1194         22  gamma               91  1165     0     0     0     0     0     -0.326     -0.179     -0.391      0.539      0.000
  1195         22  gamma               91  1166     0     0     0     0     0     -0.001     -0.115      0.099      0.151      0.000
  1196         22  gamma               91  1166     0     0     0     0     0     -0.015      0.013     -0.027      0.033      0.000
  1197         22  gamma               91  1177     0     0     0     0     0     -0.002      0.081     -0.096      0.126      0.000
  1198         22  gamma               91  1177     0     0     0     0     0      0.261      0.263     -0.418      0.559      0.000
  1199         22  gamma               91  1178     0     0     0     0     0      0.067     -0.029     -0.131      0.150      0.000
  1200         22  gamma               91  1178     0     0     0     0     0      0.157     -0.055     -0.031      0.169      0.000
                                   Charge sum:  2.000           Momentum sum:     -0.000     -0.000     -0.000  13600.000  13600.000

 --------  End PYTHIA Event Listing  -----------------------------------------------------------------------------------------------
#--------------------------------------------------------------------------
#                         FastJet release 3.5.1
#                 M. Cacciari, G.P. Salam and G. Soyez                  
#     A software package for jet finding and analysis at colliders      
#                           https://fastjet.fr                           
#	                                                                      
# Please cite EPJC72(2012)1896 [arXiv:1111.6097] if you use this package
# for scientific work and optionally PLB641(2006)57 [hep-ph/0512210].   
#                                                                       
# FastJet is provided without warranty under the GNU GPL v2 or higher.  
# It uses T. Chan's closest pair algorithm, S. Fortune's Voronoi code
# and 3rd party plugin jet algorithms. See COPYING file for details.
#--------------------------------------------------------------------------

 Pythia::next(): 1000 events have been generated 

 Pythia::next(): 2000 events have been generated 
 PYTHIA Warning in SimpleSpaceShower::pT2nextQCD: small daughter PDF

 Pythia::next(): 3000 events have been generated 

 Pythia::next(): 4000 events have been generated 

 Pythia::next(): 5000 events have been generated 
 PYTHIA Warning in SimpleSpaceShower::pT2nextQCD: weight above unity

 Pythia::next(): 6000 events have been generated 

 Pythia::next(): 7000 events have been generated 
 PYTHIA Error in SimpleSpaceShower::pT2nearThreshold: stuck in loop

 Pythia::next(): 8000 events have been generated 

 Pythia::next(): 9000 events have been generated 
 PYTHIA Warning in MultipartonInteractions::pTnext: weight above unity
