
 *------------------------------------------------------------------------------------* 
 |                                                                                    | 
 |  *------------------------------------------------------------------------------*  | 
 |  |                                                                              |  | 
 |  |                                                                              |  | 
 |  |   PPP   Y   Y  TTTTT  H   H  III    A      Welcome to the Lund Monte Carlo!  |  | 
 |  |   P  P   Y Y     T    H   H   I    A A     This is PYTHIA version 8.315      |  | 
 |  |   PPP     Y      T    HHHHH   I   AAAAA    Last date of change: 27 May 2025  |  | 
 |  |   P       Y      T    H   H   I   A   A                                      |  | 
 |  |   P       Y      T    H   H  III  A   A    Now is 27 Jul 2026 at 14:17:15    |  | 
 |  |                                                                              |  | 
 |  |   Program documentation and an archive of historic versions is found on:     |  | 
 |  |                                                                              |  | 
 |  |                               https://pythia.org/                            |  | 
 |  |                                                                              |  | 
 |  |   PYTHIA is authored by a collaboration consisting of:                       |  | 
 |  |                                                                              |  | 
 |  |   Javira Altmann, Christian Bierlich, Naomi Cooke, Nishita Desai,            |  | 
 |  |   Ilkka Helenius, Philip Ilten, Leif Lonnblad, Stephen Mrenna,               |  | 
 |  |   Christian Preuss, Torbjorn Sjostrand, and Peter Skands.                    |  | 
 |  |                                                                              |  | 
 |  |   The complete list of authors, including contact information and            |  | 
 |  |   affiliations, can be found on https://pythia.org/.                         |  | 
 |  |   Problems or bugs should be reported on email at authors@pythia.org.        |  | 
 |  |                                                                              |  | 
 |  |   The main program reference is C. Bierlich et al,                           |  | 
 |  |   'A comprehensive guide to the physics and usage of Pythia 8.3',            |  | 
 |  |   SciPost Phys. Codebases 8-r8.3 (2022) [arXiv:2203.11601 [hep-ph]]          |  | 
 |  |                                                                              |  | 
 |  |   PYTHIA is released under the GNU General Public Licence version 2          |  | 
 |  |   or later. Please respect the MCnet Guidelines for Generator Authors        |  | 
 |  |   and Users.                                                                 |  | 
 |  |                                                                              |  | 
 |  |   Disclaimer: this program comes without any guarantees.                     |  | 
 |  |   Beware of errors and use common sense when interpreting results.           |  | 
 |  |                                                                              |  | 
 |  |   Copyright (C) 2025 Torbjorn Sjostrand                                      |  | 
 |  |                                                                              |  | 
 |  |                                                                              |  | 
 |  *------------------------------------------------------------------------------*  | 
 |                                                                                    | 
 *------------------------------------------------------------------------------------* 


 *-------  PYTHIA Process Initialization  --------------------------*
 |                                                                  |
 | We collide p+ with p+ at a CM energy of 1.360e+04 GeV            |
 |                                                                  |
 |------------------------------------------------------------------|
 |                                                    |             |
 | Subprocess                                    Code |   Estimated |
 |                                                    |    max (mb) |
 |                                                    |             |
 |------------------------------------------------------------------|
 |                                                    |             |
 | g g -> g g                                     111 |   3.660e-06 |
 | g g -> q qbar (uds)                            112 |   8.086e-08 |
 | q g -> q g                                     113 |   1.057e-05 |
 | q q(bar)' -> q q(bar)'                         114 |   3.022e-06 |
 | q qbar -> g g                                  115 |   2.453e-08 |
 | q qbar -> q' qbar' (uds)                       116 |   1.542e-08 |
 | g g -> c cbar                                  121 |   2.695e-08 |
 | q qbar -> c cbar                               122 |   5.139e-09 |
 | g g -> b bbar                                  123 |   2.695e-08 |
 | q qbar -> b bbar                               124 |   5.138e-09 |
 |                                                                  |
 *-------  End PYTHIA Process Initialization -----------------------*

 *-------  PYTHIA Multiparton Interactions Initialization  ---------* 
 |                                                                  | 
 |                   sigmaNonDiffractive =    56.87 mb              | 
 |                                                                  | 
 |    pT0 =  2.63 gives sigmaInteraction =   324.45 mb: accepted    | 
 |                                                                  | 
 *-------  End PYTHIA Multiparton Interactions Initialization  -----* 

 *-------  PYTHIA Flag + Mode + Parm + Word + FVec + MVec + PVec + WVec Settings (changes only)  ------------------* 
 |                                                                                                                 | 
 | Name                                          |                      Now |      Default         Min         Max | 
 |                                               |                          |                                      | 
 | Beams:eCM                                     |                13600.000 |    14000.000         0.0             | 
 | HardQCD:all                                   |                       on |          off                         | 
 | Init:showChangedParticleData                  |                      off |           on                         | 
 | Main:writeLog                                 |                       on |          off                         | 
 | PhaseSpace:pTHatMin                           |                400.00000 |          0.0         0.0             | 
 | Stat:showPartonLevel                          |                       on |          off                         | 
 | StringZ:useOldAExtra                          |                       on |          off                         | 
 |                                                                                                                 | 
 *-------  End PYTHIA Flag + Mode + Parm + Word + FVec + MVec + PVec + WVec Settings  -----------------------------* 

 *-------  PYTHIA Flag + Mode + Parm + Word + FVec + MVec + PVec + WVec Settings (changes only)  ------------------* 
 |                                                                                                                 | 
 | Name                                          |                      Now |      Default         Min         Max | 
 |                                               |                          |                                      | 
 | Beams:eCM                                     |                13600.000 |    14000.000         0.0             | 
 | HardQCD:all                                   |                       on |          off                         | 
 | Init:showChangedParticleData                  |                      off |           on                         | 
 | Main:writeLog                                 |                       on |          off                         | 
 | PhaseSpace:pTHatMin                           |                400.00000 |          0.0         0.0             | 
 | Stat:showPartonLevel                          |                       on |          off                         | 
 | StringZ:useOldAExtra                          |                       on |          off                         | 
 |                                                                                                                 | 
 *-------  End PYTHIA Flag + Mode + Parm + Word + FVec + MVec + PVec + WVec Settings  -----------------------------* 

 --------  PYTHIA Particle Data Table (partial)  -----------------------------------------------------------------------------------
 
      id   name            antiName         spn chg col      m0        mWidth      mMin       mMax       tau0    res dec ext vis wid
             no onMode   bRatio   meMode     products 

 4900001  Dv               Dvbar              1  -1   1  400.00000    1.00000   50.00000    0.00000  1.97327e-13   1   1   0   1   0
              0     1   1.0000000  103        1  4900101 

 4900101  qv1              qv1bar             2   0   0    5.00000    0.00000    5.00000    5.00000  0.00000e+00   0   0   0   0   0

 4900102  qv2              qv2bar             2   0   0    5.00000    0.00000    5.00000    5.00000  0.00000e+00   0   0   0   0   0

 4900103  qv3              qv3bar             2   0   0    5.00000    0.00000    5.00000    5.00000  0.00000e+00   0   0   0   0   0

 4900021  gv                                  3   0   0    0.00000    0.00000    0.00000    0.00000  0.00000e+00   0   0   0   0   0

 4900022  gammav                              3   0   0    0.00000    0.00000    0.00000    0.00000  0.00000e+00   0   1   0   0   0
              0     0   0.0500000   91        1       -1 
              1     0   0.2000000   91        2       -2 
              2     0   0.0500000   91        3       -3 
              3     0   0.2000000   91        4       -4 
              4     0   0.0500000   91        5       -5 
              5     0   0.1500000   91       11      -11 
              6     0   0.0000000   91       12      -12 
              7     0   0.1500000   91       13      -13 
              8     0   0.0000000   91       14      -14 
              9     0   0.1500000   91       15      -15 
             10     0   0.0000000   91       16      -16 

 4900023  Zv                                  3   0   0  1.000e+03  2.000e+01  1.000e+02  0.000e+00  9.86635e-15   1   1   0   1   0
              0     1   0.0750000  102        1       -1 
              1     1   0.0750000  102        2       -2 
              2     1   0.0750000  102        3       -3 
              3     1   0.0750000  102        4       -4 
              4     1   0.0750000  102        5       -5 
              5     1   0.0750000  102        6       -6 
              6     1   0.0250000  102       11      -11 
              7     1   0.0250000  102       12      -12 
              8     1   0.0250000  102       13      -13 
              9     1   0.0250000  102       14      -14 
             10     1   0.0250000  102       15      -15 
             11     1   0.0250000  102       16      -16 
             12     1   0.0500000  102  4900101 -4900101 
             13     1   0.0500000  102  4900102 -4900102 
             14     1   0.0500000  102  4900103 -4900103 
             15     1   0.0500000  102  4900104 -4900104 
             16     1   0.0500000  102  4900105 -4900105 
             17     1   0.0500000  102  4900106 -4900106 
             18     1   0.0500000  102  4900107 -4900107 
             19     1   0.0500000  102  4900108 -4900108 

 4900111  piv11                               1   0   0   10.00000    0.00000   10.00000   10.00000  0.00000e+00   0   1   0   0   0
              0     0   0.0000012   91        1       -1 
              1     0   0.0000005   91        2       -2 
              2     0   0.0004920   91        3       -3 
              3     0   0.0793840   91        4       -4 
              4     0   0.8679713   91        5       -5 
              5     0   0.0000000   91       11      -11 
              6     0   0.0000000   91       12      -12 
              7     0   0.0001840   91       13      -13 
              8     0   0.0000000   91       14      -14 
              9     0   0.0519670   91       15      -15 
             10     0   0.0000000   91       16      -16 

 4900113  rhov11                              3   0   0   10.00000    0.00000   10.00000   10.00000  0.00000e+00   0   1   0   0   0
              0     0   0.0500000   91        1       -1 
              1     0   0.2000000   91        2       -2 
              2     0   0.0500000   91        3       -3 
              3     0   0.2000000   91        4       -4 
              4     0   0.0500000   91        5       -5 
              5     0   0.1500000   91       11      -11 
              6     0   0.0000000   91       12      -12 
              7     0   0.1500000   91       13      -13 
              8     0   0.0000000   91       14      -14 
              9     0   0.1500000   91       15      -15 
             10     0   0.0000000   91       16      -16 

 4900211  piv21            piv21bar           1   0   0   10.00000    0.00000   10.00000   10.00000  0.00000e+00   0   0   0   0   0

 4900213  rhov21           rhov21bar          3   0   0   10.00000    0.00000   10.00000   10.00000  0.00000e+00   0   0   0   0   0

 --------  End PYTHIA Particle Data Table  -----------------------------------------------------------------------------------------


 --------  PYTHIA Info Listing  ---------------------------------------- 
 
 Beam A: id =   2212, pz =  6.800e+03, e =  6.800e+03, m =  9.383e-01.
 Beam B: id =   2212, pz = -6.800e+03, e =  6.800e+03, m =  9.383e-01.

 In 1: id =   21, x =  9.197e-02, pdf =  8.477e-01 at Q2 =  1.929e+05.
 In 2: id =    2, x =  4.304e-01, pdf =  1.385e-01 at same Q2.

 Subprocess q g -> q g with code 113 is 2 -> 2.
 It has sHat =  7.321e+06,    tHat = -1.983e+05,    uHat = -7.122e+06,
       pTHat =  4.392e+02,   m3Hat =  0.000e+00,   m4Hat =  3.300e-01,
    thetaHat =  3.307e-01,  phiHat =  8.294e-01.
     alphaEM =  7.959e-03,  alphaS =  1.051e-01    at Q2 =  1.929e+05.

 Impact parameter b =  2.621e-01 gives enhancement factor =  3.575e+00.
 Max pT scale for MPI =  4.392e+02, ISR =  4.392e+02, FSR =  4.392e+02.
 Number of MPI =    19, ISR =    51, FSRproc =   261, FSRreson =     0.

 --------  End PYTHIA Info Listing  ------------------------------------

 --------  PYTHIA Event Listing  (hard process)  -----------------------------------------------------------------------------------
 
    no         id  name            status     mothers   daughters     colours      p_x        p_y        p_z         e          m 
     0         90  (system)           -11     0     0     0     0     0     0      0.000      0.000      0.000  13600.000  13600.000
     1       2212  (p+)               -12     0     0     3     0     0     0      0.000      0.000   6800.000   6800.000      0.938
     2       2212  (p+)               -12     0     0     4     0     0     0      0.000      0.000  -6800.000   6800.000      0.938
     3         21  (g)                -21     1     0     5     6   102   101      0.000      0.000    625.384    625.384      0.000
     4          2  (u)                -21     2     0     5     6   101     0      0.000      0.000  -2926.460   2926.460      0.000
     5         21  g                   23     3     4     0     0   102   103    296.609    323.934    529.182    687.709      0.000
     6          2  u                   23     3     4     0     0   103     0   -296.609   -323.934  -2830.258   2864.135      0.330
                                   Charge sum:  0.667           Momentum sum:      0.000      0.000  -2301.075   3551.844   2705.669

 --------  End PYTHIA Event Listing  -----------------------------------------------------------------------------------------------

 --------  PYTHIA Event Listing  (complete event)  ---------------------------------------------------------------------------------
 
    no         id  name            status     mothers   daughters     colours      p_x        p_y        p_z         e          m 
     0         90  (system)           -11     0     0     0     0     0     0      0.000      0.000      0.000  13600.000  13600.000
     1       2212  (p+)               -12     0     0  1229     0     0     0      0.000      0.000   6800.000   6800.000      0.938
     2       2212  (p+)               -12     0     0  1230     0     0     0      0.000      0.000  -6800.000   6800.000      0.938
     3         21  (g)                -21    10     0     5     6   102   101      0.000      0.000    625.384    625.384      0.000
     4          2  (u)                -21    11    11     5     6   101     0      0.000      0.000  -2926.460   2926.460      0.000
     5         21  (g)                -23     3     4     9     9   102   103    296.609    323.934    529.182    687.709      0.000
     6          2  (u)                -23     3     4     7     8   103     0   -296.609   -323.934  -2830.258   2864.135      0.330
     7          2  (u)                -51     6     0    13    13   104     0   -301.535   -310.976  -2830.732   2863.682      0.330
     8         21  (g)                -51     6     0    14    14   103   104     15.117     -1.828     18.657     24.082      0.000
     9         21  (g)                -52     5     5    12    12   102   103    286.418    312.804    511.000    664.080      0.000
    10         21  (g)                -41    16     0    15     3   102   106     -0.000      0.000    820.544    820.544      0.000
    11          2  (u)                -42    17    17     4     4   101     0      0.000      0.000  -2926.460   2926.460      0.000
    12         21  (g)                -44     9     9    18    18   102   103    343.552    334.551    491.374    686.586      0.000
    13          2  (u)                -44     7     7    19    19   104     0   -299.933   -310.366  -2803.408   2836.439      0.330
    14         21  (g)                -44     8     8    20    20   103   104     17.195     -1.037     17.958     24.885      0.000
    15         21  (g)                -43    10     0    21    21   101   106    -60.814    -23.148    188.160    199.094      0.000
    16         21  (g)                -41    26    26    22    10   102   107      0.000     -0.000   1125.386   1125.386      0.000
    17          2  (u)                -42    27     0    11    11   101     0     -0.000     -0.000  -2926.460   2926.460      0.000
    18         21  (g)                -44    12    12    28    28   102   103    346.100    301.414    500.133    678.800      0.000
    19          2  (u)                -44    13    13    29    29   104     0   -299.861   -311.295  -2809.156   2842.214      0.330
    20         21  (g)                -44    14    14    30    30   103   104     17.288     -2.242     17.896     24.983      0.000
    21         21  (g)                -44    15    15    23    24   101   106    -59.977    -34.042    187.651    199.923      0.000
    22         21  (g)                -43    16     0    25    25   106   107     -3.549     46.165    302.402    305.926      0.000
    23         21  (g)                -51    21     0    31    31   101   108    -70.453    -19.749    211.338    223.645      0.000
    24         21  (g)                -51    21     0    33    33   108   106      9.556     -2.327     54.700     55.577      0.000
    25         21  (g)                -52    22    22    32    32   106   107     -2.629     34.199    224.016    226.627      0.000
    26         21  (g)                -42    43    43    16    16   102   107      0.000      0.000   1125.386   1125.386      0.000
    27          2  (u)                -41    44     0    34    17   109     0     -0.000     -0.000  -3418.034   3418.034      0.000
    28         21  (g)                -44    18    18    45    45   102   103    345.830    300.843    498.495    677.201      0.000
    29          2  (u)                -44    19    19    46    46   104     0   -308.400   -329.366  -2808.316   2844.334      0.330
    30         21  (g)                -44    20    20    47    47   103   104     17.277     -2.265     17.871     24.960      0.000
    31         21  (g)                -44    23    23    48    48   101   108    -70.472    -19.788    211.457    223.767      0.000
    32         21  (g)                -44    25    25    49    49   106   107     -2.633     34.190    223.860    226.471      0.000
    33         21  (g)                -44    24    24    50    50   108   106      9.555     -2.329     54.680     55.557      0.000
    34         21  (g)                -43    27     0    51    51   109   101      8.843     18.715   -490.693    491.130      0.000
    35         21  (g)                -31    84     0    37    38   111   110      0.000      0.000     20.445     20.445      0.000
    36          1  (d)                -31    85    85    37    38   110     0      0.000      0.000    -92.598     92.598      0.000
    37         21  (g)                -33    35    36    86    86   111   112      3.883     12.914     17.661     22.221      0.000
    38          1  (d)                -33    35    36    87    87   112     0     -3.883    -12.914    -89.815     90.822      0.330
    39         21  (g)                -31   120     0    41    42   114   113      0.000      0.000    157.405    157.405      0.000
    40         21  (g)                -31   121   121    41    42   113   115      0.000      0.000     -3.751      3.751      0.000
    41         21  (g)                -33    39    40   122   122   116   115     -9.401     -8.857      8.573     15.502      0.000
    42         21  (g)                -33    39    40   123   123   114   116      9.401      8.857    145.081    145.655      0.000
    43         21  (g)                -42    56     0    26    26   102   107     -0.000     -0.000   1125.386   1125.386      0.000
    44          2  (u)                -41    57    57    52    27   117     0      0.000      0.000  -4039.057   4039.057      0.000
    45         21  (g)                -44    28    28    58    58   102   103    346.132    300.987    499.276    677.995      0.000
    46          2  (u)                -44    29    29    59    59   104     0   -298.827   -324.802  -2809.292   2843.751      0.330
    47         21  (g)                -44    30    30    60    60   103   104     17.289     -2.259     17.897     24.986      0.000
    48         21  (g)                -44    31    31    53    54   101   108    -70.451    -19.778    211.306    223.617      0.000
    49         21  (g)                -44    32    32    62    62   106   107     -2.629     34.193    223.867    226.478      0.000
    50         21  (g)                -44    33    33    63    63   108   106      9.556     -2.329     54.690     55.568      0.000
    51         21  (g)                -44    34    34    55    55   109   101     10.506     19.508   -490.696    491.196      0.000
    52         21  (g)                -43    44     0    65    65   117   109    -11.577     -5.520   -620.719    620.851      0.000
    53         21  (g)                -51    48     0    61    61   118   108    -71.153    -11.093    207.457    219.600      0.000
    54         21  (g)                -51    48     0    66    66   101   118      0.800     -8.505     -0.701      8.571      0.000
    55         21  (g)                -52    51    51    64    64   109   101     10.408     19.327   -486.147    486.642      0.000
    56          2  (u)                -41   337   337    67    43   102     0      0.000     -0.000   1812.168   1812.168      0.000
    57          2  (u)                -42  1230  1230    44    44   117     0      0.000      0.000  -4039.057   4039.057      0.000
    58         21  (g)                -44    45    45    78    78   102   103    341.627    299.418    501.001    676.285      0.000
    59          2  (u)                -44    46    46   153   153   104     0   -298.959   -324.848  -2810.835   2845.294      0.330
    60         21  (g)                -44    47    47    76    77   103   104     17.125     -2.316     17.960     24.924      0.000
    61         21  (g)                -44    53    53   125   126   118   108    -72.787    -11.662    207.169    219.893      0.000
    62         21  (g)                -44    49    49   432   432   106   107     -4.352     33.592    223.902    226.449      0.000
    63         21  (g)                -44    50    50   127   127   108   106      9.134     -2.476     54.724     55.536      0.000
    64         21  (g)                -44    55    55    95    95   109   101     10.406     19.326   -486.075    486.570      0.000
    65         21  (g)                -44    52    52   545   545   117   109    -11.577     -5.520   -620.763    620.895      0.000
    66         21  (g)                -44    54    54    93    94   101   118      0.770     -8.515     -0.709      8.579      0.000
    67          2  (u)                -43    56     0   524   525   107     0      8.614      3.000    686.738    686.799      0.330
    68         21  (g)                -31    79    79    70    71   120   119      0.000      0.000      1.997      1.997      0.000
    69         21  (g)                -31    80     0    70    71   119   121      0.000      0.000   -299.363    299.363      0.000
    70         21  (g)                -33    68    69    81    81   122   121      8.778     -0.212   -289.314    289.448      0.000
    71         21  (g)                -33    68    69    82    82   120   122     -8.778      0.212     -8.051     11.913      0.000
    72         21  (g)                -31   182   182    74    75   123   124      0.000      0.000     44.761     44.761      0.000
    73         21  (g)                -31   183     0    74    75   124   125      0.000      0.000    -12.693     12.693      0.000
    74          2  (u)                -33    72    73   184   184   123     0      2.121     -8.412     42.788     43.660      0.330
    75         -2  (ubar)             -33    72    73   185   185     0   125     -2.121      8.412    -10.720     13.794      0.330
    76         21  (g)                -51    60     0   151   152   126   104     28.463      4.324     22.877     36.772      0.000
    77         21  (g)                -51    60     0   179   180   103   126     19.539     20.421     40.364     49.275      0.000
    78         21  (g)                -52    58    58   181   181   102   103    310.750    272.356    455.720    615.162      0.000
    79         21  (g)                -42   307     0    68    68   120   119     -0.000      0.000      1.997      1.997      0.000
    80         21  (g)                -41   308   308    83    69   119   127      0.000     -0.000   -449.485    449.485      0.000
    81         21  (g)                -44    70    70   264   265   122   121     14.811     -2.121   -306.874    307.238      0.000
    82         21  (g)                -44    71    71   310   310   120   122     -8.570      0.146     -8.858     12.326      0.000
    83         21  (g)                -43    80     0   266   266   121   127     -6.241      1.975   -131.756    131.919      0.000
    84         21  (g)                -41   187   187    88    35   128   110      0.000     -0.000    281.191    281.191      0.000
    85          1  (d)                -42   188     0    36    36   110     0      0.000      0.000    -92.598     92.598      0.000
    86         21  (g)                -44    37    37    96    97   111   112     10.120     15.405     15.845     24.306      0.000
    87          1  (d)                -44    38    38    98    98   112     0     -3.726    -12.851    -87.815     88.829      0.330
    88         21  (g)                -43    84     0   117   118   128   111     -6.395     -2.554    260.562    260.653      0.000
    89         21  (g)                -31   633   633    91    92   130   129      0.000      0.000      0.476      0.476      0.000
    90         21  (g)                -31   804   804    91    92   132   131      0.000      0.000    -96.350     96.350      0.000
    91         21  (g)                -33    89    90   631   632   132   129      3.155     -5.841    -57.616     57.997      0.000
    92         21  (g)                -33    89    90   737   738   130   131     -3.155      5.841    -38.257     38.829      0.000
    93         21  (g)                -51    66     0   145   146   133   118     -1.128    -12.024     -8.844     14.969      0.000
    94         21  (g)                -51    66     0   103   104   101   133      2.181      4.035     -5.100      6.860      0.000
    95         21  (g)                -52    64    64   105   105   109   101     10.123     18.800   -472.839    473.321      0.000
    96         21  (g)                -51    86     0   110   111   111   134      8.691     16.040     15.795     24.131      0.000
    97         21  (g)                -51    86     0   112   112   134   112      1.166     -1.544     -6.158      6.455      0.000
    98          1  (d)                -52    87    87   190   190   112     0     -3.462    -11.942    -81.607     82.550      0.330
    99         21  (g)                -31   135     0   101   102   135   136      0.000      0.000     16.232     16.232      0.000
   100         21  (g)                -31   136   136   101   102   137   138      0.000      0.000    -21.095     21.095      0.000
   101         21  (g)                -33    99   100   137   137   135   138      3.354      4.298    -20.266     20.987      0.000
   102         21  (g)                -33    99   100   138   138   137   136     -3.354     -4.298     15.403     16.339      0.000
   103         21  (g)                -51    94     0   176   177   139   133     -0.400      7.431    -42.359     43.008      0.000
   104         21  (g)                -51    94     0   295   296   101   139      3.506     -1.677     -5.966      7.120      0.000
   105         21  (g)                -52    95    95   297   297   109   101      9.198     17.082   -429.614    430.052      0.000
   106         21  (g)                -31   140     0   108   109   141   140      0.000      0.000      0.424      0.424      0.000
   107         21  (g)                -31   141   141   108   109   143   142      0.000      0.000   -192.238    192.238      0.000
   108         21  (g)                -33   106   107   142   142   143   140     -1.232      4.945    -16.393     17.167      0.000
   109         21  (g)                -33   106   107   143   143   141   142      1.232     -4.945   -175.421    175.495      0.000
   110         21  (g)                -51    96     0   119   119   111   144      7.067     13.635      6.310     16.603      0.000
   111         21  (g)                -51    96     0   193   193   144   134      1.848      2.109      8.305      8.765      0.000
   112         21  (g)                -52    97    97   192   192   134   112      0.942     -1.248     -4.977      5.217      0.000
   113         21  (g)                -31   320     0   115   116   145   146      0.000      0.000     22.790     22.790      0.000
   114         21  (g)                -31   294   294   115   116   147   145      0.000      0.000     -3.254      3.254      0.000
   115         21  (g)                -33   113   114   292   293   147   148      4.894      0.192     -0.944      4.988      0.000
   116         21  (g)                -33   113   114   323   323   148   146     -4.894     -0.192     20.480     21.057      0.000
   117         21  (g)                -51    88     0   191   191   128   149      0.389      1.289    151.707    151.713      0.000
   118         21  (g)                -51    88     0   171   171   149   111     -6.662     -3.607    108.964    109.227      0.000
   119         21  (g)                -52   110   110   169   170   111   144      6.944     13.400      6.201     16.316      0.000
   120          2  (u)                -41   162   162   124    39   114     0      0.000      0.000    323.514    323.514      0.000
   121         21  (g)                -42   163     0    40    40   113   115     -0.000      0.000     -3.751      3.751      0.000
   122         21  (g)                -44    41    41   134   134   116   115     -9.448     -8.494      8.979     15.558      0.000
   123         21  (g)                -44    42    42   132   133   114   116      8.827     13.234    147.738    148.592      0.000
   124          2  (u)                -43   120     0   166   166   113     0      0.621     -4.740    163.046    163.116      0.330
   125         21  (g)                -51    61     0   147   147   118   150    -18.642     -2.334     40.884     44.994      0.000
   126         21  (g)                -51    61     0   148   149   150   108    -53.809     -9.420    168.298    176.942      0.000
   127         21  (g)                -52    63    63   150   150   108   106      8.798     -2.385     52.711     53.494      0.000
   128         21  (g)                -31   209   209   130   131   151   152      0.000      0.000     11.561     11.561      0.000
   129         21  (g)                -31   210     0   130   131   153   154      0.000      0.000    -19.277     19.277      0.000
   130         21  (g)                -33   128   129   211   211   151   154      1.316      4.593     10.750     11.764      0.000
   131         21  (g)                -33   128   129   212   212   153   152     -1.316     -4.593    -18.466     19.074      0.000
   132         21  (g)                -51   123     0   165   165   114   155      5.824     12.965    145.801    146.492      0.000
   133         21  (g)                -51   123     0   167   167   155   116      2.136     -0.510      2.761      3.528      0.000
   134         21  (g)                -52   122   122   164   164   116   115     -8.581     -7.714      8.155     14.130      0.000
   135         21  (g)                -41   298     0   139    99   135   156      0.000     -0.000     20.481     20.481      0.000
   136         21  (g)                -42   299   299   100   100   137   138      0.000      0.000    -21.095     21.095      0.000
   137         21  (g)                -44   101   101   300   300   135   138      3.441      4.304    -19.172     19.948      0.000
   138         21  (g)                -44   102   102   301   301   137   136      0.484     -4.044     16.855     17.340      0.000
   139         21  (g)                -43   135     0   302   302   136   156     -3.926     -0.259      1.704      4.287      0.000
   140         21  (g)                -41   283     0   144   106   157   140      0.000      0.000      1.253      1.253      0.000
   141         21  (g)                -42   284   284   107   107   143   142      0.000     -0.000   -192.238    192.238      0.000
   142         21  (g)                -44   108   108   285   285   143   140      2.910      4.905    -18.666     19.518      0.000
   143         21  (g)                -44   109   109   286   286   141   142      1.628     -4.949   -166.559    166.641      0.000
   144         21  (g)                -43   140     0   287   287   157   141     -4.538      0.044     -5.759      7.333      0.000
   145         21  (g)                -51    93     0   178   178   133   158     -5.632    -10.420     -5.979     13.268      0.000
   146         21  (g)                -51    93     0   250   250   158   118      3.545     -1.724     -0.763      4.015      0.000
   147         21  (g)                -52   125   125   248   249   118   150    -17.684     -2.214     38.781     42.680      0.000
   148         21  (g)                -51   126     0   247   247   150   159    -50.662    -11.883    158.112    166.455      0.000
   149         21  (g)                -51   126     0   245   246   159   108     -2.402      2.262     14.649     15.016      0.000
   150         21  (g)                -52   127   127   430   431   108   106      8.053     -2.183     48.248     48.965      0.000
   151         21  (g)                -51    76     0   441   442   126   160     28.940      0.250     22.333     36.556      0.000
   152         21  (g)                -51    76     0   271   272   160   104     -1.245      3.240     -6.672      7.521      0.000
   153          2  (u)                -52    59    59   273   273   104     0   -298.192   -324.014  -2803.619   2837.989      0.330
   154         21  (g)                -31   197   197   156   157   162   161      0.000      0.000      2.704      2.704      0.000
   155          1  (d)                -31   198     0   156   157   161     0      0.000      0.000    -12.927     12.927      0.000
   156         21  (g)                -33   154   155   199   199   162   163      0.630     -4.258      0.241      4.311      0.000
   157          1  (d)                -33   154   155   200   200   163     0     -0.630      4.258    -10.464     11.319      0.330
   158         21  (g)                -31   222     0   160   161   165   164      0.000      0.000      0.054      0.054      0.000
   159         21  (g)                -31   223   223   160   161   164   166      0.000      0.000   -741.971    741.971      0.000
   160         21  (g)                -33   158   159   224   224   167   166     -1.191     -3.936   -652.303    652.316      0.000
   161         21  (g)                -33   158   159   225   225   165   167      1.191      3.936    -89.614     89.708      0.000
   162          2  (u)                -42  1365  1365   120   120   114     0      0.000      0.000    323.514    323.514      0.000
   163         21  (g)                -41   449   449   168   121   168   115     -0.000     -0.000    -60.714     60.714      0.000
   164         21  (g)                -44   134   134   447   448   116   115     -6.946     -4.976      3.091      9.086      0.000
   165         21  (g)                -44   132   132   577   578   114   155      6.013     13.281    152.894    153.588      0.000
   166          2  (u)                -44   124   124   202   203   113     0      0.641     -4.708    160.487    160.558      0.330
   167         21  (g)                -44   133   133   579   579   155   116      2.346     -0.158      3.207      3.977      0.000
   168         21  (g)                -43   163     0   204   204   168   113     -2.053     -3.439    -56.879     57.020      0.000
   169         21  (g)                -51   119     0   189   189   169   144      2.568     13.243      6.636     15.033      0.000
   170         21  (g)                -51   119     0   195   195   111   169      4.105      0.010      4.008      5.737      0.000
   171         21  (g)                -52   118   118   194   194   149   111     -6.390     -3.460    104.521    104.774      0.000
   172         21  (g)                -31   338   338   174   175   170   171      0.000      0.000     74.736     74.736      0.000
   173         21  (g)                -31   339     0   174   175   172   173      0.000      0.000     -3.391      3.391      0.000
   174         21  (g)                -33   172   173   340   340   170   173      2.954      2.582     73.531     73.636      0.000
   175         21  (g)                -33   172   173   341   341   172   171     -2.954     -2.582     -2.185      4.491      0.000
   176         21  (g)                -51   103     0   615   615   139   174      2.872      3.693    -12.605     13.445      0.000
   177         21  (g)                -51   103     0   352   352   174   133     -3.703      2.939    -30.213     30.581      0.000
   178         21  (g)                -52   145   145   350   351   133   158     -5.200     -9.621     -5.520     12.250      0.000
   179         21  (g)                -51    77     0   443   443   175   126      1.483      3.497      3.574      5.215      0.000
   180         21  (g)                -51    77     0   404   405   103   175     50.686     45.522     84.642    108.653      0.000
   181         21  (g)                -52    78    78   335   336   102   103    278.121    243.758    407.868    550.569      0.000
   182         21  (g)                -42   251   251    72    72   123   124      0.000      0.000     44.761     44.761      0.000
   183         21  (g)                -41   252     0   186    73   177   125     -0.000     -0.000    -16.399     16.399      0.000
   184          2  (u)                -44    74    74   253   253   123     0      2.140     -8.294     40.620     41.514      0.330
   185         -2  (ubar)             -44    75    75   254   254     0   125     -1.580     11.740     -9.785     15.368      0.330
   186         21  (g)                -43   183     0   255   255   177   124     -0.561     -3.446     -2.472      4.278      0.000
   187         21  (g)                -42   291   291    84    84   128   110      0.000      0.000    281.191    281.191      0.000
   188          1  (d)                -41  1336  1336   196    85   178     0     -0.000     -0.000   -101.190    101.190      0.000
   189         21  (g)                -44   169   169   371   372   169   144      2.712     13.318      6.778     15.187      0.000
   190          1  (d)                -44    98    98  1338  1338   112     0     -0.652    -10.468    -81.864     82.534      0.330
   191         21  (g)                -44   117   117   672   672   128   149      0.389      1.289    151.502    151.508      0.000
   192         21  (g)                -44   112   112   645   645   134   112      1.117     -1.156     -4.978      5.231      0.000
   193         21  (g)                -44   111   111   643   644   144   134      1.856      2.113      8.343      8.804      0.000
   194         21  (g)                -44   171   171   594   594   149   111     -6.386     -3.458    104.227    104.480      0.000
   195         21  (g)                -44   170   170   373   373   111   169      4.134      0.026      4.070      5.802      0.000
   196         21  (g)                -43   188     0   289   290   178   110     -3.170     -1.663     -8.076      8.834      0.000
   197         21  (g)                -42   227     0   154   154   162   161     -0.000     -0.000      2.704      2.704      0.000
   198         21  (g)                -41   228   228   201   155   161   179      0.000      0.000    -43.338     43.338      0.000
   199         21  (g)                -44   156   156   229   229   162   163      1.104     -3.981     -0.451      4.156      0.000
   200          1  (d)                -44   157   157   230   230   163     0      1.910      5.740    -11.585     13.073      0.330
   201         -1  (dbar)             -43   198     0   231   231     0   179     -3.014     -1.759    -28.599     28.813      0.330
   202          2  (u)                -51   166     0   376   376   180     0     -2.078     -6.459    144.815    144.974      0.330
   203         21  (g)                -51   166     0   374   375   113   180      2.711      1.739     15.462     15.794      0.000
   204         21  (g)                -52   168   168   877   878   168   113     -2.046     -3.426    -56.669     56.809      0.000
   205         21  (g)                -31   436   436   207   208   181   182      0.000      0.000    690.855    690.855      0.000
   206         21  (g)                -31   437     0   207   208   183   184      0.000      0.000     -0.057      0.057      0.000
   207         21  (g)                -33   205   206   438   438   181   184     -2.538     -2.097    639.294    639.302      0.000
   208         21  (g)                -33   205   206   439   439   183   182      2.538      2.097     51.504     51.609      0.000
   209         21  (g)                -42   244   244   128   128   151   152     -0.000      0.000     11.561     11.561      0.000
   210         21  (g)                -41   378     0   213   129   185   154      0.000     -0.000    -27.112     27.112      0.000
   211         21  (g)                -44   130   130   379   379   151   154      1.378      4.540     10.135     11.190      0.000
   212         21  (g)                -44   131   131   242   243   153   152      0.959     -6.553    -18.980     20.103      0.000
   213         21  (g)                -43   210     0   381   381   185   153     -2.337      2.013     -6.705      7.381      0.000
   214         21  (g)                -31   410     0   216   217   187   186      0.000      0.000      0.054      0.054      0.000
   215         21  (g)                -31   411   411   216   217   189   188      0.000      0.000   -610.250    610.250      0.000
   216         21  (g)                -33   214   215   412   412   189   186     -0.849     -3.092   -557.835    557.845      0.000
   217         21  (g)                -33   214   215   413   413   187   188      0.849      3.092    -52.361     52.459      0.000
   218         21  (g)                -31   233     0   220   221   190   191      0.000      0.000     42.307     42.307      0.000
   219         21  (g)                -31   234   234   220   221   191   192      0.000      0.000     -0.676      0.676      0.000
   220         21  (g)                -33   218   219   235   235   190   193     -1.951     -2.511     38.094     38.226      0.000
   221         21  (g)                -33   218   219   236   236   193   192      1.951      2.511      3.537      4.756      0.000
   222         21  (g)                -41   329     0   226   158   194   164      0.000     -0.000      0.112      0.112      0.000
   223         21  (g)                -42   330   330   159   159   164   166     -0.000      0.000   -741.971    741.971      0.000
   224         21  (g)                -44   160   160   331   331   167   166     -0.983     -4.223   -649.818    649.833      0.000
   225         21  (g)                -44   161   161   332   332   165   167      2.702      1.844    -50.772     50.878      0.000
   226         21  (g)                -43   222     0   333   333   194   165     -1.719      2.379    -41.268     41.372      0.000
   227         21  (g)                -41   257     0   232   197   195   161     -0.000      0.000      3.125      3.125      0.000
   228         21  (g)                -42   258   258   198   198   161   179     -0.000      0.000    -43.338     43.338      0.000
   229         21  (g)                -44   199   199   259   259   162   163      0.745     -3.830      0.345      3.917      0.000
   230          1  (d)                -44   200   200   260   260   163     0      1.766      5.800     -9.910     11.622      0.330
   231         -1  (dbar)             -44   201   201   261   261     0   179     -3.035     -1.750    -25.022     25.268      0.330
   232         21  (g)                -43   227     0   262   262   195   162      0.524     -0.220     -5.627      5.655      0.000
   233         21  (g)                -41   274   274   237   218   196   191      0.000      0.000     73.308     73.308      0.000
   234         21  (g)                -42   275     0   219   219   191   192     -0.000     -0.000     -0.676      0.676      0.000
   235         21  (g)                -44   220   220   276   276   190   193      0.390     -2.432     45.273     45.340      0.000
   236         21  (g)                -44   221   221   277   277   193   192      2.205      2.519      4.354      5.493      0.000
   237         21  (g)                -43   233     0   278   278   196   190     -2.595     -0.088     23.005     23.151      0.000
   238         21  (g)                -31   476   476   240   241   198   197      0.000      0.000     91.027     91.027      0.000
   239         21  (g)                -31   477     0   240   241   200   199      0.000      0.000     -3.580      3.580      0.000
   240         21  (g)                -33   238   239   478   478   200   197      2.992      0.204     -2.923      4.188      0.000
   241         21  (g)                -33   238   239   479   479   198   199     -2.992     -0.204     90.370     90.420      0.000
   242         21  (g)                -51   212     0   380   380   153   201      1.333      0.650     -5.942      6.124      0.000
   243         21  (g)                -51   212     0   382   382   201   152     -0.373     -7.203    -12.546     14.471      0.000
   244         21  (g)                -53   377   377   209   209   151   152     -0.000      0.000     12.054     12.054      0.000
   245         21  (g)                -51   149     0   640   641   202   108     -6.769     -1.501     33.169     33.886      0.000
   246         21  (g)                -51   149     0   760   760   159   202     -5.227      1.512     11.423     12.653      0.000
   247         21  (g)                -52   148   148   319   319   150   159    -41.068     -9.633    128.169    134.932      0.000
   248         21  (g)                -51   147     0   317   318   203   150    -16.668     -0.845     31.328     35.496      0.000
   249         21  (g)                -51   147     0   475   475   118   203     -0.677     -1.534      7.380      7.568      0.000
   250         21  (g)                -52   146   146   473   474   158   118      3.206     -1.559     -0.690      3.631      0.000
   251         21  (g)                -42   359     0   182   182   123   124      0.000     -0.000     44.761     44.761      0.000
   252         21  (g)                -41   360   360   256   183   177   204     -0.000      0.000    -24.639     24.639      0.000
   253          2  (u)                -44   184   184   361   361   123     0      2.069     -8.269     39.889     40.791      0.330
   254         -2  (ubar)             -44   185   185   362   362     0   125     -3.601     12.447     -9.365     15.991      0.330
   255         21  (g)                -44   186   186   363   363   177   124     -1.103     -3.256     -2.534      4.271      0.000
   256         21  (g)                -43   252     0   364   364   125   204      2.636     -0.922     -7.867      8.348      0.000
   257         21  (g)                -41   422     0   263   227   205   161      0.000      0.000      3.770      3.770      0.000
   258         21  (g)                -42   423   423   228   228   161   179      0.000      0.000    -43.338     43.338      0.000
   259         21  (g)                -44   229   229   424   424   162   163      1.331     -2.490      1.443      3.171      0.000
   260          1  (d)                -44   230   230   425   425   163     0      2.001      6.339    -11.021     12.875      0.330
   261         -1  (dbar)             -44   231   231   426   426     0   179     -3.001     -1.673    -22.216     22.482      0.330
   262         21  (g)                -44   232   232   427   427   195   162      0.528     -0.211     -5.200      5.231      0.000
   263         21  (g)                -43   257     0   428   428   205   195     -0.859     -1.965     -2.573      3.350      0.000
   264         21  (g)                -51    81     0   309   309   122   206     10.054     -0.250   -162.187    162.499      0.000
   265         21  (g)                -51    81     0   312   312   206   121      4.230     -1.705   -155.808    155.875      0.000
   266         21  (g)                -52    83    83   311   311   121   127     -5.714      1.808   -120.635    120.783      0.000
   267         21  (g)                -31   618   618   269   270   208   207      0.000      0.000     21.030     21.030      0.000
   268         21  (g)                -31   775   775   269   270   210   209      0.000      0.000     -0.799      0.799      0.000
   269         21  (g)                -33   267   268   616   617   210   207      2.703     -0.155      1.920      3.319      0.000
   270         21  (g)                -33   267   268   773   774   208   209     -2.703      0.155     18.311     18.510      0.000
   271         21  (g)                -51   152     0   316   316   160   211     -4.089      2.286     -9.406     10.507      0.000
   272         21  (g)                -51   152     0   280   281   211   104     -0.416     -2.588    -27.922     28.045      0.000
   273          2  (u)                -52   153   153   282   282   104     0   -294.931   -320.471  -2772.963   2806.958      0.330
   274         21  (g)                -42   499     0   233   233   196   191     -0.000     -0.000     73.308     73.308      0.000
   275         21  (g)                -41   500   500   279   234   212   192      0.000      0.000     -3.707      3.707      0.000
   276         21  (g)                -44   235   235   326   327   190   193      0.259     -2.436     42.920     42.990      0.000
   277         21  (g)                -44   236   236   328   328   193   192     -0.017      2.451      1.935      3.123      0.000
   278         21  (g)                -44   237   237   503   503   196   190     -2.880     -0.096     27.168     27.320      0.000
   279         21  (g)                -43   275     0   504   504   212   191      2.638      0.081     -2.422      3.582      0.000
   280         21  (g)                -51   272     0   314   315   211   213     -4.284     -6.171    -36.737     37.497      0.000
   281         21  (g)                -51   272     0   353   354   213   104     -8.038     -9.354   -103.121    103.856      0.000
   282          2  (u)                -52   273   273   355   355   104     0   -283.026   -307.534  -2661.027   2693.649      0.330
   283         21  (g)                -41   685   685   288   140   214   140     -0.000     -0.000      4.492      4.492      0.000
   284         21  (g)                -42   686     0   141   141   143   142      0.000      0.000   -192.238    192.238      0.000
   285         21  (g)                -44   142   142   687   687   143   140      2.140      4.496    -13.986     14.846      0.000
   286         21  (g)                -44   143   143   688   688   141   142      1.555     -4.988   -165.926    166.008      0.000
   287         21  (g)                -44   144   144   689   689   157   141     -5.961     -0.711    -10.550     12.139      0.000
   288         21  (g)                -43   283     0   690   690   214   157      2.266      1.203      2.717      3.737      0.000
   289         21  (g)                -51   196     0   433   434   178   215     -3.338     -3.896     -7.217      8.855      0.000
   290         21  (g)                -51   196     0   435   435   215   110      0.168      2.233      2.571      3.409      0.000
   291         21  (g)                -53  1335  1335   187   187   128   110      0.000      0.000    284.621    284.621      0.000
   292         21  (g)                -51   115     0   322   322   216   148      4.230     -1.804     -3.337      5.682      0.000
   293         21  (g)                -51   115     0   324   324   147   216      0.664      1.995     -0.451      2.151      0.000
   294         21  (g)                -53   321   321   114   114   147   145     -0.000     -0.000     -6.099      6.099      0.000
   295         21  (g)                -51   104     0   343   344   217   139      3.443      0.604    -18.195     18.528      0.000
   296         21  (g)                -51   104     0   304   305   101   217      0.357     -1.737     -1.464      2.300      0.000
   297         21  (g)                -52   105   105   306   306   109   101      8.905     16.537   -415.921    416.345      0.000
   298         21  (g)                -41   490   490   303   135   218   156      0.000     -0.000     89.051     89.051      0.000
   299         21  (g)                -42   491     0   136   136   137   138     -0.000      0.000    -21.095     21.095      0.000
   300         21  (g)                -44   137   137   409   409   135   138      3.478      4.277    -19.104     19.884      0.000
   301         21  (g)                -44   138   138   493   493   137   136      2.100     -5.210     16.711     17.630      0.000
   302         21  (g)                -44   139   139   494   494   136   156     -3.642     -0.464      1.888      4.129      0.000
   303         21  (g)                -43   298     0   407   408   218   135     -1.935      1.396     68.461     68.502      0.000
   304         21  (g)                -51   296     0   345   345   219   217      1.589     -2.989     -7.673      8.386      0.000
   305         21  (g)                -51   296     0   595   596   101   219     -0.701      2.238    -18.596     18.743      0.000
   306         21  (g)                -52   297   297   543   544   109   101      8.373     15.551   -391.117    391.515      0.000
   307         21  (g)                -41   513   513   313    79   220   119      0.000      0.000      6.427      6.427      0.000
   308         21  (g)                -42   514     0    80    80   119   127     -0.000     -0.000   -449.485    449.485      0.000
   309         21  (g)                -44   264   264   515   515   122   206     10.222     -0.178   -167.244    167.556      0.000
   310         21  (g)                -44    82    82   516   516   120   122     -6.695      0.949     -4.841      8.316      0.000
   311         21  (g)                -44   266   266   517   517   121   127     -5.634      1.842   -117.727    117.876      0.000
   312         21  (g)                -44   265   265   518   518   206   121      4.266     -1.689   -157.360    157.427      0.000
   313         21  (g)                -43   307     0   519   519   220   120     -2.159     -0.924      4.114      4.737      0.000
   314         21  (g)                -51   280     0  1080  1080   221   213     -5.198     -6.342    -32.144     33.173      0.000
   315         21  (g)                -51   280     0   870   870   211   221     -0.282      0.839     -7.345      7.398      0.000
   316         21  (g)                -52   271   271   466   466   160   211     -2.892      1.617     -6.654      7.433      0.000
   317         21  (g)                -51   248     0   675   675   203   222    -18.590     -3.271     41.392     45.493      0.000
   318         21  (g)                -51   248     0   673   674   222   150     -3.258      1.211      6.102      7.023      0.000
   319         21  (g)                -52   247   247   758   759   150   159    -35.888     -8.418    112.003    117.913      0.000
   320         21  (g)                -41   654   654   325   113   145   223     -0.000     -0.000     34.586     34.586      0.000
   321         21  (g)                -42  1136     0   294   294   147   145     -0.000     -0.000     -6.099      6.099      0.000
   322         21  (g)                -44   292   292   598   599   216   148      4.311     -1.725     -3.275      5.683      0.000
   323         21  (g)                -44   116   116   600   600   148   146     -3.452      1.193     21.168     21.480      0.000
   324         21  (g)                -44   293   293   934   935   147   216      0.723      2.052     -0.484      2.229      0.000
   325         21  (g)                -43   320     0   652   653   146   223     -1.582     -1.520     11.078     11.293      0.000
   326         21  (g)                -51   276     0   501   501   190   224      1.861     -2.423     21.705     21.919      0.000
   327         21  (g)                -51   276     0   505   505   224   193     -1.604      0.416     21.553     21.616      0.000
   328         21  (g)                -52   277   277   502   502   193   192     -0.014      2.022      1.597      2.577      0.000
   329         21  (g)                -41   415     0   334   222   194   225     -0.000      0.000      0.165      0.165      0.000
   330         21  (g)                -42   416   416   223   223   164   166      0.000      0.000   -741.971    741.971      0.000
   331         21  (g)                -44   224   224   417   417   167   166     -0.854     -4.184   -602.588    602.603      0.000
   332         21  (g)                -44   225   225   418   418   165   167      3.641      2.134    -80.863     80.973      0.000
   333         21  (g)                -44   226   226   419   419   194   165     -0.788      2.667    -35.411     35.520      0.000
   334         21  (g)                -43   329     0   420   420   164   225     -1.999     -0.617    -22.944     23.039      0.000
   335         21  (g)                -51   181     0   406   406   226   103    263.439    233.409    389.708    525.121      0.000
   336         21  (g)                -51   181     0   469   469   102   226     14.682     10.349     18.496     25.783      0.000
   337          2  (u)                -53  1229  1229    56    56   102     0      0.000     -0.000   1812.503   1812.503      0.000
   338         21  (g)                -42   536   536   172   172   170   171      0.000      0.000     74.736     74.736      0.000
   339         21  (g)                -41   537     0   342   173   227   173     -0.000     -0.000     -3.654      3.654      0.000
   340         21  (g)                -44   174   174   538   538   170   173      2.941      2.574     68.823     68.934      0.000
   341         21  (g)                -44   175   175   356   357   172   171     -3.801     -3.080     -1.848      5.230      0.000
   342         21  (g)                -43   339     0   358   358   227   172      0.860      0.506      4.107      4.226      0.000
   343         21  (g)                -51   295     0   718   718   228   139      4.961     -2.124    -17.489     18.303      0.000
   344         21  (g)                -51   295     0   716   717   217   228     -0.368      0.562     -6.264      6.300      0.000
   345         21  (g)                -52   304   304  1108  1109   219   217      0.438     -0.824     -2.114      2.311      0.000
   346         21  (g)                -31   366     0   348   349   229   230      0.000      0.000      0.398      0.398      0.000
   347         21  (g)                -31   367   367   348   349   231   229      0.000      0.000    -18.353     18.353      0.000
   348         21  (g)                -33   346   347   368   368   231   232      0.888      1.784    -15.305     15.434      0.000
   349         21  (g)                -33   346   347   369   369   232   230     -0.888     -1.784     -2.650      3.316      0.000
   350         21  (g)                -51   178     0   463   463   233   158     -4.097     -9.819     -5.739     12.088      0.000
   351         21  (g)                -51   178     0   461   462   133   233     -1.446      0.470     -2.575      2.991      0.000
   352         21  (g)                -52   177   177   613   614   174   133     -3.361      2.667    -27.419     27.752      0.000
   353         21  (g)                -51   281     0   976   977   213   234     -0.151     -0.149     -6.643      6.647      0.000
   354         21  (g)                -51   281     0   904   905   234   104    -21.460    -23.953   -224.091    226.387      0.000
   355          2  (u)                -52   282   282   906   906   104     0   -269.453   -292.786  -2533.414   2564.472      0.330
   356         21  (g)                -51   341     0   539   539   235   171     -3.275     -4.034     -0.808      5.258      0.000
   357         21  (g)                -51   341     0   541   541   172   235     -0.290      1.093      0.090      1.135      0.000
   358         21  (g)                -52   342   342   540   540   227   172      0.624      0.367      2.976      3.063      0.000
   359         21  (g)                -41   384     0   365   251   236   124      0.000      0.000     52.311     52.311      0.000
   360         21  (g)                -42   385   385   252   252   177   204      0.000     -0.000    -24.639     24.639      0.000
   361          2  (u)                -44   253   253   386   386   123     0      0.346     -8.185     40.166     40.994      0.330
   362         -2  (ubar)             -44   254   254   387   387     0   125     -3.742     12.454     -9.361     16.026      0.330
   363         21  (g)                -44   255   255   388   388   177   124     -1.140     -3.254     -2.529      4.276      0.000
   364         21  (g)                -44   256   256   389   389   125   204      2.625     -0.921     -7.761      8.244      0.000
   365         21  (g)                -43   359     0   390   390   236   123      1.911     -0.093      7.157      7.408      0.000
   366         21  (g)                -41   565   565   370   346   229   237     -0.000     -0.000     12.332     12.332      0.000
   367         21  (g)                -42   566     0   347   347   231   229      0.000      0.000    -18.353     18.353      0.000
   368         21  (g)                -44   348   348   567   567   231   232      0.955      2.082    -17.968     18.113      0.000
   369         21  (g)                -44   349   349   568   568   232   230     -0.543     -0.249      0.137      0.613      0.000
   370         21  (g)                -43   366     0   569   569   230   237     -0.412     -1.833     11.810     11.958      0.000
   371         21  (g)                -51   189     0   706   706   238   144      0.186      4.827      0.928      4.919      0.000
   372         21  (g)                -51   189     0   392   393   169   238      3.122      8.494      6.437     11.106      0.000
   373         21  (g)                -52   195   195   394   394   111   169      3.537      0.022      3.482      4.964      0.000
   374         21  (g)                -51   203     0   879   879   113   239      1.535      0.907      4.439      4.784      0.000
   375         21  (g)                -51   203     0   985   986   239   180      0.859     -0.154     33.099     33.111      0.000
   376          2  (u)                -52   202   202   987   987   180     0     -1.760     -5.474    122.739    122.874      0.330
   377         21  (g)                -42   450     0   244   244   151   152     -0.000     -0.000     12.054     12.054      0.000
   378         21  (g)                -41   451   451   383   210   240   154      0.000      0.000    -58.388     58.388      0.000
   379         21  (g)                -44   211   211   452   452   151   154      1.385      4.574     10.240     11.301      0.000
   380         21  (g)                -44   242   242   453   453   153   201      1.417      1.046     -5.934      6.190      0.000
   381         21  (g)                -44   213   213   454   454   185   153     -2.239      2.476     -6.683      7.470      0.000
   382         21  (g)                -44   243   243   455   455   201   152     -0.184     -6.315    -12.837     14.308      0.000
   383         21  (g)                -43   378     0   456   456   240   185     -0.379     -1.781    -31.120     31.173      0.000
   384         21  (g)                -41   395     0   391   359   241   124      0.000     -0.000     76.407     76.407      0.000
   385         21  (g)                -42   396   396   360   360   177   204     -0.000      0.000    -24.639     24.639      0.000
   386          2  (u)                -44   361   361   397   397   123     0      0.331     -6.780     40.378     40.946      0.330
   387         -2  (ubar)             -44   362   362   398   398     0   125     -3.744     12.569     -9.545     16.224      0.330
   388         21  (g)                -44   363   363   399   399   177   124     -1.141     -3.224     -2.465      4.215      0.000
   389         21  (g)                -44   364   364   400   400   125   204      2.625     -0.913     -7.728      8.212      0.000
   390         21  (g)                -44   365   365   401   401   236   123      1.908      0.159      7.172      7.423      0.000
   391         21  (g)                -43   384     0   402   402   241   236      0.020     -1.811     23.956     24.024      0.000
   392         21  (g)                -51   372     0   921   921   242   238      1.430      2.411      4.506      5.307      0.000
   393         21  (g)                -51   372     0  1347  1347   169   242      2.799      6.090      3.020      7.352      0.000
   394         21  (g)                -52   373   373   592   593   111   169      2.431      0.015      2.393      3.411      0.000
   395         21  (g)                -41  1044  1044   403   384   243   124      0.000     -0.000    106.067    106.067      0.000
   396         21  (g)                -42   900   900   385   385   177   204     -0.000      0.000    -24.639     24.639      0.000
   397          2  (u)                -44   386   386   943   944   123     0     -0.513     -6.366     40.472     40.974      0.330
   398         -2  (ubar)             -44   387   387   458   459     0   125     -3.813     12.603     -9.625     16.313      0.330
   399         21  (g)                -44   388   388   898   899   177   124     -1.159     -3.215     -2.454      4.207      0.000
   400         21  (g)                -44   389   389   460   460   125   204      2.620     -0.910     -7.684      8.169      0.000
   401         21  (g)                -44   390   390   589   590   236   123      1.757      0.233      7.201      7.416      0.000
   402         21  (g)                -44   391   391   591   591   241   236     -0.478     -1.566     23.998     24.054      0.000
   403         21  (g)                -43   395     0  1412  1412   243   241      1.585     -0.779     29.520     29.573      0.000
   404         21  (g)                -51   180     0   751   751   244   175     40.094     34.329     66.010     84.518      0.000
   405         21  (g)                -51   180     0   831   831   103   244     38.373     35.808     59.729     79.513      0.000
   406         21  (g)                -52   335   335   467   468   226   103    235.657    208.795    348.610    469.743      0.000
   407         21  (g)                -51   303     0   495   495   218   245     -1.506     -0.970     13.828     13.944      0.000
   408         21  (g)                -51   303     0   444   445   245   135     -0.419      2.380     54.570     54.624      0.000
   409         21  (g)                -52   300   300   446   446   135   138      3.467      4.263    -19.042     19.819      0.000
   410         21  (g)                -41  1560  1560   414   214   246   186      0.000      0.000      1.444      1.444      0.000
   411         21  (g)                -42  1561  1561   215   215   189   188     -0.000      0.000   -610.250    610.250      0.000
   412         21  (g)                -44   216   216  1562  1562   189   186     -0.882     -2.952   -503.823    503.833      0.000
   413         21  (g)                -44   217   217   788   789   187   188      0.498      4.582   -105.867    105.967      0.000
   414         21  (g)                -43   410     0   790   790   246   187      0.384     -1.630      0.885      1.894      0.000
   415         21  (g)                -41   481     0   421   329   194   247     -0.000      0.000      7.032      7.032      0.000
   416         21  (g)                -42   482   482   330   330   164   166     -0.000      0.000   -741.971    741.971      0.000
   417         21  (g)                -44   331   331   472   472   167   166     -0.927     -4.160   -596.809    596.825      0.000
   418         21  (g)                -44   332   332   470   471   165   167      3.110      2.307    -67.678     67.788      0.000
   419         21  (g)                -44   333   333   485   485   194   165     -1.314      2.839    -44.564     44.674      0.000
   420         21  (g)                -44   334   334   486   486   164   225     -2.458     -0.467    -32.652     32.748      0.000
   421         21  (g)                -43   415     0   487   487   225   247      1.589     -0.519      6.765      6.968      0.000
   422         21  (g)                -41   669   669   429   257   205   248      0.000      0.000      5.760      5.760      0.000
   423         21  (g)                -42  1203  1203   258   258   161   179      0.000     -0.000    -43.338     43.338      0.000
   424         21  (g)                -44   259   259   752   753   162   163      2.309     -2.716      0.974      3.696      0.000
   425          1  (d)                -44   260   260   754   754   163     0      2.394      6.248    -11.021     12.897      0.330
   426         -1  (dbar)             -44   261   261  1206  1206     0   179     -2.945     -1.686    -21.403     21.673      0.330
   427         21  (g)                -44   262   262  1207  1207   195   162      0.535     -0.213     -5.258      5.290      0.000
   428         21  (g)                -44   263   263   667   668   205   195     -0.694     -2.003     -2.467      3.253      0.000
   429         21  (g)                -43   422     0  1209  1209   161   248     -1.599      0.371      1.597      2.290      0.000
   430         21  (g)                -51   150     0   642   642   108   249      6.611     -2.327     33.400     34.128      0.000
   431         21  (g)                -51   150     0   930   930   249   106      1.298      1.258     22.270     22.344      0.000
   432         21  (g)                -52    62    62   526   526   106   107     -4.208     32.479    216.479    218.942      0.000
   433         21  (g)                -51   289     0  1344  1344   178   250     -3.760     -2.704     -4.262      6.294      0.000
   434         21  (g)                -51   289     0   634   635   250   215      0.439     -0.970     -2.698      2.901      0.000
   435         21  (g)                -52   290   290   636   636   215   110      0.151      2.011      2.314      3.070      0.000
   436         21  (g)                -42   621   621   205   205   181   182      0.000     -0.000    690.855    690.855      0.000
   437         21  (g)                -41  1059  1059   440   206   251   184     -0.000      0.000     -0.459      0.459      0.000
   438         21  (g)                -44   207   207  1057  1058   181   184     -2.651     -2.059    652.330    652.339      0.000
   439         21  (g)                -44   208   208   619   620   183   182      1.142      2.570     36.883     36.990      0.000
   440         21  (g)                -43   437     0   627   627   251   183      1.509     -0.511      1.182      1.984      0.000
   441         21  (g)                -51   151     0   464   465   252   160     22.400      0.736     15.544     27.275      0.000
   442         21  (g)                -51   151     0   913   914   126   252      6.675     -0.166      7.116      9.758      0.000
   443         21  (g)                -52   179   179   749   750   175   126      1.347      3.177      3.247      4.738      0.000
   444         21  (g)                -51   408     0   496   496   245   253     -1.789      2.740     51.047     51.151      0.000
   445         21  (g)                -51   408     0   497   497   253   135      1.402     -0.322      3.354      3.649      0.000
   446         21  (g)                -52   409   409   492   492   135   138      3.436      4.225    -18.872     19.642      0.000
   447          2  (u)                -51   164     0   843   843   116     0     -5.315     -5.621      2.253      8.064      0.330
   448         -2  (ubar)             -51   164     0  1374  1374     0   115     -1.631      0.645      0.073      1.786      0.330
   449         21  (g)                -53  1366  1366   163   163   168   115     -0.000     -0.000    -61.478     61.478      0.000
   450         21  (g)                -41   966   966   457   377   254   152      0.000      0.000     16.521     16.521      0.000
   451         21  (g)                -42  1490  1490   378   378   240   154     -0.000      0.000    -58.388     58.388      0.000
   452         21  (g)                -44   379   379  1162  1162   151   154      0.007      4.679     10.298     11.311      0.000
   453         21  (g)                -44   380   380   535   535   153   201      1.401      1.048     -5.829      6.086      0.000
   454         21  (g)                -44   381   381   695   696   185   153     -2.289      2.479     -6.816      7.605      0.000
   455         21  (g)                -44   382   382   533   534   201   152     -0.278     -6.308    -12.776     14.251      0.000
   456         21  (g)                -44   383   383   697   697   240   185     -0.383     -1.781    -31.037     31.090      0.000
   457         21  (g)                -43   450     0  1160  1161   254   151      1.543     -0.118      4.294      4.564      0.000
   458         -2  (ubar)             -51   398     0   811   812     0   255     -1.196      9.219     -7.415     11.896      0.330
   459         21  (g)                -51   398     0   813   813   255   125     -2.452      3.327     -2.695      4.934      0.000
   460         21  (g)                -52   400   400   927   927   125   204      2.455     -0.853     -7.198      7.653      0.000
   461          3  (s)                -51   351     0  1260  1260   133     0     -0.175     -0.073     -2.669      2.722      0.500
   462         -3  (sbar)             -51   351     0  1104  1104     0   233     -2.369     -2.089     -1.445      3.510      0.500
   463         21  (g)                -52   350   350   622   623   233   158     -2.998     -7.186     -4.201      8.847      0.000
   464         21  (g)                -51   441     0   660   660   252   256      4.513      0.334      4.895      6.666      0.000
   465         21  (g)                -51   441     0   658   659   256   160     17.841      0.428     10.543     20.727      0.000
   466         21  (g)                -52   316   316   764   765   160   211     -2.846      1.591     -6.547      7.314      0.000
   467         21  (g)                -51   406     0   819   819   257   103    237.540    209.812    350.989    472.906      0.000
   468         21  (g)                -51   406     0   817   818   226   257      0.872      0.925      1.091      1.675      0.000
   469         21  (g)                -52   336   336  1258  1258   102   226     11.927      8.407     15.025     20.945      0.000
   470         21  (g)                -51   418     0   484   484   165   258      1.939      1.365    -26.936     27.041      0.000
   471         21  (g)                -51   418     0   488   488   258   167      1.086      0.565    -94.968     94.976      0.000
   472         21  (g)                -52   417   417   483   483   167   166     -0.843     -3.782   -542.582    542.596      0.000
   473         21  (g)                -51   250     0   624   624   158   259      3.084     -1.838      1.125      3.762      0.000
   474         21  (g)                -51   250     0   802   802   259   118      0.033      0.079     -0.852      0.856      0.000
   475         21  (g)                -52   249   249  1113  1113   118   203     -0.589     -1.334      6.417      6.580      0.000
   476         21  (g)                -42  1584  1584   238   238   198   197      0.000     -0.000     91.027     91.027      0.000
   477         21  (g)                -41   990   990   480   239   260   199     -0.000      0.000     -5.553      5.553      0.000
   478         21  (g)                -44   240   240   580   581   200   197      4.177     -0.574     -2.327      4.815      0.000
   479         21  (g)                -44   241   241   988   989   198   199     -2.984     -0.209     89.498     89.548      0.000
   480         21  (g)                -43   477     0   582   582   260   200     -1.193      0.783     -1.697      2.217      0.000
   481         21  (g)                -41   558   558   489   415   194   261     -0.000     -0.000    399.992    399.992      0.000
   482         21  (g)                -42  1518  1518   416   416   164   166     -0.000     -0.000   -741.971    741.971      0.000
   483         21  (g)                -44   472   472  1519  1519   167   166     -0.844     -3.782   -542.783    542.797      0.000
   484         21  (g)                -44   470   470   583   584   165   258      1.930      1.360    -26.696     26.800      0.000
   485         21  (g)                -44   419   419   556   557   194   165     -1.324      2.833    -44.545     44.654      0.000
   486         21  (g)                -44   420   420   509   509   164   225     -2.467     -0.471    -32.892     32.988      0.000
   487         21  (g)                -44   421   421   507   508   225   247      0.356     -1.168      6.813      6.922      0.000
   488         21  (g)                -44   471   471   967   968   258   167      1.086      0.564    -94.834     94.842      0.000
   489         21  (g)                -43   481     0   867   867   247   261      1.264      0.664    392.958    392.960      0.000
   490         21  (g)                -42  1433  1433   298   298   218   156      0.000      0.000     89.051     89.051      0.000
   491         21  (g)                -41   828   828   498   299   262   138     -0.000     -0.000    -25.497     25.497      0.000
   492         21  (g)                -44   446   446   588   588   135   138      3.115      3.005    -19.043     19.528      0.000
   493         21  (g)                -44   301   301   512   512   137   136      2.092     -5.239     16.833     17.753      0.000
   494         21  (g)                -44   302   302   510   511   136   156     -3.661     -0.535      1.928      4.172      0.000
   495         21  (g)                -44   407   407  1083  1083   218   245     -1.507     -0.974     13.851     13.966      0.000
   496         21  (g)                -44   444   444   873   873   245   253     -1.790      2.737     50.899     51.004      0.000
   497         21  (g)                -44   445   445   586   587   253   135      1.399     -0.332      3.347      3.643      0.000
   498         21  (g)                -43   491     0   532   532   262   137      0.351      1.337     -4.261      4.480      0.000
   499         21  (g)                -41   546     0   506   274   196   263      0.000     -0.000    157.774    157.774      0.000
   500         21  (g)                -42   547   547   275   275   212   192      0.000     -0.000     -3.707      3.707      0.000
   501         21  (g)                -44   326   326   527   528   190   224      1.702     -2.043     21.804     21.965      0.000
   502         21  (g)                -44   328   328   549   549   193   192     -0.029      2.059      1.587      2.600      0.000
   503         21  (g)                -44   278   278   529   529   196   190     -3.078      0.379     27.246     27.422      0.000
   504         21  (g)                -44   279   279   551   551   212   191      2.633      0.091     -2.401      3.565      0.000
   505         21  (g)                -44   327   327   552   552   224   193     -1.761      0.792     21.613     21.699      0.000
   506         21  (g)                -43   499     0   553   553   191   263      0.532     -1.279     84.218     84.230      0.000
   507         21  (g)                -51   487     0   865   866   264   247     -0.697      0.270      4.292      4.357      0.000
   508         21  (g)                -51   487     0   576   576   225   264      1.031     -1.442      2.234      2.852      0.000
   509         21  (g)                -52   486   486   574   575   164   225     -2.445     -0.467    -32.605     32.700      0.000
   510         21  (g)                -51   494     0   763   763   265   156     -1.860      0.846      1.956      2.829      0.000
   511         21  (g)                -51   494     0   761   762   136   265     -1.633     -1.801      1.323      2.767      0.000
   512         21  (g)                -52   493   493   530   531   137   136      1.924     -4.819     15.483     16.329      0.000
   513         21  (g)                -42  1384  1384   307   307   220   119     -0.000      0.000      6.427      6.427      0.000
   514         21  (g)                -41  1385  1385   520   308   119   266      0.000     -0.000   -533.369    533.369      0.000
   515         21  (g)                -44   309   309   523   523   122   206     10.379     -0.658   -167.409    167.732      0.000
   516         21  (g)                -44   310   310   601   602   120   122     -6.689      0.930     -4.854      8.317      0.000
   517         21  (g)                -44   311   311   743   744   121   127     -5.524      1.505   -117.852    117.991      0.000
   518         21  (g)                -44   312   312   521   522   206   121      4.413     -2.141   -157.516    157.592      0.000
   519         21  (g)                -44   313   313   722   723   220   120     -2.159     -0.925      4.109      4.733      0.000
   520         21  (g)                -43   514     0  1199  1200   127   266     -0.420      1.289    -83.421     83.432      0.000
   521         21  (g)                -51   518     0   745   745   267   121      1.324     -1.188    -76.699     76.719      0.000
   522         21  (g)                -51   518     0  1392  1392   206   267      5.821     -1.126   -124.884    125.024      0.000
   523         21  (g)                -52   515   515   603   603   122   206      7.647     -0.485   -123.342    123.580      0.000
   524          2  (u)                -51    67     0   770   771   268     0      8.835      4.072    680.485    680.555      0.330
   525         21  (g)                -51    67     0   564   564   107   268     -0.279     -0.622      9.249      9.274      0.000
   526         21  (g)                -52   432   432   562   563   106   107     -4.150     32.029    213.483    215.912      0.000
   527         21  (g)                -51   501     0   548   548   269   224      0.992     -2.352     28.843     28.955      0.000
   528         21  (g)                -51   501     0   554   554   190   269     -0.201      0.422      1.032      1.133      0.000
   529         21  (g)                -52   503   503   550   550   196   190     -2.166      0.267     19.176     19.300      0.000
   530         21  (g)                -51   512     0   999   999   270   136      1.650     -5.458     13.815     14.945      0.000
   531         21  (g)                -51   512     0   637   638   137   270      0.293      0.713      1.435      1.629      0.000
   532         21  (g)                -52   498   498   639   639   262   137      0.332      1.264     -4.028      4.235      0.000
   533         21  (g)                -51   455     0   964   965   271   152      0.630     -5.714    -10.484     11.957      0.000
   534         21  (g)                -51   455     0  1497  1497   201   271     -0.581     -0.349     -3.652      3.715      0.000
   535         21  (g)                -52   453   453   700   700   153   201      1.074      0.803     -4.469      4.666      0.000
   536         21  (g)                -42   651   651   338   338   170   171     -0.000     -0.000     74.736     74.736      0.000
   537         -2  (ubar)             -41   948   948   542   339     0   173      0.000      0.000    -11.783     11.783      0.000
   538         21  (g)                -44   340   340   946   947   170   173      2.953      2.590     69.349     69.460      0.000
   539         21  (g)                -44   356   356   649   650   235   171     -2.630     -3.153     -1.654      4.426      0.000
   540         21  (g)                -44   358   358   628   629   227   172      0.633      0.379      3.090      3.177      0.000
   541         21  (g)                -44   357   357  1131  1131   172   235     -0.179      1.245      0.232      1.279      0.000
   542         -2  (ubar)             -43   537     0   630   630     0   227     -0.777     -1.062     -8.064      8.178      0.330
   543         21  (g)                -51   306     0   597   597   272   101      6.832     15.067   -357.717    358.100      0.000
   544         21  (g)                -51   306     0   657   657   109   272      1.289      0.364    -46.913     46.932      0.000
   545         21  (g)                -52    65    65   655   656   117   109    -11.325     -5.400   -607.249    607.379      0.000
   546          1  (d)                -41  1568  1568   555   499   196     0      0.000     -0.000    253.763    253.763      0.000
   547         21  (g)                -42  1569  1569   500   500   212   192      0.000     -0.000     -3.707      3.707      0.000
   548         21  (g)                -44   527   527   561   561   269   224      1.061     -2.578     28.888     29.023      0.000
   549         21  (g)                -44   502   502  1571  1571   193   192     -0.024      2.042      1.600      2.595      0.000
   550         21  (g)                -44   529   529  1572  1572   196   190     -2.120      0.117     19.217     19.334      0.000
   551         21  (g)                -44   504   504   571   572   212   191      2.635      0.087     -2.397      3.563      0.000
   552         21  (g)                -44   505   505   559   560   224   193     -1.709      0.624     21.660     21.736      0.000
   553         21  (g)                -44   506   506   573   573   191   263      0.734     -1.935     84.376     84.401      0.000
   554         21  (g)                -44   528   528  1576  1576   190   269     -0.198      0.413      1.036      1.133      0.000
   555          1  (d)                -43   546     0   922   923   263     0     -0.378      1.230     95.676     95.685      0.330
   556         21  (g)                -51   485     0   585   585   273   165     -0.987      2.521    -20.201     20.382      0.000
   557         21  (g)                -51   485     0   910   911   194   273     -0.337      0.313    -24.306     24.310      0.000
   558         21  (g)                -53  1517  1517   481   481   194   261     -0.000     -0.000    400.030    400.030      0.000
   559         21  (g)                -51   552     0   918   918   274   193     -1.427      0.862     19.149     19.221      0.000
   560         21  (g)                -51   552     0   916   917   224   274      0.190     -1.386     15.367     15.431      0.000
   561         21  (g)                -52   548   548  1570  1570   269   224      0.589     -1.431     16.033     16.107      0.000
   562         21  (g)                -51   526     0  1000  1001   106   275     -0.964     15.712     99.746    100.981      0.000
   563         21  (g)                -51   526     0   757   757   275   107     -3.206     16.274    114.376    115.572      0.000
   564         21  (g)                -52   525   525   755   756   107   268     -0.260     -0.579      8.609      8.633      0.000
   565         21  (g)                -42   609   609   366   366   229   237     -0.000     -0.000     12.332     12.332      0.000
   566          2  (u)                -41   677   677   570   367   231     0      0.000      0.000    -78.051     78.051      0.000
   567         21  (g)                -44   368   368   604   605   231   232      1.351      3.240    -17.911     18.252      0.000
   568         21  (g)                -44   369   369   606   606   232   230     -0.538     -0.234      0.122      0.599      0.000
   569         21  (g)                -44   370   370   680   680   230   237     -0.411     -1.828     11.720     11.869      0.000
   570          2  (u)                -43   566     0   607   608   229     0     -0.402     -1.178    -59.649     59.663      0.330
   571         21  (g)                -51   551     0   838   839   212   277      3.251     -0.725     -1.787      3.780      0.000
   572         21  (g)                -51   551     0   840   840   277   191     -0.602      0.774      1.027      1.420      0.000
   573         21  (g)                -52   553   553   888   888   191   263      0.720     -1.898     82.739     82.764      0.000
   574         21  (g)                -51   509     0  1522  1522   164   278     -0.586     -1.295    -16.700     16.761      0.000
   575         21  (g)                -51   509     0   730   730   278   225     -1.841      0.801    -15.865     15.991      0.000
   576         21  (g)                -52   508   508   728   729   225   264      1.013     -1.416      2.194      2.801      0.000
   577         21  (g)                -51   165     0   952   953   114   279      5.663      9.533    116.220    116.748      0.000
   578         21  (g)                -51   165     0   954   954   279   155      0.431      3.743     36.785     36.978      0.000
   579         21  (g)                -52   167   167   841   842   155   116      2.264     -0.153      3.096      3.839      0.000
   580         -3  (sbar)             -51   478     0  1586  1586     0   197      3.078     -0.022     -3.036      4.352      0.500
   581          3  (s)                -51   478     0  1589  1589   200     0      0.791     -0.349      0.272      1.035      0.500
   582         21  (g)                -52   480   480  1588  1588   260   200     -0.885      0.581     -1.259      1.645      0.000
   583         21  (g)                -51   484     0   969   969   280   258      0.506     -0.367     -9.247      9.268      0.000
   584         21  (g)                -51   484     0  1529  1529   165   280      0.878      3.121    -28.627     28.810      0.000
   585         21  (g)                -52   556   556   912   912   273   165     -0.441      1.126     -9.022      9.103      0.000
   586         21  (g)                -51   497     0   769   769   253   281      2.305     -0.623      2.470      3.435      0.000
   587         21  (g)                -51   497     0   612   612   281   135     -0.794      0.399      0.193      0.909      0.000
   588         21  (g)                -52   492   492   610   611   135   138      3.004      2.897    -18.358     18.827      0.000
   589         21  (g)                -51   401     0   945   945   282   123      1.569      0.354     15.368     15.452      0.000
   590         21  (g)                -51   401     0  1069  1070   236   282     -0.012     -0.776      1.875      2.029      0.000
   591         21  (g)                -52   402   402  1071  1071   241   236     -0.278     -0.911     13.956     13.988      0.000
   592         21  (g)                -51   394     0  1343  1343   283   169      2.019      1.051      2.532      3.405      0.000
   593         21  (g)                -51   394     0   719   720   111   283      0.128     -1.190      4.493      4.650      0.000
   594         21  (g)                -52   194   194   670   671   149   111     -6.102     -3.304     99.595     99.836      0.000
   595         21  (g)                -51   305     0  1027  1028   284   219     -0.788      2.157    -18.467     18.609      0.000
   596         21  (g)                -51   305     0  1029  1029   101   284      1.265      2.677    -61.761     61.832      0.000
   597         21  (g)                -52   543   543   663   663   272   101      5.655     12.471   -296.085    296.402      0.000
   598         21  (g)                -51   322     0   858   858   216   285      3.838     -1.395     -3.525      5.395      0.000
   599         21  (g)                -51   322     0   856   857   285   148      0.287     -0.266      1.390      1.444      0.000
   600         21  (g)                -52   323   323   960   960   148   146     -3.266      1.129     20.028     20.324      0.000
   601         21  (g)                -51   516     0   724   724   120   286     -2.773     -0.159     -3.840      4.739      0.000
   602         21  (g)                -51   516     0   646   647   286   122     -3.864      1.086     -1.857      4.422      0.000
   603         21  (g)                -52   523   523   648   648   122   206      7.594     -0.481   -122.499    122.735      0.000
   604         21  (g)                -51   567     0   678   678   231   287      1.888      2.068    -14.089     14.365      0.000
   605         21  (g)                -51   567     0   682   682   287   232     -0.649      1.123     -3.797      4.012      0.000
   606         21  (g)                -52   568   568   679   679   232   230     -0.426     -0.185      0.096      0.474      0.000
   607          2  (u)                -51   570     0   681   681   288     0     -1.198     -0.682    -18.764     18.817      0.330
   608         21  (g)                -51   570     0   683   683   229   288      0.796     -0.495    -40.860     40.871      0.000
   609         21  (g)                -53   676     0   565   565   229   237     -0.000     -0.000     12.357     12.357      0.000
   610         21  (g)                -51   588     0   826   827   289   138      2.007      0.545     -6.577      6.898      0.000
   611         21  (g)                -51   588     0   814   815   135   289      0.903      2.399    -11.759     12.035      0.000
   612         21  (g)                -52   587   587   767   768   281   135     -0.701      0.353      0.170      0.803      0.000
   613         21  (g)                -51   352     0  1048  1049   290   133     -0.576      0.126    -10.304     10.321      0.000
   614         21  (g)                -51   352     0  1050  1050   174   290     -2.512      2.891    -18.307     18.704      0.000
   615         21  (g)                -52   176   176  1157  1158   139   174      2.600      3.343    -11.412     12.172      0.000
   616         21  (g)                -51   269     0   742   742   210   291      2.335      0.025      1.288      2.667      0.000
   617         21  (g)                -51   269     0   740   741   291   207      0.368     -0.180      4.049      4.070      0.000
   618         21  (g)                -53  1593  1593   267   267   208   207      0.000      0.000     24.448     24.448      0.000
   619         21  (g)                -51   439     0   625   626   183   292      0.131      2.676     38.033     38.127      0.000
   620         21  (g)                -51   439     0  1005  1005   292   182      1.011     -0.106     40.355     40.368      0.000
   621         21  (g)                -53  1549  1549   436   436   181   182      0.000     -0.000    732.360    732.360      0.000
   622         21  (g)                -51   463     0   892   893   233   293     -0.277     -2.899     -0.468      2.950      0.000
   623         21  (g)                -51   463     0   894   894   293   158     -2.438     -4.455     -3.629      6.242      0.000
   624         21  (g)                -52   473   473   800   801   158   259      2.802     -1.669      1.022      3.418      0.000
   625         21  (g)                -51   619     0   666   666   294   292     -0.724      2.379     32.199     32.295      0.000
   626         21  (g)                -51   619     0   664   665   183   294      1.034      0.237      5.974      6.068      0.000
   627         21  (g)                -52   440   440   734   735   251   183      1.330     -0.451      1.042      1.749      0.000
   628         21  (g)                -51   540     0  1539  1539   295   172      0.833     -0.775      1.415      1.816      0.000
   629         21  (g)                -51   540     0   844   845   227   295     -0.235      1.106      1.310      1.730      0.000
   630         -2  (ubar)             -52   542   542   846   846     0   227     -0.742     -1.014     -7.699      7.808      0.330
   631         21  (g)                -51    91     0   776   777   132   296      2.647     -6.155    -52.595     53.020      0.000
   632         21  (g)                -51    91     0   778   778   296   129      0.508      0.313     -4.981      5.017      0.000
   633         21  (g)                -53   739   739    89    89   130   129     -0.000     -0.000      0.516      0.516      0.000
   634         21  (g)                -51   434     0  1348  1348   250   297     -0.865     -0.327     -1.166      1.488      0.000
   635         21  (g)                -51   434     0   694   694   297   215      1.325     -0.367     -1.214      1.834      0.000
   636         21  (g)                -52   435   435   692   693   215   110      0.130      1.734      1.997      2.648      0.000
   637         21  (g)                -51   531     0  1443  1443   298   270      0.569      0.952     -0.854      1.400      0.000
   638         21  (g)                -51   531     0   901   902   137   298     -0.192      0.078      1.277      1.293      0.000
   639         21  (g)                -52   532   532   903   903   262   137      0.248      0.946     -3.016      3.170      0.000
   640         21  (g)                -51   245     0   701   702   202   299     -5.769     -2.065     32.524     33.097      0.000
   641         21  (g)                -51   245     0   703   703   299   108     -0.724      0.467      2.036      2.211      0.000
   642         21  (g)                -52   430   430   784   784   108   249      6.336     -2.230     32.010     32.707      0.000
   643         21  (g)                -51   193     0   704   705   144   300      2.080      1.263      7.948      8.312      0.000
   644         21  (g)                -51   193     0   710   711   300   134     -0.158      0.781      0.098      0.803      0.000
   645         21  (g)                -52   192   192   746   747   134   112      1.050     -1.087     -4.682      4.920      0.000
   646         21  (g)                -51   602     0   862   863   286   301     -2.740      1.817     -1.909      3.802      0.000
   647         21  (g)                -51   602     0   895   896   301   122     -1.064     -0.735     -0.904      1.578      0.000
   648         21  (g)                -52   603   603   897   897   122   206      7.535     -0.478   -121.543    121.777      0.000
   649         21  (g)                -51   539     0  1129  1130   235   302     -2.921     -2.934     -0.541      4.175      0.000
   650         21  (g)                -51   539     0  1543  1543   302   171      0.291     -0.219     -0.633      0.730      0.000
   651         21  (g)                -53  1535  1535   536   536   170   171     -0.000     -0.000     75.216     75.216      0.000
   652         21  (g)                -51   325     0   958   959   146   303     -1.091     -1.718     10.049     10.253      0.000
   653         21  (g)                -51   325     0  1142  1142   303   223     -0.490      0.198     12.562     12.573      0.000
   654         21  (g)                -53  1135  1135   320   320   145   223     -0.000     -0.000     46.119     46.119      0.000
   655          1  (d)                -51   545     0  1238  1238   117     0     -6.832     -4.266   -399.221    399.302      0.330
   656         -1  (dbar)             -51   545     0  1014  1014     0   109     -4.415     -1.111   -210.891    210.941      0.330
   657         21  (g)                -52   544   544   661   662   109   272      1.211      0.342    -44.050     44.068      0.000
   658         21  (g)                -51   465     0   766   766   304   160     19.029      0.181     11.904     22.446      0.000
   659         21  (g)                -51   465     0  1277  1277   256   304      0.540      0.375      0.514      0.834      0.000
   660         21  (g)                -52   464   464  1233  1233   252   256      2.785      0.206      3.020      4.113      0.000
   661         21  (g)                -51   657     0  1012  1013   109   305      2.352      2.109    -63.300     63.379      0.000
   662         21  (g)                -51   657     0  1114  1115   305   272      0.204      1.200    -51.201     51.215      0.000
   663         21  (g)                -52   597   597  1116  1116   272   101      4.309      9.504   -225.635    225.876      0.000
   664         21  (g)                -51   626     0   736   736   183   306      1.305      1.291     14.665     14.779      0.000
   665         21  (g)                -51   626     0  1556  1556   306   294     -0.641      0.163      7.777      7.805      0.000
   666         21  (g)                -52   625   625  1003  1004   294   292     -0.354      1.162     15.732     15.778      0.000
   667         21  (g)                -51   428     0  1208  1208   307   195      0.448     -0.496     -1.383      1.536      0.000
   668         21  (g)                -51   428     0  1210  1210   205   307     -1.142     -1.507     -0.761      2.038      0.000
   669         21  (g)                -53  1202     0   422   422   205   248      0.000      0.000      6.082      6.082      0.000
   670         -2  (ubar)             -51   594     0   721   721     0   111     -3.213     -1.439     40.856     41.009      0.330
   671          2  (u)                -51   594     0  1006  1007   149     0     -2.872     -1.809     65.324     65.413      0.330
   672         21  (g)                -52   191   191  1008  1008   128   149      0.372      1.233    144.917    144.923      0.000
   673         21  (g)                -51   318     0   731   732   308   150     -5.736      1.141     10.595     12.101      0.000
   674         21  (g)                -51   318     0   733   733   222   308     -1.657     -0.657      4.714      5.040      0.000
   675         21  (g)                -52   317   317  1234  1234   203   222    -14.455     -2.543     32.185     35.374      0.000
   676         21  (g)                -41  1601  1601   684   609   309   237     -0.000      0.000    165.073    165.073      0.000
   677          2  (u)                -42  1602  1602   566   566   231     0      0.000      0.000    -78.051     78.051      0.000
   678         21  (g)                -44   604   604  1603  1603   231   287      1.896      2.074    -14.189     14.465      0.000
   679         21  (g)                -44   606   606  1072  1073   232   230     -0.409     -0.172      0.113      0.458      0.000
   680         21  (g)                -44   569   569  1605  1605   230   237      0.299     -1.297     11.759     11.834      0.000
   681          2  (u)                -44   607   607  1606  1606   288     0     -1.196     -0.681    -18.708     18.761      0.330
   682         21  (g)                -44   605   605  1074  1074   287   232     -0.642      1.128     -3.802      4.017      0.000
   683         21  (g)                -44   608   608   713   714   229   288      0.796     -0.495    -40.863     40.874      0.000
   684         21  (g)                -43   676     0   715   715   309   229     -0.743     -0.556    152.712    152.714      0.000
   685         21  (g)                -42  1460  1460   283   283   214   140      0.000      0.000      4.492      4.492      0.000
   686         21  (g)                -41   852   852   691   284   143   310     -0.000     -0.000   -196.100    196.100      0.000
   687         21  (g)                -44   285   285   850   851   143   140      2.115      4.461    -14.179     15.014      0.000
   688         21  (g)                -44   286   286   709   709   141   142      1.276     -5.390   -168.000    168.091      0.000
   689         21  (g)                -44   287   287   727   727   157   141     -5.980     -0.739    -10.696     12.277      0.000
   690         21  (g)                -44   288   288   725   726   214   157      2.265      1.202      2.667      3.700      0.000
   691         21  (g)                -43   686     0   707   708   142   310      0.323      0.465     -1.400      1.510      0.000
   692         21  (g)                -51   636     0   891   891   311   110     -0.441     -0.169     -0.004      0.473      0.000
   693         21  (g)                -51   636     0   889   890   215   311      0.907      1.811      1.693      2.640      0.000
   694         21  (g)                -52   635   635  1084  1085   297   215      0.989     -0.274     -0.907      1.370      0.000
   695         21  (g)                -51   454     0   698   699   312   153     -2.800      2.115     -7.992      8.728      0.000
   696         21  (g)                -51   454     0   825   825   185   312      0.471      0.176     -2.113      2.172      0.000
   697         21  (g)                -52   456   456  1495  1495   240   185     -0.342     -1.592    -27.748     27.796      0.000
   698         21  (g)                -51   695     0   823   824   312   313     -1.244      0.208     -1.913      2.291      0.000
   699         21  (g)                -51   695     0  1092  1092   313   153     -1.275      2.117     -7.251      7.661      0.000
   700         21  (g)                -52   535   535  1492  1492   153   201      0.792      0.593     -3.297      3.442      0.000
   701         21  (g)                -51   640     0   942   942   202   314     -4.948     -2.051     24.672     25.247      0.000
   702         21  (g)                -51   640     0  1154  1155   314   299     -1.153      0.200      8.785      8.863      0.000
   703         21  (g)                -52   641   641   782   783   299   108     -0.392      0.253      1.103      1.198      0.000
   704         21  (g)                -51   643     0   712   712   315   300      1.930      1.287      7.990      8.320      0.000
   705         21  (g)                -51   643     0  1354  1354   144   315      0.176      0.644      0.087      0.674      0.000
   706         21  (g)                -52   371   371   919   920   238   144      0.160      4.159      0.800      4.238      0.000
   707         21  (g)                -51   691     0  1466  1466   316   310      0.909      0.651     -9.813      9.876      0.000
   708         21  (g)                -51   691     0  1467  1467   142   316     -0.477     -0.644     -5.865      5.920      0.000
   709         21  (g)                -52   688   688  1089  1089   141   142      1.167     -4.932   -153.721    153.805      0.000
   710         21  (g)                -51   644     0   748   748   317   134      0.659      1.499      2.701      3.159      0.000
   711         21  (g)                -51   644     0   859   860   300   317     -0.188     -0.299     -0.001      0.353      0.000
   712         21  (g)                -52   704   704   861   861   315   300      1.302      0.868      5.389      5.611      0.000
   713         21  (g)                -51   683     0   874   875   318   288      1.537     -0.039    -38.880     38.910      0.000
   714         21  (g)                -51   683     0   820   821   229   318     -0.741     -0.457     -1.878      2.070      0.000
   715         21  (g)                -52   684   684   822   822   309   229     -0.743     -0.556    152.606    152.609      0.000
   716         21  (g)                -51   344     0  1259  1259   217   319     -0.467      0.154     -0.883      1.011      0.000
   717         21  (g)                -51   344     0  1281  1281   319   228      1.030      0.010     -8.661      8.722      0.000
   718         21  (g)                -52   343   343  1159  1159   228   139      4.031     -1.725    -14.208     14.870      0.000
   719         21  (g)                -51   593     0   937   938   320   283     -0.400     -1.944     13.472     13.618      0.000
   720         21  (g)                -51   593     0   939   939   111   320     -0.377      0.356      2.493      2.546      0.000
   721         -2  (ubar)             -52   670   670  1342  1342     0   111     -2.308     -1.042     29.384     29.495      0.330
   722         21  (g)                -51   519     0  1171  1171   220   321     -2.271     -1.313      3.968      4.757      0.000
   723         21  (g)                -51   519     0  1169  1170   321   120     -0.204      0.370     -0.296      0.516      0.000
   724         21  (g)                -52   601   601   864   864   120   286     -2.457     -0.141     -3.403      4.200      0.000
   725         21  (g)                -51   690     0  1465  1465   214   322      0.723      1.397      1.123      1.933      0.000
   726         21  (g)                -51   690     0   834   834   322   157      1.436     -0.209      1.354      1.985      0.000
   727         21  (g)                -52   689   689   832   833   157   141     -5.874     -0.725    -10.506     12.059      0.000
   728         -2  (ubar)             -51   576     0  1526  1526     0   264      0.585      0.127      1.126      1.318      0.330
   729          2  (u)                -51   576     0   793   793   225     0      0.393     -1.528      0.768      1.785      0.330
   730         21  (g)                -52   575   575   791   792   278   225     -1.806      0.786    -15.565     15.689      0.000
   731         21  (g)                -51   673     0  1192  1192   323   150     -2.033     -0.598      3.908      4.446      0.000
   732         21  (g)                -51   673     0  1282  1282   308   323     -4.837      1.289      9.912     11.104      0.000
   733         21  (g)                -52   674   674  1279  1279   222   308     -0.523     -0.208      1.489      1.592      0.000
   734         21  (g)                -51   627     0  1553  1553   251   324      1.971     -0.038      2.686      3.332      0.000
   735         21  (g)                -51   627     0  1557  1557   324   183     -0.397     -0.171      1.094      1.176      0.000
   736         21  (g)                -52   664   664  1555  1555   183   306      1.061      1.050     11.927     12.020      0.000
   737         21  (g)                -51    92     0   806   806   325   131     -1.217      3.692    -25.035     25.335      0.000
   738         21  (g)                -51    92     0   808   808   130   325     -1.937      2.149    -13.201     13.514      0.000
   739         21  (g)                -53   803     0   633   633   130   129     -0.000      0.000      0.537      0.537      0.000
   740         21  (g)                -51   617     0  1183  1183   326   207      0.436      0.256      3.958      3.990      0.000
   741         21  (g)                -51   617     0  1181  1182   291   326      0.797     -0.427      0.569      1.068      0.000
   742         21  (g)                -52   616   616  1595  1595   210   291      1.469      0.015      0.811      1.678      0.000
   743         21  (g)                -51   517     0  1201  1201   327   127     -3.359      1.280    -60.632     60.738      0.000
   744         21  (g)                -51   517     0   781   781   121   327     -2.065      0.136    -62.949     62.983      0.000
   745         21  (g)                -52   521   521   779   780   267   121      1.225     -1.100    -70.970     70.989      0.000
   746         21  (g)                -51   645     0   787   787   328   112     -0.382      0.383     -0.792      0.959      0.000
   747         21  (g)                -51   645     0   785   786   134   328      1.482     -1.358     -3.687      4.199      0.000
   748         21  (g)                -52   710   710  1351  1351   317   134      0.609      1.386      2.497      2.921      0.000
   749         21  (g)                -51   443     0   915   915   329   126      1.709      2.159      1.868      3.327      0.000
   750         21  (g)                -51   443     0  1283  1283   175   329      2.420      3.400      5.959      7.275      0.000
   751         21  (g)                -52   404   404   829   830   244   175     37.312     31.947     61.430     78.654      0.000
   752         21  (g)                -51   424     0   982   983   162   330      2.086     -2.862      0.854      3.643      0.000
   753         21  (g)                -51   424     0   984   984   330   163      0.398      0.603     -0.687      0.997      0.000
   754          1  (d)                -52   425   425  1205  1205   163     0      2.219      5.790    -10.213     11.953      0.330
   755         21  (g)                -51   564     0   772   772   331   268     -0.691     -0.454      4.901      4.970      0.000
   756         21  (g)                -51   564     0   885   885   107   331      0.094      1.582     15.710     15.790      0.000
   757         21  (g)                -52   563   563   883   884   275   107     -2.869     14.566    102.374    103.445      0.000
   758         21  (g)                -51   319     0  1190  1191   150   332    -10.205     -1.523     32.108     33.725      0.000
   759         21  (g)                -51   319     0   797   798   332   159    -25.934     -6.822     80.444     84.796      0.000
   760         21  (g)                -52   246   246   799   799   159   202     -4.976      1.440     10.874     12.044      0.000
   761         21  (g)                -51   511     0   997   998   136   333     -1.640     -1.324      2.236      3.073      0.000
   762         21  (g)                -51   511     0  1447  1447   333   265     -0.665     -0.171     -0.206      0.717      0.000
   763         21  (g)                -52   510   510  1437  1437   265   156     -1.188      0.540      1.249      1.806      0.000
   764         21  (g)                -51   466     0   868   869   334   211     -1.915      0.341     -2.678      3.310      0.000
   765         21  (g)                -51   466     0   973   974   160   334     -0.846      1.251     -3.816      4.104      0.000
   766         21  (g)                -52   658   658   975   975   304   160     18.944      0.180     11.851     22.346      0.000
   767         21  (g)                -51   612     0   816   816   335   135      0.145     -0.645      0.014      0.662      0.000
   768         21  (g)                -51   612     0   880   881   281   335     -0.106      0.798      0.949      1.244      0.000
   769         21  (g)                -52   586   586   871   872   253   281      1.565     -0.423      1.677      2.332      0.000
   770          2  (u)                -51   524     0  1240  1240   336     0      1.804      1.199    105.785    105.808      0.330
   771         21  (g)                -51   524     0   796   796   268   336      7.003      2.855    574.899    574.949      0.000
   772         21  (g)                -52   755   755   794   795   331   268     -0.663     -0.435      4.702      4.768      0.000
   773          2  (u)                -51   270     0  1596  1596   208     0     -0.295     -0.628      2.733      2.839      0.330
   774         -2  (ubar)             -51   270     0  1599  1599     0   209     -2.408      0.783     15.520     15.729      0.330
   775         21  (g)                -53  1594  1594   268   268   210   209     -0.000      0.000     -0.857      0.857      0.000
   776         21  (g)                -51   631     0   805   805   132   337      0.559     -3.097    -25.692     25.884      0.000
   777         21  (g)                -51   631     0   809   809   337   296      2.228     -2.970    -28.280     28.523      0.000
   778         21  (g)                -52   632   632   807   807   296   129      0.367      0.227     -3.604      3.630      0.000
   779         21  (g)                -51   745     0  1389  1389   267   338      0.832      0.114    -25.553     25.566      0.000
   780         21  (g)                -51   745     0  1065  1065   338   121     -0.023     -1.187    -58.084     58.096      0.000
   781         21  (g)                -52   744   744  1063  1064   121   327     -1.650      0.108    -50.283     50.310      0.000
   782         21  (g)                -51   703     0  1156  1156   299   339      1.003      0.163      2.388      2.595      0.000
   783         21  (g)                -51   703     0   847   848   339   108     -0.222     -0.322      4.642      4.659      0.000
   784         21  (g)                -52   642   642   849   849   108   249      5.163     -1.817     26.082     26.650      0.000
   785         21  (g)                -51   747     0  1357  1357   134   340      0.043      0.315     -1.304      1.342      0.000
   786         21  (g)                -51   747     0  1358  1358   340   328      1.217     -1.449     -2.845      3.417      0.000
   787         21  (g)                -52   746   746  1340  1340   328   112     -0.159      0.160     -0.330      0.400      0.000
   788         21  (g)                -51   413     0  1563  1563   341   188      0.076      2.020    -63.883     63.915      0.000
   789         21  (g)                -51   413     0  1054  1055   187   341      0.423      2.555    -41.980     42.060      0.000
   790         21  (g)                -52   414   414  1056  1056   246   187      0.383     -1.623      0.881      1.886      0.000
   791         21  (g)                -51   730     0  1528  1528   278   342     -1.005      1.237     -9.751      9.880      0.000
   792         21  (g)                -51   730     0  1531  1531   342   225     -0.789     -0.498     -5.788      5.863      0.000
   793          2  (u)                -52   729   729  1530  1530   225     0      0.380     -1.480      0.742      1.731      0.330
   794         21  (g)                -51   772     0  1269  1269   331   343      0.490      0.024      3.207      3.245      0.000
   795         21  (g)                -51   772     0  1289  1289   343   268     -0.958     -0.380     17.409     17.439      0.000
   796         21  (g)                -52   771   771  1287  1287   268   336      6.809      2.776    558.985    559.033      0.000
   797         21  (g)                -51   759     0  1193  1194   332   344    -16.946     -4.556     54.951     57.685      0.000
   798         21  (g)                -51   759     0  1041  1041   344   159     -9.241     -2.192     26.045     27.722      0.000
   799         21  (g)                -52   760   760   940   941   159   202     -4.723      1.367     10.322     11.433      0.000
   800         21  (g)                -51   624     0   963   963   158   345      1.546     -1.385      1.118      2.357      0.000
   801         21  (g)                -51   624     0  1291  1291   345   259      1.267     -0.258     -0.382      1.348      0.000
   802         21  (g)                -52   474   474  1111  1112   259   118      0.022      0.052     -0.565      0.568      0.000
   803         21  (g)                -41  1423  1423   810   739   130   346     -0.000      0.000      2.262      2.262      0.000
   804         21  (g)                -42  1424  1424    90    90   132   131     -0.000      0.000    -96.350     96.350      0.000
   805         21  (g)                -44   776   776  1425  1425   132   337      0.491     -2.980    -23.552     23.744      0.000
   806         21  (g)                -44   737   737  1426  1426   325   131     -1.325      3.877    -27.709     28.010      0.000
   807         21  (g)                -44   778   778   907   908   296   129      0.358      0.242     -3.605      3.631      0.000
   808         21  (g)                -44   738   738  1428  1428   130   325     -2.049      2.341    -15.233     15.548      0.000
   809         21  (g)                -44   777   777  1166  1167   337   296      2.142     -2.821    -25.627     25.871      0.000
   810         21  (g)                -43   803     0   909   909   129   346      0.383     -0.659      1.639      1.808      0.000
   811         -2  (ubar)             -51   458     0  1407  1407     0   347     -1.016      6.112     -5.837      8.518      0.330
   812         21  (g)                -51   458     0  1415  1415   347   255     -0.758      3.893     -2.214      4.542      0.000
   813         21  (g)                -52   459   459   925   926   255   125     -1.873      2.541     -2.059      3.769      0.000
   814         21  (g)                -51   611     0  1035  1035   348   289      0.710      2.143    -11.689     11.905      0.000
   815         21  (g)                -51   611     0  1449  1449   135   348      0.222      0.125     -0.067      0.264      0.000
   816         21  (g)                -52   767   767  1444  1444   335   135      0.116     -0.515      0.011      0.528      0.000
   817         21  (g)                -51   468     0  1267  1267   226   349      8.531      8.259     13.727     18.150      0.000
   818         21  (g)                -51   468     0  1292  1292   349   257     30.871     26.698     44.298     60.234      0.000
   819         21  (g)                -52   467   467  1018  1019   257   103    199.010    175.779    294.056    396.197      0.000
   820         21  (g)                -51   714     0   835   836   350   318     -0.889     -1.091     -1.646      2.166      0.000
   821         21  (g)                -51   714     0   837   837   229   350      0.139      0.628      1.452      1.588      0.000
   822         21  (g)                -52   715   715  1609  1609   309   229     -0.735     -0.550    150.922    150.925      0.000
   823         21  (g)                -51   698     0  1090  1091   351   313     -1.215      0.524     -3.157      3.423      0.000
   824         21  (g)                -51   698     0  1500  1500   312   351      0.331     -0.181     -0.374      0.531      0.000
   825         21  (g)                -52   696   696  1498  1498   185   312      0.110      0.041     -0.495      0.509      0.000
   826         21  (g)                -51   610     0   931   932   289   352      0.816      0.904     -6.673      6.784      0.000
   827         21  (g)                -51   610     0   933   933   352   138      1.192     -0.359     -3.565      3.776      0.000
   828         21  (g)                -53  1434  1434   491   491   262   138     -0.000     -0.000    -29.158     29.158      0.000
   829         21  (g)                -51   751     0  1030  1031   353   175     40.831     35.509     66.437     85.685      0.000
   830         21  (g)                -51   751     0  1032  1032   244   353      1.718      1.325      3.145      3.821      0.000
   831         21  (g)                -52   405   405  1020  1020   103   244     33.136     30.921     51.577     68.661      0.000
   832         21  (g)                -51   727     0  1087  1088   354   141     -5.315     -0.404    -10.316     11.612      0.000
   833         21  (g)                -51   727     0  1038  1038   157   354     -0.463     -0.335     -0.100      0.580      0.000
   834         21  (g)                -52   726   726  1036  1037   322   157      1.340     -0.195      1.263      1.852      0.000
   835         21  (g)                -51   820     0   876   876   355   318     -1.007     -0.719     -0.301      1.274      0.000
   836         21  (g)                -51   820     0  1165  1165   350   355      0.141     -0.270     -1.109      1.150      0.000
   837         21  (g)                -52   821   821  1163  1164   229   350      0.117      0.526      1.216      1.330      0.000
   838         21  (g)                -51   571     0  1573  1573   212   356      3.187     -0.507     -1.891      3.740      0.000
   839         21  (g)                -51   571     0  1580  1580   356   277     -0.052     -0.068      0.302      0.314      0.000
   840         21  (g)                -52   572   572   886   887   277   191     -0.486      0.625      0.828      1.145      0.000
   841         21  (g)                -51   579     0  1370  1370   155   357      2.192     -0.350      1.961      2.962      0.000
   842         21  (g)                -51   579     0  1376  1376   357   116     -0.177     -0.066      1.240      1.254      0.000
   843          2  (u)                -52   447   447  1367  1367   116     0     -5.065     -5.357      2.148      7.686      0.330
   844         21  (g)                -51   629     0   855   855   358   295     -0.479      0.345      1.256      1.388      0.000
   845         21  (g)                -51   629     0   853   854   227   358      0.195      0.695     -0.446      0.849      0.000
   846         -2  (ubar)             -52   630   630  1021  1022     0   227     -0.694     -0.947     -7.199      7.302      0.330
   847         21  (g)                -51   783     0  1288  1288   339   359      1.076      0.191      6.459      6.551      0.000
   848         21  (g)                -51   783     0  1153  1153   359   108      0.279     -1.068      6.153      6.251      0.000
   849         21  (g)                -52   784   784   928   929   108   249      3.585     -1.262     18.113     18.507      0.000
   850         21  (g)                -51   687     0  1462  1462   360   140      0.916      2.189     -5.154      5.674      0.000
   851         21  (g)                -51   687     0  1470  1470   143   360      1.200      2.272    -10.322     10.637      0.000
   852         21  (g)                -53  1461  1461   686   686   143   310      0.000     -0.000   -197.397    197.397      0.000
   853         21  (g)                -51   845     0  1023  1023   227   361      0.123      0.639      0.900      1.111      0.000
   854         21  (g)                -51   845     0  1545  1545   361   358     -0.240      0.281     -0.527      0.644      0.000
   855         21  (g)                -52   844   844  1542  1542   358   295     -0.166      0.120      0.437      0.482      0.000
   856         21  (g)                -51   599     0  1024  1025   362   148      0.747      0.222      1.157      1.394      0.000
   857         21  (g)                -51   599     0  1143  1143   285   362     -0.018     -0.648     -0.172      0.671      0.000
   858         21  (g)                -52   598   598   936   936   216   285      3.396     -1.235     -3.120      4.774      0.000
   859         21  (g)                -51   711     0  1355  1355   363   317     -0.437     -0.247      0.335      0.604      0.000
   860         21  (g)                -51   711     0  1359  1359   300   363      0.833      0.337      2.079      2.265      0.000
   861         21  (g)                -52   712   712  1341  1341   315   300      0.718      0.479      2.973      3.096      0.000
   862         21  (g)                -51   646     0  1393  1393   364   301     -0.687      0.723     -0.177      1.013      0.000
   863         21  (g)                -51   646     0  1398  1398   286   364     -2.891      1.046     -2.891      4.220      0.000
   864         21  (g)                -52   724   724  1387  1387   120   286     -1.620     -0.093     -2.244      2.769      0.000
   865         21  (g)                -51   507     0  1523  1523   264   365     -0.978      0.538     10.087     10.149      0.000
   866         21  (g)                -51   507     0  1532  1532   365   247      0.396     -0.207     30.206     30.209      0.000
   867         21  (g)                -52   489   489  1525  1525   247   261      1.148      0.604    356.957    356.959      0.000
   868         21  (g)                -51   764     0  1247  1247   334   366     -0.152      0.143     -2.533      2.542      0.000
   869         21  (g)                -51   764     0   970   971   366   211     -1.855      0.472     -2.538      3.179      0.000
   870         21  (g)                -52   315   315   972   972   211   221     -0.190      0.566     -4.952      4.988      0.000
   871         21  (g)                -51   769     0   882   882   367   281      1.334      0.324      1.385      1.950      0.000
   872         21  (g)                -51   769     0   949   950   253   367      0.161     -0.641      2.267      2.362      0.000
   873         21  (g)                -52   496   496   951   951   245   253     -1.721      2.631     48.924     49.025      0.000
   874         21  (g)                -51   713     0  1608  1608   368   288      1.174     -0.670    -33.576     33.603      0.000
   875         21  (g)                -51   713     0  1105  1106   318   368      0.321      0.601     -5.316      5.360      0.000
   876         21  (g)                -52   835   835  1107  1107   355   318     -0.966     -0.689     -0.289      1.221      0.000
   877         21  (g)                -51   204     0   955   956   168   369     -1.661     -2.715    -35.372     35.515      0.000
   878         21  (g)                -51   204     0   957   957   369   113     -0.382     -0.709    -21.288     21.303      0.000
   879         21  (g)                -52   374   374  1123  1124   113   239      1.532      0.905      4.431      4.775      0.000
   880         21  (g)                -51   768     0  1448  1448   370   335      1.375      1.133      2.280      2.893      0.000
   881         21  (g)                -51   768     0  1452  1452   281   370     -0.209     -0.026     -0.010      0.211      0.000
   882         21  (g)                -52   871   871  1440  1440   367   281      0.062      0.015      0.064      0.090      0.000
   883         21  (g)                -51   757     0  1271  1271   275   371     -1.550      6.381     50.299     50.726      0.000
   884         21  (g)                -51   757     0  1296  1296   371   107     -1.281      8.843     58.605     59.283      0.000
   885         21  (g)                -52   756   756  1284  1284   107   331      0.055      0.925      9.180      9.227      0.000
   886         21  (g)                -51   840     0  1579  1579   277   373     -0.563      0.719      1.174      1.487      0.000
   887         21  (g)                -51   840     0  1581  1581   373   191      0.148     -0.283      7.868      7.874      0.000
   888         21  (g)                -52   573   573   924   924   191   263      0.648     -1.709     74.526     74.548      0.000
   889         21  (g)                -51   693     0  1086  1086   215   374      0.983      1.159      1.634      2.232      0.000
   890         21  (g)                -51   693     0  1360  1360   374   311     -0.294      0.568      0.057      0.642      0.000
   891         21  (g)                -52   692   692  1345  1345   311   110     -0.223     -0.086     -0.002      0.239      0.000
   892         21  (g)                -51   622     0  1102  1103   233   375     -1.056     -3.747     -0.862      3.987      0.000
   893         21  (g)                -51   622     0  1297  1297   375   293     -0.005     -0.583     -0.772      0.968      0.000
   894         21  (g)                -52   623   623   961   962   293   158     -1.655     -3.024     -2.463      4.237      0.000
   895         21  (g)                -51   647     0  1394  1394   301   376     -0.525     -0.299      0.035      0.605      0.000
   896         21  (g)                -51   647     0   993   993   376   122     -0.347     -0.448     -4.040      4.079      0.000
   897         21  (g)                -52   648   648   991   992   122   206      7.343     -0.465   -118.443    118.671      0.000
   898         21  (g)                -51   399     0  1042  1043   377   124     -0.643     -2.259     -1.070      2.581      0.000
   899         21  (g)                -51   399     0  1416  1416   177   377     -0.516     -0.956     -2.317      2.559      0.000
   900         21  (g)                -53  1405  1405   396   396   177   204     -0.000      0.000    -25.571     25.571      0.000
   901         21  (g)                -51   638     0  1446  1446   378   298     -0.694      0.349      0.889      1.180      0.000
   902         21  (g)                -51   638     0   996   996   137   378      0.536     -0.139     -0.033      0.555      0.000
   903         21  (g)                -52   639   639   994   995   262   137      0.214      0.814     -2.595      2.728      0.000
   904         21  (g)                -51   354     0   978   978   234   379     -6.843     -6.620    -62.901     63.617      0.000
   905         21  (g)                -51   354     0  1298  1298   379   104    -22.130    -25.497   -231.832    234.278      0.000
   906          2  (u)                -52   355   355  1232  1232   104     0   -261.939   -284.622  -2462.772   2492.964      0.330
   907         21  (g)                -51   807     0  1168  1168   296   380      0.888      0.240     -2.185      2.371      0.000
   908         21  (g)                -51   807     0  1431  1431   380   129     -0.502     -0.046     -1.300      1.394      0.000
   909         21  (g)                -52   810   810  1430  1430   129   346      0.355     -0.611      1.518      1.674      0.000
   910         21  (g)                -51   557     0  1527  1527   194   381     -0.977      0.386    -18.409     18.439      0.000
   911         21  (g)                -51   557     0  1533  1533   381   273      0.380      0.591    -11.216     11.238      0.000
   912         21  (g)                -52   585   585  1521  1521   273   165     -0.181      0.462     -3.703      3.736      0.000
   913         21  (g)                -51   442     0  1264  1264   382   252      2.162     -0.559      2.653      3.467      0.000
   914         21  (g)                -51   442     0  1053  1053   126   382      4.698      0.627      4.665      6.651      0.000
   915         21  (g)                -52   749   749  1051  1052   329   126      1.524      1.925      1.665      2.967      0.000
   916         21  (g)                -51   560     0  1578  1578   224   383      0.104     -1.259     19.521     19.561      0.000
   917         21  (g)                -51   560     0  1582  1582   383   274     -0.326      0.122      1.372      1.416      0.000
   918         21  (g)                -52   559   559  1574  1574   274   193     -1.015      0.614     13.623     13.675      0.000
   919         21  (g)                -51   706     0  1337  1337   384   144      0.413      0.632     -0.143      0.769      0.000
   920         21  (g)                -51   706     0  1361  1361   238   384     -0.092      3.798      1.449      4.066      0.000
   921         21  (g)                -52   392   392  1346  1346   242   238      1.269      2.140      3.999      4.710      0.000
   922          1  (d)                -51   555     0  1577  1577   385     0      0.254      1.088     83.991     83.999      0.330
   923         21  (g)                -51   555     0  1583  1583   263   385     -0.504     -0.195     26.349     26.355      0.000
   924         21  (g)                -52   888   888  1575  1575   191   263      0.521     -1.373     59.862     59.880      0.000
   925         21  (g)                -51   813     0  1413  1413   255   386     -2.017      1.831     -2.049      3.408      0.000
   926         21  (g)                -51   813     0  1417  1417   386   125      0.309      0.653     -0.494      0.875      0.000
   927         21  (g)                -52   460   460  1409  1409   125   204      2.289     -0.796     -6.714      7.138      0.000
   928         21  (g)                -51   849     0  1151  1152   108   387      2.169     -0.181      8.802      9.067      0.000
   929         21  (g)                -51   849     0   981   981   387   249      1.573     -0.929     12.009     12.147      0.000
   930         21  (g)                -52   431   431   979   980   249   106      1.141      1.105     19.572     19.637      0.000
   931         21  (g)                -51   826     0  1033  1034   289   388      1.167     -0.245     -4.529      4.683      0.000
   932         21  (g)                -51   826     0  1454  1454   388   352      0.519      0.887     -4.748      4.858      0.000
   933         21  (g)                -52   827   827  1450  1450   352   138      0.321     -0.097     -0.961      1.018      0.000
   934         21  (g)                -51   324     0  1139  1139   147   389      0.758      2.062     -1.013      2.420      0.000
   935         21  (g)                -51   324     0  1144  1144   389   216      0.457     -0.189      0.078      0.501      0.000
   936         21  (g)                -52   858   858  1137  1137   216   285      2.904     -1.056     -2.667      4.082      0.000
   937         21  (g)                -51   719     0  1349  1349   390   283     -0.224      0.159      0.912      0.953      0.000
   938         21  (g)                -51   719     0  1362  1362   320   390     -0.387     -1.904     13.951     14.085      0.000
   939         21  (g)                -52   720   720  1356  1356   111   320     -0.167      0.157      1.102      1.125      0.000
   940         21  (g)                -51   799     0  1039  1040   159   392     -5.169      0.900     11.730     12.850      0.000
   941         21  (g)                -51   799     0  1126  1127   392   202     -0.008      0.278      0.857      0.902      0.000
   942         21  (g)                -52   701   701  1128  1128   202   314     -4.494     -1.863     22.406     22.928      0.000
   943          2  (u)                -51   397     0  1099  1100   393     0     -0.417     -6.162     37.312     37.821      0.330
   944         21  (g)                -51   397     0  1101  1101   123   393      0.101     -0.160      5.082      5.085      0.000
   945         21  (g)                -52   589   589  1410  1410   282   123      1.373      0.310     13.446     13.519      0.000
   946         21  (g)                -51   538     0  1537  1537   170   394      2.275      2.097     65.706     65.779      0.000
   947         21  (g)                -51   538     0  1546  1546   394   173      0.678      0.493      3.614      3.710      0.000
   948         -2  (ubar)             -53  1536  1536   537   537     0   173      0.000      0.000    -11.812     11.812      0.000
   949         21  (g)                -51   872     0  1451  1451   395   367     -0.334      0.080      0.603      0.694      0.000
   950         21  (g)                -51   872     0  1455  1455   253   395      0.285     -0.398      7.655      7.671      0.000
   951         21  (g)                -52   873   873  1081  1082   245   253     -1.510      2.309     42.933     43.021      0.000
   952         21  (g)                -51   577     0  1368  1368   114   396      4.481      8.627     96.970     97.456      0.000
   953         21  (g)                -51   577     0  1093  1094   396   279      1.280      1.757     27.609     27.694      0.000
   954         21  (g)                -52   578   578  1095  1095   279   155      0.333      2.892     28.426     28.575      0.000
   955         21  (g)                -51   877     0  1371  1371   168   397     -1.999     -2.790    -48.882     49.003      0.000
   956         21  (g)                -51   877     0  1379  1379   397   369      0.034     -0.491     -3.471      3.506      0.000
   957         21  (g)                -52   878   878  1377  1377   369   113     -0.077     -0.143     -4.307      4.310      0.000
   958         21  (g)                -51   652     0  1140  1140   398   303     -0.792      0.262      4.800      4.872      0.000
   959         21  (g)                -51   652     0  1145  1145   146   398     -1.074     -1.712      9.998     10.200      0.000
   960         21  (g)                -52   600   600  1026  1026   148   146     -2.492      0.861     15.279     15.505      0.000
   961         21  (g)                -51   894     0  1274  1274   293   399     -0.819     -2.536     -1.253      2.945      0.000
   962         21  (g)                -51   894     0  1302  1302   399   158     -0.724     -0.590     -1.129      1.465      0.000
   963         21  (g)                -52   800   800  1245  1245   158   345      1.433     -1.284      1.036      2.185      0.000
   964         21  (g)                -51   533     0  1180  1180   271   400     -0.099     -4.654     -8.756      9.917      0.000
   965         21  (g)                -51   533     0  1178  1179   400   152      0.728     -1.060     -1.665      2.104      0.000
   966         21  (g)                -53  1489  1489   450   450   254   152      0.000      0.000     16.585     16.585      0.000
   967         21  (g)                -51   488     0  1524  1524   403   167     -0.066      0.475    -28.145     28.149      0.000
   968         21  (g)                -51   488     0  1534  1534   258   403      1.386     -0.080    -70.968     70.981      0.000
   969         21  (g)                -52   583   583  1520  1520   280   258      0.272     -0.197     -4.969      4.980      0.000
   970         21  (g)                -51   869     0  1295  1295   366   404     -0.729      0.750     -2.934      3.114      0.000
   971         21  (g)                -51   869     0  1303  1303   404   211     -1.190     -0.087     -1.272      1.744      0.000
   972         21  (g)                -52   870   870  1078  1079   211   221     -0.126      0.375     -3.284      3.308      0.000
   973         21  (g)                -51   765     0  1286  1286   405   334     -0.192      1.409     -3.472      3.752      0.000
   974         21  (g)                -51   765     0  1075  1076   160   405     -0.480     -0.156     -0.235      0.557      0.000
   975         21  (g)                -52   766   766  1077  1077   304   160     18.770      0.179     11.742     22.141      0.000
   976          1  (d)                -51   353     0  1253  1253   213     0     -1.501     -2.027    -18.766     18.938      0.330
   977         -1  (dbar)             -51   353     0  1305  1305     0   234     -0.676     -0.082     -6.494      6.538      0.330
   978         21  (g)                -52   904   904  1261  1261   234   379     -4.818     -4.661    -44.284     44.789      0.000
   979         21  (g)                -51   930     0  1002  1002   406   106      1.614      0.440     20.852     20.919      0.000
   980         21  (g)                -51   930     0  1306  1306   249   406     -0.023      0.400      2.154      2.191      0.000
   981         21  (g)                -52   929   929  1300  1300   387   249      1.123     -0.663      8.575      8.674      0.000
   982          2  (u)                -51   752     0  1204  1204   162     0      1.396     -1.792     -0.035      2.296      0.330
   983         -2  (ubar)             -51   752     0  1212  1212     0   330      0.750     -0.978      0.785      1.498      0.330
   984         21  (g)                -52   753   753  1211  1211   330   163      0.338      0.512     -0.583      0.846      0.000
   985         21  (g)                -51   375     0  1125  1125   239   407      0.060      0.002     29.874     29.874      0.000
   986         21  (g)                -51   375     0  1017  1017   407   180      0.580     -0.829     18.256     18.284      0.000
   987          2  (u)                -52   376   376  1015  1016   180     0     -1.542     -4.801    107.708    107.826      0.330
   988         21  (g)                -51   479     0  1119  1119   198   408     -2.292     -0.606     82.246     82.280      0.000
   989         21  (g)                -51   479     0  1045  1046   408   199     -0.692      0.397      7.238      7.282      0.000
   990         21  (g)                -53  1047  1047   477   477   260   199     -0.000      0.000     -5.567      5.567      0.000
   991         21  (g)                -51   897     0  1386  1386   409   206      5.259     -0.940    -87.482     87.645      0.000
   992         21  (g)                -51   897     0  1400  1400   122   409      2.047      0.427    -31.391     31.461      0.000
   993         21  (g)                -52   896   896  1399  1399   376   122     -0.310     -0.400     -3.609      3.644      0.000
   994         21  (g)                -51   903     0  1441  1441   262   410     -0.345     -0.066     -0.465      0.583      0.000
   995         21  (g)                -51   903     0  1456  1456   410   137      0.848      0.805     -2.148      2.445      0.000
   996         21  (g)                -52   902   902  1453  1453   137   378      0.246     -0.064     -0.015      0.255      0.000
   997         21  (g)                -51   761     0  1442  1442   411   333     -1.274     -1.669      1.892      2.826      0.000
   998         21  (g)                -51   761     0  1457  1457   136   411     -0.186     -0.252      1.856      1.882      0.000
   999         21  (g)                -52   530   530  1436  1436   270   136      1.470     -4.861     12.303     13.310      0.000
  1000         21  (g)                -51   562     0  1235  1235   412   275     -0.543      1.285      9.082      9.189      0.000
  1001         21  (g)                -51   562     0  1011  1011   106   412     -0.336     14.450     91.756     92.887      0.000
  1002         21  (g)                -52   979   979  1009  1010   406   106      1.529      0.417     19.760     19.824      0.000
  1003         21  (g)                -51   666     0  1552  1552   294   413     -0.394      1.260     23.818     23.855      0.000
  1004         21  (g)                -51   666     0  1558  1558   413   292      0.383     -0.134      5.624      5.638      0.000
  1005         21  (g)                -52   620   620  1554  1554   292   182      0.667     -0.070     26.645     26.654      0.000
  1006          2  (u)                -51   671     0  1352  1352   414     0     -2.272     -1.990     63.559     63.632      0.330
  1007         21  (g)                -51   671     0  1363  1363   149   414     -0.573      0.268     11.937     11.954      0.000
  1008         21  (g)                -52   672   672  1339  1339   128   149      0.346      1.146    134.745    134.750      0.000
  1009         21  (g)                -51  1002     0  1263  1263   406   415      1.382      0.270     11.280     11.367      0.000
  1010         21  (g)                -51  1002     0  1308  1308   415   106      0.133      0.764     12.401     12.425      0.000
  1011         21  (g)                -52  1001  1001  1307  1307   106   412     -0.321     13.833     87.835     88.918      0.000
  1012         21  (g)                -51   661     0  1122  1122   416   305      2.031      2.282    -70.798     70.864      0.000
  1013         21  (g)                -51   661     0  1120  1121   109   416      0.119     -0.225     -2.132      2.147      0.000
  1014         -1  (dbar)             -52   656   656  1134  1134     0   109     -4.213     -1.060   -201.261    201.308      0.330
  1015          2  (u)                -51   987     0  1369  1369   417     0     -1.077     -2.023     53.659     53.709      0.330
  1016         21  (g)                -51   987     0  1381  1381   180   417     -0.260     -3.072     60.507     60.585      0.000
  1017         21  (g)                -52   986   986  1380  1380   407   180      0.375     -0.536     11.798     11.816      0.000
  1018         21  (g)                -51   819     0  1231  1231   257   418    164.396    145.528    242.487    327.115      0.000
  1019         21  (g)                -51   819     0  1187  1188   418   103     39.366     34.686     58.966     78.929      0.000
  1020         21  (g)                -52   831   831  1189  1189   103   244     28.384     26.487     44.180     58.814      0.000
  1021         -2  (ubar)             -51   846     0  1541  1541     0   419     -0.335     -0.664     -6.904      6.951      0.330
  1022         21  (g)                -51   846     0  1547  1547   419   227     -0.347     -0.220     -0.207      0.460      0.000
  1023         21  (g)                -52   853   853  1544  1544   227   361      0.111      0.576      0.811      1.001      0.000
  1024         21  (g)                -51   856     0  1141  1141   362   420      0.793     -0.095      2.216      2.355      0.000
  1025         21  (g)                -51   856     0  1146  1146   420   148     -0.462      0.460      1.491      1.627      0.000
  1026         21  (g)                -52   960   960  1138  1138   148   146     -2.076      0.718     12.729     12.917      0.000
  1027         21  (g)                -51   595     0  1110  1110   421   219     -0.704      1.826    -14.341     14.474      0.000
  1028         21  (g)                -51   595     0  1311  1311   284   421      0.192      0.915    -17.600     17.625      0.000
  1029         21  (g)                -52   596   596  1272  1272   101   284      0.989      2.093    -48.287     48.342      0.000
  1030         21  (g)                -51   829     0  1249  1249   422   175      3.802      3.689      6.219      8.170      0.000
  1031         21  (g)                -51   829     0  1312  1312   353   422     38.045     32.603     62.077     79.775      0.000
  1032         21  (g)                -52   830   830  1293  1293   244   353      0.702      0.541      1.285      1.561      0.000
  1033         21  (g)                -51   931     0  1435  1435   423   388      1.048      0.702     -4.102      4.291      0.000
  1034         21  (g)                -51   931     0  1458  1458   289   423      0.325     -0.325     -3.819      3.847      0.000
  1035         21  (g)                -52   814   814  1445  1445   348   289      0.504      1.521     -8.297      8.450      0.000
  1036         21  (g)                -51   834     0  1468  1468   322   424      1.064     -0.276      1.474      1.839      0.000
  1037         21  (g)                -51   834     0  1471  1471   424   157      0.068     -0.069     -0.256      0.274      0.000
  1038         21  (g)                -52   833   833  1469  1469   157   354     -0.254     -0.184     -0.055      0.319      0.000
  1039         21  (g)                -51   940     0  1250  1250   425   392     -3.017      0.237      8.789      9.296      0.000
  1040         21  (g)                -51   940     0  1068  1068   159   425     -3.583      0.324      6.973      7.846      0.000
  1041         21  (g)                -52   798   798  1066  1067   344   159     -7.810     -1.853     22.012     23.430      0.000
  1042         21  (g)                -51   898     0  1408  1408   377   426     -0.826     -1.756     -1.250      2.308      0.000
  1043         21  (g)                -51   898     0  1419  1419   426   124      0.183     -0.503      1.499      1.592      0.000
  1044         21  (g)                -53  1404  1404   395   395   243   124      0.000     -0.000    107.386    107.386      0.000
  1045         21  (g)                -51   989     0  1117  1118   408   427     -0.706      0.066      7.125      7.160      0.000
  1046         21  (g)                -51   989     0  1591  1591   427   199      0.013      0.330     -0.115      0.350      0.000
  1047         21  (g)                -53  1585  1585   990   990   260   199     -0.000      0.000     -5.795      5.795      0.000
  1048         21  (g)                -51   613     0  1248  1248   428   133     -0.684     -0.155     -7.440      7.473      0.000
  1049         21  (g)                -51   613     0  1314  1314   290   428     -0.683      1.190     -8.621      8.729      0.000
  1050         21  (g)                -52   614   614  1184  1185   174   290     -1.722      1.982    -12.551     12.822      0.000
  1051         21  (g)                -51   915     0  1241  1241   329   429      2.529      1.888      2.524      4.041      0.000
  1052         21  (g)                -51   915     0  1060  1061   429   126     -0.109      0.156      0.031      0.193      0.000
  1053         21  (g)                -52   914   914  1062  1062   126   382      3.803      0.508      3.776      5.383      0.000
  1054         21  (g)                -51   789     0  1565  1565   430   341      0.233      0.621    -19.863     19.874      0.000
  1055         21  (g)                -51   789     0  1148  1149   187   430      0.193      1.925    -22.113     22.197      0.000
  1056         21  (g)                -52   790   790  1150  1150   246   187      0.380     -1.614      0.876      1.875      0.000
  1057         21  (g)                -51   438     0  1551  1551   181   431     -1.652     -1.101    494.110    494.114      0.000
  1058         21  (g)                -51   438     0  1559  1559   431   184     -0.999     -0.958    158.219    158.225      0.000
  1059         21  (g)                -53  1550  1550   437   437   251   184     -0.000      0.000     -0.459      0.459      0.000
  1060         21  (g)                -51  1052     0  1315  1315   429   432      0.701      0.194      1.583      1.742      0.000
  1061         21  (g)                -51  1052     0  1316  1316   432   126      1.226      0.234      0.469      1.333      0.000
  1062         21  (g)                -52  1053  1053  1299  1299   126   382      1.767      0.236      1.754      2.501      0.000
  1063         21  (g)                -51   781     0  1396  1396   433   327     -1.121      0.126    -24.282     24.309      0.000
  1064         21  (g)                -51   781     0  1401  1401   121   433     -0.537     -0.415    -45.458     45.464      0.000
  1065         21  (g)                -52   780   780  1397  1397   338   121     -0.015     -0.789    -38.625     38.633      0.000
  1066         21  (g)                -51  1041     0  1195  1195   344   434     -7.346     -1.321     18.793     20.221      0.000
  1067         21  (g)                -51  1041     0  1317  1317   434   159     -1.276     -0.458      4.799      4.987      0.000
  1068         21  (g)                -52  1040  1040  1313  1313   159   425     -2.771      0.250      5.392      6.068      0.000
  1069         21  (g)                -51   590     0  1196  1197   435   282      0.076      0.017     -0.001      0.077      0.000
  1070         21  (g)                -51   590     0  1198  1198   236   435     -0.213     -1.207      8.218      8.309      0.000
  1071         21  (g)                -52   591   591  1411  1411   241   236     -0.152     -0.497      7.614      7.631      0.000
  1072         -1  (dbar)             -51   679     0  1604  1604     0   230     -0.332      0.563     -1.117      1.335      0.330
  1073          1  (d)                -51   679     0  1614  1614   232     0     -0.309     -0.327     -0.147      0.577      0.330
  1074         21  (g)                -52   682   682  1607  1607   287   232     -0.410      0.720     -2.426      2.563      0.000
  1075         21  (g)                -51   974     0  1304  1304   436   405     -0.523     -0.358      0.050      0.636      0.000
  1076         21  (g)                -51   974     0  1318  1318   160   436      1.483      0.215      0.616      1.620      0.000
  1077         21  (g)                -52   975   975  1266  1266   304   160     17.330      0.165     10.841     20.442      0.000
  1078         21  (g)                -51   972     0  1256  1256   211   437     -0.494     -0.795     -6.529      6.596      0.000
  1079         21  (g)                -51   972     0  1319  1319   437   221     -0.329      0.320     -1.062      1.157      0.000
  1080         21  (g)                -52   314   314  1252  1252   221   213     -4.502     -5.492    -27.837     28.728      0.000
  1081         21  (g)                -51   951     0  1439  1439   438   253     -1.016      0.902     13.617     13.684      0.000
  1082         21  (g)                -51   951     0  1459  1459   245   438     -0.668      1.294     30.913     30.948      0.000
  1083         21  (g)                -52   495   495  1438  1438   218   245     -1.333     -0.862     12.254     12.356      0.000
  1084         21  (g)                -51   694     0  1350  1350   297   439      0.965     -0.576     -0.369      1.183      0.000
  1085         21  (g)                -51   694     0  1364  1364   439   215      0.209      0.521     -0.230      0.607      0.000
  1086         21  (g)                -52   889   889  1353  1353   215   374      0.798      0.941      1.326      1.811      0.000
  1087         21  (g)                -51   832     0  1464  1464   354   440     -5.241     -0.263    -11.443     12.589      0.000
  1088         21  (g)                -51   832     0  1098  1098   440   141     -0.065     -0.179     -0.045      0.196      0.000
  1089         21  (g)                -52   709   709  1096  1097   141   142      1.158     -4.894   -152.549    152.632      0.000
  1090         21  (g)                -51   823     0  1493  1493   351   441     -1.997      2.425     -7.775      8.385      0.000
  1091         21  (g)                -51   823     0  1502  1502   441   313     -0.418      0.092     -2.206      2.247      0.000
  1092         21  (g)                -52   699   699  1499  1499   313   153     -0.075      0.125     -0.427      0.451      0.000
  1093         21  (g)                -51   953     0  1378  1378   396   442      0.661      0.442      9.538      9.571      0.000
  1094         21  (g)                -51   953     0  1382  1382   442   279      0.827      3.121     35.824     35.969      0.000
  1095         21  (g)                -52   954   954  1375  1375   279   155      0.125      1.086     10.674     10.730      0.000
  1096         21  (g)                -51  1089     0  1463  1463   443   142      0.826     -3.713   -130.833    130.888      0.000
  1097         21  (g)                -51  1089     0  1473  1473   141   443      0.329     -1.190    -21.718     21.754      0.000
  1098         21  (g)                -52  1088  1088  1472  1472   440   141     -0.062     -0.170     -0.043      0.186      0.000
  1099          2  (u)                -51   943     0  1406  1406   444     0      0.042     -0.412      3.694      3.732      0.330
  1100         21  (g)                -51   943     0  1421  1421   393   444     -0.418     -5.815     35.715     36.188      0.000
  1101         21  (g)                -52   944   944  1418  1418   123   393      0.059     -0.094      2.984      2.986      0.000
  1102         21  (g)                -51   892     0  1239  1239   445   375     -0.167     -1.427     -0.004      1.437      0.000
  1103         21  (g)                -51   892     0  1320  1320   233   445     -1.503     -2.766     -1.225      3.378      0.000
  1104         -3  (sbar)             -52   462   462  1265  1265     0   233     -1.755     -1.643     -1.078      2.682      0.500
  1105         21  (g)                -51   875     0  1613  1613   446   368      0.605      0.594     -4.574      4.652      0.000
  1106         21  (g)                -51   875     0  1615  1615   318   446     -0.451     -0.111     -0.792      0.919      0.000
  1107         21  (g)                -52   876   876  1610  1610   355   318     -0.799     -0.570     -0.239      1.010      0.000
  1108         21  (g)                -51   345     0  1254  1254   447   217      0.440     -0.553     -1.030      1.249      0.000
  1109         21  (g)                -51   345     0  1321  1321   219   447     -0.137      0.079     -3.830      3.833      0.000
  1110         21  (g)                -52  1027  1027  1255  1255   421   219     -0.570      1.476    -11.595     11.703      0.000
  1111         21  (g)                -51   802     0  1268  1268   259   448     -0.370      0.315     -0.338      0.592      0.000
  1112         21  (g)                -51   802     0  1322  1322   448   118      0.324     -0.418      0.517      0.739      0.000
  1113         21  (g)                -52   475   475  1251  1251   118   203     -0.520     -1.179      5.672      5.817      0.000
  1114         21  (g)                -51   662     0  1278  1278   305   449      0.936      2.910    -93.078     93.128      0.000
  1115         21  (g)                -51   662     0  1323  1323   449   272      0.081      0.083     -0.682      0.692      0.000
  1116         21  (g)                -52   663   663  1237  1237   272   101      3.497      7.711   -183.076    183.271      0.000
  1117         21  (g)                -51  1045     0  1590  1590   450   427     -1.219     -0.102     16.425     16.471      0.000
  1118         21  (g)                -51  1045     0  1592  1592   408   450     -0.493     -0.098     26.794     26.799      0.000
  1119         21  (g)                -52   988   988  1587  1587   198   408     -1.286     -0.340     46.151     46.170      0.000
  1120         21  (g)                -51  1013     0  1132  1133   109   451      0.977      0.081    -16.814     16.842      0.000
  1121         21  (g)                -51  1013     0  1175  1176   451   416     -0.012      0.644    -14.791     14.805      0.000
  1122         21  (g)                -52  1012  1012  1270  1270   416   305      1.186      1.332    -41.326     41.364      0.000
  1123         21  (g)                -51   879     0  1372  1372   113   452      1.405      0.394      3.267      3.578      0.000
  1124         21  (g)                -51   879     0  1383  1383   452   239      0.133      0.511      4.214      4.247      0.000
  1125         21  (g)                -52   985   985  1373  1373   239   407      0.054      0.002     26.823     26.823      0.000
  1126         21  (g)                -51   941     0  1301  1301   392   453     -1.077      0.275      5.452      5.564      0.000
  1127         21  (g)                -51   941     0  1325  1325   453   202     -0.287     -0.559      2.168      2.258      0.000
  1128         21  (g)                -52   942   942  1246  1246   202   314     -3.138     -1.301     15.644     16.009      0.000
  1129         21  (g)                -51   649     0  1538  1538   454   302     -2.934     -2.908     -0.609      4.176      0.000
  1130         21  (g)                -51   649     0  1548  1548   235   454     -0.013      0.159      0.102      0.190      0.000
  1131         21  (g)                -52   541   541  1540  1540   172   235     -0.152      1.060      0.198      1.089      0.000
  1132         21  (g)                -51  1120     0  1177  1177   455   451      0.696     -0.468    -14.602     14.627      0.000
  1133         21  (g)                -51  1120     0  1326  1326   109   455      0.006      0.480    -15.303     15.310      0.000
  1134         -1  (dbar)             -52  1014  1014  1276  1276     0   109     -3.938     -0.991   -188.169    188.213      0.330
  1135         21  (g)                -42  1214  1214   654   654   145   223     -0.000     -0.000     46.119     46.119      0.000
  1136         21  (g)                -41  1215     0  1147   321   147   456      0.000      0.000     -7.492      7.492      0.000
  1137         21  (g)                -44   936   936  1216  1216   216   285      2.926     -0.762     -2.703      4.056      0.000
  1138         21  (g)                -44  1026  1026  1217  1217   148   146     -2.075      0.726     12.736     12.924      0.000
  1139         21  (g)                -44   934   934  1218  1218   147   389      0.769      2.212     -0.921      2.516      0.000
  1140         21  (g)                -44   958   958  1219  1219   398   303     -0.792      0.265      4.803      4.875      0.000
  1141         21  (g)                -44  1024  1024  1172  1173   362   420      0.793     -0.089      2.211      2.351      0.000
  1142         21  (g)                -44   653   653  1221  1221   303   223     -0.490      0.198     12.552     12.563      0.000
  1143         21  (g)                -44   857   857  1174  1174   285   362     -0.015     -0.611     -0.201      0.644      0.000
  1144         21  (g)                -44   935   935  1223  1223   389   216      0.459     -0.171      0.071      0.494      0.000
  1145         21  (g)                -44   959   959  1224  1224   146   398     -1.073     -1.703      9.906     10.109      0.000
  1146         21  (g)                -44  1025  1025  1225  1225   420   148     -0.461      0.466      1.507      1.643      0.000
  1147         21  (g)                -43  1136     0  1226  1226   145   456     -0.040     -0.531     -1.334      1.436      0.000
  1148         -2  (ubar)             -51  1055     0  1566  1566     0   430      0.088     -0.102     -4.362      4.376      0.330
  1149          2  (u)                -51  1055     0  1567  1567   187     0      0.111      2.000    -17.736     17.852      0.330
  1150         21  (g)                -52  1056  1056  1564  1564   246   187      0.374     -1.587      0.862      1.844      0.000
  1151         21  (g)                -51   928     0  1236  1236   457   387      0.064     -0.312      0.716      0.784      0.000
  1152         21  (g)                -51   928     0  1327  1327   108   457      2.212     -0.278     10.441     10.676      0.000
  1153         21  (g)                -52   848   848  1294  1294   359   108      0.172     -0.659      3.797      3.858      0.000
  1154         21  (g)                -51   702     0  1280  1280   314   459     -0.085     -0.410      2.456      2.491      0.000
  1155         21  (g)                -51   702     0  1328  1328   459   299     -0.863      0.644      6.817      6.902      0.000
  1156         21  (g)                -52   782   782  1275  1275   299   339      0.798      0.129      1.900      2.065      0.000
  1157         21  (g)                -51   615     0  1186  1186   460   174      1.030      1.586     -3.921      4.353      0.000
  1158         21  (g)                -51   615     0  1329  1329   139   460      1.732      1.688     -8.061      8.416      0.000
  1159         21  (g)                -52   718   718  1243  1243   228   139      3.869     -1.656    -13.638     14.272      0.000
  1160         21  (g)                -51   457     0  1496  1496   254   462      0.114     -0.137      2.010      2.018      0.000
  1161         21  (g)                -51   457     0  1503  1503   462   151      1.429      0.370      3.054      3.392      0.000
  1162         21  (g)                -52   452   452  1491  1491   151   154      0.006      4.329      9.527     10.465      0.000
  1163         21  (g)                -51   837     0  1611  1611   229   463      0.555      0.184      0.857      1.037      0.000
  1164         21  (g)                -51   837     0  1616  1616   463   350     -0.411      0.288      0.140      0.521      0.000
  1165         21  (g)                -52   836   836  1612  1612   350   355      0.113     -0.216     -0.889      0.922      0.000
  1166         21  (g)                -51   809     0  1429  1429   337   464      2.038     -2.699    -25.351     25.576      0.000
  1167         21  (g)                -51   809     0  1432  1432   464   296      0.300     -0.069     -0.758      0.818      0.000
  1168         21  (g)                -52   907   907  1427  1427   296   380      0.692      0.187     -1.702      1.847      0.000
  1169         21  (g)                -51   723     0  1395  1395   465   120     -0.451     -0.507      0.630      0.926      0.000
  1170         21  (g)                -51   723     0  1402  1402   321   465     -0.254      0.586     -0.049      0.641      0.000
  1171         21  (g)                -52   722   722  1390  1390   220   321     -1.769     -1.023      3.091      3.705      0.000
  1172         21  (g)                -51  1141     0  1220  1220   466   420     -0.110     -0.188      1.213      1.233      0.000
  1173         21  (g)                -51  1141     0  1227  1227   362   466      0.898     -0.075      0.940      1.302      0.000
  1174         21  (g)                -52  1143  1143  1222  1222   285   362     -0.011     -0.436     -0.143      0.459      0.000
  1175         21  (g)                -51  1121     0  1324  1324   467   416      0.482     -0.260    -14.689     14.699      0.000
  1176         21  (g)                -51  1121     0  1330  1330   451   467     -0.047      0.603     -9.487      9.506      0.000
  1177         21  (g)                -52  1132  1132  1309  1309   455   451      0.249     -0.167     -5.217      5.226      0.000
  1178         21  (g)                -51   965     0  1501  1501   468   152      0.612     -1.635     -2.016      2.667      0.000
  1179         21  (g)                -51   965     0  1504  1504   400   468      0.075     -1.366     -3.300      3.572      0.000
  1180         21  (g)                -52   964   964  1494  1494   271   400     -0.057     -2.713     -5.105      5.782      0.000
  1181         21  (g)                -51   741     0  1598  1598   291   469      0.166      0.011     -0.124      0.208      0.000
  1182         21  (g)                -51   741     0  1600  1600   469   326      0.768     -0.358      1.937      2.115      0.000
  1183         21  (g)                -52   740   740  1597  1597   326   207      0.299      0.176      2.714      2.736      0.000
  1184         21  (g)                -51  1050     0  1273  1273   470   290     -0.195      1.197     -5.560      5.691      0.000
  1185         21  (g)                -51  1050     0  1331  1331   174   470     -1.403      0.977     -7.464      7.658      0.000
  1186         21  (g)                -52  1157  1157  1242  1242   460   174      0.906      1.394     -3.447      3.827      0.000
  1187         21  (g)                -51  1019     0  1310  1310   418   472     27.563     24.117     40.911     54.909      0.000
  1188         21  (g)                -51  1019     0  1332  1332   472   103     28.551     26.197     44.124     58.723      0.000
  1189         21  (g)                -52  1020  1020  1262  1262   103   244     11.636     10.858     18.112     24.111      0.000
  1190         21  (g)                -51   758     0  1244  1244   473   332     -4.259     -0.233     12.149     12.877      0.000
  1191         21  (g)                -51   758     0  1333  1333   150   473     -6.332     -1.404     20.702     21.695      0.000
  1192         21  (g)                -52   731   731  1257  1257   323   150     -1.646     -0.484      3.164      3.599      0.000
  1193         21  (g)                -51   797     0  1285  1285   332   474     -8.014     -1.948     27.083     28.311      0.000
  1194         21  (g)                -51   797     0  1334  1334   474   344    -10.117     -2.822     30.900     32.637      0.000
  1195         21  (g)                -52  1066  1066  1290  1290   344   434     -6.161     -1.108     15.761     16.959      0.000
  1196         21  (g)                -51  1069     0  1414  1414   475   282      0.065     -1.026      3.876      4.010      0.000
  1197         21  (g)                -51  1069     0  1422  1422   435   475     -0.146      0.158      2.145      2.155      0.000
  1198         21  (g)                -52  1070  1070  1420  1420   236   435     -0.057     -0.323      2.197      2.221      0.000
  1199         21  (g)                -51   520     0  1391  1391   476   266      0.202      0.368    -10.793     10.801      0.000
  1200         21  (g)                -51   520     0  1403  1403   127   476     -0.920      1.035    -77.991     78.004      0.000
  1201         21  (g)                -52   743   743  1388  1388   327   127     -3.062      1.167    -55.268     55.365      0.000
  1202         21  (g)                -41  1505  1505  1213   669   477   248      0.000      0.000    156.631    156.631      0.000
  1203         21  (g)                -42  1506  1506   423   423   161   179      0.000      0.000    -43.338     43.338      0.000
  1204          2  (u)                -44   982   982  1507  1507   162     0      1.330     -1.821     -0.018      2.280      0.330
  1205          1  (d)                -44   754   754  1508  1508   163     0      2.168      5.767    -10.072     11.811      0.330
  1206         -1  (dbar)             -44   426   426  1509  1509     0   179     -2.953     -1.690    -21.508     21.778      0.330
  1207         21  (g)                -44   427   427  1510  1510   195   162      0.534     -0.213     -5.245      5.276      0.000
  1208         21  (g)                -44   667   667  1511  1511   307   195      0.444     -0.498     -1.377      1.530      0.000
  1209         21  (g)                -44   429   429  1512  1512   161   248     -1.712      0.320      1.553      2.334      0.000
  1210         21  (g)                -44   668   668  1513  1513   205   307     -1.180     -1.524     -0.814      2.092      0.000
  1211         21  (g)                -44   984   984  1514  1514   330   163      0.330      0.508     -0.567      0.830      0.000
  1212         -2  (ubar)             -44   983   983  1515  1515     0   330      0.683     -1.008      0.793      1.490      0.330
  1213         21  (g)                -43  1202     0  1516  1516   477   205      0.355      0.160    150.548    150.549      0.000
  1214         21  (g)                -42  1474  1474  1135  1135   145   223      0.000     -0.000     46.119     46.119      0.000
  1215         21  (g)                -41  1475  1475  1228  1136   478   456     -0.000      0.000    -15.192     15.192      0.000
  1216         21  (g)                -44  1137  1137  1476  1476   216   285      2.870     -0.630     -2.741      4.018      0.000
  1217         21  (g)                -44  1138  1138  1477  1477   148   146     -2.077      0.729     12.766     12.954      0.000
  1218         21  (g)                -44  1139  1139  1478  1478   147   389      0.740      2.279     -0.884      2.554      0.000
  1219         21  (g)                -44  1140  1140  1479  1479   398   303     -0.793      0.267      4.814      4.886      0.000
  1220         21  (g)                -44  1172  1172  1480  1480   466   420     -0.110     -0.188      1.211      1.230      0.000
  1221         21  (g)                -44  1142  1142  1481  1481   303   223     -0.490      0.198     12.558     12.569      0.000
  1222         21  (g)                -44  1174  1174  1482  1482   285   362     -0.016     -0.424     -0.151      0.451      0.000
  1223         21  (g)                -44  1144  1144  1483  1483   389   216      0.455     -0.163      0.063      0.487      0.000
  1224         21  (g)                -44  1145  1145  1484  1484   146   398     -1.075     -1.699      9.880     10.083      0.000
  1225         21  (g)                -44  1146  1146  1485  1485   420   148     -0.462      0.469      1.520      1.656      0.000
  1226         21  (g)                -44  1147  1147  1486  1486   145   456     -0.064     -0.476     -1.344      1.427      0.000
  1227         21  (g)                -44  1173  1173  1487  1487   362   466      0.895     -0.068      0.931      1.293      0.000
  1228         21  (g)                -43  1215     0  1488  1488   478   147      0.126     -0.294     -7.695      7.702      0.000
  1229          2  (u)                -61     1     0   337   337   123     0     -0.137     -0.830   1812.502   1812.502      0.000
  1230          2  (u)                -61     2     0    57    57   117     0      4.411      0.930  -4039.056   4039.059      0.000
  1231         21  (g)                -62  1018  1018  2362  2362   257   418    164.421    145.407    242.633    327.182      0.000
  1232          2  (u)                -62   906   906  1765  1765   104     0   -259.234   -284.058  -2463.023   2492.864      0.330
  1233         21  (g)                -62   660   660  2375  2375   252   256      2.785      0.205      3.022      4.115      0.000
  1234         21  (g)                -62   675   675  2238  2238   203   222    -14.456     -2.559     32.176     35.367      0.000
  1235         21  (g)                -62  1000  1000  2211  2211   412   275     -0.544      1.281      9.082      9.188      0.000
  1236         21  (g)                -62  1151  1151  1710     0   457   426      0.064     -0.312      0.716      0.784      0.000
  1237         21  (g)                -62  1116  1116  1704     0   272   101      3.697      7.753   -183.071    183.272      0.000
  1238          1  (d)                -62   655   655  2086  2086   117     0     -6.396     -4.175   -399.227    399.300      0.330
  1239         21  (g)                -62  1102  1102  1658     0   445   375     -0.166     -1.427     -0.005      1.437      0.000
  1240          2  (u)                -62   770   770  2203  2203   336     0      1.796      1.151    105.787    105.809      0.330
  1241         21  (g)                -62  1051  1051  2370  2370   329   429      2.529      1.887      2.526      4.042      0.000
  1242         21  (g)                -62  1186  1186  1705     0   460   360      0.909      1.395     -3.446      3.828      0.000
  1243         21  (g)                -62  1159  1159  1839  1839   228   125      3.884     -1.653    -13.636     14.274      0.000
  1244         21  (g)                -62  1190  1190  2233  2233   473   332     -4.260     -0.238     12.147     12.874      0.000
  1245         21  (g)                -62   963   963  1804  1804   158   345      1.434     -1.285      1.037      2.186      0.000
  1246         21  (g)                -62  1128  1128  2224  2224   202   236     -3.139     -1.308     15.642     16.007      0.000
  1247         21  (g)                -62   868   868  2381  2381   334   366     -0.150      0.143     -2.533      2.542      0.000
  1248         21  (g)                -62  1048  1048  1706     0   428   133     -0.676     -0.153     -7.441      7.473      0.000
  1249         21  (g)                -62  1030  1030  2367  2367   422   175      3.802      3.686      6.223      8.171      0.000
  1250         21  (g)                -62  1039  1039  2227  2227   425   392     -3.017      0.233      8.788      9.294      0.000
  1251         21  (g)                -62  1113  1113  1714     0   118   203     -0.521     -1.181      5.672      5.817      0.000
  1252         21  (g)                -62  1080  1080  2387  2387   221   213     -4.471     -5.486    -27.842     28.727      0.000
  1253          1  (d)                -62   976   976  2388  2388   213     0     -1.480     -2.022    -18.768     18.937      0.330
  1254         21  (g)                -62  1108  1108  1702     0   447   354      0.441     -0.553     -1.030      1.249      0.000
  1255         21  (g)                -62  1110  1110  1845  1845   421   219     -0.557      1.479    -11.595     11.702      0.000
  1256         21  (g)                -62  1078  1078  1620     0   211   142     -0.486     -0.793     -6.530      6.596      0.000
  1257         21  (g)                -62  1192  1192  2235  2235   323   150     -1.646     -0.486      3.163      3.599      0.000
  1258         21  (g)                -62   469   469  2359  2359   102   226     11.929      8.400     15.035     20.950      0.000
  1259         21  (g)                -62   716   716  1841  1841   217   319     -0.466      0.154     -0.884      1.011      0.000
  1260          3  (s)                -62   461   461  1706     0   133     0     -0.172     -0.073     -2.669      2.722      0.500
  1261         21  (g)                -62   978   978  1767  1767   234   379     -4.769     -4.651    -44.289     44.787      0.000
  1262         21  (g)                -62  1189  1189  1622     0   103   244     11.638     10.849     18.122     24.116      0.000
  1263         21  (g)                -62  1009  1009  1713     0   406   282      1.381      0.265     11.281     11.368      0.000
  1264         21  (g)                -62   913   913  1624     0   382   252      2.162     -0.561      2.654      3.469      0.000
  1265         -3  (sbar)             -62  1104  1104  1810  1810     0   233     -1.753     -1.643     -1.080      2.681      0.500
  1266         21  (g)                -62  1077  1077  2377  2377   304   160     17.334      0.159     10.852     20.451      0.000
  1267         21  (g)                -62   817   817  2360  2360   226   349      8.532      8.253     13.735     18.153      0.000
  1268         21  (g)                -62  1111  1111  1659     0   259   444     -0.370      0.315     -0.338      0.592      0.000
  1269         21  (g)                -62   794   794  2207  2207   331   241      0.489      0.022      3.208      3.245      0.000
  1270         21  (g)                -62  1122  1122  1850  1850   416   305      1.231      1.342    -41.325     41.365      0.000
  1271         21  (g)                -62   883   883  2210  2210   275   371     -1.553      6.358     50.300     50.724      0.000
  1272         21  (g)                -62  1029  1029  1704     0   101   284      1.041      2.104    -48.285     48.342      0.000
  1273         21  (g)                -62  1184  1184  1833  1833   470   290     -0.189      1.198     -5.560      5.690      0.000
  1274         21  (g)                -62   961   961  1660     0   293   377     -0.816     -2.536     -1.255      2.945      0.000
  1275         21  (g)                -62  1156  1156  2221  2221   299   339      0.798      0.129      1.900      2.065      0.000
  1276         -1  (dbar)             -62  1134  1134  1857  1857     0   109     -3.732     -0.948   -188.172    188.212      0.330
  1277         21  (g)                -62   659   659  2376  2376   256   304      0.541      0.374      0.514      0.835      0.000
  1278         21  (g)                -62  1114  1114  1849  1849   305   449      1.037      2.931    -93.076     93.128      0.000
  1279         21  (g)                -62   733   733  2237  2237   222   308     -0.524     -0.208      1.489      1.592      0.000
  1280         21  (g)                -62  1154  1154  1709     0   314   393     -0.085     -0.412      2.456      2.491      0.000
  1281         21  (g)                -62   717   717  1840  1840   319   228      1.039      0.012     -8.661      8.723      0.000
  1282         21  (g)                -62   732   732  2236  2236   308   323     -4.837      1.285      9.910     11.102      0.000
  1283         21  (g)                -62   750   750  2368  2368   175   214      2.420      3.397      5.962      7.276      0.000
  1284         21  (g)                -62   885   885  2208  2208   107   331      0.054      0.920      9.180      9.227      0.000
  1285         21  (g)                -62  1193  1193  2232  2232   332   474     -8.016     -1.960     27.078     28.307      0.000
  1286         21  (g)                -62   973   973  2380  2380   405   334     -0.188      1.410     -3.472      3.752      0.000
  1287         21  (g)                -62   796   796  2204  2204   268   336      6.767      2.520    558.990    559.036      0.000
  1288         21  (g)                -62   847   847  2220  2220   339   359      1.075      0.188      6.460      6.552      0.000
  1289         21  (g)                -62   795   795  2205  2205   343   268     -0.960     -0.388     17.408     17.439      0.000
  1290         21  (g)                -62  1195  1195  2230  2230   344   434     -6.162     -1.116     15.757     16.956      0.000
  1291         21  (g)                -62   801   801  1803  1803   345   386      1.268     -0.258     -0.382      1.349      0.000
  1292         21  (g)                -62   818   818  2361  2361   349   257     30.876     26.676     44.325     60.246      0.000
  1293         21  (g)                -62  1032  1032  2365  2365   244   353      0.702      0.541      1.286      1.562      0.000
  1294         21  (g)                -62  1153  1153  2219  2219   359   108      0.172     -0.661      3.797      3.858      0.000
  1295         21  (g)                -62   970   970  2382  2382   366   404     -0.726      0.750     -2.934      3.114      0.000
  1296         21  (g)                -62   884   884  2209  2209   371   107     -1.285      8.816     58.608     59.281      0.000
  1297         21  (g)                -62   893   893  1807  1807   375   293     -0.004     -0.583     -0.773      0.968      0.000
  1298         21  (g)                -62   905   905  1766  1766   379   104    -21.876    -25.444   -231.854    234.270      0.000
  1299         21  (g)                -62  1062  1062  2373  2373   126   322      1.767      0.235      1.756      2.502      0.000
  1300         21  (g)                -62   981   981  2216  2216   387   249      1.123     -0.667      8.575      8.674      0.000
  1301         21  (g)                -62  1126  1126  2226  2226   392   453     -1.078      0.273      5.451      5.563      0.000
  1302         21  (g)                -62   962   962  1805  1805   399   158     -0.722     -0.589     -1.129      1.464      0.000
  1303         21  (g)                -62   971   971  2383  2383   404   211     -1.188     -0.087     -1.273      1.743      0.000
  1304         21  (g)                -62  1075  1075  1621     0   436   157     -0.523     -0.358      0.050      0.635      0.000
  1305         -1  (dbar)             -62   977   977  1768  1768     0   234     -0.668     -0.080     -6.494      6.537      0.330
  1306         21  (g)                -62   980   980  2215  2215   249   406     -0.023      0.399      2.155      2.191      0.000
  1307         21  (g)                -62  1011  1011  2212  2212   106   412     -0.327     13.792     87.840     88.917      0.000
  1308         21  (g)                -62  1010  1010  2213  2213   415   106      0.132      0.758     12.401     12.425      0.000
  1309         21  (g)                -62  1177  1177  1855  1855   455   451      0.254     -0.166     -5.217      5.226      0.000
  1310         21  (g)                -62  1187  1187  2363  2363   418   472     27.567     24.097     40.935     54.921      0.000
  1311         21  (g)                -62  1028  1028  1846  1846   284   421      0.211      0.919    -17.600     17.625      0.000
  1312         21  (g)                -62  1031  1031  2366  2366   353   422     38.049     32.573     62.111     79.790      0.000
  1313         21  (g)                -62  1068  1068  2228  2228   159   425     -2.771      0.248      5.391      6.067      0.000
  1314         21  (g)                -62  1049  1049  1832  1832   290   428     -0.673      1.192     -8.621      8.729      0.000
  1315         21  (g)                -62  1060  1060  2371  2371   429   432      0.701      0.193      1.583      1.742      0.000
  1316         21  (g)                -62  1061  1061  2372  2372   432   126      1.226      0.234      0.470      1.334      0.000
  1317         21  (g)                -62  1067  1067  2229  2229   434   159     -1.276     -0.460      4.798      4.986      0.000
  1318         21  (g)                -62  1076  1076  2378  2378   160   436      1.484      0.215      0.617      1.621      0.000
  1319         21  (g)                -62  1079  1079  2385  2385   437   177     -0.328      0.321     -1.062      1.157      0.000
  1320         21  (g)                -62  1103  1103  1809  1809   233   440     -1.500     -2.766     -1.227      3.378      0.000
  1321         21  (g)                -62  1109  1109  1844  1844   219   424     -0.132      0.080     -3.830      3.833      0.000
  1322         21  (g)                -62  1112  1112  2240  2240   448   475      0.324     -0.418      0.517      0.739      0.000
  1323         21  (g)                -62  1115  1115  1703     0   449   316      0.082      0.083     -0.682      0.692      0.000
  1324         21  (g)                -62  1175  1175  1851  1851   467   416      0.498     -0.257    -14.689     14.700      0.000
  1325         21  (g)                -62  1127  1127  2225  2225   453   202     -0.288     -0.560      2.168      2.257      0.000
  1326         21  (g)                -62  1133  1133  1856  1856   109   455      0.023      0.484    -15.303     15.310      0.000
  1327         21  (g)                -62  1152  1152  2218  2218   108   457      2.211     -0.283     10.442     10.677      0.000
  1328         21  (g)                -62  1155  1155  1711     0   459   299     -0.863      0.641      6.817      6.901      0.000
  1329         21  (g)                -62  1158  1158  1837  1837   139   143      1.741      1.690     -8.060      8.417      0.000
  1330         21  (g)                -62  1176  1176  1854  1854   451   141     -0.037      0.605     -9.486      9.506      0.000
  1331         21  (g)                -62  1185  1185  1834  1834   174   470     -1.395      0.978     -7.465      7.657      0.000
  1332         21  (g)                -62  1188  1188  1622     0   472   103     28.555     26.175     44.150     58.734      0.000
  1333         21  (g)                -62  1191  1191  2234  2234   150   473     -6.334     -1.414     20.698     21.692      0.000
  1334         21  (g)                -62  1194  1194  2231  2231   474   344    -10.119     -2.836     30.893     32.632      0.000
  1335         21  (g)                -61     1     0   291   291   128   110      1.534      3.106    284.615    284.636      0.000
  1336          1  (d)                -61     2     0   188   188   178     0     -1.109     -0.581   -101.179    101.186      0.000
  1337         21  (g)                -62   919   919  1700     0   384   144      0.410      0.633     -0.152      0.769      0.000
  1338          1  (d)                -62   190   190  2037  2037   112     0     -1.550    -10.936    -81.763     82.506      0.330
  1339         21  (g)                -62  1008  1008  1740  1740   128   149      1.072      2.617    134.730    134.759      0.000
  1340         21  (g)                -62   787   787  2038  2038   328   112     -0.163      0.158     -0.330      0.401      0.000
  1341         21  (g)                -62   861   861  1701     0   315   300      0.734      0.512      2.963      3.095      0.000
  1342         -2  (ubar)             -62   721   721  2052  2052     0   111     -2.150     -0.721     29.411     29.500      0.330
  1343         21  (g)                -62   592   592  2048  2048   283   169      2.030      1.081      2.507      3.402      0.000
  1344         21  (g)                -62   433   433  2087  2087   178   250     -3.812     -2.723     -4.208      6.297      0.000
  1345         21  (g)                -62   891   891  1631     0   311   110     -0.224     -0.085      0.000      0.240      0.000
  1346         21  (g)                -62   921   921  2046  2046   242   238      1.289      2.185      3.971      4.712      0.000
  1347         21  (g)                -62   393   393  2047  2047   169   242      2.803      6.134      2.947      7.360      0.000
  1348         21  (g)                -62   634   634  2088  2088   250   297     -0.879     -0.333     -1.156      1.490      0.000
  1349         21  (g)                -62   937   937  2049  2049   390   283     -0.219      0.169      0.913      0.954      0.000
  1350         21  (g)                -62  1084  1084  2089  2089   297   439      0.958     -0.577     -0.372      1.179      0.000
  1351         21  (g)                -62   748   748  2041  2041   317   134      0.621      1.415      2.481      2.923      0.000
  1352          2  (u)                -62  1006  1006  1738  1738   414     0     -1.930     -1.296     63.593     63.636      0.330
  1353         21  (g)                -62  1086  1086  2091  2091   215   374      0.804      0.957      1.312      1.812      0.000
  1354         21  (g)                -62   705   705  1700     0   144   315      0.174      0.647      0.080      0.675      0.000
  1355         21  (g)                -62   859   859  2042  2042   363   317     -0.436     -0.243      0.341      0.604      0.000
  1356         21  (g)                -62   939   939  2051  2051   111   320     -0.161      0.169      1.102      1.126      0.000
  1357         21  (g)                -62   785   785  2040  2040   134   340      0.028      0.307     -1.306      1.342      0.000
  1358         21  (g)                -62   786   786  2039  2039   340   328      1.184     -1.464     -2.842      3.409      0.000
  1359         21  (g)                -62   860   860  1701     0   300   363      0.843      0.360      2.070      2.264      0.000
  1360         21  (g)                -62   890   890  1631     0   374   311     -0.295      0.570      0.055      0.644      0.000
  1361         21  (g)                -62   920   920  2045  2045   238   384     -0.092      3.820      1.419      4.076      0.000
  1362         21  (g)                -62   938   938  2050  2050   320   390     -0.312     -1.752     13.970     14.082      0.000
  1363         21  (g)                -62  1007  1007  1739  1739   149   414     -0.509      0.398     11.939     11.957      0.000
  1364         21  (g)                -62  1085  1085  2090  2090   439   215      0.206      0.520     -0.236      0.607      0.000
  1365          2  (u)                -61     1     0   162   162   309     0     -1.433     -0.131    323.511    323.514      0.000
  1366         21  (g)                -61     2     0   449   449   338   115      0.638     -0.938    -61.472     61.482      0.000
  1367          2  (u)                -62   843   843  1902  1902   116     0     -5.058     -5.401      2.151      7.713      0.330
  1368         21  (g)                -62   952   952  1921  1921   114   396      4.053      8.584     96.938     97.402      0.000
  1369          2  (u)                -62  1015  1015  1966  1966   417     0     -1.314     -2.045     53.665     53.721      0.330
  1370         21  (g)                -62   841   841  1692     0   155   210      2.186     -0.359      1.980      2.971      0.000
  1371         21  (g)                -62   955   955  1628     0   168   164     -1.491     -3.537    -48.872     49.022      0.000
  1372         21  (g)                -62  1123  1123  1674     0   113   251      1.391      0.391      3.275      3.579      0.000
  1373         21  (g)                -62  1125  1125  1667     0   239   181     -0.065     -0.009     26.823     26.823      0.000
  1374         -2  (ubar)             -62   448   448  1716     0     0   463     -1.627      0.631      0.056      1.777      0.330
  1375         21  (g)                -62  1095  1095  1697     0   279   367      0.078      1.081     10.667     10.722      0.000
  1376         21  (g)                -62   842   842  1689     0   357   303     -0.183     -0.067      1.239      1.254      0.000
  1377         21  (g)                -62   957   957  1632     0   369   121     -0.033     -0.209     -4.306      4.311      0.000
  1378         21  (g)                -62  1093  1093  1920  1920   396   442      0.619      0.438      9.539      9.569      0.000
  1379         21  (g)                -62   956   956  1626     0   397   369      0.070     -0.544     -3.467      3.510      0.000
  1380         21  (g)                -62  1017  1017  1662     0   407   373      0.323     -0.541     11.805     11.822      0.000
  1381         21  (g)                -62  1016  1016  1967  1967   180   417     -0.528     -3.097     60.527     60.609      0.000
  1382         21  (g)                -62  1094  1094  1697     0   442   279      0.669      3.105     35.806     35.947      0.000
  1383         21  (g)                -62  1124  1124  1679     0   452   438      0.115      0.509      4.212      4.244      0.000
  1384         21  (g)                -61     1     0   513   513   266   266      1.603      0.597      6.311      6.539      0.000
  1385         21  (g)                -61     2     0   514   514   119   119     -1.618     -1.212   -533.260    533.264      0.000
  1386         21  (g)                -62   991   991  1644     0   409   206      5.011     -1.132    -88.085     88.235      0.000
  1387         21  (g)                -62   864   864  1641     0   120   262     -1.562     -0.074     -2.039      2.569      0.000
  1388         21  (g)                -62  1201  1201  1627     0   327   194     -3.217      1.046    -54.927     55.031      0.000
  1389         21  (g)                -62   779   779  1643     0   267   258      0.756      0.057    -25.658     25.669      0.000
  1390         21  (g)                -62  1171  1171  1688     0   220   324     -0.921     -0.707      3.302      3.500      0.000
  1391         21  (g)                -62  1199  1199  1634     0   476   122      0.170      0.343    -10.834     10.840      0.000
  1392         21  (g)                -62   522   522  2301  2301   206   267      5.458     -1.404   -125.541    125.667      0.000
  1393         21  (g)                -62   862   862  1718     0   364   321     -0.584      0.761     -0.133      0.969      0.000
  1394         21  (g)                -62   895   895  1690     0   301   246     -0.446     -0.270      0.110      0.532      0.000
  1395         21  (g)                -62  1169  1169  1694     0   465   411     -0.257     -0.434      0.697      0.861      0.000
  1396         21  (g)                -62  1063  1063  2106  2106   433   327     -1.191      0.072    -24.142     24.172      0.000
  1397         21  (g)                -62  1065  1065  2096  2096   338   240     -0.131     -0.876    -38.578     38.588      0.000
  1398         21  (g)                -62   863   863  2315  2315   286   120     -2.735      1.100     -2.587      3.922      0.000
  1399         21  (g)                -62   993   993  1630     0   376   478     -0.317     -0.407     -3.550      3.587      0.000
  1400         21  (g)                -62   992   992  2303  2303   122   280      1.960      0.358    -31.664     31.727      0.000
  1401         21  (g)                -62  1064  1064  1632     0   121   167     -0.674     -0.518    -45.362     45.370      0.000
  1402         21  (g)                -62  1170  1170  1717     0   321   172     -0.182      0.613     -0.050      0.641      0.000
  1403         21  (g)                -62  1200  1200  2105  2105   127   433     -1.155      0.858    -77.909     77.922      0.000
  1404         21  (g)                -61     1     0  1044  1044   204   204     -1.841     -0.919    107.315    107.335      0.000
  1405         21  (g)                -61     2     0   900   900   124   124      2.154      1.338    -25.498     25.624      0.000
  1406          2  (u)                -62  1099  1099  1799  1799   444     0     -0.020     -0.443      3.681      3.723      0.330
  1407         -2  (ubar)             -62   811   811  2241  2241     0   448     -0.436      6.475     -5.683      8.632      0.330
  1408         21  (g)                -62  1042  1042  1660     0   377   399     -0.684     -1.667     -1.340      2.245      0.000
  1409         21  (g)                -62   927   927  1838  1838   125   139      2.868     -0.436     -6.603      7.212      0.000
  1410         21  (g)                -62   945   945  1713     0   282   415      1.143      0.196     13.516     13.566      0.000
  1411         21  (g)                -62  1071  1071  2206  2206   241   343     -0.281     -0.562      7.586      7.612      0.000
  1412         21  (g)                -62   403   403  1623     0   243   102      1.080     -1.031     29.557     29.595      0.000
  1413         21  (g)                -62   925   925  1659     0   255   259     -1.798      1.968     -2.088      3.386      0.000
  1414         21  (g)                -62  1196  1196  1714     0   475   118      0.004     -1.056      3.845      3.988      0.000
  1415         21  (g)                -62   812   812  1801  1801   347   255     -0.495      4.059     -2.126      4.608      0.000
  1416         21  (g)                -62   899   899  2386  2386   177   221     -0.312     -0.829     -2.365      2.525      0.000
  1417         21  (g)                -62   926   926  1802  1802   386   347      0.363      0.687     -0.457      0.901      0.000
  1418         21  (g)                -62  1101  1101  1623     0   123   243      0.008     -0.119      2.982      2.985      0.000
  1419         21  (g)                -62  1043  1043  1710     0   426   387      0.161     -0.514      1.492      1.587      0.000
  1420         21  (g)                -62  1198  1198  1709     0   236   314     -0.094     -0.341      2.183      2.211      0.000
  1421         21  (g)                -62  1100  1100  1712     0   393   435     -1.012     -6.109     35.494     36.030      0.000
  1422         21  (g)                -62  1197  1197  1711     0   435   459     -0.183      0.140      2.141      2.153      0.000
  1423         21  (g)                -61     1     0   803   803   110   309      0.731      0.362      2.183      2.330      0.000
  1424         21  (g)                -61     2     0   804   804   171   131     -0.004      2.693    -96.800     96.838      0.000
  1425         21  (g)                -62   805   805  2182  2182   171   337      0.519     -2.308    -23.548     23.667      0.000
  1426         21  (g)                -62   806   806  2094  2094   325   131     -1.275      4.683    -27.886     28.305      0.000
  1427         21  (g)                -62  1168  1168  1707     0   296   380      0.716      0.251     -1.838      1.988      0.000
  1428         21  (g)                -62   808   808  2093  2093   110   325     -1.998      2.794    -15.133     15.518      0.000
  1429         21  (g)                -62  1166  1166  2181  2181   337   464      2.071     -1.968    -25.627     25.786      0.000
  1430         21  (g)                -62   909   909  2178  2178   129   309      0.870     -0.353      1.444      1.723      0.000
  1431         21  (g)                -62   908   908  2179  2179   380   129     -0.487     -0.003     -1.223      1.317      0.000
  1432         21  (g)                -62  1167  1167  1707     0   464   296      0.310     -0.041     -0.807      0.865      0.000
  1433         21  (g)                -61     1     0   490   490   138   138     -0.170      1.405     88.952     88.964      0.000
  1434         21  (g)                -61     2     0   828   828   156   156     -2.864     -2.879    -29.027     29.310      0.000
  1435         21  (g)                -62  1033  1033  1635     0   423   446      0.635      0.288     -4.173      4.231      0.000
  1436         21  (g)                -62   999   999  1915  1915   270   136      1.397     -4.705     12.499     13.428      0.000
  1437         21  (g)                -62   763   763  1663     0   265   378     -1.218      0.537      1.275      1.843      0.000
  1438         21  (g)                -62  1083  1083  1689     0   218   357     -1.361     -0.671     12.354     12.447      0.000
  1439         21  (g)                -62  1081  1081  1980  1980   438   264     -1.045      1.114     13.599     13.685      0.000
  1440         21  (g)                -62   882   882  1684     0   367   362      0.060      0.015      0.060      0.086      0.000
  1441         21  (g)                -62   994   994  1639     0   262   318     -0.396     -0.116     -0.443      0.605      0.000
  1442         21  (g)                -62   997   997  1694     0   411   335     -1.324     -1.676      2.048      2.959      0.000
  1443         21  (g)                -62   637   637  1647     0   298   147      0.457      0.844     -0.931      1.338      0.000
  1444         21  (g)                -62   816   816  1685     0   335   291      0.090     -0.536      0.036      0.545      0.000
  1445         21  (g)                -62  1035  1035  1629     0   348   388     -0.319      0.695     -8.371      8.405      0.000
  1446         21  (g)                -62   901   901  1663     0   378   395     -0.710      0.351      0.902      1.200      0.000
  1447         21  (g)                -62   762   762  1686     0   333   281     -0.711     -0.212     -0.163      0.760      0.000
  1448         21  (g)                -62   880   880  1985  1985   370   229      1.340      1.142      2.147      2.777      0.000
  1449         21  (g)                -62   815   815  1650     0   135   212      0.206      0.110     -0.085      0.248      0.000
  1450         21  (g)                -62   933   933  1637     0   352   350      0.224     -0.194     -0.967      1.011      0.000
  1451         21  (g)                -62   949   949  1671     0   395   358     -0.340      0.086      0.614      0.707      0.000
  1452         21  (g)                -62   881   881  1686     0   281   301     -0.220     -0.035      0.002      0.223      0.000
  1453         21  (g)                -62   996   996  1656     0   137   389      0.233     -0.076     -0.023      0.246      0.000
  1454         21  (g)                -62   932   932  1629     0   388   165      0.047      0.412     -4.802      4.820      0.000
  1455         21  (g)                -62   950   950  1662     0   253   407      0.270     -0.278      7.656      7.665      0.000
  1456         21  (g)                -62   995   995  1651     0   410   330      0.622      0.579     -2.224      2.381      0.000
  1457         21  (g)                -62   998   998  1698     0   136   218     -0.190     -0.224      1.877      1.900      0.000
  1458         21  (g)                -62  1034  1034  1626     0   289   397     -0.051     -0.703     -3.799      3.864      0.000
  1459         21  (g)                -62  1082  1082  1670     0   245   294     -0.729      1.780     30.837     30.897      0.000
  1460         21  (g)                -61     1     0   685   685   310   310      1.464     -0.149      4.373      4.614      0.000
  1461         21  (g)                -61     2     0   852   852   140   140     -0.031     -0.112   -197.336    197.336      0.000
  1462         21  (g)                -62   850   850  1705     0   360   174      1.000      2.178     -5.273      5.792      0.000
  1463         21  (g)                -62  1096  1096  1852  1852   443   467      0.815     -3.788   -130.988    131.045      0.000
  1464         21  (g)                -62  1087  1087  1842  1842   354   217     -5.056     -0.288    -10.605     11.752      0.000
  1465         21  (g)                -62   725   725  2369  2369   214   329      1.221      1.346      0.988      2.069      0.000
  1466         21  (g)                -62   707   707  1703     0   316   272      0.918      0.644     -9.948     10.011      0.000
  1467         21  (g)                -62   708   708  1620     0   142   437     -0.469     -0.648     -5.797      5.852      0.000
  1468         21  (g)                -62  1036  1036  1624     0   322   382      1.603     -0.332      1.253      2.062      0.000
  1469         21  (g)                -62  1038  1038  1621     0   157   405     -0.211     -0.189     -0.020      0.284      0.000
  1470         21  (g)                -62   851   851  1836  1836   143   460      1.249      2.261    -10.482     10.795      0.000
  1471         21  (g)                -62  1037  1037  1702     0   424   447      0.071     -0.070     -0.269      0.286      0.000
  1472         21  (g)                -62  1098  1098  1658     0   440   445     -0.039     -0.172     -0.037      0.181      0.000
  1473         21  (g)                -62  1097  1097  1853  1853   141   443      0.331     -1.203    -21.785     21.821      0.000
  1474         21  (g)                -61     1     0  1214  1214   456   456     -3.008     -0.986     46.225     46.333      0.000
  1475         21  (g)                -61     2     0  1215  1215   223   223     -2.338     -1.096    -15.117     15.336      0.000
  1476         21  (g)                -62  1216  1216  1640     0   216   302      2.321     -0.882     -2.835      3.768      0.000
  1477         21  (g)                -62  1217  1217  1680     0   148   398     -2.939      0.444     12.870     13.208      0.000
  1478         21  (g)                -62  1218  1218  1649     0   147   427      0.430      2.141     -0.964      2.387      0.000
  1479         21  (g)                -62  1219  1219  1680     0   398   254     -1.118      0.159      4.854      4.983      0.000
  1480         21  (g)                -62  1220  1220  1683     0   466   146     -0.192     -0.215      1.223      1.257      0.000
  1481         21  (g)                -62  1221  1221  1691     0   303   196     -1.313     -0.071     12.604     12.672      0.000
  1482         21  (g)                -62  1222  1222  1696     0   285   205     -0.073     -0.450     -0.138      0.476      0.000
  1483         21  (g)                -62  1223  1223  1656     0   389   162      0.406     -0.183      0.049      0.448      0.000
  1484         21  (g)                -62  1224  1224  1682     0   146   356     -1.750     -1.923      9.995     10.327      0.000
  1485         21  (g)                -62  1225  1225  1661     0   420   151     -0.578      0.429      1.532      1.693      0.000
  1486         21  (g)                -62  1226  1226  2313  2313   145   400     -0.281     -0.577     -1.322      1.469      0.000
  1487         21  (g)                -62  1227  1227  1684     0   362   155      0.799     -0.104      0.896      1.205      0.000
  1488         21  (g)                -62  1228  1228  1625     0   478   201     -1.059     -0.849     -7.655      7.775      0.000
  1489         21  (g)                -61     1     0   966   966   154   154     -2.875     -2.178     16.424     16.815      0.000
  1490         21  (g)                -61     2     0   451   451   152   152     -0.198     -0.574    -58.318     58.322      0.000
  1491         21  (g)                -62  1162  1162  1672     0   151   190     -1.726      3.015      9.694     10.298      0.000
  1492         21  (g)                -62   700   700  1651     0   153   410      0.769      0.551     -3.190      3.328      0.000
  1493         21  (g)                -62  1090  1090  1655     0   351   287     -2.076      2.305     -7.791      8.386      0.000
  1494         21  (g)                -62  1180  1180  1642     0   271   468     -0.136     -2.813     -5.271      5.976      0.000
  1495         21  (g)                -62   697   697  2097  2097   240   168     -0.441     -1.869    -27.841     27.907      0.000
  1496         21  (g)                -62  1160  1160  1683     0   254   466     -0.235     -0.402      1.992      2.046      0.000
  1497         21  (g)                -62   534   534  1625     0   201   289     -0.600     -0.390     -3.719      3.787      0.000
  1498         21  (g)                -62   825   825  1635     0   185   423      0.107      0.035     -0.482      0.495      0.000
  1499         21  (g)                -62  1092  1092  1652     0   313   163     -0.079      0.119     -0.425      0.448      0.000
  1500         21  (g)                -62   824   824  1640     0   312   216      0.316     -0.196     -0.357      0.515      0.000
  1501         21  (g)                -62  1178  1178  2311  2311   468   312      0.547     -1.701     -2.064      2.730      0.000
  1502         21  (g)                -62  1091  1091  1753  1753   441   361     -0.429      0.067     -2.234      2.276      0.000
  1503         21  (g)                -62  1161  1161  1676     0   462   326      0.871     -0.054      3.167      3.285      0.000
  1504         21  (g)                -62  1179  1179  1642     0   400   271      0.039     -1.419     -3.373      3.660      0.000
  1505         21  (g)                -61     1     0  1202  1202   179   179     -0.322     -1.688    156.640    156.650      0.000
  1506         21  (g)                -61     2     0  1203  1203   248   248      0.399     -0.823    -43.334     43.343      0.000
  1507          2  (u)                -62  1204  1204  1657     0   162     0      1.338     -1.856     -0.003      2.312      0.330
  1508          1  (d)                -62  1205  1205  1750  1750   163     0      2.267      5.550    -10.082     11.735      0.330
  1509         -1  (dbar)             -62  1206  1206  1648     0     0   342     -2.754     -2.102    -21.516     21.795      0.330
  1510         21  (g)                -62  1207  1207  2308  2308   195   185      0.582     -0.313     -5.240      5.282      0.000
  1511         21  (g)                -62  1208  1208  1636     0   307   352      0.457     -0.527     -1.372      1.539      0.000
  1512         21  (g)                -62  1209  1209  1677     0   161   265     -1.712      0.291      1.542      2.323      0.000
  1513         21  (g)                -62  1210  1210  1906  1906   205   454     -1.168     -1.558     -0.815      2.111      0.000
  1514         21  (g)                -62  1211  1211  1647     0   330   298      0.336      0.494     -0.567      0.823      0.000
  1515         -2  (ubar)             -62  1212  1212  1720  1720     0   225      0.684     -1.027      0.801      1.508      0.330
  1516         21  (g)                -62  1213  1213  1974  1974   477   191      0.046     -1.463    150.558    150.565      0.000
  1517         21  (g)                -61     1     0   558   558   166   166      2.833     -0.591    400.024    400.034      0.000
  1518         21  (g)                -61     2     0   482   482   261   261     -1.371      1.428   -741.965    741.968      0.000
  1519         21  (g)                -62   483   483  2102  2102   167   189     -1.846     -2.738   -542.781    542.791      0.000
  1520         21  (g)                -62   969   969  1644     0   280   409      0.263     -0.187     -4.971      4.981      0.000
  1521         21  (g)                -62   912   912  1654     0   273   278     -0.188      0.469     -3.701      3.736      0.000
  1522         21  (g)                -62   574   574  1628     0   164   376     -0.617     -1.262    -16.700     16.759      0.000
  1523         21  (g)                -62   865   865  1665     0   264   274     -0.906      0.523     10.092     10.146      0.000
  1524         21  (g)                -62   967   967  2104  2104   403   127     -0.118      0.529    -28.143     28.149      0.000
  1525         21  (g)                -62   867   867  1977  1977   247   239      3.675      0.077    356.947    356.966      0.000
  1526         -2  (ubar)             -62   728   728  1990  1990     0   161      0.594      0.125      1.124      1.319      0.330
  1527         21  (g)                -62   910   910  1627     0   194   348     -1.011      0.421    -18.404     18.436      0.000
  1528         21  (g)                -62   791   791  1654     0   278   441     -1.022      1.255     -9.745      9.878      0.000
  1529         21  (g)                -62   584   584  1633     0   165   187      0.825      3.177    -28.626     28.813      0.000
  1530          2  (u)                -62   793   793  1719  1719   225     0      0.388     -1.481      0.738      1.731      0.330
  1531         21  (g)                -62   792   792  1648     0   342   153     -0.799     -0.487     -5.785      5.861      0.000
  1532         21  (g)                -62   866   866  1668     0   365   292      0.610     -0.252     30.203     30.210      0.000
  1533         21  (g)                -62   911   911  2305  2305   381   341      0.359      0.612    -11.217     11.239      0.000
  1534         21  (g)                -62   968   968  1643     0   258   368      1.255      0.057    -70.973     70.985      0.000
  1535         21  (g)                -61     1     0   651   651   117   171      1.890     -3.048     75.360     75.445      0.000
  1536         -2  (ubar)             -61     2     0   948   948     0   117     -0.619     -1.734    -11.738     11.882      0.000
  1537         21  (g)                -62   946   946  1673     0   170   413      3.922     -0.565     65.632     65.752      0.000
  1538         21  (g)                -62  1129  1129  1905  1905   454   355     -3.009     -3.341     -0.322      4.508      0.000
  1539         21  (g)                -62   628   628  1916  1916   295   270      0.863     -0.872      1.428      1.883      0.000
  1540         21  (g)                -62  1131  1131  1717     0   172   235     -0.160      0.971      0.151      0.996      0.000
  1541         -2  (ubar)             -62  1021  1021  2183  2183     0   171     -0.697     -1.684     -6.812      7.059      0.330
  1542         21  (g)                -62   855   855  1661     0   358   420     -0.156      0.098      0.438      0.475      0.000
  1543         21  (g)                -62   650   650  1636     0   302   307      0.256     -0.321     -0.629      0.751      0.000
  1544         21  (g)                -62  1023  1023  1678     0   227   370      0.128      0.527      0.779      0.949      0.000
  1545         21  (g)                -62   854   854  1653     0   361   260     -0.270      0.194     -0.529      0.624      0.000
  1546         21  (g)                -62   947   947  1664     0   394   183      0.766      0.339      3.569      3.666      0.000
  1547         21  (g)                -62  1022  1022  1687     0   419   333     -0.360     -0.275     -0.179      0.488      0.000
  1548         21  (g)                -62  1130  1130  1715     0   235   193     -0.012      0.147      0.095      0.176      0.000
  1549         21  (g)                -61     1     0   621   621   184   184      0.727      0.026    732.341    732.342      0.000
  1550         21  (g)                -61     2     0  1059  1059   182   182      1.004     -0.998      0.629      1.549      0.000
  1551         21  (g)                -62  1057  1057  1667     0   181   431     -1.158     -1.087    493.496    493.499      0.000
  1552         21  (g)                -62  1003  1003  1670     0   294   247     -0.332      1.221     22.063     22.099      0.000
  1553         21  (g)                -62   734   734  1675     0   251   469      2.682     -0.740      5.642      6.291      0.000
  1554         21  (g)                -62  1005  1005  1668     0   292   170      0.704     -0.078     27.458     27.467      0.000
  1555         21  (g)                -62   736   736  1679     0   183   452      1.175      0.949     12.054     12.148      0.000
  1556         21  (g)                -62   665   665  1681     0   306   383     -0.604      0.133      6.934      6.961      0.000
  1557         21  (g)                -62   735   735  1688     0   324   465     -0.306     -0.261      0.945      1.027      0.000
  1558         21  (g)                -62  1004  1004  1673     0   413   253      0.405     -0.150      6.204      6.219      0.000
  1559         21  (g)                -62  1058  1058  1975  1975   431   477     -0.835     -0.959    158.174    158.179      0.000
  1560         21  (g)                -61     1     0   410   410   188   188     -1.893      0.687      0.741      2.146      0.000
  1561         21  (g)                -61     2     0   411   411   186   186      0.781      3.002   -610.827    610.835      0.000
  1562         21  (g)                -62   412   412  2103  2103   189   403     -0.243     -0.472   -504.189    504.189      0.000
  1563         21  (g)                -62   788   788  1645     0   341   430      0.137      2.344    -64.375     64.418      0.000
  1564         21  (g)                -62  1150  1150  1690     0   246   116     -1.399     -0.944      0.820      1.877      0.000
  1565         21  (g)                -62  1054  1054  1634     0   430   476      0.251      0.722    -19.877     19.892      0.000
  1566         -2  (ubar)             -62  1148  1148  1755  1755     0   273      0.084     -0.078     -4.288      4.302      0.330
  1567          2  (u)                -62  1149  1149  1633     0   187     0      0.058      2.117    -18.178     18.304      0.330
  1568          1  (d)                -61     1     0   546   546   171     0     -0.390      0.300    253.643    253.643      0.000
  1569         21  (g)                -61     2     0   547   547   115   171      0.622      2.040     -3.403      4.016      0.000
  1570         21  (g)                -62   561   561  1666     0   269   230      0.571     -1.391     15.685     15.757      0.000
  1571         21  (g)                -62   549   549  1715     0   193   232      0.055      2.319      2.199      3.196      0.000
  1572         21  (g)                -62   550   550  1691     0   196   450     -2.140      0.172     19.065     19.185      0.000
  1573         21  (g)                -62   838   838  1650     0   212   200      3.658      1.044     -1.530      4.100      0.000
  1574         21  (g)                -62   918   918  1665     0   274   245     -1.032      0.644     13.701     13.755      0.000
  1575         21  (g)                -62   924   924  1973  1973   191   365      0.431     -1.298     59.501     59.517      0.000
  1576         21  (g)                -62   554   554  1672     0   190   277     -0.192      0.442      1.136      1.234      0.000
  1577          1  (d)                -62   922   922  2298  2298   115     0      0.125      1.190     84.272     84.281      0.330
  1578         21  (g)                -62   916   916  1968  1968   224   180      0.078     -1.225     19.176     19.215      0.000
  1579         21  (g)                -62   886   886  1678     0   277   227     -0.539      0.807      1.336      1.651      0.000
  1580         21  (g)                -62   839   839  1682     0   356   220     -0.051     -0.064      0.280      0.292      0.000
  1581         21  (g)                -62   887   887  1669     0   373   269      0.137     -0.272      7.799      7.805      0.000
  1582         21  (g)                -62   917   917  1695     0   383   148     -0.325      0.136      1.379      1.423      0.000
  1583         21  (g)                -62   923   923  2176  2176   263   408     -0.544     -0.162     26.241     26.247      0.000
  1584         21  (g)                -61     1     0   476   476   199   199     -1.252      1.915     91.010     91.039      0.000
  1585         21  (g)                -61     2     0  1047  1047   197   197      1.731      0.608     -5.644      5.935      0.000
  1586         -3  (sbar)             -62   580   580  1724  1724     0   137      4.166      0.387     -2.460      4.879      0.500
  1587         21  (g)                -62  1119  1119  1708     0   198   208     -1.915      0.629     45.927     45.972      0.000
  1588         21  (g)                -62   582   582  1653     0   260   351     -0.452      0.736     -1.335      1.590      0.000
  1589          3  (s)                -62   581   581  1781  1781   200     0      0.895     -0.294      0.391      1.136      0.500
  1590         21  (g)                -62  1117  1117  1681     0   450   306     -1.436      0.244     16.228     16.293      0.000
  1591         21  (g)                -62  1046  1046  1649     0   427   135      0.081      0.358     -0.093      0.378      0.000
  1592         21  (g)                -62  1118  1118  1708     0   408   198     -0.860      0.465     26.708     26.726      0.000
  1593         21  (g)                -61     1     0   618   618   209   209      3.106     -0.272     25.153     25.345      0.000
  1594         21  (g)                -61     2     0   775   775   207   207     -0.300     -1.590     -0.016      1.618      0.000
  1595         21  (g)                -62   742   742  1917  1917   210   295      1.434     -0.826      0.842      1.857      0.000
  1596          2  (u)                -62   773   773  2174  2174   208     0      0.111     -0.759      3.545      3.642      0.330
  1597         21  (g)                -62  1183  1183  1664     0   326   394      0.616      0.122      2.552      2.628      0.000
  1598         21  (g)                -62  1181  1181  1685     0   291   285      0.108     -0.300     -0.018      0.319      0.000
  1599         -2  (ubar)             -62   774   774  1922  1922     0   114     -0.471      0.462     16.011     16.028      0.330
  1600         21  (g)                -62  1182  1182  1675     0   469   462      1.009     -0.561      2.205      2.489      0.000
  1601         21  (g)                -61     1     0   676   676   288   117     -0.017      1.958    165.070    165.082      0.000
  1602          2  (u)                -61     2     0   677   677   117     0     -1.434      0.049    -78.043     78.056      0.000
  1603         21  (g)                -62   678   678  1638     0   231   381      1.633      2.085    -14.217     14.461      0.000
  1604         -1  (dbar)             -62  1072  1072  2316  2316     0   286     -0.354      0.565     -1.117      1.342      0.330
  1605         21  (g)                -62   680   680  1666     0   230   224      0.297     -1.157     11.764     11.824      0.000
  1606          2  (u)                -62   681   681  2390  2390   288     0     -1.541     -0.669    -18.691     18.769      0.330
  1607         21  (g)                -62  1074  1074  1652     0   287   313     -0.456      0.722     -2.426      2.572      0.000
  1608         21  (g)                -62   874   874  2299  2299   368   115      0.557     -0.649    -33.580     33.591      0.000
  1609         21  (g)                -62   822   822  2177  2177   309   263     -0.750      1.240    150.929    150.936      0.000
  1610         21  (g)                -62  1107  1107  1687     0   355   419     -0.811     -0.565     -0.228      1.014      0.000
  1611         21  (g)                -62  1163  1163  1674     0   229   113      0.554      0.196      0.851      1.034      0.000
  1612         21  (g)                -62  1165  1165  1637     0   350   195      0.096     -0.216     -0.889      0.919      0.000
  1613         21  (g)                -62  1105  1105  1638     0   446   231      0.521      0.597     -4.582      4.650      0.000
  1614          1  (d)                -62  1073  1073  1730  1730   232     0     -0.316     -0.324     -0.142      0.578      0.330
  1615         21  (g)                -62  1106  1106  1639     0   318   145     -0.467     -0.110     -0.787      0.922      0.000
  1616         21  (g)                -62  1164  1164  1716     0   463   364     -0.414      0.292      0.142      0.526      0.000
  1617          1  (d)                -63     1     0  2389  2389   479     0     -0.123      0.096   2106.006   2106.006      0.330
  1618         -1  (dbar)             -63     1     0  1741  1741     0   128     -0.425      0.340     97.367     97.369      0.330
  1619          2  (u)                -63     2     0  2095  2095   131     0      0.146      0.448   -144.359    144.360      0.330
  1620         21  (g)                -73  1256  1467  2384  2384   211   437     -0.956     -1.441    -12.327     12.448      0.072
  1621         21  (g)                -73  1304  1469  2379  2379   436   405     -0.734     -0.547      0.030      0.919      0.083
  1622         21  (g)                -73  1262  1332  2364  2364   472   244     40.193     37.024     62.272     82.850      0.209
  1623         21  (g)                -73  1412  1418  2358  2358   123   102      1.088     -1.150     32.539     32.579      0.322
  1624         21  (g)                -73  1264  1468  2374  2374   322   252      3.765     -0.892      3.907      5.530      0.590
  1625         21  (g)                -73  1488  1497  1630     0   478   289     -1.658     -1.239    -11.374     11.562      0.126
  1626         21  (g)                -73  1379  1458  2100  2100   289   369      0.018     -1.247     -7.266      7.374      0.158
  1627         21  (g)                -73  1388  1527  2107  2107   327   348     -4.228      1.467    -73.331     73.467      0.168
  1628         21  (g)                -73  1371  1522  2098  2098   168   376     -2.108     -4.799    -65.571     65.781      0.205
  1629         21  (g)                -73  1445  1454  2108  2108   348   165     -0.272      1.107    -13.173     13.226      0.305
  1630         21  (g)                -73  1399  1625  2099  2099   376   289     -1.975     -1.646    -14.924     15.149      0.387
  1631         21  (g)                -73  1345  1360  2092  2092   374   110     -0.519      0.485      0.055      0.884      0.523
  1632         21  (g)                -73  1377  1401  2101  2101   369   167     -0.706     -0.727    -49.668     49.681      0.529
  1633          2  (u)                -73  1567  1529  2109  2109   165     0      0.883      5.294    -46.803     47.117      0.799
  1634         21  (g)                -73  1391  1565  1645     0   430   122      0.421      1.065    -30.711     30.732      0.082
  1635         21  (g)                -73  1435  1498  2307  2307   185   446      0.743      0.323     -4.656      4.727      0.098
  1636         21  (g)                -73  1511  1543  1646     0   302   352      0.713     -0.848     -2.001      2.290      0.119
  1637         21  (g)                -73  1450  1612  1646     0   352   195      0.321     -0.410     -1.855      1.930      0.120
  1638         21  (g)                -73  1603  1613  2306  2306   446   381      2.153      2.682    -18.799     19.111      0.131
  1639         21  (g)                -73  1441  1615  1641     0   262   145     -0.863     -0.226     -1.230      1.527      0.154
  1640         21  (g)                -73  1476  1500  2310  2310   312   302      2.637     -1.078     -3.192      4.284      0.219
  1641         21  (g)                -73  1387  1639  2314  2314   120   145     -2.425     -0.300     -3.269      4.097      0.356
  1642         21  (g)                -73  1494  1504  2312  2312   400   468     -0.096     -4.232     -8.645      9.636      0.458
  1643         21  (g)                -73  1389  1534  2300  2300   267   368      2.011      0.113    -96.632     96.654      0.507
  1644         21  (g)                -73  1386  1520  2302  2302   280   206      5.274     -1.320    -93.055     93.216      0.527
  1645         21  (g)                -73  1563  1634  2304  2304   341   122      0.558      3.409    -95.086     95.150      0.540
  1646         21  (g)                -73  1636  1637  2309  2309   302   195      1.034     -1.258     -3.856      4.220      0.544
  1647         21  (g)                -73  1443  1514  1784  1784   330   147      0.794      1.338     -1.498      2.161      0.078
  1648         -1  (dbar)             -73  1509  1531  1786  1786     0   153     -3.553     -2.590    -27.301     27.656      0.417
  1649         21  (g)                -73  1478  1591  1783  1783   147   135      0.511      2.498     -1.057      2.765      0.161
  1650         21  (g)                -73  1449  1573  1782  1782   135   200      3.864      1.154     -1.614      4.348      0.203
  1651         21  (g)                -73  1456  1492  1785  1785   153   330      1.391      1.130     -5.415      5.709      0.245
  1652         21  (g)                -73  1499  1607  1655     0   287   163     -0.534      0.841     -2.851      3.020      0.018
  1653         21  (g)                -73  1545  1588  1752  1752   361   351     -0.721      0.930     -1.864      2.214      0.211
  1654         21  (g)                -73  1521  1528  1754  1754   273   441     -1.210      1.725    -13.446     13.614      0.325
  1655         21  (g)                -73  1493  1652  1751  1751   351   163     -2.610      3.146    -10.642     11.406      0.366
  1656         21  (g)                -73  1453  1483  1657     0   137   162      0.639     -0.259      0.026      0.694      0.076
  1657          2  (u)                -73  1507  1656  1723  1723   137     0      1.978     -2.115      0.023      3.006      0.809
  1658         21  (g)                -73  1239  1472  1808  1808   440   375     -0.205     -1.600     -0.042      1.617      0.117
  1659         21  (g)                -73  1268  1413  1800  1800   255   444     -2.168      2.284     -2.426      3.978      0.163
  1660         21  (g)                -73  1274  1408  1806  1806   293   399     -1.500     -4.203     -2.595      5.190      0.540
  1661         21  (g)                -73  1485  1542  1671     0   358   151     -0.734      0.527      1.970      2.168      0.046
  1662         21  (g)                -73  1380  1455  1669     0   253   373      0.592     -0.819     19.461     19.487      0.117
  1663         21  (g)                -73  1437  1446  1677     0   265   395     -1.929      0.888      2.176      3.044      0.136
  1664         21  (g)                -73  1546  1597  1676     0   326   183      1.382      0.461      6.121      6.294      0.164
  1665         21  (g)                -73  1523  1574  1979  1979   264   245     -1.938      1.167     23.793     23.902      0.179
  1666         21  (g)                -73  1570  1605  1969  1969   269   224      0.868     -2.549     27.449     27.582      0.200
  1667         21  (g)                -73  1373  1551  1976  1976   239   431     -1.222     -1.096    520.320    520.322      0.216
  1668         21  (g)                -73  1532  1554  1972  1972   365   170      1.314     -0.330     57.662     57.678      0.222
  1669         21  (g)                -73  1581  1662  1970  1970   253   269      0.729     -1.091     27.260     27.292      0.229
  1670         21  (g)                -73  1459  1552  1978  1978   245   247     -1.061      3.002     52.900     52.996      0.233
  1671         21  (g)                -73  1451  1661  1988  1988   395   151     -1.074      0.613      2.584      2.875      0.243
  1672         21  (g)                -73  1491  1576  1987  1987   151   277     -1.918      3.456     10.830     11.531      0.247
  1673         21  (g)                -73  1537  1558  1971  1971   170   253      4.327     -0.715     71.837     71.971      0.332
  1674         21  (g)                -73  1372  1611  1984  1984   229   251      1.945      0.586      4.125      4.613      0.368
  1675         21  (g)                -73  1553  1600  1983  1983   251   462      3.690     -1.300      7.847      8.780      0.436
  1676         21  (g)                -73  1503  1664  1982  1982   462   183      2.253      0.407      9.288      9.579      0.501
  1677         21  (g)                -73  1512  1663  1989  1989   161   395     -3.641      1.179      3.719      5.367      0.568
  1678         21  (g)                -73  1544  1579  1986  1986   277   370     -0.411      1.334      2.115      2.600      0.583
  1679         21  (g)                -73  1383  1555  1981  1981   183   438      1.289      1.458     16.266     16.392      0.584
  1680         21  (g)                -73  1477  1479  1695     0   148   254     -4.057      0.603     17.723     18.192      0.021
  1681         21  (g)                -73  1556  1590  1912  1912   450   383     -2.039      0.376     23.162     23.254      0.046
  1682         21  (g)                -73  1484  1580  1693     0   146   220     -1.802     -1.988     10.274     10.619      0.063
  1683         21  (g)                -73  1480  1496  1693     0   254   146     -0.427     -0.617      3.215      3.302      0.073
  1684         21  (g)                -73  1440  1487  1692     0   367   155      0.859     -0.089      0.957      1.292      0.085
  1685         21  (g)                -73  1444  1598  1696     0   335   285      0.198     -0.836      0.018      0.864      0.090
  1686         21  (g)                -73  1447  1452  1699     0   333   301     -0.931     -0.247     -0.161      0.983      0.106
  1687         21  (g)                -73  1547  1610  1699     0   355   333     -1.171     -0.840     -0.408      1.502      0.109
  1688         21  (g)                -73  1390  1557  1909  1909   220   465     -1.227     -0.968      4.246      4.527      0.127
  1689         21  (g)                -73  1376  1438  1698     0   218   303     -1.544     -0.738     13.593     13.701      0.144
  1690         21  (g)                -73  1394  1564  1903  1903   301   116     -1.845     -1.214      0.930      2.409      0.248
  1691         21  (g)                -73  1481  1572  1913  1913   303   450     -3.452      0.100     31.669     31.857      0.259
  1692         21  (g)                -73  1370  1684  1918  1918   367   210      3.046     -0.448      2.937      4.263      0.273
  1693         21  (g)                -73  1682  1683  1910  1910   254   220     -2.229     -2.605     13.490     13.922      0.293
  1694         21  (g)                -73  1395  1442  1908  1908   465   335     -1.581     -2.111      2.746      3.820      0.318
  1695         21  (g)                -73  1582  1680  1911  1911   383   254     -4.382      0.739     19.102     19.615      0.321
  1696         21  (g)                -73  1482  1685  1907  1907   335   205      0.125     -1.285     -0.120      1.340      0.336
  1697         21  (g)                -73  1375  1382  1919  1919   442   367      0.747      4.187     46.473     46.669      0.361
  1698         21  (g)                -73  1457  1689  1914  1914   136   303     -1.734     -0.962     15.470     15.601      0.367
  1699         21  (g)                -73  1686  1687  1904  1904   355   301     -2.102     -1.087     -0.569      2.485      0.497
  1700         21  (g)                -73  1337  1354  2044  2044   384   315      0.585      1.280     -0.072      1.444      0.317
  1701         21  (g)                -73  1341  1359  2043  2043   315   363      1.577      0.872      5.033      5.359      0.376
  1702         21  (g)                -73  1254  1471  1843  1843   424   354      0.511     -0.623     -1.299      1.536      0.151
  1703         21  (g)                -73  1323  1466  1848  1848   449   272      1.000      0.727    -10.630     10.703      0.164
  1704         21  (g)                -73  1237  1272  1847  1847   272   284      4.738      9.857   -231.356    231.615      0.173
  1705         21  (g)                -73  1242  1462  1835  1835   460   174      1.909      3.573     -8.719      9.619      0.314
  1706          3  (s)                -73  1260  1248  1831  1831   428     0     -0.848     -0.226    -10.110     10.195      0.978
  1707         21  (g)                -73  1427  1432  2180  2180   464   380      1.025      0.210     -2.645      2.853      0.229
  1708         21  (g)                -73  1587  1592  2175  2175   408   208     -2.775      1.094     72.635     72.697      0.357
  1709         21  (g)                -73  1280  1420  1712     0   236   393     -0.179     -0.753      4.638      4.703      0.032
  1710         21  (g)                -73  1236  1419  2217  2217   457   387      0.225     -0.826      2.209      2.371      0.090
  1711         21  (g)                -73  1328  1422  2222  2222   435   299     -1.046      0.781      8.958      9.054      0.190
  1712         21  (g)                -73  1421  1709  2223  2223   236   435     -1.191     -6.862     40.132     40.733      0.204
  1713         21  (g)                -73  1263  1410  2214  2214   406   415      2.525      0.461     24.796     24.934      0.478
  1714         21  (g)                -73  1251  1414  2239  2239   475   203     -0.517     -2.237      9.517      9.805      0.530
  1715         21  (g)                -73  1548  1571  1731  1731   235   232      0.043      2.467      2.294      3.372      0.154
  1716         -2  (ubar)             -73  1374  1616  1718     0     0   364     -2.041      0.924      0.198      2.303      0.497
  1717         21  (g)                -73  1402  1540  1732  1732   321   235     -0.342      1.584      0.101      1.637      0.209
  1718         -2  (ubar)             -73  1716  1393  1733  1733     0   321     -2.625      1.685      0.066      3.272      0.985
  1719          2  (u)                -71  1530  1530  1721  1722   225     0      0.388     -1.481      0.738      1.731      0.330
  1720         -2  (ubar)             -71  1515  1515  1721  1722     0   225      0.684     -1.027      0.801      1.508      0.330
  1721        211  pi+                 82  1719  1720     0     0     0     0      1.089     -1.970      1.009      2.471      0.140
  1722       -211  pi-                 82  1719  1720     0     0     0     0     -0.017     -0.538      0.530      0.768      0.140
  1723          2  (u)                -71  1657  1657  1725  1729   137     0      1.978     -2.115      0.023      3.006      0.809
  1724         -3  (sbar)             -71  1586  1586  1725  1729     0   137      4.166      0.387     -2.460      4.879      0.500
  1725        211  pi+                 83  1723  1724     0     0     0     0      0.199     -0.010     -0.128      0.275      0.140
  1726        111  (pi0)              -83  1723  1724  2791  2792     0     0      1.201     -1.345      0.259      1.827      0.135
  1727       -211  pi-                 84  1723  1724     0     0     0     0      2.166     -0.471     -0.531      2.284      0.140
  1728        221  (eta)              -84  1723  1724  2793  2795     0     0      0.638      0.006     -0.548      1.004      0.548
  1729        321  K+                  84  1723  1724     0     0     0     0      1.940      0.092     -1.488      2.496      0.494
  1730          1  (d)                -71  1614  1614  1734  1737   232     0     -0.316     -0.324     -0.142      0.578      0.330
  1731         21  (g)                -71  1715  1715  1734  1737   235   232      0.043      2.467      2.294      3.372      0.154
  1732         21  (g)                -71  1717  1717  1734  1737   321   235     -0.342      1.584      0.101      1.637      0.209
  1733         -2  (ubar)             -71  1718  1718  1734  1737     0   321     -2.625      1.685      0.066      3.272      0.985
  1734       2112  n0                  83  1730  1733     0     0     0     0     -0.275     -0.212     -0.237      1.029      0.940
  1735      -2112  nbar0               84  1730  1733     0     0     0     0     -0.899      2.736      1.735      3.492      0.940
  1736        113  (rho0)             -84  1730  1733  2457  2458     0     0     -0.557      1.565      0.706      2.185      1.232
  1737       -213  (rho-)             -84  1730  1733  2459  2460     0     0     -1.508      1.323      0.114      2.153      0.772
  1738          2  (u)                -71  1352  1352  1742  1749   414     0     -1.930     -1.296     63.593     63.636      0.330
  1739         21  (g)                -71  1363  1363  1742  1749   149   414     -0.509      0.398     11.939     11.957      0.000
  1740         21  (g)                -71  1339  1339  1742  1749   128   149      1.072      2.617    134.730    134.759      0.000
  1741         -1  (dbar)             -71  1618  1618  1742  1749     0   128     -0.425      0.340     97.367     97.369      0.330
  1742        111  (pi0)              -83  1738  1741  2796  2797     0     0     -0.301      0.055      9.320      9.326      0.135
  1743        211  pi+                 83  1738  1741     0     0     0     0     -0.124      0.004     11.567     11.568      0.140
  1744        111  (pi0)              -83  1738  1741  2798  2799     0     0     -0.675     -0.581     14.499     14.527      0.135
  1745       -211  pi-                 83  1738  1741     0     0     0     0     -0.971     -0.118     44.674     44.685      0.140
  1746        321  K+                  83  1738  1741     0     0     0     0      0.009      0.330     15.868     15.879      0.494
  1747       -311  (Kbar0)            -83  1738  1741  2461  2461     0     0     -0.017     -0.036      9.438      9.451      0.498
  1748        111  (pi0)              -84  1738  1741  2800  2801     0     0     -0.487      1.263    126.620    126.627      0.135
  1749        221  (eta)              -84  1738  1741  2802  2804     0     0      0.774      1.142     75.643     75.657      0.548
  1750          1  (d)                -71  1508  1508  1756  1764   163     0      2.267      5.550    -10.082     11.735      0.330
  1751         21  (g)                -71  1655  1655  1756  1764   351   163     -2.610      3.146    -10.642     11.406      0.366
  1752         21  (g)                -71  1653  1653  1756  1764   361   351     -0.721      0.930     -1.864      2.214      0.211
  1753         21  (g)                -71  1502  1502  1756  1764   441   361     -0.429      0.067     -2.234      2.276      0.000
  1754         21  (g)                -71  1654  1654  1756  1764   273   441     -1.210      1.725    -13.446     13.614      0.325
  1755         -2  (ubar)             -71  1566  1566  1756  1764     0   273      0.084     -0.078     -4.288      4.302      0.330
  1756        113  (rho0)             -83  1750  1755  2462  2463     0     0      1.093      3.808     -7.080      8.212      1.268
  1757        221  (eta)              -83  1750  1755  2805  2807     0     0      0.102      0.558     -1.847      2.008      0.548
  1758        111  (pi0)              -83  1750  1755  2808  2809     0     0     -0.623      2.335     -4.630      5.224      0.135
  1759        223  (omega)            -83  1750  1755  2810  2812     0     0      0.083      0.507     -2.000      2.201      0.761
  1760        111  (pi0)              -83  1750  1755  2813  2814     0     0     -0.613      1.545     -4.565      4.860      0.135
  1761        311  (K0)               -84  1750  1755  2464  2464     0     0     -0.824      0.365     -5.562      5.656      0.498
  1762       -313  (K*bar0)           -84  1750  1755  2465  2466     0     0     -1.341      1.109     -6.973      7.244      0.904
  1763       -211  pi-                 84  1750  1755     0     0     0     0      0.042      0.329     -0.313      0.477      0.140
  1764        223  (omega)            -84  1750  1755  2815  2817     0     0     -0.540      0.783     -9.585      9.663      0.781
  1765          2  (u)                -71  1232  1232  1769  1780   104     0   -259.234   -284.058  -2463.023   2492.864      0.330
  1766         21  (g)                -71  1298  1298  1769  1780   379   104    -21.876    -25.444   -231.854    234.270      0.000
  1767         21  (g)                -71  1261  1261  1769  1780   234   379     -4.769     -4.651    -44.289     44.787      0.000
  1768         -1  (dbar)             -71  1305  1305  1769  1780     0   234     -0.668     -0.080     -6.494      6.537      0.330
  1769        211  pi+                 83  1765  1768     0     0     0     0    -86.177    -94.202   -818.574    828.471      0.140
  1770        311  (K0)               -83  1765  1768  2467  2467     0     0    -59.621    -65.609   -568.322    575.196      0.498
  1771       -321  K-                  83  1765  1768     0     0     0     0    -23.409    -25.865   -222.457    225.176      0.494
  1772        211  pi+                 83  1765  1768     0     0     0     0    -56.871    -61.704   -536.959    543.477      0.140
  1773        111  (pi0)              -83  1765  1768  2818  2819     0     0    -19.847    -22.254   -193.937    196.216      0.135
  1774       -213  (rho-)             -83  1765  1768  2468  2469     0     0    -14.262    -14.914   -134.994    136.564      0.701
  1775        211  pi+                 84  1765  1768     0     0     0     0     -2.608     -3.590    -31.046     31.362      0.140
  1776       -211  pi-                 84  1765  1768     0     0     0     0     -5.333     -5.349    -49.472     50.046      0.140
  1777        113  (rho0)             -84  1765  1768  2470  2471     0     0     -8.671    -10.261    -87.759     88.783      0.568
  1778        113  (rho0)             -84  1765  1768  2472  2473     0     0     -4.918     -5.457    -51.730     52.254      0.695
  1779        211  pi+                 84  1765  1768     0     0     0     0     -0.772     -1.625    -12.475     12.605      0.140
  1780        223  (omega)            -84  1765  1768  2820  2822     0     0     -4.059     -3.404    -37.933     38.309      0.788
  1781          3  (s)                -71  1589  1589  1787  1798   200     0      0.895     -0.294      0.391      1.136      0.500
  1782         21  (g)                -71  1650  1650  1787  1798   135   200      3.864      1.154     -1.614      4.348      0.203
  1783         21  (g)                -71  1649  1649  1787  1798   147   135      0.511      2.498     -1.057      2.765      0.161
  1784         21  (g)                -71  1647  1647  1787  1798   330   147      0.794      1.338     -1.498      2.161      0.078
  1785         21  (g)                -71  1651  1651  1787  1798   153   330      1.391      1.130     -5.415      5.709      0.245
  1786         -1  (dbar)             -71  1648  1648  1787  1798     0   153     -3.553     -2.590    -27.301     27.656      0.417
  1787       -311  (Kbar0)            -83  1781  1786  2474  2474     0     0      1.135      0.049     -0.485      1.331      0.498
  1788       2112  n0                  83  1781  1786     0     0     0     0      1.665      0.938     -0.480      2.183      0.940
  1789        113  (rho0)             -83  1781  1786  2475  2476     0     0      0.335      0.137      0.132      0.855      0.763
  1790      -2112  nbar0               83  1781  1786     0     0     0     0      2.553      1.442     -1.770      3.551      0.940
  1791       -211  pi-                 83  1781  1786     0     0     0     0      0.263      1.949     -0.933      2.182      0.140
  1792        321  K+                  84  1781  1786     0     0     0     0      0.720      0.475     -3.655      3.787      0.494
  1793       -321  K-                  84  1781  1786     0     0     0     0     -0.189     -0.079     -1.841      1.917      0.494
  1794        221  (eta)              -84  1781  1786  2823  2825     0     0     -0.037     -0.052     -1.626      1.717      0.548
  1795        111  (pi0)              -84  1781  1786  2826  2827     0     0      0.000     -0.445     -1.498      1.569      0.135
  1796        321  K+                  84  1781  1786     0     0     0     0     -0.028      0.381     -4.257      4.303      0.494
  1797       -313  (K*bar0)           -84  1781  1786  2477  2478     0     0     -0.794     -0.647     -6.622      6.758      0.877
  1798        223  (omega)            -84  1781  1786  2828  2830     0     0     -1.721     -0.913    -13.459     13.622      0.775
  1799          2  (u)                -71  1406  1406  1811  1830   444     0     -0.020     -0.443      3.681      3.723      0.330
  1800         21  (g)                -71  1659  1659  1811  1830   255   444     -2.168      2.284     -2.426      3.978      0.163
  1801         21  (g)                -71  1415  1415  1811  1830   347   255     -0.495      4.059     -2.126      4.608      0.000
  1802         21  (g)                -71  1417  1417  1811  1830   386   347      0.363      0.687     -0.457      0.901      0.000
  1803         21  (g)                -71  1291  1291  1811  1830   345   386      1.268     -0.258     -0.382      1.349      0.000
  1804         21  (g)                -71  1245  1245  1811  1830   158   345      1.434     -1.285      1.037      2.186      0.000
  1805         21  (g)                -71  1302  1302  1811  1830   399   158     -0.722     -0.589     -1.129      1.464      0.000
  1806         21  (g)                -71  1660  1660  1811  1830   293   399     -1.500     -4.203     -2.595      5.190      0.540
  1807         21  (g)                -71  1297  1297  1811  1830   375   293     -0.004     -0.583     -0.773      0.968      0.000
  1808         21  (g)                -71  1658  1658  1811  1830   440   375     -0.205     -1.600     -0.042      1.617      0.117
  1809         21  (g)                -71  1320  1320  1811  1830   233   440     -1.500     -2.766     -1.227      3.378      0.000
  1810         -3  (sbar)             -71  1265  1265  1811  1830     0   233     -1.753     -1.643     -1.080      2.681      0.500
  1811        213  (rho+)             -83  1799  1810  2479  2480     0     0     -0.086      0.397      1.000      1.337      0.788
  1812       -213  (rho-)             -83  1799  1810  2481  2482     0     0     -0.254     -0.387      1.601      2.090      1.262
  1813        323  (K*+)              -83  1799  1810  2483  2484     0     0     -0.499     -0.141      0.030      0.976      0.826
  1814       -311  (Kbar0)            -83  1799  1810  2485  2485     0     0      0.032      0.701     -0.363      0.934      0.498
  1815       -211  pi-                 83  1799  1810     0     0     0     0     -0.072      0.122     -0.106      0.226      0.140
  1816        211  pi+                 83  1799  1810     0     0     0     0     -0.353      0.612     -0.017      0.721      0.140
  1817       -211  pi-                 83  1799  1810     0     0     0     0      0.146      1.325     -0.816      1.570      0.140
  1818        113  (rho0)             -83  1799  1810  2486  2487     0     0     -1.503      2.436     -1.785      3.478      0.844
  1819        321  K+                  84  1799  1810     0     0     0     0      0.674      1.080     -0.489      1.450      0.494
  1820       -323  (K*-)              -84  1799  1810  2488  2489     0     0      0.150     -0.477      0.302      1.124      0.960
  1821        321  K+                  84  1799  1810     0     0     0     0      0.543     -0.201     -0.158      0.777      0.494
  1822       3224  (Sigma*+)          -84  1799  1810  2490  2491     0     0      0.662     -0.506     -1.168      1.984      1.370
  1823       -211  pi-                 84  1799  1810     0     0     0     0      0.104     -0.091      0.396      0.442      0.140
  1824      -2112  nbar0               84  1799  1810     0     0     0     0      0.199     -0.786     -0.157      1.251      0.940
  1825        111  (pi0)              -84  1799  1810  2831  2832     0     0     -0.250     -1.269     -0.516      1.399      0.135
  1826       -211  pi-                 84  1799  1810     0     0     0     0     -0.262     -0.666     -0.763      1.055      0.140
  1827        211  pi+                 84  1799  1810     0     0     0     0      0.082     -0.137     -0.369      0.425      0.140
  1828       -211  pi-                 84  1799  1810     0     0     0     0     -1.838     -4.274     -1.794      4.988      0.140
  1829        321  K+                  84  1799  1810     0     0     0     0     -1.801     -2.004     -1.707      3.228      0.494
  1830        333  (phi)              -84  1799  1810  2833  2834     0     0     -0.975     -2.078     -0.639      2.590      1.017
  1831          3  (s)                -71  1706  1706  1858  1901   428     0     -0.848     -0.226    -10.110     10.195      0.978
  1832         21  (g)                -71  1314  1314  1858  1901   290   428     -0.673      1.192     -8.621      8.729      0.000
  1833         21  (g)                -71  1273  1273  1858  1901   470   290     -0.189      1.198     -5.560      5.690      0.000
  1834         21  (g)                -71  1331  1331  1858  1901   174   470     -1.395      0.978     -7.465      7.657      0.000
  1835         21  (g)                -71  1705  1705  1858  1901   460   174      1.909      3.573     -8.719      9.619      0.314
  1836         21  (g)                -71  1470  1470  1858  1901   143   460      1.249      2.261    -10.482     10.795      0.000
  1837         21  (g)                -71  1329  1329  1858  1901   139   143      1.741      1.690     -8.060      8.417      0.000
  1838         21  (g)                -71  1409  1409  1858  1901   125   139      2.868     -0.436     -6.603      7.212      0.000
  1839         21  (g)                -71  1243  1243  1858  1901   228   125      3.884     -1.653    -13.636     14.274      0.000
  1840         21  (g)                -71  1281  1281  1858  1901   319   228      1.039      0.012     -8.661      8.723      0.000
  1841         21  (g)                -71  1259  1259  1858  1901   217   319     -0.466      0.154     -0.884      1.011      0.000
  1842         21  (g)                -71  1464  1464  1858  1901   354   217     -5.056     -0.288    -10.605     11.752      0.000
  1843         21  (g)                -71  1702  1702  1858  1901   424   354      0.511     -0.623     -1.299      1.536      0.151
  1844         21  (g)                -71  1321  1321  1858  1901   219   424     -0.132      0.080     -3.830      3.833      0.000
  1845         21  (g)                -71  1255  1255  1858  1901   421   219     -0.557      1.479    -11.595     11.702      0.000
  1846         21  (g)                -71  1311  1311  1858  1901   284   421      0.211      0.919    -17.600     17.625      0.000
  1847         21  (g)                -71  1704  1704  1858  1901   272   284      4.738      9.857   -231.356    231.615      0.173
  1848         21  (g)                -71  1703  1703  1858  1901   449   272      1.000      0.727    -10.630     10.703      0.164
  1849         21  (g)                -71  1278  1278  1858  1901   305   449      1.037      2.931    -93.076     93.128      0.000
  1850         21  (g)                -71  1270  1270  1858  1901   416   305      1.231      1.342    -41.325     41.365      0.000
  1851         21  (g)                -71  1324  1324  1858  1901   467   416      0.498     -0.257    -14.689     14.700      0.000
  1852         21  (g)                -71  1463  1463  1858  1901   443   467      0.815     -3.788   -130.988    131.045      0.000
  1853         21  (g)                -71  1473  1473  1858  1901   141   443      0.331     -1.203    -21.785     21.821      0.000
  1854         21  (g)                -71  1330  1330  1858  1901   451   141     -0.037      0.605     -9.486      9.506      0.000
  1855         21  (g)                -71  1309  1309  1858  1901   455   451      0.254     -0.166     -5.217      5.226      0.000
  1856         21  (g)                -71  1326  1326  1858  1901   109   455      0.023      0.484    -15.303     15.310      0.000
  1857         -1  (dbar)             -71  1276  1276  1858  1901     0   109     -3.732     -0.948   -188.172    188.212      0.330
  1858       -321  K-                  83  1831  1857     0     0     0     0     -0.579      0.817     -6.399      6.495      0.494
  1859        211  pi+                 83  1831  1857     0     0     0     0     -0.107      0.401     -3.806      3.831      0.140
  1860        313  (K*0)              -83  1831  1857  2492  2493     0     0     -0.866      0.446     -5.525      5.681      0.896
  1861       -323  (K*-)              -83  1831  1857  2494  2495     0     0     -0.392      0.181     -5.814      5.897      0.888
  1862        111  (pi0)              -83  1831  1857  2835  2836     0     0      0.085      0.074     -0.216      0.278      0.135
  1863        223  (omega)            -83  1831  1857  2837  2839     0     0     -0.113      2.318    -10.002     10.297      0.779
  1864        223  (omega)            -83  1831  1857  2840  2842     0     0      0.299      0.501     -2.270      2.472      0.784
  1865        113  (rho0)             -83  1831  1857  2496  2497     0     0      0.052      1.572     -9.174      9.336      0.722
  1866        213  (rho+)             -83  1831  1857  2498  2499     0     0      2.880      2.420     -9.205     10.043      1.406
  1867        113  (rho0)             -83  1831  1857  2500  2501     0     0      1.662      0.935     -5.950      6.374      1.265
  1868        111  (pi0)              -83  1831  1857  2843  2844     0     0      0.261     -0.307     -2.238      2.278      0.135
  1869       -211  pi-                 83  1831  1857     0     0     0     0      1.222      0.395     -4.989      5.153      0.140
  1870        213  (rho+)             -83  1831  1857  2502  2503     0     0      1.144      0.001     -3.729      3.988      0.831
  1871        113  (rho0)             -83  1831  1857  2504  2505     0     0      1.409     -0.358     -4.969      5.216      0.630
  1872        311  (K0)               -83  1831  1857  2506  2506     0     0      2.265     -0.848    -11.020     11.293      0.498
  1873       -311  (Kbar0)            -83  1831  1857  2507  2507     0     0     -0.222      0.579     -1.668      1.847      0.498
  1874        113  (rho0)             -83  1831  1857  2508  2509     0     0     -0.848     -0.304     -2.378      2.672      0.822
  1875       -211  pi-                 83  1831  1857     0     0     0     0     -1.766     -0.652     -5.058      5.399      0.140
  1876        211  pi+                 83  1831  1857     0     0     0     0     -0.993      0.460     -2.525      2.756      0.140
  1877        111  (pi0)              -84  1831  1857  2845  2846     0     0      0.309     -0.257     -1.657      1.710      0.135
  1878        223  (omega)            -84  1831  1857  2847  2849     0     0     -0.929     -0.140     -3.130      3.360      0.782
  1879        313  (K*0)              -84  1831  1857  2510  2511     0     0     -1.015      0.820     -7.834      7.992      0.894
  1880        333  (phi)              -84  1831  1857  2850  2851     0     0      0.274     -0.058     -8.569      8.635      1.025
  1881       -321  K-                  84  1831  1857     0     0     0     0      0.865      0.362    -10.056     10.111      0.494
  1882        211  pi+                 84  1831  1857     0     0     0     0     -0.254      0.676     -9.430      9.458      0.140
  1883        223  (omega)            -84  1831  1857  2852  2854     0     0      0.390      0.720    -18.699     18.734      0.794
  1884       -211  pi-                 84  1831  1857     0     0     0     0      0.403      0.310     -2.851      2.900      0.140
  1885        213  (rho+)             -84  1831  1857  2512  2513     0     0      0.288      2.426    -66.493     66.545      0.982
  1886       -211  pi-                 84  1831  1857     0     0     0     0      0.901      1.375    -17.380     17.458      0.140
  1887        321  K+                  84  1831  1857     0     0     0     0      0.373      1.184    -24.883     24.919      0.494
  1888       -321  K-                  84  1831  1857     0     0     0     0      1.608      2.678    -64.200     64.278      0.494
  1889       2212  p+                  84  1831  1857     0     0     0     0      1.735      3.452    -98.156     98.236      0.938
  1890        113  (rho0)             -84  1831  1857  2514  2515     0     0      0.705      0.723    -17.107     17.151      0.713
  1891      -2112  nbar0               84  1831  1857     0     0     0     0      0.671      0.848    -36.549     36.577      0.940
  1892       2112  n0                  84  1831  1857     0     0     0     0      0.170      0.128    -25.479     25.497      0.940
  1893        213  (rho+)             -84  1831  1857  2516  2517     0     0      0.494     -0.184    -22.604     22.624      0.788
  1894      -2214  (Deltabar-)        -84  1831  1857  2518  2519     0     0      0.585     -0.586    -38.529     38.556      1.188
  1895        111  (pi0)              -84  1831  1857  2855  2856     0     0     -0.186     -0.426    -19.468     19.474      0.135
  1896       -211  pi-                 84  1831  1857     0     0     0     0      0.573     -0.017    -12.896     12.909      0.140
  1897        213  (rho+)             -84  1831  1857  2520  2521     0     0      0.246     -0.818    -36.311     36.330      0.786
  1898        113  (rho0)             -84  1831  1857  2522  2523     0     0     -0.613     -1.119    -44.433     44.470      1.292
  1899       1114  (Delta-)           -84  1831  1857  2524  2525     0     0      0.509     -0.335    -57.465     57.482      1.245
  1900        111  (pi0)              -84  1831  1857  2857  2858     0     0     -1.282     -0.236    -47.076     47.095      0.135
  1901      -1114  (Deltabar+)        -84  1831  1857  2526  2527     0     0     -1.955     -0.260   -107.566    107.591      1.238
  1902          2  (u)                -71  1367  1367  1923  1965   116     0     -5.058     -5.401      2.151      7.713      0.330
  1903         21  (g)                -71  1690  1690  1923  1965   301   116     -1.845     -1.214      0.930      2.409      0.248
  1904         21  (g)                -71  1699  1699  1923  1965   355   301     -2.102     -1.087     -0.569      2.485      0.497
  1905         21  (g)                -71  1538  1538  1923  1965   454   355     -3.009     -3.341     -0.322      4.508      0.000
  1906         21  (g)                -71  1513  1513  1923  1965   205   454     -1.168     -1.558     -0.815      2.111      0.000
  1907         21  (g)                -71  1696  1696  1923  1965   335   205      0.125     -1.285     -0.120      1.340      0.336
  1908         21  (g)                -71  1694  1694  1923  1965   465   335     -1.581     -2.111      2.746      3.820      0.318
  1909         21  (g)                -71  1688  1688  1923  1965   220   465     -1.227     -0.968      4.246      4.527      0.127
  1910         21  (g)                -71  1693  1693  1923  1965   254   220     -2.229     -2.605     13.490     13.922      0.293
  1911         21  (g)                -71  1695  1695  1923  1965   383   254     -4.382      0.739     19.102     19.615      0.321
  1912         21  (g)                -71  1681  1681  1923  1965   450   383     -2.039      0.376     23.162     23.254      0.046
  1913         21  (g)                -71  1691  1691  1923  1965   303   450     -3.452      0.100     31.669     31.857      0.259
  1914         21  (g)                -71  1698  1698  1923  1965   136   303     -1.734     -0.962     15.470     15.601      0.367
  1915         21  (g)                -71  1436  1436  1923  1965   270   136      1.397     -4.705     12.499     13.428      0.000
  1916         21  (g)                -71  1539  1539  1923  1965   295   270      0.863     -0.872      1.428      1.883      0.000
  1917         21  (g)                -71  1595  1595  1923  1965   210   295      1.434     -0.826      0.842      1.857      0.000
  1918         21  (g)                -71  1692  1692  1923  1965   367   210      3.046     -0.448      2.937      4.263      0.273
  1919         21  (g)                -71  1697  1697  1923  1965   442   367      0.747      4.187     46.473     46.669      0.361
  1920         21  (g)                -71  1378  1378  1923  1965   396   442      0.619      0.438      9.539      9.569      0.000
  1921         21  (g)                -71  1368  1368  1923  1965   114   396      4.053      8.584     96.938     97.402      0.000
  1922         -2  (ubar)             -71  1599  1599  1923  1965     0   114     -0.471      0.462     16.011     16.028      0.330
  1923        321  K+                  83  1902  1922     0     0     0     0     -2.260     -2.199      0.774      3.284      0.494
  1924       -323  (K*-)              -83  1902  1922  2528  2529     0     0     -3.193     -3.127      1.099      4.701      0.958
  1925        211  pi+                 83  1902  1922     0     0     0     0     -0.706     -0.070     -0.103      0.730      0.140
  1926       -211  pi-                 83  1902  1922     0     0     0     0     -3.335     -3.921      1.002      5.246      0.140
  1927       2212  p+                  83  1902  1922     0     0     0     0     -0.419     -0.759     -0.069      1.279      0.938
  1928      -2212  pbar-               83  1902  1922     0     0     0     0     -2.409     -2.344     -0.109      3.491      0.938
  1929        321  K+                  83  1902  1922     0     0     0     0     -1.269     -0.982     -0.739      1.834      0.494
  1930       -321  K-                  83  1902  1922     0     0     0     0     -0.279     -1.543      1.181      2.024      0.494
  1931        111  (pi0)              -83  1902  1922  2859  2860     0     0     -0.196      0.131      0.105      0.291      0.135
  1932       2212  p+                  83  1902  1922     0     0     0     0     -0.436     -0.841      3.393      3.646      0.938
  1933      -2212  pbar-               83  1902  1922     0     0     0     0     -1.443     -1.400      5.751      6.164      0.938
  1934        211  pi+                 83  1902  1922     0     0     0     0     -1.185     -0.851      2.400      2.812      0.140
  1935       -213  (rho-)             -83  1902  1922  2530  2531     0     0     -0.998      0.271      5.795      5.925      0.680
  1936        213  (rho+)             -83  1902  1922  2532  2533     0     0     -1.535     -0.367      7.990      8.228      1.164
  1937        111  (pi0)              -83  1902  1922  2861  2862     0     0      0.113     -0.413      2.574      2.612      0.135
  1938       -213  (rho-)             -83  1902  1922  2534  2535     0     0     -1.612     -0.399     11.096     11.255      0.891
  1939        211  pi+                 83  1902  1922     0     0     0     0     -1.116     -0.159      6.446      6.545      0.140
  1940       2112  n0                  83  1902  1922     0     0     0     0     -1.679      0.171     12.017     12.171      0.940
  1941        213  (rho+)             -83  1902  1922  2536  2537     0     0     -2.227      0.260     19.532     19.674      0.733
  1942      -2214  (Deltabar-)        -84  1902  1922  2538  2539     0     0     -0.908     -0.682     11.465     11.583      1.204
  1943       -213  (rho-)             -84  1902  1922  2540  2541     0     0     -0.931      0.074      6.980      7.087      0.793
  1944        211  pi+                 84  1902  1922     0     0     0     0     -0.386     -0.697      3.545      3.636      0.140
  1945        111  (pi0)              -84  1902  1922  2863  2864     0     0     -0.473     -0.253      9.499      9.515      0.135
  1946        111  (pi0)              -84  1902  1922  2865  2866     0     0     -0.086     -0.161      0.665      0.703      0.135
  1947       -211  pi-                 84  1902  1922     0     0     0     0      0.113     -1.138      2.521      2.772      0.140
  1948        113  (rho0)             -84  1902  1922  2542  2543     0     0      0.075     -0.371      1.242      1.473      0.694
  1949        321  K+                  84  1902  1922     0     0     0     0      0.278     -1.198      4.194      4.399      0.494
  1950       -313  (K*bar0)           -84  1902  1922  2544  2545     0     0      0.727     -1.172      2.736      3.187      0.875
  1951        111  (pi0)              -84  1902  1922  2867  2868     0     0      0.296     -0.252      0.002      0.412      0.135
  1952        111  (pi0)              -84  1902  1922  2869  2870     0     0      1.141      0.012      1.970      2.281      0.135
  1953        311  (K0)               -84  1902  1922  2546  2546     0     0      0.874     -1.563      3.054      3.575      0.498
  1954       -313  (K*bar0)           -84  1902  1922  2547  2548     0     0      0.970      0.976      2.451      2.955      0.909
  1955        331  (eta')             -84  1902  1922  2871  2872     0     0      0.578     -0.516      3.956      4.143      0.958
  1956        113  (rho0)             -84  1902  1922  2549  2550     0     0      0.710      0.717      3.166      3.434      0.867
  1957        111  (pi0)              -84  1902  1922  2873  2874     0     0      0.144     -0.439      0.876      1.000      0.135
  1958       3112  (Sigma-)           -84  1902  1922  2875  2876     0     0      0.263      0.472      6.469      6.601      1.197
  1959      -3212  (Sigmabar0)        -84  1902  1922  2877  2878     0     0      0.691      1.117     14.285     14.394      1.193
  1960        213  (rho+)             -84  1902  1922  2551  2552     0     0      1.161      3.153     28.287     28.495      0.733
  1961       -211  pi-                 84  1902  1922     0     0     0     0      0.628      1.140     19.035     19.080      0.140
  1962        321  K+                  84  1902  1922     0     0     0     0      0.249      1.181     16.036     16.089      0.494
  1963       -313  (K*bar0)           -84  1902  1922  2553  2554     0     0      0.902      1.841     25.964     26.068      1.092
  1964       -213  (rho-)             -84  1902  1922  2555  2556     0     0      1.087      2.610     30.269     30.410      0.772
  1965        113  (rho0)             -84  1902  1922  2557  2558     0     0      0.065      1.195     19.005     19.056      0.703
  1966          2  (u)                -71  1369  1369  1991  2036   417     0     -1.314     -2.045     53.665     53.721      0.330
  1967         21  (g)                -71  1381  1381  1991  2036   180   417     -0.528     -3.097     60.527     60.609      0.000
  1968         21  (g)                -71  1578  1578  1991  2036   224   180      0.078     -1.225     19.176     19.215      0.000
  1969         21  (g)                -71  1666  1666  1991  2036   269   224      0.868     -2.549     27.449     27.582      0.200
  1970         21  (g)                -71  1669  1669  1991  2036   253   269      0.729     -1.091     27.260     27.292      0.229
  1971         21  (g)                -71  1673  1673  1991  2036   170   253      4.327     -0.715     71.837     71.971      0.332
  1972         21  (g)                -71  1668  1668  1991  2036   365   170      1.314     -0.330     57.662     57.678      0.222
  1973         21  (g)                -71  1575  1575  1991  2036   191   365      0.431     -1.298     59.501     59.517      0.000
  1974         21  (g)                -71  1516  1516  1991  2036   477   191      0.046     -1.463    150.558    150.565      0.000
  1975         21  (g)                -71  1559  1559  1991  2036   431   477     -0.835     -0.959    158.174    158.179      0.000
  1976         21  (g)                -71  1667  1667  1991  2036   239   431     -1.222     -1.096    520.320    520.322      0.216
  1977         21  (g)                -71  1525  1525  1991  2036   247   239      3.675      0.077    356.947    356.966      0.000
  1978         21  (g)                -71  1670  1670  1991  2036   245   247     -1.061      3.002     52.900     52.996      0.233
  1979         21  (g)                -71  1665  1665  1991  2036   264   245     -1.938      1.167     23.793     23.902      0.179
  1980         21  (g)                -71  1439  1439  1991  2036   438   264     -1.045      1.114     13.599     13.685      0.000
  1981         21  (g)                -71  1679  1679  1991  2036   183   438      1.289      1.458     16.266     16.392      0.584
  1982         21  (g)                -71  1676  1676  1991  2036   462   183      2.253      0.407      9.288      9.579      0.501
  1983         21  (g)                -71  1675  1675  1991  2036   251   462      3.690     -1.300      7.847      8.780      0.436
  1984         21  (g)                -71  1674  1674  1991  2036   229   251      1.945      0.586      4.125      4.613      0.368
  1985         21  (g)                -71  1448  1448  1991  2036   370   229      1.340      1.142      2.147      2.777      0.000
  1986         21  (g)                -71  1678  1678  1991  2036   277   370     -0.411      1.334      2.115      2.600      0.583
  1987         21  (g)                -71  1672  1672  1991  2036   151   277     -1.918      3.456     10.830     11.531      0.247
  1988         21  (g)                -71  1671  1671  1991  2036   395   151     -1.074      0.613      2.584      2.875      0.243
  1989         21  (g)                -71  1677  1677  1991  2036   161   395     -3.641      1.179      3.719      5.367      0.568
  1990         -2  (ubar)             -71  1526  1526  1991  2036     0   161      0.594      0.125      1.124      1.319      0.330
  1991        321  K+                  83  1966  1990     0     0     0     0     -0.273     -3.436     65.276     65.369      0.494
  1992       -313  (K*bar0)           -83  1966  1990  2559  2560     0     0     -0.385     -0.596     14.716     14.760      0.888
  1993        311  (K0)               -83  1966  1990  2561  2561     0     0      0.117     -2.794     48.119     48.203      0.498
  1994       3122  (Lambda0)          -83  1966  1990  2879  2880     0     0      0.363     -0.425     25.771     25.802      1.116
  1995        111  (pi0)              -83  1966  1990  2881  2882     0     0     -0.066     -0.121      1.307      1.321      0.135
  1996      -2214  (Deltabar-)        -83  1966  1990  2562  2563     0     0      1.480     -1.455     36.148     36.236      1.451
  1997        211  pi+                 83  1966  1990     0     0     0     0     -0.110     -0.108      5.200      5.204      0.140
  1998       2112  n0                  83  1966  1990     0     0     0     0      1.898     -1.504     52.542     52.607      0.940
  1999      -2212  pbar-               83  1966  1990     0     0     0     0      0.583     -0.544     32.473     32.496      0.938
  2000        213  (rho+)             -83  1966  1990  2564  2565     0     0      0.594     -0.281     20.240     20.269      0.841
  2001        311  (K0)               -83  1966  1990  2566  2566     0     0      0.712     -1.228     55.242     55.263      0.498
  2002       -323  (K*-)              -83  1966  1990  2567  2568     0     0      0.521      0.161     75.118     75.125      0.909
  2003        211  pi+                 83  1966  1990     0     0     0     0     -0.230     -0.252     33.279     33.281      0.140
  2004        111  (pi0)              -83  1966  1990  2883  2884     0     0      0.133     -0.410     21.850     21.855      0.135
  2005        113  (rho0)             -83  1966  1990  2569  2570     0     0     -0.216     -0.417    134.472    134.475      0.781
  2006        223  (omega)            -83  1966  1990  2885  2887     0     0     -0.374     -0.690    145.010    145.014      0.774
  2007       -213  (rho-)             -83  1966  1990  2571  2572     0     0      1.057     -0.919    148.840    148.849      0.832
  2008        221  (eta)              -83  1966  1990  2888  2890     0     0     -0.134     -0.181    117.312    117.314      0.548
  2009        213  (rho+)             -83  1966  1990  2573  2574     0     0      0.099     -0.006    124.447    124.450      0.844
  2010       2112  n0                  83  1966  1990     0     0     0     0      0.019     -0.310    207.772    207.774      0.940
  2011      -2112  nbar0               84  1966  1990     0     0     0     0      0.911      0.002     79.134     79.145      0.940
  2012        111  (pi0)              -84  1966  1990  2891  2892     0     0     -0.141     -0.093     86.903     86.904      0.135
  2013        113  (rho0)             -84  1966  1990  2575  2576     0     0      0.678      0.627     45.215     45.239      1.163
  2014       -211  pi-                 84  1966  1990     0     0     0     0     -1.122      0.804     16.022     16.082      0.140
  2015        113  (rho0)             -84  1966  1990  2577  2578     0     0     -0.768      1.151     17.391     17.463      0.759
  2016        111  (pi0)              -84  1966  1990  2893  2894     0     0      0.110      0.525     14.113     14.124      0.135
  2017        223  (omega)            -84  1966  1990  2895  2897     0     0      0.270      1.255     18.025     18.088      0.799
  2018       2114  (Delta0)           -84  1966  1990  2579  2580     0     0     -0.873      1.217     18.537     18.639      1.249
  2019        213  (rho+)             -84  1966  1990  2581  2582     0     0      0.104      0.024      2.253      2.364      0.711
  2020      -2212  pbar-               84  1966  1990     0     0     0     0      0.750      0.499      5.013      5.179      0.938
  2021        223  (omega)            -84  1966  1990  2898  2900     0     0      0.961     -0.415      5.954      6.094      0.773
  2022        223  (omega)            -84  1966  1990  2901  2903     0     0      0.482      0.231      3.250      3.389      0.795
  2023        323  (K*+)              -84  1966  1990  2583  2584     0     0      2.764      0.963      8.617      9.147      0.923
  2024       -321  K-                  84  1966  1990     0     0     0     0      2.022      0.020      3.631      4.185      0.494
  2025        211  pi+                 84  1966  1990     0     0     0     0     -0.050     -0.336      0.409      0.549      0.140
  2026       -213  (rho-)             -84  1966  1990  2585  2586     0     0      0.551      0.403      1.346      1.689      0.756
  2027        211  pi+                 84  1966  1990     0     0     0     0      0.109      0.074      0.662      0.689      0.140
  2028        111  (pi0)              -84  1966  1990  2904  2905     0     0      0.436      0.778      2.348      2.515      0.135
  2029       2112  n0                  84  1966  1990     0     0     0     0      0.135      1.035      2.754      3.091      0.940
  2030      -2212  pbar-               84  1966  1990     0     0     0     0     -0.807      1.011      2.991      3.391      0.938
  2031        211  pi+                 84  1966  1990     0     0     0     0     -0.155     -0.205      0.673      0.734      0.140
  2032       3122  (Lambda0)          -84  1966  1990  2906  2907     0     0     -0.860      1.230      2.731      3.310      1.116
  2033      -3212  (Sigmabar0)        -84  1966  1990  2908  2909     0     0     -1.321      1.167      3.414      4.023      1.193
  2034        313  (K*0)              -84  1966  1990  2587  2588     0     0     -0.513      1.191      2.812      3.230      0.919
  2035        333  (phi)              -84  1966  1990  2910  2911     0     0     -1.758      0.814      2.838      3.585      1.019
  2036       -323  (K*-)              -84  1966  1990  2589  2590     0     0     -0.110      0.034      1.243      1.519      0.865
  2037          1  (d)                -71  1338  1338  2053  2085   112     0     -1.550    -10.936    -81.763     82.506      0.330
  2038         21  (g)                -71  1340  1340  2053  2085   328   112     -0.163      0.158     -0.330      0.401      0.000
  2039         21  (g)                -71  1358  1358  2053  2085   340   328      1.184     -1.464     -2.842      3.409      0.000
  2040         21  (g)                -71  1357  1357  2053  2085   134   340      0.028      0.307     -1.306      1.342      0.000
  2041         21  (g)                -71  1351  1351  2053  2085   317   134      0.621      1.415      2.481      2.923      0.000
  2042         21  (g)                -71  1355  1355  2053  2085   363   317     -0.436     -0.243      0.341      0.604      0.000
  2043         21  (g)                -71  1701  1701  2053  2085   315   363      1.577      0.872      5.033      5.359      0.376
  2044         21  (g)                -71  1700  1700  2053  2085   384   315      0.585      1.280     -0.072      1.444      0.317
  2045         21  (g)                -71  1361  1361  2053  2085   238   384     -0.092      3.820      1.419      4.076      0.000
  2046         21  (g)                -71  1346  1346  2053  2085   242   238      1.289      2.185      3.971      4.712      0.000
  2047         21  (g)                -71  1347  1347  2053  2085   169   242      2.803      6.134      2.947      7.360      0.000
  2048         21  (g)                -71  1343  1343  2053  2085   283   169      2.030      1.081      2.507      3.402      0.000
  2049         21  (g)                -71  1349  1349  2053  2085   390   283     -0.219      0.169      0.913      0.954      0.000
  2050         21  (g)                -71  1362  1362  2053  2085   320   390     -0.312     -1.752     13.970     14.082      0.000
  2051         21  (g)                -71  1356  1356  2053  2085   111   320     -0.161      0.169      1.102      1.126      0.000
  2052         -2  (ubar)             -71  1342  1342  2053  2085     0   111     -2.150     -0.721     29.411     29.500      0.330
  2053       3212  (Sigma0)           -83  2037  2052  2912  2913     0     0     -1.046     -6.876    -52.093     52.569      1.193
  2054      -3212  (Sigmabar0)        -83  2037  2052  2914  2915     0     0     -0.536     -2.623    -19.131     19.354      1.193
  2055        221  (eta)              -83  2037  2052  2916  2918     0     0     -0.377     -1.140     -7.359      7.476      0.548
  2056       -211  pi-                 83  2037  2052     0     0     0     0      1.170     -0.552     -4.047      4.251      0.140
  2057        211  pi+                 83  2037  2052     0     0     0     0     -0.038     -0.247     -0.677      0.735      0.140
  2058       -213  (rho-)             -83  2037  2052  2591  2592     0     0     -0.178     -0.165     -1.425      1.642      0.780
  2059        213  (rho+)             -83  2037  2052  2593  2594     0     0      0.469     -0.113      0.017      0.903      0.764
  2060       -211  pi-                 83  2037  2052     0     0     0     0     -0.017     -0.090      0.032      0.170      0.140
  2061        213  (rho+)             -83  2037  2052  2595  2596     0     0     -0.090     -0.008     -0.597      1.030      0.834
  2062       -211  pi-                 83  2037  2052     0     0     0     0      0.414      0.453      0.317      0.705      0.140
  2063        213  (rho+)             -83  2037  2052  2597  2598     0     0      0.168     -0.088      0.856      1.178      0.787
  2064       -211  pi-                 83  2037  2052     0     0     0     0      0.663      0.593      0.778      1.190      0.140
  2065        211  pi+                 83  2037  2052     0     0     0     0      0.058      0.524      1.903      1.980      0.140
  2066        113  (rho0)             -83  2037  2052  2599  2600     0     0     -0.261      0.388      0.459      1.029      0.793
  2067        111  (pi0)              -84  2037  2052  2919  2920     0     0      0.157      0.540      0.155      0.598      0.135
  2068        221  (eta)              -84  2037  2052  2921  2922     0     0      0.697      0.885      1.220      1.749      0.548
  2069       -211  pi-                 84  2037  2052     0     0     0     0     -0.544      0.890      0.394      1.124      0.140
  2070        111  (pi0)              -84  2037  2052  2923  2924     0     0      1.316      1.331      3.270      3.770      0.135
  2071        211  pi+                 84  2037  2052     0     0     0     0      0.052      0.427      0.015      0.453      0.140
  2072        221  (eta)              -84  2037  2052  2925  2927     0     0      2.101      3.175      1.656      4.188      0.548
  2073       -211  pi-                 84  2037  2052     0     0     0     0     -0.097      0.908      0.566      1.084      0.140
  2074        111  (pi0)              -84  2037  2052  2928  2929     0     0      0.221      1.184      0.936      1.531      0.135
  2075        223  (omega)            -84  2037  2052  2930  2932     0     0     -0.139      0.075      1.131      1.383      0.780
  2076       3222  (Sigma+)           -84  2037  2052  2933  2934     0     0      1.646      2.845      2.684      4.407      1.189
  2077      -3212  (Sigmabar0)        -84  2037  2052  2935  2936     0     0      0.642      1.048      1.494      2.273      1.193
  2078        113  (rho0)             -84  2037  2052  2601  2602     0     0      0.258      0.648      1.758      1.994      0.633
  2079       -213  (rho-)             -84  2037  2052  2603  2604     0     0      0.193      0.029      0.691      1.086      0.815
  2080        113  (rho0)             -84  2037  2052  2605  2606     0     0      0.741     -0.288      2.828      3.062      0.865
  2081        221  (eta)              -84  2037  2052  2937  2938     0     0     -0.510     -0.247      4.518      4.586      0.548
  2082        111  (pi0)              -84  2037  2052  2939  2940     0     0     -0.439      0.217      2.776      2.822      0.135
  2083        213  (rho+)             -84  2037  2052  2607  2608     0     0     -0.063     -0.238     11.296     11.326      0.780
  2084        223  (omega)            -84  2037  2052  2941  2943     0     0     -0.553     -0.323      4.112      4.234      0.781
  2085       -213  (rho-)             -84  2037  2052  2609  2610     0     0     -1.043     -0.690     17.245     17.318      0.981
  2086          1  (d)                -71  1238  1238  2110  2173   117     0     -6.396     -4.175   -399.227    399.300      0.330
  2087         21  (g)                -71  1344  1344  2110  2173   178   250     -3.812     -2.723     -4.208      6.297      0.000
  2088         21  (g)                -71  1348  1348  2110  2173   250   297     -0.879     -0.333     -1.156      1.490      0.000
  2089         21  (g)                -71  1350  1350  2110  2173   297   439      0.958     -0.577     -0.372      1.179      0.000
  2090         21  (g)                -71  1364  1364  2110  2173   439   215      0.206      0.520     -0.236      0.607      0.000
  2091         21  (g)                -71  1353  1353  2110  2173   215   374      0.804      0.957      1.312      1.812      0.000
  2092         21  (g)                -71  1631  1631  2110  2173   374   110     -0.519      0.485      0.055      0.884      0.523
  2093         21  (g)                -71  1428  1428  2110  2173   110   325     -1.998      2.794    -15.133     15.518      0.000
  2094         21  (g)                -71  1426  1426  2110  2173   325   131     -1.275      4.683    -27.886     28.305      0.000
  2095          2  (u)                -71  1619  1619  2110  2173   131     0      0.146      0.448   -144.359    144.360      0.330
  2096         21  (g)                -71  1397  1397  2110  2173   338   240     -0.131     -0.876    -38.578     38.588      0.000
  2097         21  (g)                -71  1495  1495  2110  2173   240   168     -0.441     -1.869    -27.841     27.907      0.000
  2098         21  (g)                -71  1628  1628  2110  2173   168   376     -2.108     -4.799    -65.571     65.781      0.205
  2099         21  (g)                -71  1630  1630  2110  2173   376   289     -1.975     -1.646    -14.924     15.149      0.387
  2100         21  (g)                -71  1626  1626  2110  2173   289   369      0.018     -1.247     -7.266      7.374      0.158
  2101         21  (g)                -71  1632  1632  2110  2173   369   167     -0.706     -0.727    -49.668     49.681      0.529
  2102         21  (g)                -71  1519  1519  2110  2173   167   189     -1.846     -2.738   -542.781    542.791      0.000
  2103         21  (g)                -71  1562  1562  2110  2173   189   403     -0.243     -0.472   -504.189    504.189      0.000
  2104         21  (g)                -71  1524  1524  2110  2173   403   127     -0.118      0.529    -28.143     28.149      0.000
  2105         21  (g)                -71  1403  1403  2110  2173   127   433     -1.155      0.858    -77.909     77.922      0.000
  2106         21  (g)                -71  1396  1396  2110  2173   433   327     -1.191      0.072    -24.142     24.172      0.000
  2107         21  (g)                -71  1627  1627  2110  2173   327   348     -4.228      1.467    -73.331     73.467      0.168
  2108         21  (g)                -71  1629  1629  2110  2173   348   165     -0.272      1.107    -13.173     13.226      0.305
  2109          2  (u)                -71  1633  1633  2110  2173   165     0      0.883      5.294    -46.803     47.117      0.799
  2110       -211  pi-                 85  2086  2109     0     0     0     0     -0.520     -0.541    -20.641     20.655      0.140
  2111        213  (rho+)             -85  2086  2109  2611  2612     0     0     -3.970     -2.476   -263.257    263.300      0.848
  2112       -213  (rho-)             -85  2086  2109  2613  2614     0     0     -1.246     -0.795    -86.019     86.035      0.691
  2113        321  K+                  86  2086  2109     0     0     0     0      0.066      1.046    -11.144     11.204      0.494
  2114       -313  (K*bar0)           -86  2086  2109  2615  2616     0     0      0.783      4.680    -46.908     47.155      0.894
  2115        223  (omega)            -86  2086  2109  2944  2946     0     0     -1.585      0.995    -21.408     21.504      0.786
  2116       -211  pi-                 86  2086  2109     0     0     0     0     -0.947      0.202    -21.411     21.433      0.140
  2117        211  pi+                 86  2086  2109     0     0     0     0     -0.406      0.345    -18.681     18.689      0.140
  2118       -213  (rho-)             -86  2086  2109  2617  2618     0     0     -1.941      0.729    -36.043     36.111      0.773
  2119        213  (rho+)             -86  2086  2109  2619  2620     0     0     -0.469      0.102    -22.893     22.913      0.831
  2120        223  (omega)            -86  2086  2109  2947  2949     0     0     -0.737      0.177    -45.816     45.828      0.782
  2121        311  (K0)               -86  2086  2109  2621  2621     0     0     -0.216      0.237    -17.354     17.364      0.498
  2122       -321  K-                  86  2086  2109     0     0     0     0     -0.894      0.513   -179.574    179.578      0.494
  2123        211  pi+                 86  2086  2109     0     0     0     0      0.086     -0.285    -67.434     67.434      0.140
  2124       -211  pi-                 86  2086  2109     0     0     0     0     -0.313      0.069    -33.766     33.767      0.140
  2125        213  (rho+)             -86  2086  2109  2622  2623     0     0     -0.424     -0.726   -276.727    276.729      0.688
  2126        113  (rho0)             -86  2086  2109  2624  2625     0     0      0.009     -0.498   -115.503    115.504      0.412
  2127       -213  (rho-)             -86  2086  2109  2626  2627     0     0      0.094     -0.174    -91.413     91.416      0.709
  2128        211  pi+                 86  2086  2109     0     0     0     0     -0.831     -0.337    -74.832     74.837      0.140
  2129        311  (K0)               -86  2086  2109  2628  2628     0     0     -0.499     -0.272    -85.092     85.096      0.498
  2130       -313  (K*bar0)           -86  2086  2109  2629  2630     0     0     -0.388     -0.972    -79.231     79.243      0.854
  2131        223  (omega)            -86  2086  2109  2950  2952     0     0      0.009      0.072    -65.874     65.878      0.784
  2132       -213  (rho-)             -86  2086  2109  2631  2632     0     0      0.055     -0.485    -13.526     13.550      0.651
  2133        211  pi+                 86  2086  2109     0     0     0     0      0.182      0.088     -7.352      7.356      0.140
  2134       -211  pi-                 86  2086  2109     0     0     0     0     -0.623     -0.279    -12.103     12.123      0.140
  2135        111  (pi0)              -86  2086  2109  2953  2954     0     0      0.216     -0.365     -8.087      8.100      0.135
  2136        223  (omega)            -86  2086  2109  2955  2957     0     0     -0.778     -0.686    -14.083     14.143      0.782
  2137        111  (pi0)              -86  2086  2109  2958  2960     0     0     -0.080     -0.077     -0.919      0.935      0.135
  2138       2212  p+                  86  2086  2109     0     0     0     0     -0.323     -1.370    -15.463     15.555      0.938
  2139        111  (pi0)              -86  2086  2109  2961  2962     0     0     -0.334     -0.016     -2.124      2.154      0.135
  2140      -2214  (Deltabar-)        -86  2086  2109  2633  2634     0     0     -1.548     -3.027    -39.632     39.795      1.176
  2141        213  (rho+)             -86  2086  2109  2635  2636     0     0     -0.710     -1.192    -26.589     26.637      0.803
  2142       -213  (rho-)             -86  2086  2109  2637  2638     0     0     -0.520     -1.613    -20.979     21.062      0.799
  2143        211  pi+                 83  2086  2109     0     0     0     0     -0.120      0.275    -78.742     78.742      0.140
  2144        111  (pi0)              -83  2086  2109  2963  2964     0     0      0.132     -0.046     -2.532      2.539      0.135
  2145       -211  pi-                 83  2086  2109     0     0     0     0     -0.319      0.284    -32.682     32.685      0.140
  2146        221  (eta)              -83  2086  2109  2965  2967     0     0      0.220     -0.208    -13.805     13.819      0.548
  2147        111  (pi0)              -83  2086  2109  2968  2969     0     0      0.052      0.543     -9.708      9.724      0.135
  2148        211  pi+                 83  2086  2109     0     0     0     0     -0.147      0.583     -5.691      5.725      0.140
  2149       -213  (rho-)             -83  2086  2109  2639  2640     0     0     -0.104      0.559     -4.822      4.899      0.656
  2150        213  (rho+)             -83  2086  2109  2641  2642     0     0     -0.422      0.489     -6.158      6.228      0.678
  2151       -211  pi-                 83  2086  2109     0     0     0     0     -0.715      1.439     -7.062      7.243      0.140
  2152       2114  (Delta0)           -83  2086  2109  2643  2644     0     0     -0.571      1.989    -11.505     11.744      1.134
  2153        213  (rho+)             -83  2086  2109  2645  2646     0     0     -0.015      0.326     -4.431      4.487      0.629
  2154      -3214  (Sigma*bar0)       -83  2086  2109  2647  2648     0     0     -0.563      1.579     -7.925      8.222      1.410
  2155       -323  (K*-)              -83  2086  2109  2649  2650     0     0     -0.467      0.319     -0.141      1.002      0.815
  2156        223  (omega)            -83  2086  2109  2970  2972     0     0     -0.635      0.123     -0.570      1.167      0.786
  2157        211  pi+                 83  2086  2109     0     0     0     0      0.463      0.448     -0.853      1.078      0.140
  2158       -211  pi-                 84  2086  2109     0     0     0     0      0.998     -0.095     -0.092      1.017      0.140
  2159        211  pi+                 84  2086  2109     0     0     0     0     -0.684      0.191     -0.772      1.058      0.140
  2160        221  (eta)              -84  2086  2109  2973  2974     0     0      0.398      0.413      0.722      1.073      0.548
  2161       2114  (Delta0)           -84  2086  2109  2651  2652     0     0     -0.962     -0.593     -1.498      2.304      1.338
  2162        111  (pi0)              -84  2086  2109  2975  2976     0     0     -0.385     -0.302     -0.082      0.514      0.135
  2163      -2212  pbar-               84  2086  2109     0     0     0     0     -0.224     -0.546     -1.851      2.157      0.938
  2164        111  (pi0)              -84  2086  2109  2977  2978     0     0     -0.649     -0.116     -0.734      0.995      0.135
  2165        111  (pi0)              -84  2086  2109  2979  2980     0     0      0.355     -0.616     -1.607      1.763      0.135
  2166        111  (pi0)              -84  2086  2109  2981  2982     0     0     -1.071     -0.122     -1.590      1.925      0.135
  2167        211  pi+                 84  2086  2109     0     0     0     0     -0.831     -0.655     -1.384      1.748      0.140
  2168       -211  pi-                 84  2086  2109     0     0     0     0      0.111      0.004     -1.095      1.110      0.140
  2169        111  (pi0)              -84  2086  2109  2983  2984     0     0     -0.682     -0.351     -5.857      5.908      0.135
  2170        211  pi+                 84  2086  2109     0     0     0     0      0.081      0.202     -1.924      1.942      0.140
  2171        221  (eta)              -84  2086  2109  2985  2987     0     0     -0.044     -0.619    -14.534     14.558      0.548
  2172       2112  n0                  88  2086  2109     0     0     0     0     -0.487     -0.732    -14.713     14.769      0.940
  2173        211  pi+                 84  2086  2109     0     0     0     0     -0.191     -0.799    -30.018     30.029      0.140
  2174          2  (u)                -71  1596  1596  2184  2202   208     0      0.111     -0.759      3.545      3.642      0.330
  2175         21  (g)                -71  1708  1708  2184  2202   408   208     -2.775      1.094     72.635     72.697      0.357
  2176         21  (g)                -71  1583  1583  2184  2202   263   408     -0.544     -0.162     26.241     26.247      0.000
  2177         21  (g)                -71  1609  1609  2184  2202   309   263     -0.750      1.240    150.929    150.936      0.000
  2178         21  (g)                -71  1430  1430  2184  2202   129   309      0.870     -0.353      1.444      1.723      0.000
  2179         21  (g)                -71  1431  1431  2184  2202   380   129     -0.487     -0.003     -1.223      1.317      0.000
  2180         21  (g)                -71  1707  1707  2184  2202   464   380      1.025      0.210     -2.645      2.853      0.229
  2181         21  (g)                -71  1429  1429  2184  2202   337   464      2.071     -1.968    -25.627     25.786      0.000
  2182         21  (g)                -71  1425  1425  2184  2202   171   337      0.519     -2.308    -23.548     23.667      0.000
  2183         -2  (ubar)             -71  1541  1541  2184  2202     0   171     -0.697     -1.684     -6.812      7.059      0.330
  2184        221  (eta)              -83  2174  2183  2988  2989     0     0      0.015     -0.103      3.849      3.890      0.548
  2185        113  (rho0)             -83  2174  2183  2653  2654     0     0     -0.516     -0.444      9.478      9.535      0.787
  2186        223  (omega)            -83  2174  2183  2990  2992     0     0     -0.589      0.151     26.449     26.467      0.779
  2187        113  (rho0)             -83  2174  2183  2655  2656     0     0     -0.393      0.100     34.869     34.879      0.729
  2188        223  (omega)            -83  2174  2183  2993  2995     0     0     -1.160      0.883     47.422     47.451      0.781
  2189        113  (rho0)             -83  2174  2183  2657  2658     0     0     -1.106      0.225     58.034     58.052      0.945
  2190        213  (rho+)             -83  2174  2183  2659  2660     0     0      0.156     -0.075     13.932     13.948      0.653
  2191       -211  pi-                 83  2174  2183     0     0     0     0     -0.508      0.415     52.382     52.386      0.140
  2192        213  (rho+)             -83  2174  2183  2661  2662     0     0      0.429      0.142      4.772      4.980      1.350
  2193       -213  (rho-)             -83  2174  2183  2663  2664     0     0      0.366      0.046      0.773      1.081      0.661
  2194        213  (rho+)             -83  2174  2183  2665  2666     0     0     -0.250      0.114      1.598      1.888      0.968
  2195       -211  pi-                 83  2174  2183     0     0     0     0      0.234     -0.617      0.834      1.072      0.140
  2196        221  (eta)              -84  2174  2183  2996  2997     0     0      0.505      0.062     -1.231      1.441      0.548
  2197        211  pi+                 84  2174  2183     0     0     0     0     -0.165     -0.509     -3.969      4.007      0.140
  2198       -211  pi-                 84  2174  2183     0     0     0     0      0.867      0.008     -7.464      7.516      0.140
  2199       2212  p+                  84  2174  2183     0     0     0     0      0.932     -0.917    -11.390     11.503      0.938
  2200      -2112  nbar0               84  2174  2183     0     0     0     0      0.475     -0.602    -13.860     13.913      0.940
  2201        311  (K0)               -84  2174  2183  2667  2667     0     0      0.455     -1.313    -11.022     11.121      0.498
  2202       -323  (K*-)              -84  2174  2183  2668  2669     0     0     -0.403     -2.261    -10.514     10.795      0.844
  2203          2  (u)                -71  1240  1240  2242  2297   336     0      1.796      1.151    105.787    105.809      0.330
  2204         21  (g)                -71  1287  1287  2242  2297   268   336      6.767      2.520    558.990    559.036      0.000
  2205         21  (g)                -71  1289  1289  2242  2297   343   268     -0.960     -0.388     17.408     17.439      0.000
  2206         21  (g)                -71  1411  1411  2242  2297   241   343     -0.281     -0.562      7.586      7.612      0.000
  2207         21  (g)                -71  1269  1269  2242  2297   331   241      0.489      0.022      3.208      3.245      0.000
  2208         21  (g)                -71  1284  1284  2242  2297   107   331      0.054      0.920      9.180      9.227      0.000
  2209         21  (g)                -71  1296  1296  2242  2297   371   107     -1.285      8.816     58.608     59.281      0.000
  2210         21  (g)                -71  1271  1271  2242  2297   275   371     -1.553      6.358     50.300     50.724      0.000
  2211         21  (g)                -71  1235  1235  2242  2297   412   275     -0.544      1.281      9.082      9.188      0.000
  2212         21  (g)                -71  1307  1307  2242  2297   106   412     -0.327     13.792     87.840     88.917      0.000
  2213         21  (g)                -71  1308  1308  2242  2297   415   106      0.132      0.758     12.401     12.425      0.000
  2214         21  (g)                -71  1713  1713  2242  2297   406   415      2.525      0.461     24.796     24.934      0.478
  2215         21  (g)                -71  1306  1306  2242  2297   249   406     -0.023      0.399      2.155      2.191      0.000
  2216         21  (g)                -71  1300  1300  2242  2297   387   249      1.123     -0.667      8.575      8.674      0.000
  2217         21  (g)                -71  1710  1710  2242  2297   457   387      0.225     -0.826      2.209      2.371      0.090
  2218         21  (g)                -71  1327  1327  2242  2297   108   457      2.211     -0.283     10.442     10.677      0.000
  2219         21  (g)                -71  1294  1294  2242  2297   359   108      0.172     -0.661      3.797      3.858      0.000
  2220         21  (g)                -71  1288  1288  2242  2297   339   359      1.075      0.188      6.460      6.552      0.000
  2221         21  (g)                -71  1275  1275  2242  2297   299   339      0.798      0.129      1.900      2.065      0.000
  2222         21  (g)                -71  1711  1711  2242  2297   435   299     -1.046      0.781      8.958      9.054      0.190
  2223         21  (g)                -71  1712  1712  2242  2297   236   435     -1.191     -6.862     40.132     40.733      0.204
  2224         21  (g)                -71  1246  1246  2242  2297   202   236     -3.139     -1.308     15.642     16.007      0.000
  2225         21  (g)                -71  1325  1325  2242  2297   453   202     -0.288     -0.560      2.168      2.257      0.000
  2226         21  (g)                -71  1301  1301  2242  2297   392   453     -1.078      0.273      5.451      5.563      0.000
  2227         21  (g)                -71  1250  1250  2242  2297   425   392     -3.017      0.233      8.788      9.294      0.000
  2228         21  (g)                -71  1313  1313  2242  2297   159   425     -2.771      0.248      5.391      6.067      0.000
  2229         21  (g)                -71  1317  1317  2242  2297   434   159     -1.276     -0.460      4.798      4.986      0.000
  2230         21  (g)                -71  1290  1290  2242  2297   344   434     -6.162     -1.116     15.757     16.956      0.000
  2231         21  (g)                -71  1334  1334  2242  2297   474   344    -10.119     -2.836     30.893     32.632      0.000
  2232         21  (g)                -71  1285  1285  2242  2297   332   474     -8.016     -1.960     27.078     28.307      0.000
  2233         21  (g)                -71  1244  1244  2242  2297   473   332     -4.260     -0.238     12.147     12.874      0.000
  2234         21  (g)                -71  1333  1333  2242  2297   150   473     -6.334     -1.414     20.698     21.692      0.000
  2235         21  (g)                -71  1257  1257  2242  2297   323   150     -1.646     -0.486      3.163      3.599      0.000
  2236         21  (g)                -71  1282  1282  2242  2297   308   323     -4.837      1.285      9.910     11.102      0.000
  2237         21  (g)                -71  1279  1279  2242  2297   222   308     -0.524     -0.208      1.489      1.592      0.000
  2238         21  (g)                -71  1234  1234  2242  2297   203   222    -14.456     -2.559     32.176     35.367      0.000
  2239         21  (g)                -71  1714  1714  2242  2297   475   203     -0.517     -2.237      9.517      9.805      0.530
  2240         21  (g)                -71  1322  1322  2242  2297   448   475      0.324     -0.418      0.517      0.739      0.000
  2241         -2  (ubar)             -71  1407  1407  2242  2297     0   448     -0.436      6.475     -5.683      8.632      0.330
  2242        221  (eta)              -83  2203  2241  2998  3000     0     0      2.715      1.640    242.195    242.217      0.548
  2243        331  (eta')             -83  2203  2241  3001  3003     0     0      3.021      0.766    208.009    208.035      0.958
  2244        213  (rho+)             -83  2203  2241  2670  2671     0     0      1.829      0.610    104.649    104.669      0.783
  2245       -211  pi-                 83  2203  2241     0     0     0     0     -0.321      0.114     25.773     25.775      0.140
  2246       3222  (Sigma+)           -83  2203  2241  3004  3005     0     0      0.071     -0.274     54.528     54.542      1.189
  2247      -3222  (Sigmabar-)        -83  2203  2241  3006  3007     0     0      0.578      0.290     30.989     31.018      1.189
  2248        111  (pi0)              -83  2203  2241  3008  3009     0     0      0.071      0.138      5.782      5.786      0.135
  2249        211  pi+                 83  2203  2241     0     0     0     0      0.231      0.395      5.914      5.933      0.140
  2250       -211  pi-                 83  2203  2241     0     0     0     0     -0.464     -0.446     17.023     17.036      0.140
  2251        211  pi+                 83  2203  2241     0     0     0     0      0.173      0.363      1.739      1.791      0.140
  2252       3112  (Sigma-)           -83  2203  2241  3010  3011     0     0     -0.454      2.255     16.169     16.375      1.197
  2253        321  K+                  83  2203  2241     0     0     0     0     -1.275      6.016     46.343     46.752      0.494
  2254      -2212  pbar-               83  2203  2241     0     0     0     0     -0.294      4.183     30.370     30.673      0.938
  2255       2112  n0                  83  2203  2241     0     0     0     0     -0.457      4.510     27.093     27.486      0.940
  2256      -2114  (Deltabar0)        -83  2203  2241  2672  2673     0     0     -1.254      8.049     61.486     62.034      1.146
  2257        211  pi+                 83  2203  2241     0     0     0     0      0.216      4.979     36.179     36.521      0.140
  2258        113  (rho0)             -83  2203  2241  2674  2675     0     0      0.828      0.712      7.363      7.491      0.845
  2259       -213  (rho-)             -83  2203  2241  2676  2677     0     0      0.067      0.044      7.537      7.584      0.837
  2260        323  (K*+)              -83  2203  2241  2678  2679     0     0      0.754      0.035      4.733      4.871      0.868
  2261       -313  (K*bar0)           -83  2203  2241  2680  2681     0     0      0.598      0.175     10.339     10.396      0.899
  2262        221  (eta)              -83  2203  2241  3012  3013     0     0      1.525      0.133     12.468     12.573      0.548
  2263        111  (pi0)              -83  2203  2241  3014  3015     0     0      2.488     -0.914     10.936     11.253      0.135
  2264        113  (rho0)             -84  2203  2241  2682  2683     0     0      0.689      0.215      8.842      8.910      0.829
  2265       -213  (rho-)             -84  2203  2241  2684  2685     0     0     -0.138     -0.295      3.706      3.824      0.885
  2266        211  pi+                 84  2203  2241     0     0     0     0     -0.029      0.204      0.586      0.636      0.140
  2267       1114  (Delta-)           -84  2203  2241  2686  2687     0     0      0.225     -1.140      8.500      8.729      1.613
  2268      -1114  (Deltabar+)        -84  2203  2241  2688  2689     0     0      0.114     -1.719     12.473     12.646      1.179
  2269        111  (pi0)              -84  2203  2241  3016  3017     0     0     -1.075     -0.802      9.322      9.419      0.135
  2270        311  (K0)               -84  2203  2241  2690  2690     0     0     -0.530     -0.027      4.455      4.514      0.498
  2271       -323  (K*-)              -84  2203  2241  2691  2692     0     0     -0.775     -1.786      9.605      9.837      0.849
  2272        213  (rho+)             -84  2203  2241  2693  2694     0     0     -0.352     -1.302      9.550      9.683      0.852
  2273        113  (rho0)             -84  2203  2241  2695  2696     0     0     -0.701     -0.454      4.508      4.655      0.807
  2274       3112  (Sigma-)           -84  2203  2241  3018  3019     0     0     -3.614     -0.871     15.894     16.367      1.197
  2275      -3112  (Sigmabar+)        -84  2203  2241  3020  3021     0     0     -2.406      0.320      7.439      7.917      1.197
  2276       -211  pi-                 84  2203  2241     0     0     0     0     -3.269     -0.822      9.732     10.300      0.140
  2277        223  (omega)            -84  2203  2241  3022  3024     0     0     -4.425     -1.058     12.459     13.287      0.786
  2278        213  (rho+)             -84  2203  2241  2697  2698     0     0     -5.511     -0.453     15.480     16.461      0.867
  2279        111  (pi0)              -84  2203  2241  3025  3026     0     0     -1.085     -0.697      3.923      4.131      0.135
  2280        313  (K*0)              -84  2203  2241  2699  2700     0     0    -12.642     -2.644     37.152     39.343      0.899
  2281       -321  K-                  84  2203  2241     0     0     0     0     -3.597     -0.840     12.487     13.031      0.494
  2282        321  K+                  84  2203  2241     0     0     0     0     -0.616     -0.274      1.922      2.095      0.494
  2283       -323  (K*-)              -84  2203  2241  2701  2702     0     0     -6.967     -0.637     19.495     20.731      0.885
  2284        213  (rho+)             -84  2203  2241  2703  2704     0     0     -3.233      0.110      8.043      8.709      0.828
  2285       -213  (rho-)             -84  2203  2241  2705  2706     0     0     -3.289     -0.722      9.330      9.938      0.620
  2286        211  pi+                 84  2203  2241     0     0     0     0     -3.560     -0.849      7.309      8.175      0.140
  2287       -211  pi-                 84  2203  2241     0     0     0     0     -3.923      0.897      8.949      9.813      0.140
  2288        211  pi+                 84  2203  2241     0     0     0     0     -1.779     -1.010      4.173      4.650      0.140
  2289       -211  pi-                 84  2203  2241     0     0     0     0     -1.829     -0.258      4.867      5.207      0.140
  2290        111  (pi0)              -84  2203  2241  3027  3028     0     0     -1.159     -0.960      2.383      2.822      0.135
  2291        113  (rho0)             -84  2203  2241  2707  2708     0     0     -1.371     -0.627      7.805      8.016      1.029
  2292        321  K+                  84  2203  2241     0     0     0     0     -1.217      0.076      1.120      1.728      0.494
  2293       -311  (Kbar0)            -84  2203  2241  2709  2709     0     0     -0.074     -0.984      4.849      4.973      0.498
  2294       -211  pi-                 84  2203  2241     0     0     0     0     -0.518      0.008     -0.031      0.537      0.140
  2295        223  (omega)            -84  2203  2241  3029  3031     0     0      0.287      0.052      0.882      1.228      0.803
  2296        321  K+                  84  2203  2241     0     0     0     0     -0.601      0.692      0.240      1.068      0.494
  2297       -321  K-                  84  2203  2241     0     0     0     0     -0.068      4.920     -5.353      7.287      0.494
  2298          1  (d)                -71  1577  1577  2317  2357   115     0      0.125      1.190     84.272     84.281      0.330
  2299         21  (g)                -71  1608  1608  2317  2357   368   115      0.557     -0.649    -33.580     33.591      0.000
  2300         21  (g)                -71  1643  1643  2317  2357   267   368      2.011      0.113    -96.632     96.654      0.507
  2301         21  (g)                -71  1392  1392  2317  2357   206   267      5.458     -1.404   -125.541    125.667      0.000
  2302         21  (g)                -71  1644  1644  2317  2357   280   206      5.274     -1.320    -93.055     93.216      0.527
  2303         21  (g)                -71  1400  1400  2317  2357   122   280      1.960      0.358    -31.664     31.727      0.000
  2304         21  (g)                -71  1645  1645  2317  2357   341   122      0.558      3.409    -95.086     95.150      0.540
  2305         21  (g)                -71  1533  1533  2317  2357   381   341      0.359      0.612    -11.217     11.239      0.000
  2306         21  (g)                -71  1638  1638  2317  2357   446   381      2.153      2.682    -18.799     19.111      0.131
  2307         21  (g)                -71  1635  1635  2317  2357   185   446      0.743      0.323     -4.656      4.727      0.098
  2308         21  (g)                -71  1510  1510  2317  2357   195   185      0.582     -0.313     -5.240      5.282      0.000
  2309         21  (g)                -71  1646  1646  2317  2357   302   195      1.034     -1.258     -3.856      4.220      0.544
  2310         21  (g)                -71  1640  1640  2317  2357   312   302      2.637     -1.078     -3.192      4.284      0.219
  2311         21  (g)                -71  1501  1501  2317  2357   468   312      0.547     -1.701     -2.064      2.730      0.000
  2312         21  (g)                -71  1642  1642  2317  2357   400   468     -0.096     -4.232     -8.645      9.636      0.458
  2313         21  (g)                -71  1486  1486  2317  2357   145   400     -0.281     -0.577     -1.322      1.469      0.000
  2314         21  (g)                -71  1641  1641  2317  2357   120   145     -2.425     -0.300     -3.269      4.097      0.356
  2315         21  (g)                -71  1398  1398  2317  2357   286   120     -2.735      1.100     -2.587      3.922      0.000
  2316         -1  (dbar)             -71  1604  1604  2317  2357     0   286     -0.354      0.565     -1.117      1.342      0.330
  2317       -211  pi-                 83  2298  2316     0     0     0     0     -0.132      0.251     52.122     52.123      0.140
  2318        211  pi+                 83  2298  2316     0     0     0     0      0.278      0.929     17.535     17.562      0.140
  2319       -211  pi-                 83  2298  2316     0     0     0     0      0.128     -0.435      1.609      1.678      0.140
  2320        223  (omega)            -83  2298  2316  3032  3034     0     0     -0.130      0.487     12.042     12.078      0.782
  2321        211  pi+                 83  2298  2316     0     0     0     0      0.003     -0.128      0.601      0.630      0.140
  2322        111  (pi0)              -83  2298  2316  3035  3036     0     0     -0.023     -0.016      0.024      0.140      0.135
  2323       -213  (rho-)             -83  2298  2316  2710  2711     0     0      0.008      0.183     -3.808      4.014      1.257
  2324        221  (eta)              -83  2298  2316  3037  3039     0     0      0.044     -0.132     -3.996      4.036      0.548
  2325        111  (pi0)              -83  2298  2316  3040  3041     0     0      0.255     -0.333     -1.318      1.390      0.135
  2326        211  pi+                 83  2298  2316     0     0     0     0     -0.223     -0.159     -2.017      2.040      0.140
  2327       -213  (rho-)             -83  2298  2316  2712  2713     0     0      0.414     -0.173    -14.061     14.095      0.872
  2328        111  (pi0)              -83  2298  2316  3042  3043     0     0      0.359      0.817    -28.519     28.533      0.135
  2329        113  (rho0)             -83  2298  2316  2714  2715     0     0      1.493     -0.797    -29.053     29.113      0.769
  2330        321  K+                  83  2298  2316     0     0     0     0      0.920      0.156    -32.492     32.509      0.494
  2331       -323  (K*-)              -83  2298  2316  2716  2717     0     0      1.713     -0.540    -60.263     60.296      0.888
  2332        113  (rho0)             -83  2298  2316  2718  2719     0     0      2.007     -0.482    -48.067     48.123      1.029
  2333        211  pi+                 83  2298  2316     0     0     0     0      1.464     -0.461    -31.371     31.408      0.140
  2334        223  (omega)            -83  2298  2316  3044  3046     0     0      2.166     -0.249    -39.834     39.901      0.783
  2335        313  (K*0)              -83  2298  2316  2720  2721     0     0      3.079     -0.857    -66.211     66.294      0.915
  2336       -323  (K*-)              -83  2298  2316  2722  2723     0     0      0.848      1.238    -28.209     28.264      0.918
  2337        111  (pi0)              -83  2298  2316  3047  3048     0     0      1.372      0.602    -40.829     40.857      0.135
  2338        211  pi+                 83  2298  2316     0     0     0     0      0.345      2.733    -45.233     45.317      0.140
  2339       -211  pi-                 83  2298  2316     0     0     0     0     -0.145     -0.031     -1.057      1.076      0.140
  2340        111  (pi0)              -83  2298  2316  3049  3050     0     0      0.259     -0.001     -3.900      3.911      0.135
  2341        113  (rho0)             -83  2298  2316  2724  2725     0     0      1.119      1.299    -14.393     14.514      0.738
  2342        113  (rho0)             -83  2298  2316  2726  2727     0     0      0.094      0.023     -6.503      6.554      0.803
  2343        221  (eta)              -83  2298  2316  3051  3052     0     0      1.030      0.569     -7.099      7.217      0.548
  2344        111  (pi0)              -83  2298  2316  3053  3054     0     0      0.659      0.385     -3.769      3.848      0.135
  2345        111  (pi0)              -84  2298  2316  3055  3056     0     0      1.075     -0.958     -3.064      3.388      0.135
  2346        211  pi+                 84  2298  2316     0     0     0     0      1.143      0.304     -3.145      3.363      0.140
  2347        223  (omega)            -84  2298  2316  3057  3059     0     0      1.052     -2.244     -3.469      4.334      0.784
  2348       -211  pi-                 84  2298  2316     0     0     0     0      0.770      0.045     -1.383      1.590      0.140
  2349        211  pi+                 84  2298  2316     0     0     0     0      0.143     -1.024     -1.547      1.866      0.140
  2350       -211  pi-                 84  2298  2316     0     0     0     0     -0.561     -0.730     -1.644      1.889      0.140
  2351        223  (omega)            -84  2298  2316  3060  3062     0     0      0.743     -1.692     -2.751      3.405      0.780
  2352        221  (eta)              -84  2298  2316  3063  3065     0     0     -0.494     -1.240     -3.355      3.653      0.548
  2353        211  pi+                 84  2298  2316     0     0     0     0     -0.750     -0.394     -0.659      1.082      0.140
  2354       -213  (rho-)             -84  2298  2316  2728  2729     0     0     -0.433     -0.603     -2.957      3.097      0.548
  2355        113  (rho0)             -84  2298  2316  2730  2731     0     0     -0.610      0.457     -0.808      1.367      0.797
  2356        211  pi+                 84  2298  2316     0     0     0     0     -1.321     -0.240     -1.851      2.291      0.140
  2357        113  (rho0)             -84  2298  2316  2732  2733     0     0     -2.055      0.960     -2.547      3.500      0.786
  2358         21  (g)                -71  1623  1623  2391  2456   123   102      1.088     -1.150     32.539     32.579      0.322
  2359         21  (g)                -71  1258  1258  2391  2456   102   226     11.929      8.400     15.035     20.950      0.000
  2360         21  (g)                -71  1267  1267  2391  2456   226   349      8.532      8.253     13.735     18.153      0.000
  2361         21  (g)                -71  1292  1292  2391  2456   349   257     30.876     26.676     44.325     60.246      0.000
  2362         21  (g)                -71  1231  1231  2391  2456   257   418    164.421    145.407    242.633    327.182      0.000
  2363         21  (g)                -71  1310  1310  2391  2456   418   472     27.567     24.097     40.935     54.921      0.000
  2364         21  (g)                -71  1622  1622  2391  2456   472   244     40.193     37.024     62.272     82.850      0.209
  2365         21  (g)                -71  1293  1293  2391  2456   244   353      0.702      0.541      1.286      1.562      0.000
  2366         21  (g)                -71  1312  1312  2391  2456   353   422     38.049     32.573     62.111     79.790      0.000
  2367         21  (g)                -71  1249  1249  2391  2456   422   175      3.802      3.686      6.223      8.171      0.000
  2368         21  (g)                -71  1283  1283  2391  2456   175   214      2.420      3.397      5.962      7.276      0.000
  2369         21  (g)                -71  1465  1465  2391  2456   214   329      1.221      1.346      0.988      2.069      0.000
  2370         21  (g)                -71  1241  1241  2391  2456   329   429      2.529      1.887      2.526      4.042      0.000
  2371         21  (g)                -71  1315  1315  2391  2456   429   432      0.701      0.193      1.583      1.742      0.000
  2372         21  (g)                -71  1316  1316  2391  2456   432   126      1.226      0.234      0.470      1.334      0.000
  2373         21  (g)                -71  1299  1299  2391  2456   126   322      1.767      0.235      1.756      2.502      0.000
  2374         21  (g)                -71  1624  1624  2391  2456   322   252      3.765     -0.892      3.907      5.530      0.590
  2375         21  (g)                -71  1233  1233  2391  2456   252   256      2.785      0.205      3.022      4.115      0.000
  2376         21  (g)                -71  1277  1277  2391  2456   256   304      0.541      0.374      0.514      0.835      0.000
  2377         21  (g)                -71  1266  1266  2391  2456   304   160     17.334      0.159     10.852     20.451      0.000
  2378         21  (g)                -71  1318  1318  2391  2456   160   436      1.484      0.215      0.617      1.621      0.000
  2379         21  (g)                -71  1621  1621  2391  2456   436   405     -0.734     -0.547      0.030      0.919      0.083
  2380         21  (g)                -71  1286  1286  2391  2456   405   334     -0.188      1.410     -3.472      3.752      0.000
  2381         21  (g)                -71  1247  1247  2391  2456   334   366     -0.150      0.143     -2.533      2.542      0.000
  2382         21  (g)                -71  1295  1295  2391  2456   366   404     -0.726      0.750     -2.934      3.114      0.000
  2383         21  (g)                -71  1303  1303  2391  2456   404   211     -1.188     -0.087     -1.273      1.743      0.000
  2384         21  (g)                -71  1620  1620  2391  2456   211   437     -0.956     -1.441    -12.327     12.448      0.072
  2385         21  (g)                -71  1319  1319  2391  2456   437   177     -0.328      0.321     -1.062      1.157      0.000
  2386         21  (g)                -71  1416  1416  2391  2456   177   221     -0.312     -0.829     -2.365      2.525      0.000
  2387         21  (g)                -71  1252  1252  2391  2456   221   213     -4.471     -5.486    -27.842     28.727      0.000
  2388          1  (d)                -71  1253  1253  2391  2456   213     0     -1.480     -2.022    -18.768     18.937      0.330
  2389          1  (d)                -71  1617  1617  2391  2456   479     0     -0.123      0.096   2106.006   2106.006      0.330
  2390          2  (u)                -71  1606  1606  2391  2456   288     0     -1.541     -0.669    -18.691     18.769      0.330
  2391        211  pi+                 85  2358  2390     0     0     0     0     -1.265     -0.511    -10.761     10.848      0.140
  2392        113  (rho0)             -85  2358  2390  2734  2735     0     0     -0.305     -0.249     -5.807      5.869      0.760
  2393        313  (K*0)              -85  2358  2390  2736  2737     0     0      0.065      0.250     -1.582      1.912      1.042
  2394       -311  (Kbar0)            -85  2358  2390  2738  2738     0     0      0.039     -0.189      0.015      0.534      0.498
  2395       -213  (rho-)             -86  2358  2390  2739  2740     0     0     -0.321      0.041   1285.602   1285.603      0.885
  2396        211  pi+                 86  2358  2390     0     0     0     0      0.136      0.476    148.529    148.530      0.140
  2397        111  (pi0)              -86  2358  2390  3066  3067     0     0      0.039     -0.332     50.748     50.750      0.135
  2398       -211  pi-                 86  2358  2390     0     0     0     0     -0.052      0.076     63.525     63.525      0.140
  2399        111  (pi0)              -86  2358  2390  3068  3069     0     0     -0.218      0.024     85.133     85.134      0.135
  2400        223  (omega)            -86  2358  2390  3070  3072     0     0      0.431     -0.292    378.970    378.971      0.782
  2401        211  pi+                 86  2358  2390     0     0     0     0     -0.172      0.095      8.985      8.988      0.140
  2402       -211  pi-                 86  2358  2390     0     0     0     0     -0.180     -0.419     37.931     37.934      0.140
  2403        323  (K*+)              -86  2358  2390  2741  2742     0     0      0.431      0.533     33.832     33.851      0.886
  2404       -323  (K*-)              -86  2358  2390  2743  2744     0     0      0.033     -0.276      6.229      6.301      0.911
  2405       3214  (Sigma*0)          -83  2358  2390  2745  2746     0     0     -3.183     -4.381    -25.809     26.407      1.380
  2406       -323  (K*-)              -83  2358  2390  2747  2748     0     0     -0.437     -0.739     -7.124      7.228      0.868
  2407      -3324  (Xi*bar0)          -83  2358  2390  3073  3074     0     0     -3.026     -3.311    -20.882     21.415      1.549
  2408        111  (pi0)              -83  2358  2390  3075  3076     0     0     -0.949     -0.588     -2.350      2.606      0.135
  2409        211  pi+                 83  2358  2390     0     0     0     0      0.133      0.321     -1.527      1.572      0.140
  2410        111  (pi0)              -83  2358  2390  3077  3078     0     0     -0.828     -0.658     -2.409      2.635      0.135
  2411       -213  (rho-)             -83  2358  2390  2749  2750     0     0     -0.383      1.156     -7.637      7.792      0.957
  2412        211  pi+                 83  2358  2390     0     0     0     0     -1.506      0.097     -1.348      2.028      0.140
  2413       -211  pi-                 83  2358  2390     0     0     0     0     -0.101     -0.128     -0.860      0.886      0.140
  2414        211  pi+                 83  2358  2390     0     0     0     0      0.014     -0.108     -0.209      0.274      0.140
  2415       -211  pi-                 83  2358  2390     0     0     0     0      0.160      0.244     -1.765      1.794      0.140
  2416       2212  p+                  83  2358  2390     0     0     0     0      0.624      0.606     -0.415      1.345      0.938
  2417      -2212  pbar-               83  2358  2390     0     0     0     0      0.453     -0.211      0.242      1.090      0.938
  2418        113  (rho0)             -83  2358  2390  2751  2752     0     0      3.085      0.639      2.679      4.243      0.950
  2419        213  (rho+)             -83  2358  2390  2753  2754     0     0      4.680     -0.788      2.678      5.534      0.961
  2420       -211  pi-                 83  2358  2390     0     0     0     0      2.229      0.372      1.133      2.532      0.140
  2421        213  (rho+)             -83  2358  2390  2755  2756     0     0      8.745      0.268      6.186     10.731      0.574
  2422       -213  (rho-)             -83  2358  2390  2757  2758     0     0      1.737     -0.159      2.400      3.065      0.765
  2423        223  (omega)            -83  2358  2390  3079  3081     0     0      3.330      0.190      2.489      4.235      0.784
  2424        323  (K*+)              -83  2358  2390  2759  2760     0     0      2.230     -0.212      2.491      3.464      0.883
  2425       -311  (Kbar0)            -83  2358  2390  2761  2761     0     0      2.655      1.166      2.679      3.979      0.498
  2426       -211  pi-                 83  2358  2390     0     0     0     0      0.452      0.331      0.277      0.641      0.140
  2427        221  (eta)              -83  2358  2390  3082  3083     0     0      0.729      0.411      0.684      1.212      0.548
  2428        111  (pi0)              -83  2358  2390  3084  3085     0     0      0.266      0.030      0.645      0.711      0.135
  2429        223  (omega)            -83  2358  2390  3086  3088     0     0      2.157      2.242      3.481      4.734      0.783
  2430        223  (omega)            -83  2358  2390  3089  3090     0     0      6.568      6.910     11.311     14.815      0.819
  2431        221  (eta)              -84  2358  2390  3091  3093     0     0      9.677      7.684     15.145     19.554      0.548
  2432        111  (pi0)              -84  2358  2390  3094  3095     0     0      6.583      5.654      9.903     13.168      0.135
  2433        113  (rho0)             -84  2358  2390  2762  2763     0     0      8.953      8.839     15.583     20.048      0.897
  2434        223  (omega)            -84  2358  2390  3096  3098     0     0     13.125     11.690     21.433     27.729      0.779
  2435        221  (eta)              -84  2358  2390  3099  3101     0     0     10.296      8.955     15.794     20.879      0.548
  2436        223  (omega)            -84  2358  2390  3102  3104     0     0     17.695     15.791     27.609     36.405      0.786
  2437        211  pi+                 84  2358  2390     0     0     0     0      9.961      8.052     14.600     19.422      0.140
  2438       -211  pi-                 84  2358  2390     0     0     0     0     15.692     14.240     24.043     32.049      0.140
  2439        211  pi+                 84  2358  2390     0     0     0     0     10.933      9.731     15.876     21.594      0.140
  2440       -213  (rho-)             -84  2358  2390  2764  2765     0     0     94.832     84.653    140.494    189.470      1.131
  2441        211  pi+                 84  2358  2390     0     0     0     0     18.863     16.262     28.374     37.754      0.140
  2442        111  (pi0)              -84  2358  2390  3105  3106     0     0     22.369     20.199     33.635     45.163      0.135
  2443       -213  (rho-)             -84  2358  2390  2766  2767     0     0     49.980     43.429     73.047     98.594      0.908
  2444        211  pi+                 84  2358  2390     0     0     0     0     18.316     15.828     24.822     34.672      0.140
  2445       -211  pi-                 84  2358  2390     0     0     0     0      4.569      3.877      7.730      9.782      0.140
  2446        211  pi+                 84  2358  2390     0     0     0     0      1.507      1.293      2.098      2.892      0.140
  2447        113  (rho0)             -84  2358  2390  2768  2769     0     0      1.481      1.641      2.380      3.308      0.625
  2448        311  (K0)               -84  2358  2390  2770  2770     0     0      1.860      1.288      2.797      3.632      0.498
  2449       3122  (Lambda0)          -84  2358  2390  3107  3108     0     0      1.604      1.010      3.282      3.951      1.116
  2450      -2212  pbar-               84  2358  2390     0     0     0     0      1.668      1.298      2.721      3.571      0.938
  2451       3222  (Sigma+)           -84  2358  2390  3109  3110     0     0      0.524      0.358      2.562      2.895      1.189
  2452      -3222  (Sigmabar-)        -84  2358  2390  3111  3112     0     0      0.641      0.198      4.002      4.229      1.189
  2453        213  (rho+)             -84  2358  2390  2771  2772     0     0      0.325     -0.582      5.133      5.231      0.758
  2454        223  (omega)            -84  2358  2390  3113  3115     0     0     -0.020      0.775      6.213      6.310      0.788
  2455       1114  (Delta-)           -88  2358  2390  2773  2774     0     0      1.291     -0.178     14.190     14.309      1.301
  2456        211  pi+                 84  2358  2390     0     0     0     0     -0.481     -0.412      6.198      6.232      0.140
  2457        211  pi+                 91  1736     0     0     0     0     0      0.203      0.059     -0.144      0.292      0.140
  2458       -211  pi-                 91  1736     0     0     0     0     0     -0.760      1.505      0.850      1.894      0.140
  2459       -211  pi-                 91  1737     0     0     0     0     0     -1.449      1.175     -0.073      1.872      0.140
  2460        111  (pi0)              -91  1737     0  3116  3117     0     0     -0.059      0.148      0.188      0.281      0.135
  2461        130  K_L0                91  1747  1747     0     0     0     0     -0.017     -0.036      9.438      9.451      0.498
  2462        211  pi+                 91  1756     0     0     0     0     0      0.473      0.542     -0.687      1.005      0.140
  2463       -211  pi-                 91  1756     0     0     0     0     0      0.620      3.266     -6.393      7.207      0.140
  2464        310  (K_S0)             -91  1761  1761  3118  3119     0     0     -0.824      0.365     -5.562      5.656      0.498
  2465       -321  K-                  91  1762     0     0     0     0     0     -0.407      0.338     -2.136      2.255      0.494
  2466        211  pi+                 91  1762     0     0     0     0     0     -0.934      0.772     -4.837      4.988      0.140
  2467        130  K_L0                91  1770  1770     0     0     0     0    -59.621    -65.609   -568.322    575.196      0.498
  2468       -211  pi-                 91  1774     0     0     0     0     0     -2.162     -2.112    -18.641     18.885      0.140
  2469        111  (pi0)              -91  1774     0  3120  3121     0     0    -12.100    -12.801   -116.353    117.679      0.135
  2470        211  pi+                 91  1777     0     0     0     0     0     -2.579     -2.722    -24.484     24.770      0.140
  2471       -211  pi-                 91  1777     0     0     0     0     0     -6.092     -7.539    -63.275     64.013      0.140
  2472        211  pi+                 91  1778     0     0     0     0     0     -1.656     -2.296    -19.924     20.125      0.140
  2473       -211  pi-                 91  1778     0     0     0     0     0     -3.262     -3.160    -31.806     32.129      0.140
  2474        310  (K_S0)             -91  1787  1787  3122  3123     0     0      1.135      0.049     -0.485      1.331      0.498
  2475        211  pi+                 91  1789     0     0     0     0     0     -0.096     -0.056     -0.195      0.264      0.140
  2476       -211  pi-                 91  1789     0     0     0     0     0      0.431      0.194      0.327      0.591      0.140
  2477       -321  K-                  91  1797     0     0     0     0     0     -0.592     -0.240     -3.077      3.181      0.494
  2478        211  pi+                 91  1797     0     0     0     0     0     -0.202     -0.407     -3.546      3.578      0.140
  2479        211  pi+                 91  1811     0     0     0     0     0      0.307      0.129      0.255      0.442      0.140
  2480        111  (pi0)              -91  1811     0  3124  3125     0     0     -0.393      0.268      0.745      0.895      0.135
  2481       -211  pi-                 91  1812     0     0     0     0     0      0.274     -0.626      0.573      0.903      0.140
  2482        111  (pi0)              -91  1812     0  3126  3127     0     0     -0.528      0.239      1.028      1.188      0.135
  2483        311  (K0)               -91  1813     0  2775  2775     0     0     -0.424     -0.000      0.221      0.690      0.498
  2484        211  pi+                 91  1813     0     0     0     0     0     -0.075     -0.141     -0.191      0.285      0.140
  2485        310  (K_S0)             -91  1814  1814  3128  3129     0     0      0.032      0.701     -0.363      0.934      0.498
  2486        211  pi+                 91  1818     0     0     0     0     0     -0.466      1.368     -1.154      1.854      0.140
  2487       -211  pi-                 91  1818     0     0     0     0     0     -1.037      1.069     -0.631      1.623      0.140
  2488       -311  (Kbar0)            -91  1820     0  2776  2776     0     0      0.399     -0.463      0.161      0.805      0.498
  2489       -211  pi-                 91  1820     0     0     0     0     0     -0.250     -0.013      0.141      0.319      0.140
  2490       3212  (Sigma0)           -91  1822     0  3130  3131     0     0      0.527     -0.493     -0.926      1.673      1.193
  2491        211  pi+                 91  1822     0     0     0     0     0      0.135     -0.013     -0.242      0.311      0.140
  2492        311  (K0)               -91  1860     0  2777  2777     0     0     -0.486      0.009     -3.600      3.667      0.498
  2493        111  (pi0)              -91  1860     0  3132  3133     0     0     -0.381      0.437     -1.924      2.014      0.135
  2494       -321  K-                  91  1861     0     0     0     0     0     -0.164     -0.135     -4.054      4.090      0.494
  2495        111  (pi0)              -91  1861     0  3134  3135     0     0     -0.228      0.317     -1.760      1.808      0.135
  2496        211  pi+                 91  1865     0     0     0     0     0     -0.258      0.757     -5.350      5.412      0.140
  2497       -211  pi-                 91  1865     0     0     0     0     0      0.310      0.815     -3.824      3.924      0.140
  2498        211  pi+                 91  1866     0     0     0     0     0      1.797      2.277     -7.000      7.578      0.140
  2499        111  (pi0)              -91  1866     0  3136  3137     0     0      1.083      0.143     -2.206      2.465      0.135
  2500        211  pi+                 91  1867     0     0     0     0     0      0.308     -0.172     -2.228      2.260      0.140
  2501       -211  pi-                 91  1867     0     0     0     0     0      1.353      1.107     -3.722      4.115      0.140
  2502        211  pi+                 91  1870     0     0     0     0     0      0.432      0.098     -2.612      2.653      0.140
  2503        111  (pi0)              -91  1870     0  3138  3139     0     0      0.712     -0.098     -1.117      1.335      0.135
  2504        211  pi+                 91  1871     0     0     0     0     0      0.049     -0.023     -0.837      0.851      0.140
  2505       -211  pi-                 91  1871     0     0     0     0     0      1.360     -0.335     -4.132      4.365      0.140
  2506        130  K_L0                91  1872  1872     0     0     0     0      2.265     -0.848    -11.020     11.293      0.498
  2507        310  (K_S0)             -91  1873  1873  3140  3141     0     0     -0.222      0.579     -1.668      1.847      0.498
  2508        211  pi+                 91  1874     0     0     0     0     0     -0.241     -0.396     -1.601      1.672      0.140
  2509       -211  pi-                 91  1874     0     0     0     0     0     -0.607      0.092     -0.777      1.000      0.140
  2510        321  K+                  91  1879     0     0     0     0     0     -0.764      0.471     -6.579      6.658      0.494
  2511       -211  pi-                 91  1879     0     0     0     0     0     -0.250      0.349     -1.255      1.334      0.140
  2512        211  pi+                 91  1885     0     0     0     0     0     -0.228      0.450     -8.568      8.584      0.140
  2513        111  (pi0)              -91  1885     0  3142  3143     0     0      0.516      1.976    -57.924     57.960      0.135
  2514        211  pi+                 91  1890     0     0     0     0     0      0.711      0.428     -9.366      9.404      0.140
  2515       -211  pi-                 91  1890     0     0     0     0     0     -0.006      0.295     -7.741      7.747      0.140
  2516        211  pi+                 91  1893     0     0     0     0     0      0.258     -0.390     -7.409      7.425      0.140
  2517        111  (pi0)              -91  1893     0  3144  3145     0     0      0.236      0.206    -15.195     15.199      0.135
  2518      -2212  pbar-               91  1894     0     0     0     0     0      0.327     -0.579    -32.100     32.121      0.938
  2519        111  (pi0)              -91  1894     0  3146  3147     0     0      0.259     -0.008     -6.429      6.435      0.135
  2520        211  pi+                 91  1897     0     0     0     0     0      0.069     -0.864    -23.237     23.254      0.140
  2521        111  (pi0)              -91  1897     0  3148  3149     0     0      0.177      0.046    -13.074     13.076      0.135
  2522        211  pi+                 91  1898     0     0     0     0     0     -0.458     -1.371    -39.208     39.235      0.140
  2523       -211  pi-                 91  1898     0     0     0     0     0     -0.155      0.251     -5.225      5.235      0.140
  2524       2112  n0                  91  1899     0     0     0     0     0      0.222     -0.253    -34.787     34.801      0.940
  2525       -211  pi-                 91  1899     0     0     0     0     0      0.288     -0.081    -22.678     22.681      0.140
  2526      -2112  nbar0               91  1901     0     0     0     0     0     -1.918     -0.278    -95.266     95.290      0.940
  2527        211  pi+                 91  1901     0     0     0     0     0     -0.037      0.018    -12.300     12.301      0.140
  2528       -311  (Kbar0)            -91  1924     0  2778  2778     0     0     -1.962     -2.222      0.982      3.162      0.498
  2529       -211  pi-                 91  1924     0     0     0     0     0     -1.231     -0.905      0.117      1.539      0.140
  2530       -211  pi-                 91  1935     0     0     0     0     0     -0.402     -0.134      1.382      1.452      0.140
  2531        111  (pi0)              -91  1935     0  3150  3151     0     0     -0.596      0.405      4.413      4.473      0.135
  2532        211  pi+                 91  1936     0     0     0     0     0     -0.036      0.280      1.585      1.616      0.140
  2533        111  (pi0)              -91  1936     0  3152  3153     0     0     -1.499     -0.647      6.406      6.612      0.135
  2534       -211  pi-                 91  1938     0     0     0     0     0     -0.679     -0.296      7.436      7.474      0.140
  2535        111  (pi0)              -91  1938     0  3154  3155     0     0     -0.933     -0.103      3.660      3.781      0.135
  2536        211  pi+                 91  1941     0     0     0     0     0     -0.759      0.081      4.275      4.344      0.140
  2537        111  (pi0)              -91  1941     0  3156  3157     0     0     -1.468      0.180     15.258     15.330      0.135
  2538      -2212  pbar-               91  1942     0     0     0     0     0     -0.680     -0.592      7.764      7.873      0.938
  2539        111  (pi0)              -91  1942     0  3158  3159     0     0     -0.228     -0.091      3.700      3.711      0.135
  2540       -211  pi-                 91  1943     0     0     0     0     0     -0.810      0.296      6.077      6.139      0.140
  2541        111  (pi0)              -91  1943     0  3160  3161     0     0     -0.121     -0.222      0.904      0.948      0.135
  2542        211  pi+                 91  1948     0     0     0     0     0      0.078     -0.277      1.263      1.303      0.140
  2543       -211  pi-                 91  1948     0     0     0     0     0     -0.003     -0.094     -0.021      0.169      0.140
  2544       -321  K-                  91  1950     0     0     0     0     0      0.217     -0.644      1.819      2.004      0.494
  2545        211  pi+                 91  1950     0     0     0     0     0      0.510     -0.528      0.917      1.183      0.140
  2546        130  K_L0                91  1953  1953     0     0     0     0      0.874     -1.563      3.054      3.575      0.498
  2547       -321  K-                  91  1954     0     0     0     0     0      0.697      0.585      1.081      1.497      0.494
  2548        211  pi+                 91  1954     0     0     0     0     0      0.273      0.391      1.370      1.458      0.140
  2549        211  pi+                 91  1956     0     0     0     0     0      0.107      0.052      0.052      0.191      0.140
  2550       -211  pi-                 91  1956     0     0     0     0     0      0.602      0.665      3.113      3.243      0.140
  2551        211  pi+                 91  1960     0     0     0     0     0      0.275      0.442      6.426      6.449      0.140
  2552        111  (pi0)              -91  1960     0  3162  3163     0     0      0.885      2.712     21.861     22.046      0.135
  2553       -321  K-                  91  1963     0     0     0     0     0      0.321      0.337      6.017      6.055      0.494
  2554        211  pi+                 91  1963     0     0     0     0     0      0.580      1.504     19.947     20.013      0.140
  2555       -211  pi-                 91  1964     0     0     0     0     0      0.613      0.635      9.741      9.781      0.140
  2556        111  (pi0)              -91  1964     0  3164  3165     0     0      0.474      1.975     20.528     20.629      0.135
  2557        211  pi+                 91  1965     0     0     0     0     0     -0.127      0.908      9.983     10.026      0.140
  2558       -211  pi-                 91  1965     0     0     0     0     0      0.192      0.288      9.022      9.030      0.140
  2559       -321  K-                  91  1992     0     0     0     0     0     -0.213     -0.087      5.422      5.449      0.494
  2560        211  pi+                 91  1992     0     0     0     0     0     -0.171     -0.509      9.295      9.311      0.140
  2561        130  K_L0                91  1993  1993     0     0     0     0      0.117     -2.794     48.119     48.203      0.498
  2562      -2112  nbar0               91  1996     0     0     0     0     0      1.009     -0.928     30.101     30.147      0.940
  2563       -211  pi-                 91  1996     0     0     0     0     0      0.471     -0.527      6.047      6.089      0.140
  2564        211  pi+                 91  2000     0     0     0     0     0      0.630      0.021      8.968      8.991      0.140
  2565        111  (pi0)              -91  2000     0  3166  3167     0     0     -0.036     -0.303     11.273     11.278      0.135
  2566        310  (K_S0)             -91  2001  2001  3168  3169     0     0      0.712     -1.228     55.242     55.263      0.498
  2567       -311  (Kbar0)            -91  2002     0  2779  2779     0     0      0.157      0.034     23.356     23.362      0.498
  2568       -211  pi-                 91  2002     0     0     0     0     0      0.363      0.128     51.762     51.763      0.140
  2569        211  pi+                 91  2005     0     0     0     0     0     -0.070      0.187     23.502     23.503      0.140
  2570       -211  pi-                 91  2005     0     0     0     0     0     -0.145     -0.604    110.970    110.972      0.140
  2571       -211  pi-                 91  2007     0     0     0     0     0      0.419     -0.436    101.978    101.980      0.140
  2572        111  (pi0)              -91  2007     0  3170  3171     0     0      0.638     -0.484     46.861     46.868      0.135
  2573        211  pi+                 91  2009     0     0     0     0     0     -0.346     -0.071     54.997     54.998      0.140
  2574        111  (pi0)              -91  2009     0  3172  3173     0     0      0.445      0.066     69.450     69.452      0.135
  2575        211  pi+                 91  2013     0     0     0     0     0      0.715      0.175     38.632     38.639      0.140
  2576       -211  pi-                 91  2013     0     0     0     0     0     -0.037      0.453      6.583      6.600      0.140
  2577        211  pi+                 91  2015     0     0     0     0     0     -0.464      0.401      4.301      4.347      0.140
  2578       -211  pi-                 91  2015     0     0     0     0     0     -0.304      0.750     13.090     13.116      0.140
  2579       2112  n0                  91  2018     0     0     0     0     0     -0.483      0.625     11.920     11.983      0.940
  2580        111  (pi0)              -91  2018     0  3174  3175     0     0     -0.390      0.592      6.617      6.656      0.135
  2581        211  pi+                 91  2019     0     0     0     0     0      0.184     -0.127      0.299      0.399      0.140
  2582        111  (pi0)              -91  2019     0  3176  3177     0     0     -0.080      0.151      1.953      1.966      0.135
  2583        311  (K0)               -91  2023     0  2780  2780     0     0      2.229      0.608      7.337      7.708      0.498
  2584        211  pi+                 91  2023     0     0     0     0     0      0.536      0.355      1.279      1.439      0.140
  2585       -211  pi-                 91  2026     0     0     0     0     0      0.533      0.009      0.497      0.742      0.140
  2586        111  (pi0)              -91  2026     0  3178  3179     0     0      0.018      0.395      0.850      0.947      0.135
  2587        321  K+                  91  2034     0     0     0     0     0     -0.438      0.820      2.524      2.735      0.494
  2588       -211  pi-                 91  2034     0     0     0     0     0     -0.076      0.370      0.288      0.495      0.140
  2589       -311  (Kbar0)            -91  2036     0  2781  2781     0     0     -0.091     -0.210      0.576      0.795      0.498
  2590       -211  pi-                 91  2036     0     0     0     0     0     -0.020      0.244      0.667      0.724      0.140
  2591       -211  pi-                 91  2058     0     0     0     0     0     -0.059     -0.026      0.041      0.159      0.140
  2592        111  (pi0)              -91  2058     0  3180  3181     0     0     -0.119     -0.139     -1.466      1.483      0.135
  2593        211  pi+                 91  2059     0     0     0     0     0      0.292     -0.212      0.329      0.508      0.140
  2594        111  (pi0)              -91  2059     0  3182  3183     0     0      0.176      0.099     -0.312      0.395      0.135
  2595        211  pi+                 91  2061     0     0     0     0     0      0.311     -0.084     -0.460      0.579      0.140
  2596        111  (pi0)              -91  2061     0  3184  3185     0     0     -0.401      0.075     -0.137      0.451      0.135
  2597        211  pi+                 91  2063     0     0     0     0     0     -0.289     -0.045      0.429      0.538      0.140
  2598        111  (pi0)              -91  2063     0  3186  3187     0     0      0.456     -0.043      0.427      0.641      0.135
  2599        211  pi+                 91  2066     0     0     0     0     0     -0.130      0.333     -0.132      0.405      0.140
  2600       -211  pi-                 91  2066     0     0     0     0     0     -0.130      0.056      0.591      0.623      0.140
  2601        211  pi+                 91  2078     0     0     0     0     0     -0.165      0.143      0.622      0.674      0.140
  2602       -211  pi-                 91  2078     0     0     0     0     0      0.423      0.505      1.136      1.320      0.140
  2603       -211  pi-                 91  2079     0     0     0     0     0      0.261     -0.275      0.121      0.422      0.140
  2604        111  (pi0)              -91  2079     0  3188  3189     0     0     -0.068      0.305      0.570      0.664      0.135
  2605        211  pi+                 91  2080     0     0     0     0     0      0.823     -0.111      1.567      1.779      0.140
  2606       -211  pi-                 91  2080     0     0     0     0     0     -0.082     -0.177      1.261      1.283      0.140
  2607        211  pi+                 91  2083     0     0     0     0     0     -0.286     -0.395      7.657      7.674      0.140
  2608        111  (pi0)              -91  2083     0  3190  3191     0     0      0.223      0.158      3.639      3.652      0.135
  2609       -211  pi-                 91  2085     0     0     0     0     0     -0.509     -0.840      9.332      9.385      0.140
  2610        111  (pi0)              -91  2085     0  3192  3193     0     0     -0.534      0.149      7.913      7.933      0.135
  2611        211  pi+                 91  2111     0     0     0     0     0     -1.711     -1.517   -133.678    133.697      0.140
  2612        111  (pi0)              -91  2111     0  3194  3195     0     0     -2.259     -0.959   -129.579    129.603      0.135
  2613       -211  pi-                 91  2112     0     0     0     0     0     -0.578     -0.373    -57.284     57.288      0.140
  2614        111  (pi0)              -91  2112     0  3196  3197     0     0     -0.668     -0.421    -28.735     28.747      0.135
  2615       -321  K-                  91  2114     0     0     0     0     0      0.199      2.453    -22.790     22.927      0.494
  2616        211  pi+                 91  2114     0     0     0     0     0      0.584      2.226    -24.118     24.228      0.140
  2617       -211  pi-                 91  2118     0     0     0     0     0     -0.330      0.439     -8.364      8.383      0.140
  2618        111  (pi0)              -91  2118     0  3198  3199     0     0     -1.611      0.290    -27.680     27.728      0.135
  2619        211  pi+                 91  2119     0     0     0     0     0     -0.659      0.166    -18.990     19.003      0.140
  2620        111  (pi0)              -91  2119     0  3200  3201     0     0      0.190     -0.064     -3.903      3.910      0.135
  2621        310  (K_S0)             -91  2121  2121  3202  3203     0     0     -0.216      0.237    -17.354     17.364      0.498
  2622        211  pi+                 91  2125     0     0     0     0     0     -0.311     -0.728   -161.624    161.626      0.140
  2623        111  (pi0)              -91  2125     0  3204  3205     0     0     -0.113      0.002   -115.104    115.104      0.135
  2624        211  pi+                 91  2126     0     0     0     0     0     -0.005     -0.246    -84.295     84.296      0.140
  2625       -211  pi-                 91  2126     0     0     0     0     0      0.014     -0.252    -31.207     31.208      0.140
  2626       -211  pi-                 91  2127     0     0     0     0     0     -0.258      0.004    -26.419     26.421      0.140
  2627        111  (pi0)              -91  2127     0  3206  3207     0     0      0.352     -0.178    -64.994     64.995      0.135
  2628        130  K_L0                91  2129  2129     0     0     0     0     -0.499     -0.272    -85.092     85.096      0.498
  2629       -311  (Kbar0)            -91  2130     0  2782  2782     0     0     -0.005     -0.713    -50.839     50.846      0.498
  2630        111  (pi0)              -91  2130     0  3208  3209     0     0     -0.383     -0.259    -28.392     28.396      0.135
  2631       -211  pi-                 91  2132     0     0     0     0     0     -0.080     -0.561    -11.311     11.326      0.140
  2632        111  (pi0)              -91  2132     0  3210  3211     0     0      0.134      0.075     -2.215      2.225      0.135
  2633      -2112  nbar0               91  2140     0     0     0     0     0     -1.050     -2.097    -26.736     26.855      0.940
  2634       -211  pi-                 91  2140     0     0     0     0     0     -0.498     -0.930    -12.897     12.940      0.140
  2635        211  pi+                 91  2141     0     0     0     0     0     -0.325     -1.137    -20.041     20.076      0.140
  2636        111  (pi0)              -91  2141     0  3212  3213     0     0     -0.385     -0.055     -6.548      6.561      0.135
  2637       -211  pi-                 91  2142     0     0     0     0     0     -0.392     -1.122    -17.827     17.867      0.140
  2638        111  (pi0)              -91  2142     0  3214  3215     0     0     -0.128     -0.491     -3.152      3.196      0.135
  2639       -211  pi-                 91  2149     0     0     0     0     0     -0.143      0.184     -0.601      0.659      0.140
  2640        111  (pi0)              -91  2149     0  3216  3217     0     0      0.039      0.375     -4.221      4.240      0.135
  2641        211  pi+                 91  2150     0     0     0     0     0      0.124     -0.004     -1.386      1.398      0.140
  2642        111  (pi0)              -91  2150     0  3218  3219     0     0     -0.546      0.494     -4.772      4.830      0.135
  2643       2212  p+                  91  2152     0     0     0     0     0     -0.548      1.680    -10.301     10.493      0.938
  2644       -211  pi-                 91  2152     0     0     0     0     0     -0.023      0.308     -1.204      1.251      0.140
  2645        211  pi+                 91  2153     0     0     0     0     0      0.006     -0.155     -1.390      1.406      0.140
  2646        111  (pi0)              -91  2153     0  3220  3221     0     0     -0.021      0.481     -3.041      3.082      0.135
  2647      -3122  (Lambdabar0)       -91  2154     0  3222  3223     0     0     -0.267      1.146     -5.327      5.569      1.116
  2648        111  (pi0)              -91  2154     0  3224  3225     0     0     -0.296      0.433     -2.598      2.654      0.135
  2649       -321  K-                  91  2155     0     0     0     0     0     -0.379      0.116      0.109      0.642      0.494
  2650        111  (pi0)              -91  2155     0  3226  3227     0     0     -0.088      0.203     -0.250      0.360      0.135
  2651       2212  p+                  91  2161     0     0     0     0     0     -0.620     -0.739     -1.246      1.834      0.938
  2652       -211  pi-                 91  2161     0     0     0     0     0     -0.342      0.146     -0.252      0.470      0.140
  2653        211  pi+                 91  2185     0     0     0     0     0     -0.269     -0.626      6.894      6.929      0.140
  2654       -211  pi-                 91  2185     0     0     0     0     0     -0.247      0.182      2.583      2.605      0.140
  2655        211  pi+                 91  2187     0     0     0     0     0     -0.295     -0.189      9.107      9.115      0.140
  2656       -211  pi-                 91  2187     0     0     0     0     0     -0.098      0.289     25.762     25.764      0.140
  2657        211  pi+                 91  2189     0     0     0     0     0     -0.368      0.296      9.477      9.490      0.140
  2658       -211  pi-                 91  2189     0     0     0     0     0     -0.737     -0.072     48.556     48.562      0.140
  2659        211  pi+                 91  2190     0     0     0     0     0     -0.198     -0.013      3.067      3.077      0.140
  2660        111  (pi0)              -91  2190     0  3228  3229     0     0      0.354     -0.062     10.865     10.872      0.135
  2661        211  pi+                 91  2192     0     0     0     0     0     -0.478      0.039      1.771      1.840      0.140
  2662        111  (pi0)              -91  2192     0  3230  3231     0     0      0.907      0.103      3.001      3.140      0.135
  2663       -211  pi-                 91  2193     0     0     0     0     0      0.006      0.267      0.411      0.509      0.140
  2664        111  (pi0)              -91  2193     0  3232  3233     0     0      0.360     -0.220      0.362      0.572      0.135
  2665        211  pi+                 91  2194     0     0     0     0     0     -0.470     -0.258      0.847      1.012      0.140
  2666        111  (pi0)              -91  2194     0  3234  3235     0     0      0.220      0.372      0.750      0.876      0.135
  2667        310  (K_S0)             -91  2201  2201  3236  3237     0     0      0.455     -1.313    -11.022     11.121      0.498
  2668       -311  (Kbar0)            -91  2202     0  2783  2783     0     0     -0.427     -2.117    -10.003     10.245      0.498
  2669       -211  pi-                 91  2202     0     0     0     0     0      0.024     -0.144     -0.512      0.550      0.140
  2670        211  pi+                 91  2244     0     0     0     0     0      1.371      0.119     75.373     75.385      0.140
  2671        111  (pi0)              -91  2244     0  3238  3239     0     0      0.458      0.490     29.276     29.284      0.135
  2672      -2112  nbar0               91  2256     0     0     0     0     0     -1.243      7.536     57.408     57.922      0.940
  2673        111  (pi0)              -91  2256     0  3240  3241     0     0     -0.010      0.513      4.077      4.112      0.135
  2674        211  pi+                 91  2258     0     0     0     0     0     -0.038      0.183      0.494      0.546      0.140
  2675       -211  pi-                 91  2258     0     0     0     0     0      0.866      0.529      6.869      6.945      0.140
  2676       -211  pi-                 91  2259     0     0     0     0     0      0.301     -0.270      3.912      3.935      0.140
  2677        111  (pi0)              -91  2259     0  3242  3243     0     0     -0.234      0.314      3.625      3.649      0.135
  2678        311  (K0)               -91  2260     0  2784  2784     0     0      0.820      0.113      3.739      3.862      0.498
  2679        211  pi+                 91  2260     0     0     0     0     0     -0.066     -0.078      0.994      1.009      0.140
  2680       -321  K-                  91  2261     0     0     0     0     0      0.680      0.057      6.782      6.834      0.494
  2681        211  pi+                 91  2261     0     0     0     0     0     -0.082      0.119      3.557      3.563      0.140
  2682        211  pi+                 91  2264     0     0     0     0     0      0.221     -0.263      2.005      2.039      0.140
  2683       -211  pi-                 91  2264     0     0     0     0     0      0.468      0.477      6.837      6.871      0.140
  2684       -211  pi-                 91  2265     0     0     0     0     0     -0.359      0.156      1.866      1.911      0.140
  2685        111  (pi0)              -91  2265     0  3244  3245     0     0      0.222     -0.452      1.841      1.913      0.135
  2686       2112  n0                  91  2267     0     0     0     0     0     -0.145     -0.739      3.575      3.773      0.940
  2687       -211  pi-                 91  2267     0     0     0     0     0      0.370     -0.400      4.924      4.956      0.140
  2688      -2112  nbar0               91  2268     0     0     0     0     0      0.250     -1.301      9.931     10.063      0.940
  2689        211  pi+                 91  2268     0     0     0     0     0     -0.136     -0.418      2.542      2.583      0.140
  2690        130  K_L0                91  2270  2270     0     0     0     0     -0.530     -0.027      4.455      4.514      0.498
  2691       -311  (Kbar0)            -91  2271     0  2785  2785     0     0     -0.343     -0.684      3.517      3.634      0.498
  2692       -211  pi-                 91  2271     0     0     0     0     0     -0.432     -1.102      6.088      6.204      0.140
  2693        211  pi+                 91  2272     0     0     0     0     0     -0.044      0.005      0.293      0.328      0.140
  2694        111  (pi0)              -91  2272     0  3246  3247     0     0     -0.308     -1.307      9.257      9.355      0.135
  2695        211  pi+                 91  2273     0     0     0     0     0     -0.469      0.032      1.134      1.235      0.140
  2696       -211  pi-                 91  2273     0     0     0     0     0     -0.231     -0.486      3.375      3.420      0.140
  2697        211  pi+                 91  2278     0     0     0     0     0     -1.445      0.112      4.893      5.105      0.140
  2698        111  (pi0)              -91  2278     0  3248  3249     0     0     -4.066     -0.564     10.587     11.356      0.135
  2699        321  K+                  91  2280     0     0     0     0     0    -12.077     -2.558     35.259     37.361      0.494
  2700       -211  pi-                 91  2280     0     0     0     0     0     -0.565     -0.086      1.893      1.982      0.140
  2701       -321  K-                  91  2283     0     0     0     0     0     -3.368     -0.241     10.158     10.716      0.494
  2702        111  (pi0)              -91  2283     0  3250  3251     0     0     -3.599     -0.396      9.337     10.016      0.135
  2703        211  pi+                 91  2284     0     0     0     0     0     -2.538      0.402      6.188      6.701      0.140
  2704        111  (pi0)              -91  2284     0  3252  3253     0     0     -0.696     -0.292      1.855      2.007      0.135
  2705       -211  pi-                 91  2285     0     0     0     0     0     -2.327     -0.678      6.106      6.571      0.140
  2706        111  (pi0)              -91  2285     0  3254  3255     0     0     -0.962     -0.044      3.224      3.367      0.135
  2707        211  pi+                 91  2291     0     0     0     0     0     -0.388     -0.677      4.299      4.371      0.140
  2708       -211  pi-                 91  2291     0     0     0     0     0     -0.983      0.050      3.506      3.644      0.140
  2709        310  (K_S0)             -91  2293  2293  3256  3257     0     0     -0.074     -0.984      4.849      4.973      0.498
  2710       -211  pi-                 91  2323     0     0     0     0     0     -0.512     -0.208     -1.295      1.415      0.140
  2711        111  (pi0)              -91  2323     0  3258  3259     0     0      0.520      0.391     -2.513      2.599      0.135
  2712       -211  pi-                 91  2327     0     0     0     0     0      0.465      0.126    -11.722     11.732      0.140
  2713        111  (pi0)              -91  2327     0  3260  3261     0     0     -0.051     -0.299     -2.339      2.363      0.135
  2714        211  pi+                 91  2329     0     0     0     0     0      0.741     -0.771    -18.795     18.826      0.140
  2715       -211  pi-                 91  2329     0     0     0     0     0      0.752     -0.026    -10.259     10.287      0.140
  2716       -311  (Kbar0)            -91  2331     0  2786  2786     0     0      1.457     -0.241    -51.149     51.173      0.498
  2717       -211  pi-                 91  2331     0     0     0     0     0      0.256     -0.299     -9.114      9.123      0.140
  2718        211  pi+                 91  2332     0     0     0     0     0      1.773     -0.030    -36.715     36.758      0.140
  2719       -211  pi-                 91  2332     0     0     0     0     0      0.234     -0.452    -11.352     11.364      0.140
  2720        321  K+                  91  2335     0     0     0     0     0      2.057     -0.616    -50.276     50.324      0.494
  2721       -211  pi-                 91  2335     0     0     0     0     0      1.021     -0.241    -15.935     15.970      0.140
  2722       -311  (Kbar0)            -91  2336     0  2787  2787     0     0      0.728      1.282    -23.840     23.891      0.498
  2723       -211  pi-                 91  2336     0     0     0     0     0      0.120     -0.043     -4.369      4.373      0.140
  2724        211  pi+                 91  2341     0     0     0     0     0      0.545      0.704     -4.798      4.882      0.140
  2725       -211  pi-                 91  2341     0     0     0     0     0      0.573      0.594     -9.595      9.631      0.140
  2726        211  pi+                 91  2342     0     0     0     0     0      0.298      0.132     -1.443      1.486      0.140
  2727       -211  pi-                 91  2342     0     0     0     0     0     -0.204     -0.109     -5.060      5.068      0.140
  2728       -211  pi-                 91  2354     0     0     0     0     0     -0.441     -0.285     -1.377      1.480      0.140
  2729        111  (pi0)              -91  2354     0  3262  3263     0     0      0.008     -0.318     -1.580      1.617      0.135
  2730        211  pi+                 91  2355     0     0     0     0     0     -0.527      0.414     -0.933      1.157      0.140
  2731       -211  pi-                 91  2355     0     0     0     0     0     -0.083      0.043      0.125      0.210      0.140
  2732        211  pi+                 91  2357     0     0     0     0     0     -0.981      0.785     -1.046      1.641      0.140
  2733       -211  pi-                 91  2357     0     0     0     0     0     -1.074      0.175     -1.500      1.859      0.140
  2734        211  pi+                 91  2392     0     0     0     0     0     -0.446     -0.376     -4.697      4.735      0.140
  2735       -211  pi-                 91  2392     0     0     0     0     0      0.141      0.126     -1.110      1.134      0.140
  2736        321  K+                  91  2393     0     0     0     0     0      0.352      0.323     -0.745      1.014      0.494
  2737       -211  pi-                 91  2393     0     0     0     0     0     -0.287     -0.074     -0.836      0.898      0.140
  2738        310  (K_S0)             -91  2394  2394  3264  3265     0     0      0.039     -0.189      0.015      0.534      0.498
  2739       -211  pi-                 91  2395     0     0     0     0     0      0.117     -0.261    253.476    253.476      0.140
  2740        111  (pi0)              -91  2395     0  3266  3267     0     0     -0.438      0.301   1032.126   1032.126      0.135
  2741        311  (K0)               -91  2403     0  2788  2788     0     0      0.334      0.520     32.180     32.190      0.498
  2742        211  pi+                 91  2403     0     0     0     0     0      0.097      0.013      1.653      1.662      0.140
  2743       -321  K-                  91  2404     0     0     0     0     0      0.175     -0.442      4.914      4.962      0.494
  2744        111  (pi0)              -91  2404     0  3268  3269     0     0     -0.142      0.166      1.315      1.340      0.135
  2745       3122  (Lambda0)          -91  2405     0  3270  3271     0     0     -2.322     -3.525    -19.987     20.458      1.116
  2746        111  (pi0)              -91  2405     0  3272  3273     0     0     -0.861     -0.857     -5.822      5.949      0.135
  2747       -311  (Kbar0)            -91  2406     0  2789  2789     0     0     -0.338     -0.168     -3.648      3.701      0.498
  2748       -211  pi-                 91  2406     0     0     0     0     0     -0.098     -0.572     -3.476      3.527      0.140
  2749       -211  pi-                 91  2411     0     0     0     0     0      0.107      0.631     -1.912      2.021      0.140
  2750        111  (pi0)              -91  2411     0  3274  3275     0     0     -0.490      0.525     -5.725      5.771      0.135
  2751        211  pi+                 91  2418     0     0     0     0     0      0.516      0.029      0.091      0.543      0.140
  2752       -211  pi-                 91  2418     0     0     0     0     0      2.568      0.610      2.589      3.700      0.140
  2753        211  pi+                 91  2419     0     0     0     0     0      2.587     -0.496      1.999      3.310      0.140
  2754        111  (pi0)              -91  2419     0  3276  3277     0     0      2.093     -0.292      0.679      2.224      0.135
  2755        211  pi+                 91  2421     0     0     0     0     0      3.181     -0.115      2.115      3.824      0.140
  2756        111  (pi0)              -91  2421     0  3278  3279     0     0      5.564      0.384      4.071      6.906      0.135
  2757       -211  pi-                 91  2422     0     0     0     0     0      0.632      0.140      1.356      1.509      0.140
  2758        111  (pi0)              -91  2422     0  3280  3281     0     0      1.105     -0.299      1.045      1.556      0.135
  2759        311  (K0)               -91  2424     0  2790  2790     0     0      1.484     -0.365      1.913      2.499      0.498
  2760        211  pi+                 91  2424     0     0     0     0     0      0.746      0.152      0.578      0.966      0.140
  2761        310  (K_S0)             -91  2425  2425  3282  3283     0     0      2.655      1.166      2.679      3.979      0.498
  2762        211  pi+                 91  2433     0     0     0     0     0      0.214      0.282      0.512      0.637      0.140
  2763       -211  pi-                 91  2433     0     0     0     0     0      8.739      8.557     15.072     19.411      0.140
  2764       -211  pi-                 91  2440     0     0     0     0     0     68.107     61.163    100.563    135.987      0.140
  2765        111  (pi0)              -91  2440     0  3284  3285     0     0     26.725     23.491     39.931     53.484      0.135
  2766       -211  pi-                 91  2443     0     0     0     0     0     14.878     12.819     22.237     29.668      0.140
  2767        111  (pi0)              -91  2443     0  3286  3287     0     0     35.102     30.610     50.809     68.926      0.135
  2768        211  pi+                 91  2447     0     0     0     0     0      1.222      0.987      1.556      2.215      0.140
  2769       -211  pi-                 91  2447     0     0     0     0     0      0.259      0.654      0.825      1.093      0.140
  2770        310  (K_S0)             -91  2448  2448  3288  3289     0     0      1.860      1.288      2.797      3.632      0.498
  2771        211  pi+                 91  2453     0     0     0     0     0     -0.109     -0.454      1.798      1.863      0.140
  2772        111  (pi0)              -91  2453     0  3290  3291     0     0      0.435     -0.128      3.335      3.368      0.135
  2773       2112  n0                  91  2455     0     0     0     0     0      1.305     -0.295     11.929     12.041      0.940
  2774       -211  pi-                 91  2455     0     0     0     0     0     -0.014      0.118      2.261      2.268      0.140
  2775        310  (K_S0)             -91  2483  2483  3292  3293     0     0     -0.424     -0.000      0.221      0.690      0.498
  2776        310  (K_S0)             -91  2488  2488  3294  3295     0     0      0.399     -0.463      0.161      0.805      0.498
  2777        130  K_L0                91  2492  2492     0     0     0     0     -0.486      0.009     -3.600      3.667      0.498
  2778        310  (K_S0)             -91  2528  2528  3296  3297     0     0     -1.962     -2.222      0.982      3.162      0.498
  2779        310  (K_S0)             -91  2567  2567  3298  3299     0     0      0.157      0.034     23.356     23.362      0.498
  2780        310  (K_S0)             -91  2583  2583  3300  3301     0     0      2.229      0.608      7.337      7.708      0.498
  2781        130  K_L0                91  2589  2589     0     0     0     0     -0.091     -0.210      0.576      0.795      0.498
  2782        310  (K_S0)             -91  2629  2629  3302  3303     0     0     -0.005     -0.713    -50.839     50.846      0.498
  2783        310  (K_S0)             -91  2668  2668  3304  3305     0     0     -0.427     -2.117    -10.003     10.245      0.498
  2784        130  K_L0                91  2678  2678     0     0     0     0      0.820      0.113      3.739      3.862      0.498
  2785        130  K_L0                91  2691  2691     0     0     0     0     -0.343     -0.684      3.517      3.634      0.498
  2786        130  K_L0                91  2716  2716     0     0     0     0      1.457     -0.241    -51.149     51.173      0.498
  2787        310  (K_S0)             -91  2722  2722  3306  3307     0     0      0.728      1.282    -23.840     23.891      0.498
  2788        130  K_L0                91  2741  2741     0     0     0     0      0.334      0.520     32.180     32.190      0.498
  2789        310  (K_S0)             -91  2747  2747  3308  3309     0     0     -0.338     -0.168     -3.648      3.701      0.498
  2790        310  (K_S0)             -91  2759  2759  3310  3311     0     0      1.484     -0.365      1.913      2.499      0.498
  2791         22  gamma               91  1726     0     0     0     0     0      0.820     -0.889      0.113      1.214      0.000
  2792         22  gamma               91  1726     0     0     0     0     0      0.381     -0.456      0.147      0.612      0.000
  2793        111  (pi0)              -91  1728     0  3312  3313     0     0      0.061      0.023     -0.102      0.181      0.135
  2794        111  (pi0)              -91  1728     0  3314  3315     0     0      0.331      0.122     -0.248      0.452      0.135
  2795        111  (pi0)              -91  1728     0  3316  3317     0     0      0.247     -0.139     -0.199      0.371      0.135
  2796         22  gamma               91  1742     0     0     0     0     0     -0.190      0.008      7.259      7.262      0.000
  2797         22  gamma               91  1742     0     0     0     0     0     -0.111      0.046      2.061      2.064      0.000
  2798         22  gamma               91  1744     0     0     0     0     0     -0.190     -0.242      4.588      4.598      0.000
  2799         22  gamma               91  1744     0     0     0     0     0     -0.485     -0.339      9.911      9.929      0.000
  2800         22  gamma               91  1748     0     0     0     0     0     -0.360      1.007    104.128    104.133      0.000
  2801         22  gamma               91  1748     0     0     0     0     0     -0.127      0.256     22.492     22.494      0.000
  2802        211  pi+                 91  1749     0     0     0     0     0      0.196      0.395     26.175     26.179      0.140
  2803       -211  pi-                 91  1749     0     0     0     0     0      0.114      0.247     19.610     19.612      0.140
  2804        111  (pi0)              -91  1749     0  3318  3319     0     0      0.464      0.499     29.858     29.866      0.135
  2805        111  (pi0)              -91  1757     0  3320  3321     0     0      0.142      0.205     -0.604      0.668      0.135
  2806        111  (pi0)              -91  1757     0  3322  3323     0     0     -0.081      0.167     -0.355      0.423      0.135
  2807        111  (pi0)              -91  1757     0  3324  3325     0     0      0.042      0.186     -0.887      0.918      0.135
  2808         22  gamma               91  1758     0     0     0     0     0     -0.284      0.900     -1.916      2.135      0.000
  2809         22  gamma               91  1758     0     0     0     0     0     -0.339      1.435     -2.714      3.089      0.000
  2810        211  pi+                 91  1759     0     0     0     0     0     -0.010      0.440     -0.897      1.009      0.140
  2811       -211  pi-                 91  1759     0     0     0     0     0      0.013     -0.084     -0.177      0.241      0.140
  2812        111  (pi0)              -91  1759     0  3326  3327     0     0      0.079      0.152     -0.926      0.951      0.135
  2813         22  gamma               91  1760     0     0     0     0     0     -0.466      1.013     -3.112      3.306      0.000
  2814         22  gamma               91  1760     0     0     0     0     0     -0.147      0.533     -1.453      1.554      0.000
  2815        211  pi+                 91  1764     0     0     0     0     0     -0.062      0.234     -4.662      4.671      0.140
  2816       -211  pi-                 91  1764     0     0     0     0     0     -0.059      0.255     -1.427      1.458      0.140
  2817        111  (pi0)              -91  1764     0  3328  3329     0     0     -0.418      0.293     -3.495      3.535      0.135
  2818         22  gamma               91  1773     0     0     0     0     0    -10.250    -11.578   -100.815    101.994      0.000
  2819         22  gamma               91  1773     0     0     0     0     0     -9.597    -10.676    -93.123     94.223      0.000
  2820        211  pi+                 91  1780     0     0     0     0     0     -2.211     -1.685    -20.268     20.459      0.140
  2821       -211  pi-                 91  1780     0     0     0     0     0     -1.408     -1.395    -14.619     14.753      0.140
  2822        111  (pi0)              -91  1780     0  3330  3331     0     0     -0.440     -0.324     -3.046      3.097      0.135
  2823        211  pi+                 91  1794     0     0     0     0     0      0.068      0.048     -0.453      0.481      0.140
  2824       -211  pi-                 91  1794     0     0     0     0     0     -0.124     -0.021     -0.912      0.932      0.140
  2825        111  (pi0)              -91  1794     0  3332  3333     0     0      0.018     -0.078     -0.261      0.304      0.135
  2826         22  gamma               91  1795     0     0     0     0     0     -0.031     -0.034     -0.085      0.097      0.000
  2827         22  gamma               91  1795     0     0     0     0     0      0.031     -0.411     -1.413      1.472      0.000
  2828        211  pi+                 91  1798     0     0     0     0     0     -0.380     -0.193     -4.548      4.570      0.140
  2829       -211  pi-                 91  1798     0     0     0     0     0     -0.223     -0.216     -1.488      1.526      0.140
  2830        111  (pi0)              -91  1798     0  3334  3335     0     0     -1.119     -0.505     -7.424      7.526      0.135
  2831         22  gamma               91  1825     0     0     0     0     0     -0.226     -0.819     -0.348      0.918      0.000
  2832         22  gamma               91  1825     0     0     0     0     0     -0.024     -0.450     -0.168      0.481      0.000
  2833        321  K+                  91  1830     0     0     0     0     0     -0.472     -1.187     -0.431      1.436      0.494
  2834       -321  K-                  91  1830     0     0     0     0     0     -0.503     -0.891     -0.208      1.155      0.494
  2835         22  gamma               91  1862     0     0     0     0     0     -0.027      0.040     -0.112      0.122      0.000
  2836         22  gamma               91  1862     0     0     0     0     0      0.112      0.034     -0.104      0.156      0.000
  2837        211  pi+                 91  1863     0     0     0     0     0     -0.202      0.372     -2.294      2.337      0.140
  2838       -211  pi-                 91  1863     0     0     0     0     0      0.107      0.570     -2.693      2.759      0.140
  2839        111  (pi0)              -91  1863     0  3336  3337     0     0     -0.018      1.375     -5.015      5.202      0.135
  2840        211  pi+                 91  1864     0     0     0     0     0      0.242      0.085     -0.553      0.625      0.140
  2841       -211  pi-                 91  1864     0     0     0     0     0      0.090     -0.057     -0.325      0.369      0.140
  2842        111  (pi0)              -91  1864     0  3338  3339     0     0     -0.033      0.473     -1.393      1.478      0.135
  2843         22  gamma               91  1868     0     0     0     0     0      0.172     -0.281     -1.637      1.669      0.000
  2844         22  gamma               91  1868     0     0     0     0     0      0.089     -0.026     -0.601      0.609      0.000
  2845         22  gamma               91  1877     0     0     0     0     0      0.161     -0.217     -1.038      1.073      0.000
  2846         22  gamma               91  1877     0     0     0     0     0      0.149     -0.040     -0.619      0.638      0.000
  2847        211  pi+                 91  1878     0     0     0     0     0     -0.110      0.194     -0.548      0.608      0.140
  2848       -211  pi-                 91  1878     0     0     0     0     0     -0.675     -0.302     -2.005      2.142      0.140
  2849        111  (pi0)              -91  1878     0  3340  3341     0     0     -0.144     -0.032     -0.577      0.611      0.135
  2850        321  K+                  91  1880     0     0     0     0     0      0.132     -0.159     -3.973      4.008      0.494
  2851       -321  K-                  91  1880     0     0     0     0     0      0.143      0.100     -4.597      4.626      0.494
  2852        211  pi+                 91  1883     0     0     0     0     0      0.241      0.418    -11.184     11.195      0.140
  2853       -211  pi-                 91  1883     0     0     0     0     0      0.233      0.177     -2.716      2.735      0.140
  2854        111  (pi0)              -91  1883     0  3342  3343     0     0     -0.083      0.125     -4.800      4.804      0.135
  2855         22  gamma               91  1895     0     0     0     0     0     -0.185     -0.313    -16.129     16.133      0.000
  2856         22  gamma               91  1895     0     0     0     0     0     -0.001     -0.113     -3.339      3.341      0.000
  2857         22  gamma               91  1900     0     0     0     0     0     -0.875     -0.204    -30.648     30.661      0.000
  2858         22  gamma               91  1900     0     0     0     0     0     -0.407     -0.032    -16.429     16.434      0.000
  2859         22  gamma               91  1931     0     0     0     0     0     -0.026      0.084      0.068      0.111      0.000
  2860         22  gamma               91  1931     0     0     0     0     0     -0.170      0.047      0.038      0.180      0.000
  2861         22  gamma               91  1937     0     0     0     0     0      0.084     -0.112      1.037      1.046      0.000
  2862         22  gamma               91  1937     0     0     0     0     0      0.029     -0.301      1.537      1.567      0.000
  2863         22  gamma               91  1945     0     0     0     0     0     -0.239     -0.196      4.840      4.850      0.000
  2864         22  gamma               91  1945     0     0     0     0     0     -0.235     -0.057      4.659      4.665      0.000
  2865         22  gamma               91  1946     0     0     0     0     0     -0.044      0.003      0.261      0.265      0.000
  2866         22  gamma               91  1946     0     0     0     0     0     -0.043     -0.164      0.404      0.438      0.000
  2867         22  gamma               91  1951     0     0     0     0     0      0.158     -0.058     -0.031      0.171      0.000
  2868         22  gamma               91  1951     0     0     0     0     0      0.138     -0.194      0.033      0.240      0.000
  2869         22  gamma               91  1952     0     0     0     0     0      0.768     -0.028      1.423      1.618      0.000
  2870         22  gamma               91  1952     0     0     0     0     0      0.373      0.041      0.547      0.663      0.000
  2871        223  (omega)            -91  1955     0  3344  3346     0     0      0.645     -0.555      3.695      3.871      0.780
  2872         22  gamma               91  1955     0     0     0     0     0     -0.067      0.039      0.261      0.272      0.000
  2873         22  gamma               91  1957     0     0     0     0     0      0.147     -0.403      0.858      0.959      0.000
  2874         22  gamma               91  1957     0     0     0     0     0     -0.002     -0.036      0.018      0.041      0.000
  2875       2112  n0                  91  1958     0     0     0     0     0      0.230      0.178      4.649      4.752      0.940
  2876       -211  pi-                 91  1958     0     0     0     0     0      0.033      0.294      1.820      1.849      0.140
  2877      -3122  (Lambdabar0)       -91  1959     0  3347  3348     0     0      0.572      0.976     12.648     12.748      1.116
  2878         22  gamma               91  1959     0     0     0     0     0      0.118      0.141      1.636      1.647      0.000
  2879       2112  n0                  91  1994     0     0     0     0     0      0.215     -0.367     22.435     22.458      0.940
  2880        111  (pi0)              -91  1994     0  3349  3350     0     0      0.148     -0.058      3.337      3.343      0.135
  2881         22  gamma               91  1995     0     0     0     0     0     -0.081     -0.062      0.430      0.442      0.000
  2882         22  gamma               91  1995     0     0     0     0     0      0.016     -0.059      0.877      0.879      0.000
  2883         22  gamma               91  2004     0     0     0     0     0      0.015     -0.245     13.319     13.322      0.000
  2884         22  gamma               91  2004     0     0     0     0     0      0.118     -0.165      8.531      8.533      0.000
  2885        211  pi+                 91  2006     0     0     0     0     0     -0.136     -0.202     23.029     23.031      0.140
  2886       -211  pi-                 91  2006     0     0     0     0     0     -0.291     -0.073     60.714     60.715      0.140
  2887        111  (pi0)              -91  2006     0  3351  3352     0     0      0.053     -0.415     61.267     61.269      0.135
  2888        111  (pi0)              -91  2008     0  3353  3354     0     0     -0.025      0.021     51.893     51.893      0.135
  2889        111  (pi0)              -91  2008     0  3355  3356     0     0      0.055     -0.060     27.527     27.528      0.135
  2890        111  (pi0)              -91  2008     0  3357  3358     0     0     -0.164     -0.141     37.893     37.894      0.135
  2891         22  gamma               91  2012     0     0     0     0     0     -0.019     -0.080     22.474     22.474      0.000
  2892         22  gamma               91  2012     0     0     0     0     0     -0.123     -0.012     64.429     64.430      0.000
  2893         22  gamma               91  2016     0     0     0     0     0      0.059      0.119      4.833      4.835      0.000
  2894         22  gamma               91  2016     0     0     0     0     0      0.051      0.406      9.280      9.289      0.000
  2895        211  pi+                 91  2017     0     0     0     0     0      0.255      0.912     11.476     11.516      0.140
  2896       -211  pi-                 91  2017     0     0     0     0     0     -0.141      0.073      2.171      2.182      0.140
  2897        111  (pi0)              -91  2017     0  3359  3360     0     0      0.156      0.270      4.377      4.390      0.135
  2898        211  pi+                 91  2021     0     0     0     0     0      0.400     -0.117      2.769      2.803      0.140
  2899       -211  pi-                 91  2021     0     0     0     0     0      0.132      0.105      1.023      1.047      0.140
  2900        111  (pi0)              -91  2021     0  3361  3362     0     0      0.428     -0.403      2.162      2.244      0.135
  2901        211  pi+                 91  2022     0     0     0     0     0      0.045      0.302      0.816      0.883      0.140
  2902       -211  pi-                 91  2022     0     0     0     0     0      0.235     -0.064      1.881      1.902      0.140
  2903        111  (pi0)              -91  2022     0  3363  3364     0     0      0.201     -0.008      0.553      0.603      0.135
  2904         22  gamma               91  2028     0     0     0     0     0      0.318      0.455      1.547      1.644      0.000
  2905         22  gamma               91  2028     0     0     0     0     0      0.118      0.323      0.801      0.872      0.000
  2906       2212  p+                  91  2032     0     0     0     0     0     -0.830      1.166      2.544      3.066      0.938
  2907       -211  pi-                 91  2032     0     0     0     0     0     -0.030      0.064      0.187      0.244      0.140
  2908      -3122  (Lambdabar0)       -91  2033     0  3365  3366     0     0     -1.295      1.078      3.343      3.906      1.116
  2909         22  gamma               91  2033     0     0     0     0     0     -0.026      0.089      0.071      0.117      0.000
  2910        321  K+                  91  2035     0     0     0     0     0     -0.978      0.337      1.596      1.965      0.494
  2911       -321  K-                  91  2035     0     0     0     0     0     -0.780      0.477      1.243      1.620      0.494
  2912       3122  (Lambda0)          -91  2053     0  3367  3368     0     0     -1.020     -6.848    -51.621     52.096      1.116
  2913         22  gamma               91  2053     0     0     0     0     0     -0.026     -0.027     -0.471      0.473      0.000
  2914      -3122  (Lambdabar0)       -91  2054     0  3369  3370     0     0     -0.444     -2.304    -16.828     17.027      1.116
  2915         22  gamma               91  2054     0     0     0     0     0     -0.092     -0.319     -2.303      2.327      0.000
  2916        111  (pi0)              -91  2055     0  3371  3372     0     0     -0.096     -0.378     -2.283      2.320      0.135
  2917        111  (pi0)              -91  2055     0  3373  3374     0     0     -0.300     -0.613     -3.597      3.663      0.135
  2918        111  (pi0)              -91  2055     0  3375  3376     0     0      0.019     -0.148     -1.479      1.492      0.135
  2919         22  gamma               91  2067     0     0     0     0     0      0.162      0.533      0.168      0.582      0.000
  2920         22  gamma               91  2067     0     0     0     0     0     -0.005      0.006     -0.014      0.016      0.000
  2921         22  gamma               91  2068     0     0     0     0     0      0.231      0.348      0.851      0.948      0.000
  2922         22  gamma               91  2068     0     0     0     0     0      0.465      0.537      0.370      0.801      0.000
  2923         22  gamma               91  2070     0     0     0     0     0      0.017      0.010      0.015      0.025      0.000
  2924         22  gamma               91  2070     0     0     0     0     0      1.299      1.320      3.254      3.745      0.000
  2925         22  gamma               91  2072     0     0     0     0     0      1.417      2.186      1.394      2.955      0.000
  2926         11  e-                  91  2072     0     0     0     0     0      0.495      0.764      0.177      0.927      0.001
  2927        -11  e+                  91  2072     0     0     0     0     0      0.189      0.225      0.085      0.306      0.001
  2928         22  gamma               91  2074     0     0     0     0     0      0.127      0.933      0.687      1.166      0.000
  2929         22  gamma               91  2074     0     0     0     0     0      0.094      0.251      0.248      0.365      0.000
  2930        211  pi+                 91  2075     0     0     0     0     0     -0.113     -0.092      0.206      0.288      0.140
  2931       -211  pi-                 91  2075     0     0     0     0     0      0.184     -0.018      0.202      0.307      0.140
  2932        111  (pi0)              -91  2075     0  3377  3378     0     0     -0.211      0.186      0.723      0.788      0.135
  2933       2212  p+                  91  2076     0     0     0     0     0      1.172      2.379      2.246      3.600      0.938
  2934        111  (pi0)              -91  2076     0  3379  3380     0     0      0.473      0.466      0.438      0.807      0.135
  2935      -3122  (Lambdabar0)       -91  2077     0  3381  3382     0     0      0.662      0.946      1.367      2.109      1.116
  2936         22  gamma               91  2077     0     0     0     0     0     -0.020      0.101      0.127      0.163      0.000
  2937         22  gamma               91  2081     0     0     0     0     0      0.011      0.075      0.099      0.125      0.000
  2938         22  gamma               91  2081     0     0     0     0     0     -0.521     -0.323      4.419      4.462      0.000
  2939         22  gamma               91  2082     0     0     0     0     0     -0.399      0.144      2.363      2.400      0.000
  2940         22  gamma               91  2082     0     0     0     0     0     -0.040      0.073      0.414      0.422      0.000
  2941        211  pi+                 91  2084     0     0     0     0     0      0.042      0.089      1.125      1.138      0.140
  2942       -211  pi-                 91  2084     0     0     0     0     0     -0.162     -0.261      1.268      1.312      0.140
  2943        111  (pi0)              -91  2084     0  3383  3384     0     0     -0.433     -0.151      1.719      1.784      0.135
  2944        211  pi+                 91  2115     0     0     0     0     0     -0.628      0.131     -7.399      7.428      0.140
  2945       -211  pi-                 91  2115     0     0     0     0     0     -0.330      0.384     -3.892      3.927      0.140
  2946        111  (pi0)              -91  2115     0  3385  3386     0     0     -0.627      0.479    -10.117     10.148      0.135
  2947        211  pi+                 91  2120     0     0     0     0     0     -0.179     -0.186    -12.234     12.237      0.140
  2948       -211  pi-                 91  2120     0     0     0     0     0     -0.294      0.048    -19.551     19.554      0.140
  2949        111  (pi0)              -91  2120     0  3387  3388     0     0     -0.264      0.315    -14.031     14.038      0.135
  2950        211  pi+                 91  2131     0     0     0     0     0      0.062      0.169    -17.238     17.240      0.140
  2951       -211  pi-                 91  2131     0     0     0     0     0     -0.103      0.075     -6.892      6.895      0.140
  2952        111  (pi0)              -91  2131     0  3389  3390     0     0      0.051     -0.172    -41.743     41.743      0.135
  2953         22  gamma               91  2135     0     0     0     0     0      0.089     -0.266     -5.609      5.616      0.000
  2954         22  gamma               91  2135     0     0     0     0     0      0.127     -0.099     -2.478      2.484      0.000
  2955        211  pi+                 91  2136     0     0     0     0     0     -0.500     -0.316     -5.507      5.541      0.140
  2956       -211  pi-                 91  2136     0     0     0     0     0     -0.056      0.016     -3.982      3.985      0.140
  2957        111  (pi0)              -91  2136     0  3391  3392     0     0     -0.222     -0.385     -4.594      4.617      0.135
  2958         22  gamma               91  2137     0     0     0     0     0     -0.070     -0.002     -0.191      0.204      0.000
  2959         11  e-                  91  2137     0     0     0     0     0     -0.005     -0.027     -0.249      0.251      0.001
  2960        -11  e+                  91  2137     0     0     0     0     0     -0.005     -0.048     -0.478      0.481      0.001
  2961         22  gamma               91  2139     0     0     0     0     0     -0.038     -0.024     -0.611      0.612      0.000
  2962         22  gamma               91  2139     0     0     0     0     0     -0.297      0.007     -1.513      1.542      0.000
  2963         22  gamma               91  2144     0     0     0     0     0      0.147     -0.045     -2.496      2.500      0.000
  2964         22  gamma               91  2144     0     0     0     0     0     -0.014     -0.001     -0.036      0.039      0.000
  2965        211  pi+                 91  2146     0     0     0     0     0     -0.002     -0.011     -2.417      2.421      0.140
  2966       -211  pi-                 91  2146     0     0     0     0     0      0.120     -0.157     -3.559      3.567      0.140
  2967        111  (pi0)              -91  2146     0  3393  3394     0     0      0.102     -0.039     -7.829      7.831      0.135
  2968         22  gamma               91  2147     0     0     0     0     0      0.021      0.083     -0.858      0.863      0.000
  2969         22  gamma               91  2147     0     0     0     0     0      0.032      0.460     -8.849      8.861      0.000
  2970        211  pi+                 91  2156     0     0     0     0     0     -0.237     -0.056      0.094      0.296      0.140
  2971       -211  pi-                 91  2156     0     0     0     0     0     -0.138      0.104     -0.445      0.498      0.140
  2972        111  (pi0)              -91  2156     0  3395  3396     0     0     -0.260      0.075     -0.218      0.373      0.135
  2973         22  gamma               91  2160     0     0     0     0     0      0.498      0.440      0.704      0.968      0.000
  2974         22  gamma               91  2160     0     0     0     0     0     -0.100     -0.027      0.019      0.105      0.000
  2975         22  gamma               91  2162     0     0     0     0     0     -0.137     -0.152      0.023      0.206      0.000
  2976         22  gamma               91  2162     0     0     0     0     0     -0.249     -0.150     -0.104      0.309      0.000
  2977         22  gamma               91  2164     0     0     0     0     0     -0.399     -0.055     -0.539      0.673      0.000
  2978         22  gamma               91  2164     0     0     0     0     0     -0.250     -0.061     -0.195      0.323      0.000
  2979         22  gamma               91  2165     0     0     0     0     0      0.207     -0.295     -0.667      0.758      0.000
  2980         22  gamma               91  2165     0     0     0     0     0      0.148     -0.321     -0.940      1.005      0.000
  2981         22  gamma               91  2166     0     0     0     0     0     -0.983     -0.148     -1.437      1.747      0.000
  2982         22  gamma               91  2166     0     0     0     0     0     -0.088      0.026     -0.153      0.178      0.000
  2983         22  gamma               91  2169     0     0     0     0     0     -0.295     -0.162     -3.082      3.101      0.000
  2984         22  gamma               91  2169     0     0     0     0     0     -0.387     -0.190     -2.774      2.808      0.000
  2985        111  (pi0)              -91  2171     0  3397  3398     0     0     -0.002     -0.294     -6.662      6.670      0.135
  2986        111  (pi0)              -91  2171     0  3399  3400     0     0     -0.052     -0.027     -1.477      1.484      0.135
  2987        111  (pi0)              -91  2171     0  3401  3402     0     0      0.011     -0.298     -6.396      6.404      0.135
  2988         22  gamma               91  2184     0     0     0     0     0      0.177     -0.256      2.767      2.785      0.000
  2989         22  gamma               91  2184     0     0     0     0     0     -0.162      0.153      1.082      1.105      0.000
  2990        211  pi+                 91  2186     0     0     0     0     0     -0.335     -0.028     11.111     11.117      0.140
  2991       -211  pi-                 91  2186     0     0     0     0     0     -0.108     -0.104      2.697      2.704      0.140
  2992        111  (pi0)              -91  2186     0  3403  3404     0     0     -0.146      0.282     12.641     12.646      0.135
  2993        211  pi+                 91  2188     0     0     0     0     0     -0.742      0.538     25.321     25.338      0.140
  2994       -211  pi-                 91  2188     0     0     0     0     0     -0.373      0.068     14.102     14.108      0.140
  2995        111  (pi0)              -91  2188     0  3405  3406     0     0     -0.045      0.277      7.998      8.005      0.135
  2996         22  gamma               91  2196     0     0     0     0     0      0.264     -0.239     -0.678      0.766      0.000
  2997         22  gamma               91  2196     0     0     0     0     0      0.242      0.302     -0.553      0.675      0.000
  2998        111  (pi0)              -91  2242     0  3407  3408     0     0      0.486      0.314     47.824     47.828      0.135
  2999        111  (pi0)              -91  2242     0  3409  3410     0     0      0.356      0.198     28.379     28.382      0.135
  3000        111  (pi0)              -91  2242     0  3411  3412     0     0      1.873      1.128    165.992    166.006      0.135
  3001        111  (pi0)              -91  2243     0  3413  3414     0     0      1.032      0.386     71.660     71.669      0.135
  3002        111  (pi0)              -91  2243     0  3415  3416     0     0      0.716      0.136     44.340     44.346      0.135
  3003        221  (eta)              -91  2243     0  3417  3418     0     0      1.272      0.244     92.009     92.020      0.548
  3004       2212  p+                  91  2246     0     0     0     0     0     -0.007     -0.067     37.842     37.854      0.938
  3005        111  (pi0)              -91  2246     0  3419  3420     0     0      0.078     -0.207     16.686     16.688      0.135
  3006      -2212  pbar-               91  2247     0     0     0     0     0      0.513      0.064     26.182     26.204      0.938
  3007        111  (pi0)              -91  2247     0  3421  3422     0     0      0.065      0.226      4.807      4.814      0.135
  3008         22  gamma               91  2248     0     0     0     0     0      0.041      0.033      0.556      0.559      0.000
  3009         22  gamma               91  2248     0     0     0     0     0      0.029      0.105      5.226      5.227      0.000
  3010       2112  n0                  91  2252     0     0     0     0     0     -0.322      1.830     14.219     14.371      0.940
  3011       -211  pi-                 91  2252     0     0     0     0     0     -0.133      0.425      1.949      2.004      0.140
  3012         22  gamma               91  2262     0     0     0     0     0      0.443     -0.005      5.809      5.826      0.000
  3013         22  gamma               91  2262     0     0     0     0     0      1.081      0.137      6.658      6.747      0.000
  3014         22  gamma               91  2263     0     0     0     0     0      1.664     -0.605      7.568      7.773      0.000
  3015         22  gamma               91  2263     0     0     0     0     0      0.824     -0.309      3.368      3.481      0.000
  3016         22  gamma               91  2269     0     0     0     0     0     -0.604     -0.467      5.757      5.808      0.000
  3017         22  gamma               91  2269     0     0     0     0     0     -0.471     -0.335      3.565      3.611      0.000
  3018       2112  n0                  91  2274     0     0     0     0     0     -2.906     -0.504     12.477     12.855      0.940
  3019       -211  pi-                 91  2274     0     0     0     0     0     -0.708     -0.367      3.417      3.512      0.140
  3020      -2112  nbar0               91  2275     0     0     0     0     0     -1.966      0.308      5.524      5.946      0.940
  3021        211  pi+                 91  2275     0     0     0     0     0     -0.441      0.012      1.916      1.971      0.140
  3022        211  pi+                 91  2277     0     0     0     0     0     -0.995     -0.215      2.275      2.497      0.140
  3023       -211  pi-                 91  2277     0     0     0     0     0     -2.628     -0.695      7.316      7.806      0.140
  3024        111  (pi0)              -91  2277     0  3423  3424     0     0     -0.801     -0.147      2.867      2.984      0.135
  3025         22  gamma               91  2279     0     0     0     0     0     -0.533     -0.354      2.159      2.252      0.000
  3026         22  gamma               91  2279     0     0     0     0     0     -0.552     -0.343      1.763      1.879      0.000
  3027         22  gamma               91  2290     0     0     0     0     0     -0.786     -0.711      1.750      2.046      0.000
  3028         22  gamma               91  2290     0     0     0     0     0     -0.373     -0.249      0.634      0.776      0.000
  3029        211  pi+                 91  2295     0     0     0     0     0      0.108     -0.216      0.561      0.627      0.140
  3030       -211  pi-                 91  2295     0     0     0     0     0      0.082      0.294      0.251      0.419      0.140
  3031        111  (pi0)              -91  2295     0  3425  3426     0     0      0.097     -0.026      0.070      0.183      0.135
  3032        211  pi+                 91  2320     0     0     0     0     0     -0.028      0.104      4.146      4.150      0.140
  3033       -211  pi-                 91  2320     0     0     0     0     0     -0.157      0.488      5.668      5.693      0.140
  3034        111  (pi0)              -91  2320     0  3427  3428     0     0      0.056     -0.105      2.229      2.236      0.135
  3035         22  gamma               91  2322     0     0     0     0     0     -0.056     -0.017     -0.038      0.070      0.000
  3036         22  gamma               91  2322     0     0     0     0     0      0.033      0.001      0.062      0.070      0.000
  3037        211  pi+                 91  2324     0     0     0     0     0     -0.146     -0.092     -1.523      1.539      0.140
  3038       -211  pi-                 91  2324     0     0     0     0     0      0.137     -0.031     -1.441      1.455      0.140
  3039        111  (pi0)              -91  2324     0  3429  3430     0     0      0.053     -0.010     -1.032      1.042      0.135
  3040         22  gamma               91  2325     0     0     0     0     0      0.032     -0.114     -0.503      0.517      0.000
  3041         22  gamma               91  2325     0     0     0     0     0      0.223     -0.219     -0.815      0.873      0.000
  3042         22  gamma               91  2328     0     0     0     0     0     -0.008      0.035     -0.752      0.753      0.000
  3043         22  gamma               91  2328     0     0     0     0     0      0.367      0.783    -27.767     27.780      0.000
  3044        211  pi+                 91  2334     0     0     0     0     0      0.074     -0.090     -2.342      2.349      0.140
  3045       -211  pi-                 91  2334     0     0     0     0     0      1.139      0.017    -20.544     20.576      0.140
  3046        111  (pi0)              -91  2334     0  3431  3432     0     0      0.954     -0.176    -16.947     16.976      0.135
  3047         22  gamma               91  2337     0     0     0     0     0      1.149      0.448    -33.633     33.656      0.000
  3048         22  gamma               91  2337     0     0     0     0     0      0.223      0.154     -7.196      7.201      0.000
  3049         22  gamma               91  2340     0     0     0     0     0      0.027      0.034     -0.287      0.290      0.000
  3050         22  gamma               91  2340     0     0     0     0     0      0.232     -0.035     -3.613      3.621      0.000
  3051         22  gamma               91  2343     0     0     0     0     0      0.147      0.244     -2.882      2.897      0.000
  3052         22  gamma               91  2343     0     0     0     0     0      0.883      0.325     -4.217      4.320      0.000
  3053         22  gamma               91  2344     0     0     0     0     0      0.617      0.349     -3.622      3.691      0.000
  3054         22  gamma               91  2344     0     0     0     0     0      0.042      0.037     -0.147      0.157      0.000
  3055         22  gamma               91  2345     0     0     0     0     0      0.121     -0.086     -0.414      0.440      0.000
  3056         22  gamma               91  2345     0     0     0     0     0      0.954     -0.871     -2.650      2.948      0.000
  3057        211  pi+                 91  2347     0     0     0     0     0      0.081     -0.695     -0.803      1.074      0.140
  3058       -211  pi-                 91  2347     0     0     0     0     0      0.179     -0.238     -0.612      0.695      0.140
  3059        111  (pi0)              -91  2347     0  3433  3434     0     0      0.793     -1.310     -2.054      2.566      0.135
  3060        211  pi+                 91  2351     0     0     0     0     0      0.420     -0.888     -1.078      1.465      0.140
  3061       -211  pi-                 91  2351     0     0     0     0     0      0.336     -0.752     -1.393      1.625      0.140
  3062        111  (pi0)              -91  2351     0  3435  3436     0     0     -0.012     -0.052     -0.280      0.315      0.135
  3063        211  pi+                 91  2352     0     0     0     0     0     -0.025     -0.216     -0.830      0.869      0.140
  3064       -211  pi-                 91  2352     0     0     0     0     0     -0.183     -0.560     -1.401      1.526      0.140
  3065        111  (pi0)              -91  2352     0  3437  3438     0     0     -0.287     -0.464     -1.125      1.257      0.135
  3066         22  gamma               91  2397     0     0     0     0     0      0.039     -0.340     45.890     45.891      0.000
  3067         22  gamma               91  2397     0     0     0     0     0     -0.000      0.008      4.858      4.858      0.000
  3068         22  gamma               91  2399     0     0     0     0     0     -0.190     -0.027     55.056     55.057      0.000
  3069         22  gamma               91  2399     0     0     0     0     0     -0.028      0.051     30.077     30.077      0.000
  3070        211  pi+                 91  2400     0     0     0     0     0     -0.010     -0.100     48.906     48.906      0.140
  3071       -211  pi-                 91  2400     0     0     0     0     0      0.121     -0.276    226.876    226.877      0.140
  3072        111  (pi0)              -91  2400     0  3439  3440     0     0      0.320      0.084    103.188    103.189      0.135
  3073      -3312  (Xibar+)           -91  2407     0  3441  3442     0     0     -2.862     -3.203    -20.092     20.588      1.322
  3074       -211  pi-                 91  2407     0     0     0     0     0     -0.164     -0.108     -0.791      0.826      0.140
  3075         22  gamma               91  2408     0     0     0     0     0     -0.362     -0.235     -1.063      1.147      0.000
  3076         22  gamma               91  2408     0     0     0     0     0     -0.587     -0.353     -1.288      1.459      0.000
  3077         22  gamma               91  2410     0     0     0     0     0     -0.463     -0.447     -1.400      1.541      0.000
  3078         22  gamma               91  2410     0     0     0     0     0     -0.365     -0.211     -1.010      1.094      0.000
  3079        211  pi+                 91  2423     0     0     0     0     0      0.992      0.023      0.464      1.104      0.140
  3080       -211  pi-                 91  2423     0     0     0     0     0      1.850      0.005      1.541      2.412      0.140
  3081        111  (pi0)              -91  2423     0  3443  3444     0     0      0.488      0.162      0.484      0.719      0.135
  3082         22  gamma               91  2427     0     0     0     0     0      0.041      0.301      0.219      0.375      0.000
  3083         22  gamma               91  2427     0     0     0     0     0      0.687      0.110      0.465      0.837      0.000
  3084         22  gamma               91  2428     0     0     0     0     0      0.132     -0.008      0.467      0.485      0.000
  3085         22  gamma               91  2428     0     0     0     0     0      0.134      0.038      0.178      0.226      0.000
  3086        211  pi+                 91  2429     0     0     0     0     0      1.285      1.061      1.642      2.344      0.140
  3087       -211  pi-                 91  2429     0     0     0     0     0      0.578      0.916      1.479      1.839      0.140
  3088        111  (pi0)              -91  2429     0  3445  3446     0     0      0.294      0.265      0.360      0.552      0.135
  3089        111  (pi0)              -91  2430     0  3447  3448     0     0      3.595      3.906      6.894      8.702      0.135
  3090         22  gamma               91  2430     0     0     0     0     0      2.973      3.004      4.417      6.113      0.000
  3091        111  (pi0)              -91  2431     0  3449  3450     0     0      6.214      4.948      9.673     12.517      0.135
  3092        111  (pi0)              -91  2431     0  3451  3452     0     0      1.329      1.125      2.110      2.739      0.135
  3093        111  (pi0)              -91  2431     0  3453  3454     0     0      2.133      1.610      3.362      4.297      0.135
  3094         22  gamma               91  2432     0     0     0     0     0      2.507      2.187      3.888      5.118      0.000
  3095         22  gamma               91  2432     0     0     0     0     0      4.076      3.467      6.014      8.050      0.000
  3096        211  pi+                 91  2434     0     0     0     0     0      1.660      1.410      2.883      3.617      0.140
  3097       -211  pi-                 91  2434     0     0     0     0     0      2.822      2.718      4.641      6.075      0.140
  3098        111  (pi0)              -91  2434     0  3455  3456     0     0      8.642      7.561     13.909     18.037      0.135
  3099        111  (pi0)              -91  2435     0  3457  3458     0     0      2.799      2.441      4.449      5.797      0.135
  3100        111  (pi0)              -91  2435     0  3459  3460     0     0      1.612      1.327      2.340      3.139      0.135
  3101        111  (pi0)              -91  2435     0  3461  3462     0     0      5.884      5.187      9.006     11.944      0.135
  3102        211  pi+                 91  2436     0     0     0     0     0      5.514      4.791      8.751     11.400      0.140
  3103       -211  pi-                 91  2436     0     0     0     0     0      4.347      4.193      7.037      9.275      0.140
  3104        111  (pi0)              -91  2436     0  3463  3464     0     0      7.833      6.807     11.821     15.731      0.135
  3105         22  gamma               91  2442     0     0     0     0     0      4.132      3.720      6.282      8.389      0.000
  3106         22  gamma               91  2442     0     0     0     0     0     18.238     16.479     27.353     36.774      0.000
  3107       2112  n0                  91  2449     0     0     0     0     0      1.529      0.953      2.980      3.607      0.940
  3108        111  (pi0)              -91  2449     0  3465  3466     0     0      0.075      0.056      0.302      0.344      0.135
  3109       2212  p+                  91  2451     0     0     0     0     0      0.220      0.268      1.988      2.225      0.938
  3110        111  (pi0)              -91  2451     0  3467  3468     0     0      0.304      0.090      0.574      0.670      0.135
  3111      -2212  pbar-               91  2452     0     0     0     0     0      0.400      0.152      2.565      2.765      0.938
  3112        111  (pi0)              -91  2452     0  3469  3470     0     0      0.241      0.047      1.437      1.464      0.135
  3113        211  pi+                 91  2454     0     0     0     0     0     -0.204      0.504      2.516      2.578      0.140
  3114       -211  pi-                 91  2454     0     0     0     0     0      0.166      0.286      2.168      2.197      0.140
  3115        111  (pi0)              -91  2454     0  3471  3472     0     0      0.018     -0.015      1.529      1.535      0.135
  3116         22  gamma               91  2460     0     0     0     0     0     -0.096      0.143      0.151      0.229      0.000
  3117         22  gamma               91  2460     0     0     0     0     0      0.036      0.005      0.036      0.052      0.000
  3118        111  (pi0)              -91  2464     0  3473  3474     0     0     -0.624      0.374     -3.313      3.394      0.135
  3119        111  (pi0)              -91  2464     0  3475  3476     0     0     -0.201     -0.009     -2.249      2.262      0.135
  3120         22  gamma               91  2469     0     0     0     0     0     -3.979     -4.120    -37.747     38.179      0.000
  3121         22  gamma               91  2469     0     0     0     0     0     -8.120     -8.681    -78.606     79.499      0.000
  3122        111  (pi0)              -91  2474     0  3477  3478     0     0      0.668      0.117     -0.082      0.697      0.135
  3123        111  (pi0)              -91  2474     0  3479  3480     0     0      0.466     -0.068     -0.403      0.635      0.135
  3124         22  gamma               91  2480     0     0     0     0     0     -0.115      0.011      0.185      0.218      0.000
  3125         22  gamma               91  2480     0     0     0     0     0     -0.279      0.258      0.560      0.677      0.000
  3126         22  gamma               91  2482     0     0     0     0     0     -0.262      0.172      0.639      0.712      0.000
  3127         22  gamma               91  2482     0     0     0     0     0     -0.266      0.067      0.389      0.476      0.000
  3128        211  pi+                 91  2485     0     0     0     0     0      0.047      0.495     -0.434      0.675      0.140
  3129       -211  pi-                 91  2485     0     0     0     0     0     -0.015      0.206      0.071      0.259      0.140
  3130       3122  (Lambda0)          -91  2490     0  3481  3482     0     0      0.459     -0.506     -0.929      1.604      1.116
  3131         22  gamma               91  2490     0     0     0     0     0      0.068      0.013      0.003      0.069      0.000
  3132         22  gamma               91  2493     0     0     0     0     0     -0.003      0.037     -0.227      0.230      0.000
  3133         22  gamma               91  2493     0     0     0     0     0     -0.377      0.400     -1.697      1.784      0.000
  3134         22  gamma               91  2495     0     0     0     0     0      0.008      0.045     -0.115      0.124      0.000
  3135         22  gamma               91  2495     0     0     0     0     0     -0.236      0.271     -1.645      1.684      0.000
  3136         22  gamma               91  2499     0     0     0     0     0      0.107     -0.014     -0.159      0.192      0.000
  3137         22  gamma               91  2499     0     0     0     0     0      0.976      0.157     -2.046      2.273      0.000
  3138         22  gamma               91  2503     0     0     0     0     0      0.616     -0.074     -1.034      1.206      0.000
  3139         22  gamma               91  2503     0     0     0     0     0      0.096     -0.024     -0.083      0.129      0.000
  3140        211  pi+                 91  2507     0     0     0     0     0     -0.161      0.270     -0.371      0.506      0.140
  3141       -211  pi-                 91  2507     0     0     0     0     0     -0.062      0.309     -1.296      1.341      0.140
  3142         22  gamma               91  2513     0     0     0     0     0      0.469      1.591    -47.165     47.194      0.000
  3143         22  gamma               91  2513     0     0     0     0     0      0.046      0.385    -10.759     10.766      0.000
  3144         22  gamma               91  2517     0     0     0     0     0      0.150      0.166     -7.776      7.779      0.000
  3145         22  gamma               91  2517     0     0     0     0     0      0.086      0.040     -7.419      7.419      0.000
  3146         22  gamma               91  2519     0     0     0     0     0      0.248      0.025     -5.035      5.041      0.000
  3147         22  gamma               91  2519     0     0     0     0     0      0.010     -0.033     -1.394      1.394      0.000
  3148         22  gamma               91  2521     0     0     0     0     0      0.056      0.080     -4.529      4.530      0.000
  3149         22  gamma               91  2521     0     0     0     0     0      0.121     -0.034     -8.545      8.546      0.000
  3150         22  gamma               91  2531     0     0     0     0     0     -0.019      0.026      0.086      0.092      0.000
  3151         22  gamma               91  2531     0     0     0     0     0     -0.577      0.379      4.326      4.381      0.000
  3152         22  gamma               91  2533     0     0     0     0     0     -0.029      0.006      0.131      0.134      0.000
  3153         22  gamma               91  2533     0     0     0     0     0     -1.470     -0.653      6.275      6.478      0.000
  3154         22  gamma               91  2535     0     0     0     0     0     -0.153      0.031      0.659      0.678      0.000
  3155         22  gamma               91  2535     0     0     0     0     0     -0.779     -0.134      3.001      3.103      0.000
  3156         22  gamma               91  2537     0     0     0     0     0     -0.688      0.027      7.458      7.490      0.000
  3157         22  gamma               91  2537     0     0     0     0     0     -0.780      0.153      7.800      7.840      0.000
  3158         22  gamma               91  2539     0     0     0     0     0     -0.191     -0.024      2.116      2.125      0.000
  3159         22  gamma               91  2539     0     0     0     0     0     -0.037     -0.066      1.584      1.586      0.000
  3160         22  gamma               91  2541     0     0     0     0     0     -0.035      0.001      0.048      0.059      0.000
  3161         22  gamma               91  2541     0     0     0     0     0     -0.086     -0.223      0.856      0.889      0.000
  3162         22  gamma               91  2552     0     0     0     0     0      0.722      2.080     16.556     16.702      0.000
  3163         22  gamma               91  2552     0     0     0     0     0      0.163      0.632      5.305      5.344      0.000
  3164         22  gamma               91  2556     0     0     0     0     0      0.427      1.557     16.101     16.181      0.000
  3165         22  gamma               91  2556     0     0     0     0     0      0.047      0.418      4.428      4.448      0.000
  3166         22  gamma               91  2565     0     0     0     0     0     -0.016     -0.139      2.981      2.985      0.000
  3167         22  gamma               91  2565     0     0     0     0     0     -0.019     -0.163      8.291      8.293      0.000
  3168        211  pi+                 91  2566     0     0     0     0     0      0.644     -1.154     47.640     47.658      0.140
  3169       -211  pi-                 91  2566     0     0     0     0     0      0.068     -0.074      7.603      7.605      0.140
  3170         22  gamma               91  2572     0     0     0     0     0      0.442     -0.256     30.506     30.510      0.000
  3171         22  gamma               91  2572     0     0     0     0     0      0.195     -0.227     16.356     16.358      0.000
  3172         22  gamma               91  2574     0     0     0     0     0      0.426      0.086     61.251     61.252      0.000
  3173         22  gamma               91  2574     0     0     0     0     0      0.019     -0.020      8.200      8.200      0.000
  3174         22  gamma               91  2580     0     0     0     0     0     -0.071      0.077      1.466      1.470      0.000
  3175         22  gamma               91  2580     0     0     0     0     0     -0.318      0.515      5.151      5.187      0.000
  3176         22  gamma               91  2582     0     0     0     0     0     -0.006     -0.004      0.739      0.739      0.000
  3177         22  gamma               91  2582     0     0     0     0     0     -0.074      0.155      1.215      1.227      0.000
  3178         22  gamma               91  2586     0     0     0     0     0      0.009      0.055      0.261      0.267      0.000
  3179         22  gamma               91  2586     0     0     0     0     0      0.010      0.340      0.588      0.680      0.000
  3180         22  gamma               91  2592     0     0     0     0     0     -0.112     -0.130     -0.838      0.856      0.000
  3181         22  gamma               91  2592     0     0     0     0     0     -0.007     -0.008     -0.627      0.627      0.000
  3182         22  gamma               91  2594     0     0     0     0     0      0.172      0.031     -0.234      0.292      0.000
  3183         22  gamma               91  2594     0     0     0     0     0      0.004      0.067     -0.078      0.103      0.000
  3184         22  gamma               91  2596     0     0     0     0     0     -0.181      0.081     -0.117      0.230      0.000
  3185         22  gamma               91  2596     0     0     0     0     0     -0.220     -0.006     -0.021      0.221      0.000
  3186         22  gamma               91  2598     0     0     0     0     0      0.003     -0.024      0.026      0.035      0.000
  3187         22  gamma               91  2598     0     0     0     0     0      0.453     -0.020      0.401      0.605      0.000
  3188         22  gamma               91  2604     0     0     0     0     0      0.041      0.083      0.149      0.176      0.000
  3189         22  gamma               91  2604     0     0     0     0     0     -0.110      0.222      0.420      0.488      0.000
  3190         22  gamma               91  2608     0     0     0     0     0      0.142      0.033      2.264      2.269      0.000
  3191         22  gamma               91  2608     0     0     0     0     0      0.081      0.125      1.375      1.383      0.000
  3192         22  gamma               91  2610     0     0     0     0     0     -0.227      0.045      2.435      2.446      0.000
  3193         22  gamma               91  2610     0     0     0     0     0     -0.307      0.104      5.478      5.487      0.000
  3194         22  gamma               91  2612     0     0     0     0     0     -1.324     -0.601    -73.778     73.792      0.000
  3195         22  gamma               91  2612     0     0     0     0     0     -0.935     -0.358    -55.801     55.810      0.000
  3196         22  gamma               91  2614     0     0     0     0     0     -0.610     -0.416    -27.299     27.309      0.000
  3197         22  gamma               91  2614     0     0     0     0     0     -0.058     -0.005     -1.436      1.437      0.000
  3198         22  gamma               91  2618     0     0     0     0     0     -0.914      0.205    -14.897     14.926      0.000
  3199         22  gamma               91  2618     0     0     0     0     0     -0.697      0.086    -12.783     12.802      0.000
  3200         22  gamma               91  2620     0     0     0     0     0     -0.011     -0.008     -0.045      0.047      0.000
  3201         22  gamma               91  2620     0     0     0     0     0      0.200     -0.056     -3.858      3.863      0.000
  3202        211  pi+                 91  2621     0     0     0     0     0      0.028      0.085    -11.633     11.634      0.140
  3203       -211  pi-                 91  2621     0     0     0     0     0     -0.244      0.151     -5.721      5.730      0.140
  3204         22  gamma               91  2623     0     0     0     0     0     -0.120      0.002    -53.490     53.490      0.000
  3205         22  gamma               91  2623     0     0     0     0     0      0.007      0.000    -61.614     61.614      0.000
  3206         22  gamma               91  2627     0     0     0     0     0      0.349     -0.145    -55.931     55.933      0.000
  3207         22  gamma               91  2627     0     0     0     0     0      0.003     -0.032     -9.063      9.063      0.000
  3208         22  gamma               91  2630     0     0     0     0     0     -0.153     -0.185    -13.541     13.544      0.000
  3209         22  gamma               91  2630     0     0     0     0     0     -0.229     -0.075    -14.851     14.853      0.000
  3210         22  gamma               91  2632     0     0     0     0     0      0.025     -0.037     -0.333      0.336      0.000
  3211         22  gamma               91  2632     0     0     0     0     0      0.110      0.112     -1.882      1.888      0.000
  3212         22  gamma               91  2636     0     0     0     0     0     -0.250      0.028     -3.717      3.726      0.000
  3213         22  gamma               91  2636     0     0     0     0     0     -0.135     -0.083     -2.831      2.835      0.000
  3214         22  gamma               91  2638     0     0     0     0     0     -0.087     -0.306     -1.554      1.586      0.000
  3215         22  gamma               91  2638     0     0     0     0     0     -0.041     -0.185     -1.599      1.610      0.000
  3216         22  gamma               91  2640     0     0     0     0     0     -0.038      0.218     -2.660      2.669      0.000
  3217         22  gamma               91  2640     0     0     0     0     0      0.077      0.157     -1.562      1.571      0.000
  3218         22  gamma               91  2642     0     0     0     0     0     -0.074      0.051     -0.354      0.365      0.000
  3219         22  gamma               91  2642     0     0     0     0     0     -0.472      0.443     -4.418      4.465      0.000
  3220         22  gamma               91  2646     0     0     0     0     0     -0.065      0.260     -1.400      1.425      0.000
  3221         22  gamma               91  2646     0     0     0     0     0      0.044      0.221     -1.641      1.657      0.000
  3222      -2212  pbar-               91  2647     0     0     0     0     0     -0.248      0.874     -4.063      4.268      0.938
  3223        211  pi+                 91  2647     0     0     0     0     0     -0.019      0.272     -1.264      1.301      0.140
  3224         22  gamma               91  2648     0     0     0     0     0     -0.085      0.156     -1.206      1.219      0.000
  3225         22  gamma               91  2648     0     0     0     0     0     -0.210      0.277     -1.392      1.434      0.000
  3226         22  gamma               91  2650     0     0     0     0     0      0.005      0.001     -0.079      0.080      0.000
  3227         22  gamma               91  2650     0     0     0     0     0     -0.093      0.202     -0.170      0.280      0.000
  3228         22  gamma               91  2660     0     0     0     0     0      0.075     -0.061      3.868      3.869      0.000
  3229         22  gamma               91  2660     0     0     0     0     0      0.279     -0.000      6.997      7.003      0.000
  3230         22  gamma               91  2662     0     0     0     0     0      0.902      0.087      2.950      3.086      0.000
  3231         22  gamma               91  2662     0     0     0     0     0      0.005      0.016      0.051      0.054      0.000
  3232         22  gamma               91  2664     0     0     0     0     0      0.085      0.008      0.060      0.104      0.000
  3233         22  gamma               91  2664     0     0     0     0     0      0.275     -0.228      0.302      0.468      0.000
  3234         22  gamma               91  2666     0     0     0     0     0      0.130      0.154      0.461      0.504      0.000
  3235         22  gamma               91  2666     0     0     0     0     0      0.089      0.218      0.289      0.373      0.000
  3236        211  pi+                 91  2667     0     0     0     0     0      0.442     -0.655     -5.804      5.859      0.140
  3237       -211  pi-                 91  2667     0     0     0     0     0      0.013     -0.658     -5.219      5.262      0.140
  3238         22  gamma               91  2671     0     0     0     0     0      0.004      0.026      2.420      2.421      0.000
  3239         22  gamma               91  2671     0     0     0     0     0      0.455      0.464     26.856     26.864      0.000
  3240         22  gamma               91  2673     0     0     0     0     0      0.051      0.389      3.009      3.034      0.000
  3241         22  gamma               91  2673     0     0     0     0     0     -0.061      0.123      1.069      1.077      0.000
  3242         22  gamma               91  2677     0     0     0     0     0     -0.238      0.261      3.341      3.360      0.000
  3243         22  gamma               91  2677     0     0     0     0     0      0.004      0.053      0.284      0.289      0.000
  3244         22  gamma               91  2685     0     0     0     0     0      0.075     -0.266      1.154      1.186      0.000
  3245         22  gamma               91  2685     0     0     0     0     0      0.147     -0.185      0.687      0.727      0.000
  3246         22  gamma               91  2694     0     0     0     0     0     -0.117     -0.570      4.466      4.504      0.000
  3247         22  gamma               91  2694     0     0     0     0     0     -0.191     -0.737      4.791      4.851      0.000
  3248         22  gamma               91  2698     0     0     0     0     0     -2.216     -0.359      5.665      6.093      0.000
  3249         22  gamma               91  2698     0     0     0     0     0     -1.850     -0.206      4.922      5.263      0.000
  3250         22  gamma               91  2702     0     0     0     0     0     -0.347     -0.078      0.908      0.976      0.000
  3251         22  gamma               91  2702     0     0     0     0     0     -3.252     -0.317      8.429      9.040      0.000
  3252         22  gamma               91  2704     0     0     0     0     0     -0.289     -0.093      0.910      0.959      0.000
  3253         22  gamma               91  2704     0     0     0     0     0     -0.406     -0.199      0.946      1.048      0.000
  3254         22  gamma               91  2706     0     0     0     0     0     -0.803     -0.076      2.787      2.902      0.000
  3255         22  gamma               91  2706     0     0     0     0     0     -0.159      0.032      0.437      0.466      0.000
  3256        111  (pi0)              -91  2709     0  3483  3484     0     0     -0.167     -0.637      3.738      3.798      0.135
  3257        111  (pi0)              -91  2709     0  3485  3486     0     0      0.093     -0.347      1.110      1.175      0.135
  3258         22  gamma               91  2711     0     0     0     0     0      0.085      0.130     -0.513      0.536      0.000
  3259         22  gamma               91  2711     0     0     0     0     0      0.435      0.261     -1.999      2.063      0.000
  3260         22  gamma               91  2713     0     0     0     0     0     -0.006     -0.120     -0.499      0.513      0.000
  3261         22  gamma               91  2713     0     0     0     0     0     -0.045     -0.179     -1.840      1.849      0.000
  3262         22  gamma               91  2729     0     0     0     0     0      0.033     -0.107     -0.840      0.847      0.000
  3263         22  gamma               91  2729     0     0     0     0     0     -0.025     -0.211     -0.740      0.770      0.000
  3264        111  (pi0)              -91  2738     0  3487  3488     0     0     -0.136     -0.170      0.126      0.285      0.135
  3265        111  (pi0)              -91  2738     0  3489  3490     0     0      0.176     -0.019     -0.111      0.249      0.135
  3266         22  gamma               91  2740     0     0     0     0     0     -0.215      0.225    550.244    550.244      0.000
  3267         22  gamma               91  2740     0     0     0     0     0     -0.223      0.076    481.882    481.882      0.000
  3268         22  gamma               91  2744     0     0     0     0     0     -0.141      0.157      1.314      1.331      0.000
  3269         22  gamma               91  2744     0     0     0     0     0     -0.001      0.009      0.001      0.009      0.000
  3270       2212  p+                  91  2745     0     0     0     0     0     -2.117     -3.042    -17.498     17.911      0.938
  3271       -211  pi-                 91  2745     0     0     0     0     0     -0.205     -0.483     -2.489      2.547      0.140
  3272         22  gamma               91  2746     0     0     0     0     0     -0.238     -0.186     -1.231      1.267      0.000
  3273         22  gamma               91  2746     0     0     0     0     0     -0.623     -0.670     -4.591      4.682      0.000
  3274         22  gamma               91  2750     0     0     0     0     0      0.008      0.013     -0.088      0.089      0.000
  3275         22  gamma               91  2750     0     0     0     0     0     -0.498      0.511     -5.637      5.682      0.000
  3276         22  gamma               91  2754     0     0     0     0     0      1.865     -0.281      0.644      1.993      0.000
  3277         22  gamma               91  2754     0     0     0     0     0      0.228     -0.012      0.035      0.231      0.000
  3278         22  gamma               91  2756     0     0     0     0     0      4.619      0.369      3.381      5.736      0.000
  3279         22  gamma               91  2756     0     0     0     0     0      0.945      0.014      0.690      1.170      0.000
  3280         22  gamma               91  2758     0     0     0     0     0      0.329     -0.043      0.247      0.414      0.000
  3281         22  gamma               91  2758     0     0     0     0     0      0.776     -0.256      0.798      1.142      0.000
  3282        111  (pi0)              -91  2761     0  3491  3492     0     0      1.806      0.991      1.898      2.804      0.135
  3283        111  (pi0)              -91  2761     0  3493  3494     0     0      0.850      0.174      0.781      1.175      0.135
  3284         22  gamma               91  2765     0     0     0     0     0      8.240      7.168     12.298     16.448      0.000
  3285         22  gamma               91  2765     0     0     0     0     0     18.485     16.322     27.633     37.036      0.000
  3286         22  gamma               91  2767     0     0     0     0     0      4.254      3.713      6.095      8.308      0.000
  3287         22  gamma               91  2767     0     0     0     0     0     30.848     26.897     44.715     60.618      0.000
  3288        211  pi+                 91  2770     0     0     0     0     0      0.246      0.085      0.426      0.519      0.140
  3289       -211  pi-                 91  2770     0     0     0     0     0      1.613      1.203      2.371      3.113      0.140
  3290         22  gamma               91  2772     0     0     0     0     0      0.333     -0.112      2.108      2.137      0.000
  3291         22  gamma               91  2772     0     0     0     0     0      0.102     -0.016      1.226      1.231      0.000
  3292        211  pi+                 91  2775     0     0     0     0     0     -0.142     -0.166     -0.021      0.260      0.140
  3293       -211  pi-                 91  2775     0     0     0     0     0     -0.282      0.166      0.242      0.430      0.140
  3294        211  pi+                 91  2776     0     0     0     0     0      0.367     -0.452      0.013      0.599      0.140
  3295       -211  pi-                 91  2776     0     0     0     0     0      0.033     -0.011      0.148      0.206      0.140
  3296        111  (pi0)              -91  2778     0  3495  3496     0     0     -1.563     -1.532      0.641      2.284      0.135
  3297        111  (pi0)              -91  2778     0  3497  3498     0     0     -0.399     -0.690      0.341      0.878      0.135
  3298        211  pi+                 91  2779     0     0     0     0     0      0.144      0.048     21.315     21.316      0.140
  3299       -211  pi-                 91  2779     0     0     0     0     0      0.013     -0.014      2.041      2.046      0.140
  3300        211  pi+                 91  2780     0     0     0     0     0      1.032      0.127      2.831      3.020      0.140
  3301       -211  pi-                 91  2780     0     0     0     0     0      1.196      0.480      4.506      4.689      0.140
  3302        111  (pi0)              -91  2782     0  3499  3500     0     0     -0.176     -0.387    -33.690     33.693      0.135
  3303        111  (pi0)              -91  2782     0  3501  3502     0     0      0.171     -0.326    -17.149     17.154      0.135
  3304        111  (pi0)              -91  2783     0  3503  3504     0     0      0.019     -0.931     -4.399      4.499      0.135
  3305        111  (pi0)              -91  2783     0  3505  3506     0     0     -0.446     -1.186     -5.603      5.746      0.135
  3306        211  pi+                 91  2787     0     0     0     0     0      0.007      0.263     -4.101      4.112      0.140
  3307       -211  pi-                 91  2787     0     0     0     0     0      0.721      1.018    -19.739     19.779      0.140
  3308        211  pi+                 91  2789     0     0     0     0     0     -0.086     -0.020     -2.574      2.579      0.140
  3309       -211  pi-                 91  2789     0     0     0     0     0     -0.252     -0.148     -1.074      1.122      0.140
  3310        211  pi+                 91  2790     0     0     0     0     0      0.712     -0.283      0.675      1.030      0.140
  3311       -211  pi-                 91  2790     0     0     0     0     0      0.772     -0.082      1.239      1.469      0.140
  3312         22  gamma               91  2793     0     0     0     0     0     -0.010     -0.037     -0.077      0.085      0.000
  3313         22  gamma               91  2793     0     0     0     0     0      0.070      0.060     -0.025      0.096      0.000
  3314         22  gamma               91  2794     0     0     0     0     0      0.100      0.074     -0.154      0.197      0.000
  3315         22  gamma               91  2794     0     0     0     0     0      0.231      0.048     -0.094      0.254      0.000
  3316         22  gamma               91  2795     0     0     0     0     0      0.259     -0.114     -0.167      0.329      0.000
  3317         22  gamma               91  2795     0     0     0     0     0     -0.013     -0.025     -0.032      0.043      0.000
  3318         22  gamma               91  2804     0     0     0     0     0      0.331      0.299     17.090     17.095      0.000
  3319         22  gamma               91  2804     0     0     0     0     0      0.133      0.200     12.768     12.770      0.000
  3320         22  gamma               91  2805     0     0     0     0     0      0.063      0.075     -0.405      0.417      0.000
  3321         22  gamma               91  2805     0     0     0     0     0      0.080      0.130     -0.199      0.251      0.000
  3322         22  gamma               91  2806     0     0     0     0     0      0.023      0.057     -0.041      0.074      0.000
  3323         22  gamma               91  2806     0     0     0     0     0     -0.105      0.110     -0.314      0.349      0.000
  3324         22  gamma               91  2807     0     0     0     0     0     -0.001     -0.015     -0.015      0.021      0.000
  3325         22  gamma               91  2807     0     0     0     0     0      0.043      0.201     -0.872      0.896      0.000
  3326         22  gamma               91  2812     0     0     0     0     0      0.079      0.160     -0.925      0.942      0.000
  3327         22  gamma               91  2812     0     0     0     0     0      0.001     -0.009     -0.001      0.009      0.000
  3328         22  gamma               91  2817     0     0     0     0     0     -0.030      0.080     -0.611      0.617      0.000
  3329         22  gamma               91  2817     0     0     0     0     0     -0.388      0.214     -2.884      2.918      0.000
  3330         22  gamma               91  2822     0     0     0     0     0     -0.211     -0.203     -1.308      1.340      0.000
  3331         22  gamma               91  2822     0     0     0     0     0     -0.229     -0.121     -1.738      1.757      0.000
  3332         22  gamma               91  2825     0     0     0     0     0      0.034     -0.049     -0.265      0.271      0.000
  3333         22  gamma               91  2825     0     0     0     0     0     -0.016     -0.029      0.004      0.033      0.000
  3334         22  gamma               91  2830     0     0     0     0     0     -0.733     -0.310     -4.425      4.496      0.000
  3335         22  gamma               91  2830     0     0     0     0     0     -0.385     -0.195     -2.998      3.029      0.000
  3336         22  gamma               91  2839     0     0     0     0     0     -0.025      1.086     -3.744      3.899      0.000
  3337         22  gamma               91  2839     0     0     0     0     0      0.006      0.289     -1.271      1.303      0.000
  3338         22  gamma               91  2842     0     0     0     0     0     -0.063      0.115     -0.445      0.464      0.000
  3339         22  gamma               91  2842     0     0     0     0     0      0.030      0.357     -0.948      1.014      0.000
  3340         22  gamma               91  2849     0     0     0     0     0     -0.051     -0.017     -0.045      0.070      0.000
  3341         22  gamma               91  2849     0     0     0     0     0     -0.092     -0.015     -0.532      0.540      0.000
  3342         22  gamma               91  2854     0     0     0     0     0     -0.079      0.127     -2.610      2.614      0.000
  3343         22  gamma               91  2854     0     0     0     0     0     -0.005     -0.001     -2.189      2.189      0.000
  3344        211  pi+                 91  2871     0     0     0     0     0      0.478     -0.417      1.881      1.990      0.140
  3345       -211  pi-                 91  2871     0     0     0     0     0     -0.040     -0.176      0.606      0.648      0.140
  3346        111  (pi0)              -91  2871     0  3507  3508     0     0      0.207      0.038      1.208      1.233      0.135
  3347      -2212  pbar-               91  2877     0     0     0     0     0      0.389      0.842     10.207     10.292      0.938
  3348        211  pi+                 91  2877     0     0     0     0     0      0.184      0.135      2.442      2.456      0.140
  3349         22  gamma               91  2880     0     0     0     0     0      0.120     -0.062      3.233      3.236      0.000
  3350         22  gamma               91  2880     0     0     0     0     0      0.028      0.004      0.104      0.107      0.000
  3351         22  gamma               91  2887     0     0     0     0     0     -0.037     -0.151     26.699     26.699      0.000
  3352         22  gamma               91  2887     0     0     0     0     0      0.090     -0.264     34.569     34.570      0.000
  3353         22  gamma               91  2888     0     0     0     0     0     -0.018     -0.017      1.779      1.780      0.000
  3354         22  gamma               91  2888     0     0     0     0     0     -0.007      0.037     50.113     50.113      0.000
  3355         22  gamma               91  2889     0     0     0     0     0     -0.039      0.000     11.132     11.132      0.000
  3356         22  gamma               91  2889     0     0     0     0     0      0.094     -0.061     16.396     16.396      0.000
  3357         22  gamma               91  2890     0     0     0     0     0     -0.005      0.017      0.815      0.816      0.000
  3358         22  gamma               91  2890     0     0     0     0     0     -0.159     -0.157     37.077     37.078      0.000
  3359         22  gamma               91  2897     0     0     0     0     0      0.001      0.028      1.166      1.167      0.000
  3360         22  gamma               91  2897     0     0     0     0     0      0.155      0.242      3.211      3.224      0.000
  3361         22  gamma               91  2900     0     0     0     0     0      0.174     -0.101      0.572      0.606      0.000
  3362         22  gamma               91  2900     0     0     0     0     0      0.255     -0.301      1.590      1.638      0.000
  3363         22  gamma               91  2903     0     0     0     0     0      0.098      0.020      0.426      0.437      0.000
  3364         22  gamma               91  2903     0     0     0     0     0      0.104     -0.028      0.127      0.166      0.000
  3365      -2112  nbar0               91  2908     0     0     0     0     0     -0.944      0.859      2.576      3.025      0.940
  3366        111  (pi0)              -91  2908     0  3509  3510     0     0     -0.351      0.219      0.767      0.881      0.135
  3367       2212  p+                  91  2912     0     0     0     0     0     -0.860     -5.955    -44.135     44.553      0.938
  3368       -211  pi-                 91  2912     0     0     0     0     0     -0.160     -0.893     -7.486      7.542      0.140
  3369      -2212  pbar-               91  2914     0     0     0     0     0     -0.466     -2.101    -15.453     15.630      0.938
  3370        211  pi+                 91  2914     0     0     0     0     0      0.022     -0.203     -1.375      1.397      0.140
  3371         22  gamma               91  2916     0     0     0     0     0     -0.086     -0.096     -0.816      0.826      0.000
  3372         22  gamma               91  2916     0     0     0     0     0     -0.010     -0.282     -1.468      1.495      0.000
  3373         22  gamma               91  2917     0     0     0     0     0     -0.002     -0.114     -0.538      0.550      0.000
  3374         22  gamma               91  2917     0     0     0     0     0     -0.298     -0.499     -3.059      3.114      0.000
  3375         22  gamma               91  2918     0     0     0     0     0      0.040     -0.167     -1.335      1.346      0.000
  3376         22  gamma               91  2918     0     0     0     0     0     -0.021      0.018     -0.144      0.146      0.000
  3377         22  gamma               91  2932     0     0     0     0     0     -0.121      0.185      0.490      0.538      0.000
  3378         22  gamma               91  2932     0     0     0     0     0     -0.090      0.000      0.233      0.250      0.000
  3379         22  gamma               91  2934     0     0     0     0     0      0.097      0.060      0.026      0.117      0.000
  3380         22  gamma               91  2934     0     0     0     0     0      0.376      0.406      0.412      0.690      0.000
  3381      -2212  pbar-               91  2935     0     0     0     0     0      0.584      0.706      1.186      1.768      0.938
  3382        211  pi+                 91  2935     0     0     0     0     0      0.079      0.241      0.182      0.341      0.140
  3383         22  gamma               91  2943     0     0     0     0     0     -0.161     -0.100      0.513      0.546      0.000
  3384         22  gamma               91  2943     0     0     0     0     0     -0.272     -0.051      1.206      1.238      0.000
  3385         22  gamma               91  2946     0     0     0     0     0     -0.448      0.333     -7.875      7.895      0.000
  3386         22  gamma               91  2946     0     0     0     0     0     -0.178      0.146     -2.241      2.253      0.000
  3387         22  gamma               91  2949     0     0     0     0     0     -0.127      0.249     -8.589      8.593      0.000
  3388         22  gamma               91  2949     0     0     0     0     0     -0.137      0.066     -5.442      5.444      0.000
  3389         22  gamma               91  2952     0     0     0     0     0      0.062     -0.113    -36.916     36.917      0.000
  3390         22  gamma               91  2952     0     0     0     0     0     -0.011     -0.060     -4.826      4.827      0.000
  3391         22  gamma               91  2957     0     0     0     0     0     -0.019     -0.158     -1.710      1.717      0.000
  3392         22  gamma               91  2957     0     0     0     0     0     -0.203     -0.227     -2.884      2.900      0.000
  3393         22  gamma               91  2967     0     0     0     0     0      0.019     -0.024     -0.324      0.325      0.000
  3394         22  gamma               91  2967     0     0     0     0     0      0.083     -0.015     -7.505      7.506      0.000
  3395         22  gamma               91  2972     0     0     0     0     0     -0.052      0.053     -0.121      0.142      0.000
  3396         22  gamma               91  2972     0     0     0     0     0     -0.208      0.022     -0.097      0.231      0.000
  3397         22  gamma               91  2985     0     0     0     0     0      0.008     -0.226     -5.999      6.004      0.000
  3398         22  gamma               91  2985     0     0     0     0     0     -0.010     -0.068     -0.663      0.666      0.000
  3399         22  gamma               91  2986     0     0     0     0     0     -0.093     -0.012     -0.735      0.741      0.000
  3400         22  gamma               91  2986     0     0     0     0     0      0.041     -0.015     -0.742      0.743      0.000
  3401         22  gamma               91  2987     0     0     0     0     0      0.031     -0.135     -1.748      1.754      0.000
  3402         22  gamma               91  2987     0     0     0     0     0     -0.020     -0.163     -4.647      4.650      0.000
  3403         22  gamma               91  2992     0     0     0     0     0     -0.105      0.108      3.934      3.937      0.000
  3404         22  gamma               91  2992     0     0     0     0     0     -0.041      0.175      8.707      8.709      0.000
  3405         22  gamma               91  2995     0     0     0     0     0     -0.039      0.019      2.049      2.050      0.000
  3406         22  gamma               91  2995     0     0     0     0     0     -0.006      0.258      5.949      5.955      0.000
  3407         22  gamma               91  2998     0     0     0     0     0      0.169      0.094     21.405     21.406      0.000
  3408         22  gamma               91  2998     0     0     0     0     0      0.317      0.220     26.419     26.422      0.000
  3409         22  gamma               91  2999     0     0     0     0     0      0.327      0.180     27.570     27.573      0.000
  3410         22  gamma               91  2999     0     0     0     0     0      0.029      0.018      0.808      0.809      0.000
  3411         22  gamma               91  3000     0     0     0     0     0      1.508      0.945    131.721    131.733      0.000
  3412         22  gamma               91  3000     0     0     0     0     0      0.364      0.183     34.271     34.274      0.000
  3413         22  gamma               91  3001     0     0     0     0     0      1.030      0.376     71.386     71.394      0.000
  3414         22  gamma               91  3001     0     0     0     0     0      0.003      0.010      0.274      0.275      0.000
  3415         22  gamma               91  3002     0     0     0     0     0      0.437      0.124     30.478     30.481      0.000
  3416         22  gamma               91  3002     0     0     0     0     0      0.279      0.012     13.862     13.865      0.000
  3417         22  gamma               91  3003     0     0     0     0     0      0.534     -0.169     37.654     37.658      0.000
  3418         22  gamma               91  3003     0     0     0     0     0      0.738      0.413     54.355     54.361      0.000
  3419         22  gamma               91  3005     0     0     0     0     0     -0.038     -0.035      3.780      3.780      0.000
  3420         22  gamma               91  3005     0     0     0     0     0      0.115     -0.172     12.906     12.908      0.000
  3421         22  gamma               91  3007     0     0     0     0     0     -0.038      0.090      1.442      1.446      0.000
  3422         22  gamma               91  3007     0     0     0     0     0      0.103      0.136      3.364      3.369      0.000
  3423         22  gamma               91  3024     0     0     0     0     0     -0.144     -0.081      0.584      0.607      0.000
  3424         22  gamma               91  3024     0     0     0     0     0     -0.658     -0.067      2.283      2.377      0.000
  3425         22  gamma               91  3031     0     0     0     0     0      0.024      0.001     -0.040      0.047      0.000
  3426         22  gamma               91  3031     0     0     0     0     0      0.074     -0.027      0.111      0.136      0.000
  3427         22  gamma               91  3034     0     0     0     0     0     -0.000     -0.065      1.839      1.840      0.000
  3428         22  gamma               91  3034     0     0     0     0     0      0.056     -0.040      0.390      0.396      0.000
  3429         22  gamma               91  3039     0     0     0     0     0     -0.017      0.030     -0.689      0.690      0.000
  3430         22  gamma               91  3039     0     0     0     0     0      0.070     -0.040     -0.343      0.352      0.000
  3431         22  gamma               91  3046     0     0     0     0     0      0.299      0.002     -5.652      5.660      0.000
  3432         22  gamma               91  3046     0     0     0     0     0      0.655     -0.178    -11.295     11.315      0.000
  3433         22  gamma               91  3059     0     0     0     0     0      0.618     -1.092     -1.739      2.144      0.000
  3434         22  gamma               91  3059     0     0     0     0     0      0.175     -0.218     -0.315      0.421      0.000
  3435         22  gamma               91  3062     0     0     0     0     0      0.005     -0.086     -0.256      0.270      0.000
  3436         22  gamma               91  3062     0     0     0     0     0     -0.018      0.034     -0.024      0.045      0.000
  3437         22  gamma               91  3065     0     0     0     0     0     -0.096     -0.107     -0.429      0.452      0.000
  3438         22  gamma               91  3065     0     0     0     0     0     -0.191     -0.357     -0.696      0.805      0.000
  3439         22  gamma               91  3072     0     0     0     0     0      0.031     -0.008      3.183      3.184      0.000
  3440         22  gamma               91  3072     0     0     0     0     0      0.289      0.092    100.005    100.005      0.000
  3441      -3122  (Lambdabar0)       -91  3073     0  3511  3512     0     0     -2.648     -2.841    -17.651     18.107      1.116
  3442        211  pi+                 91  3073     0     0     0     0     0     -0.214     -0.362     -2.441      2.481      0.140
  3443         22  gamma               91  3081     0     0     0     0     0      0.071     -0.017      0.037      0.082      0.000
  3444         22  gamma               91  3081     0     0     0     0     0      0.417      0.179      0.447      0.637      0.000
  3445         22  gamma               91  3088     0     0     0     0     0      0.190      0.248      0.276      0.417      0.000
  3446         22  gamma               91  3088     0     0     0     0     0      0.104      0.016      0.084      0.134      0.000
  3447         22  gamma               91  3089     0     0     0     0     0      2.290      2.464      4.265      5.432      0.000
  3448         22  gamma               91  3089     0     0     0     0     0      1.304      1.442      2.629      3.270      0.000
  3449         22  gamma               91  3091     0     0     0     0     0      5.030      4.064      7.834     10.158      0.000
  3450         22  gamma               91  3091     0     0     0     0     0      1.183      0.884      1.839      2.359      0.000
  3451         22  gamma               91  3092     0     0     0     0     0      0.876      0.802      1.369      1.812      0.000
  3452         22  gamma               91  3092     0     0     0     0     0      0.454      0.323      0.741      0.927      0.000
  3453         22  gamma               91  3093     0     0     0     0     0      1.794      1.340      2.891      3.657      0.000
  3454         22  gamma               91  3093     0     0     0     0     0      0.340      0.270      0.471      0.641      0.000
  3455         22  gamma               91  3098     0     0     0     0     0      3.188      2.874      5.221      6.759      0.000
  3456         22  gamma               91  3098     0     0     0     0     0      5.454      4.687      8.688     11.278      0.000
  3457         22  gamma               91  3099     0     0     0     0     0      2.085      1.825      3.226      4.252      0.000
  3458         22  gamma               91  3099     0     0     0     0     0      0.715      0.616      1.223      1.545      0.000
  3459         22  gamma               91  3100     0     0     0     0     0      0.719      0.678      1.121      1.495      0.000
  3460         22  gamma               91  3100     0     0     0     0     0      0.893      0.649      1.219      1.644      0.000
  3461         22  gamma               91  3101     0     0     0     0     0      4.669      4.179      7.232      9.569      0.000
  3462         22  gamma               91  3101     0     0     0     0     0      1.216      1.008      1.774      2.375      0.000
  3463         22  gamma               91  3104     0     0     0     0     0      4.043      3.434      5.995      8.005      0.000
  3464         22  gamma               91  3104     0     0     0     0     0      3.790      3.374      5.826      7.726      0.000
  3465         22  gamma               91  3108     0     0     0     0     0      0.035     -0.040      0.155      0.164      0.000
  3466         22  gamma               91  3108     0     0     0     0     0      0.040      0.096      0.147      0.180      0.000
  3467         22  gamma               91  3110     0     0     0     0     0      0.070      0.057      0.075      0.118      0.000
  3468         22  gamma               91  3110     0     0     0     0     0      0.234      0.033      0.499      0.552      0.000
  3469         22  gamma               91  3112     0     0     0     0     0     -0.002     -0.006      0.308      0.308      0.000
  3470         22  gamma               91  3112     0     0     0     0     0      0.243      0.053      1.129      1.156      0.000
  3471         22  gamma               91  3115     0     0     0     0     0      0.007     -0.052      0.243      0.249      0.000
  3472         22  gamma               91  3115     0     0     0     0     0      0.011      0.037      1.286      1.287      0.000
  3473         22  gamma               91  3118     0     0     0     0     0     -0.485      0.251     -2.677      2.732      0.000
  3474         22  gamma               91  3118     0     0     0     0     0     -0.138      0.123     -0.635      0.662      0.000
  3475         22  gamma               91  3119     0     0     0     0     0     -0.130     -0.049     -0.917      0.928      0.000
  3476         22  gamma               91  3119     0     0     0     0     0     -0.070      0.040     -1.332      1.335      0.000
  3477         22  gamma               91  3122     0     0     0     0     0      0.290      0.115     -0.061      0.318      0.000
  3478         22  gamma               91  3122     0     0     0     0     0      0.379      0.003     -0.021      0.379      0.000
  3479         22  gamma               91  3123     0     0     0     0     0      0.289     -0.030     -0.329      0.439      0.000
  3480         22  gamma               91  3123     0     0     0     0     0      0.177     -0.039     -0.075      0.196      0.000
  3481       2112  n0                  91  3130     0     0     0     0     0      0.444     -0.533     -0.854      1.447      0.940
  3482        111  (pi0)              -91  3130     0  3513  3514     0     0      0.015      0.027     -0.075      0.157      0.135
  3483         22  gamma               91  3256     0     0     0     0     0     -0.058     -0.157      0.661      0.682      0.000
  3484         22  gamma               91  3256     0     0     0     0     0     -0.109     -0.480      3.077      3.117      0.000
  3485         22  gamma               91  3257     0     0     0     0     0      0.013     -0.009      0.197      0.198      0.000
  3486         22  gamma               91  3257     0     0     0     0     0      0.080     -0.338      0.913      0.977      0.000
  3487         22  gamma               91  3264     0     0     0     0     0     -0.093     -0.049     -0.001      0.105      0.000
  3488         22  gamma               91  3264     0     0     0     0     0     -0.044     -0.121      0.127      0.181      0.000
  3489         22  gamma               91  3265     0     0     0     0     0      0.184     -0.039     -0.122      0.225      0.000
  3490         22  gamma               91  3265     0     0     0     0     0     -0.008      0.019      0.011      0.024      0.000
  3491         22  gamma               91  3282     0     0     0     0     0      0.448      0.242      0.550      0.750      0.000
  3492         22  gamma               91  3282     0     0     0     0     0      1.357      0.749      1.347      2.054      0.000
  3493         22  gamma               91  3283     0     0     0     0     0      0.100      0.031      0.043      0.113      0.000
  3494         22  gamma               91  3283     0     0     0     0     0      0.750      0.143      0.739      1.062      0.000
  3495         22  gamma               91  3296     0     0     0     0     0     -1.472     -1.482      0.614      2.177      0.000
  3496         22  gamma               91  3296     0     0     0     0     0     -0.091     -0.050      0.027      0.107      0.000
  3497         22  gamma               91  3297     0     0     0     0     0     -0.220     -0.337      0.242      0.470      0.000
  3498         22  gamma               91  3297     0     0     0     0     0     -0.179     -0.353      0.100      0.408      0.000
  3499         22  gamma               91  3302     0     0     0     0     0     -0.061     -0.260    -23.389     23.391      0.000
  3500         22  gamma               91  3302     0     0     0     0     0     -0.115     -0.127    -10.300     10.302      0.000
  3501         22  gamma               91  3303     0     0     0     0     0      0.040     -0.095     -2.562      2.564      0.000
  3502         22  gamma               91  3303     0     0     0     0     0      0.131     -0.231    -14.587     14.590      0.000
  3503         22  gamma               91  3304     0     0     0     0     0     -0.049     -0.373     -1.935      1.971      0.000
  3504         22  gamma               91  3304     0     0     0     0     0      0.068     -0.558     -2.465      2.528      0.000
  3505         22  gamma               91  3305     0     0     0     0     0     -0.014     -0.023     -0.057      0.063      0.000
  3506         22  gamma               91  3305     0     0     0     0     0     -0.432     -1.163     -5.546      5.683      0.000
  3507         22  gamma               91  3346     0     0     0     0     0      0.079     -0.039      0.650      0.656      0.000
  3508         22  gamma               91  3346     0     0     0     0     0      0.127      0.077      0.558      0.577      0.000
  3509         22  gamma               91  3366     0     0     0     0     0     -0.024      0.065      0.083      0.108      0.000
  3510         22  gamma               91  3366     0     0     0     0     0     -0.326      0.153      0.684      0.773      0.000
  3511      -2212  pbar-               91  3441     0     0     0     0     0     -2.293     -2.368    -15.323     15.702      0.938
  3512        211  pi+                 91  3441     0     0     0     0     0     -0.355     -0.474     -2.327      2.406      0.140
  3513         22  gamma               91  3482     0     0     0     0     0      0.028     -0.044      0.001      0.052      0.000
  3514         22  gamma               91  3482     0     0     0     0     0     -0.013      0.071     -0.076      0.105      0.000
                                   Charge sum:  2.000           Momentum sum:      0.000      0.000     -0.000  13600.000  13600.000

 --------  End PYTHIA Event Listing  -----------------------------------------------------------------------------------------------
#--------------------------------------------------------------------------
#                         FastJet release 3.5.1
#                 M. Cacciari, G.P. Salam and G. Soyez                  
#     A software package for jet finding and analysis at colliders      
#                           https://fastjet.fr                           
#	                                                                      
# Please cite EPJC72(2012)1896 [arXiv:1111.6097] if you use this package
# for scientific work and optionally PLB641(2006)57 [hep-ph/0512210].   
#                                                                       
# FastJet is provided without warranty under the GNU GPL v2 or higher.  
# It uses T. Chan's closest pair algorithm, S. Fortune's Voronoi code
# and 3rd party plugin jet algorithms. See COPYING file for details.
#--------------------------------------------------------------------------

 Pythia::next(): 1000 events have been generated 

 Pythia::next(): 2000 events have been generated 
 PYTHIA Warning in SimpleSpaceShower::pT2nextQCD: weight above unity

 Pythia::next(): 3000 events have been generated 

 Pythia::next(): 4000 events have been generated 

 Pythia::next(): 5000 events have been generated 

 Pythia::next(): 6000 events have been generated 
 PYTHIA Error in SimpleSpaceShower::pT2nearThreshold: stuck in loop

 Pythia::next(): 7000 events have been generated 

 Pythia::next(): 8000 events have been generated 

 Pythia::next(): 9000 events have been generated 

 *-------  PYTHIA Event and Cross Section Statistics  -------------------------------------------------------------*
 |                                                                                                                 |
 | Subprocess                                    Code |            Number of events       |      sigma +- delta    |
 |                                                    |       Tried   Selected   Accepted |     (estimated) (mb)   |
 |                                                    |                                   |                        |
 |-----------------------------------------------------------------------------------------------------------------|
 |                                                    |                                   |                        |
 | g g -> g g                                     111 |       15648       2837       2837 |   6.562e-07  6.084e-09 |
 | g g -> q qbar (uds)                            112 |         339         73         73 |   1.658e-08  1.098e-09 |
 | q g -> q g                                     113 |       44837       5272       5272 |   1.241e-06  8.679e-09 |
 | q q(bar)' -> q q(bar)'                         114 |       13045       1697       1697 |   3.865e-07  4.811e-09 |
 | q qbar -> g g                                  115 |         107         23         23 |   5.745e-09  6.310e-10 |
 | q qbar -> q' qbar' (uds)                       116 |          76         23         23 |   5.600e-09  5.454e-10 |
 | g g -> c cbar                                  121 |         115         35         35 |   6.137e-09  6.060e-10 |
 | q qbar -> c cbar                               122 |          18          6          6 |   1.467e-09  3.510e-10 |
 | g g -> b bbar                                  123 |         112         23         23 |   5.203e-09  5.521e-10 |
 | q qbar -> b bbar                               124 |          29         11         11 |   2.005e-09  3.251e-10 |
 |                                                    |                                   |                        |
 | sum                                                |       74326      10000      10000 |   2.327e-06  1.176e-08 |
 |                                                                                                                 |
 *-------  End PYTHIA Event and Cross Section Statistics ----------------------------------------------------------*

 *-------  PYTHIA Multiparton Interactions Statistics  --------*
 |                                                             |
 |  Note: excludes hardest subprocess if already listed above  |
 |                                                             |
 | Subprocess                               Code |       Times |
 |                                               |             |
 |-------------------------------------------------------------|
 |                                               |             |
 | g g -> g g                                111 |       50349 |
 | g g -> q qbar (uds)                       112 |         770 |
 | q g -> q g                                113 |       21451 |
 | q q(bar)' -> q q(bar)'                    114 |        1931 |
 | q qbar -> g g                             115 |          36 |
 | q qbar -> q' qbar' (uds)                  116 |          19 |
 | g g -> c cbar                             121 |         191 |
 | q qbar -> c cbar                          122 |           5 |
 | g g -> b bbar                             123 |          54 |
 | q qbar -> b bbar                          124 |           0 |
 | q g -> q gamma (udscb)                    201 |           3 |
 | q qbar -> g gamma                         202 |           0 |
 | g g -> g gamma                            203 |           0 |
 | f fbar -> gamma gamma                     204 |           0 |
 | g g -> gamma gamma                        205 |           0 |
 | f f' -> f f' (t-channel gamma*/Z0)        211 |           0 |
 | f_1 f_2 -> f_3 f_4 (t-channel W+-)        212 |           0 |
 | f fbar -> f' fbar' (s-channel gamma*)     223 |           0 |
 | g g -> ccbar(3S1)[3S1(1)] g               401 |           1 |
 | g g -> ccbar(3S1)[3S1(8)] g               402 |           3 |
 | q g -> ccbar(3S1)[3S1(8)] q               403 |           0 |
 | q qbar -> ccbar(3S1)[3S1(8)] g            404 |           0 |
 | g g -> ccbar(3S1)[1S0(8)] g               405 |           4 |
 | q g -> ccbar(3S1)[1S0(8)] q               406 |           0 |
 | q qbar -> ccbar(3S1)[1S0(8)] g            407 |           0 |
 | g g -> ccbar(3S1)[3PJ(8)] g               408 |           5 |
 | q g -> ccbar(3S1)[3PJ(8)] q               409 |           0 |
 | q qbar -> ccbar(3S1)[3PJ(8)] g            410 |           0 |
 | g g -> ccbar(3PJ)[3PJ(1)] g               411 |          83 |
 | q g -> ccbar(3PJ)[3PJ(1)] q               412 |          15 |
 | q qbar -> ccbar(3PJ)[3PJ(1)] g            413 |           0 |
 | g g -> ccbar(3PJ)[3S1(8)] g               414 |           1 |
 | q g -> ccbar(3PJ)[3S1(8)] q               415 |           0 |
 | q qbar -> ccbar(3PJ)[3S1(8)] g            416 |           0 |
 | g g -> ccbar(3DJ)[3DJ(1)] g               417 |           0 |
 | g g -> ccbar(3DJ)[3PJ(8)] g               418 |           0 |
 | q g -> ccbar(3DJ)[3PJ(8)] q               419 |           0 |
 | q qbar -> ccbar(3DJ)[3PJ(8)] g            420 |           0 |
 | g g -> double ccbar(3S1)[3S1(1)]          421 |           0 |
 | q qbar -> double ccbar(3S1)[3S1(1)]       422 |           0 |
 | g g -> ccbar(3S1)[3S1(1)] gamma           441 |           1 |
 | g g -> bbbar(3S1)[3S1(1)] g               501 |           0 |
 | g g -> bbbar(3S1)[3S1(8)] g               502 |           0 |
 | q g -> bbbar(3S1)[3S1(8)] q               503 |           0 |
 | q qbar -> bbbar(3S1)[3S1(8)] g            504 |           0 |
 | g g -> bbbar(3S1)[1S0(8)] g               505 |           0 |
 | q g -> bbbar(3S1)[1S0(8)] q               506 |           0 |
 | q qbar -> bbbar(3S1)[1S0(8)] g            507 |           0 |
 | g g -> bbbar(3S1)[3PJ(8)] g               508 |           0 |
 | q g -> bbbar(3S1)[3PJ(8)] q               509 |           0 |
 | q qbar -> bbbar(3S1)[3PJ(8)] g            510 |           0 |
 | g g -> bbbar(3PJ)[3PJ(1)] g               511 |           3 |
 | q g -> bbbar(3PJ)[3PJ(1)] q               512 |           0 |
 | q qbar -> bbbar(3PJ)[3PJ(1)] g            513 |           0 |
 | g g -> bbbar(3PJ)[3S1(8)] g               514 |           0 |
 | q g -> bbbar(3PJ)[3S1(8)] q               515 |           0 |
 | q qbar -> bbbar(3PJ)[3S1(8)] g            516 |           0 |
 | g g -> double bbbar(3S1)[3S1(1)]          521 |           0 |
 | q qbar -> double bbbar(3S1)[3S1(1)]       522 |           0 |
 | g g -> bbbar(3S1)[3S1(1)] gamma           551 |           0 |
 |                                                             |
 | sum                                           |       74925 |
 |                                               |             |
 *-------  End PYTHIA Multiparton Interactions Statistics -----*

 *-------  PYTHIA Error and Warning Messages Statistics  ----------------------------------------------------------* 
 |                                                                                                                 | 
 |  times   message                                                                                                | 
 |                                                                                                                 | 
 |      1   Error in SimpleSpaceShower::pT2nearThreshold: stuck in loop                                            | 
 |      2   Warning in SimpleSpaceShower::pT2nextQCD: weight above unity                                           | 
 |                                                                                                                 | 
 *-------  End PYTHIA Error and Warning Messages Statistics  ------------------------------------------------------* 


  2026-07-27 14:18       number of HV gluons

        1.00*10^ 4  X                                                                                                   
        0.96*10^ 4  X                                                                                                   
        0.92*10^ 4  X                                                                                                   
        0.88*10^ 4  X                                                                                                   
        0.84*10^ 4  X                                                                                                   
        0.80*10^ 4  X                                                                                                   
        0.76*10^ 4  X                                                                                                   
        0.72*10^ 4  X                                                                                                   
        0.68*10^ 4  X                                                                                                   
        0.64*10^ 4  X                                                                                                   
        0.60*10^ 4  X                                                                                                   
        0.56*10^ 4  X                                                                                                   
        0.52*10^ 4  X                                                                                                   
        0.48*10^ 4  X                                                                                                   
        0.44*10^ 4  X                                                                                                   
        0.40*10^ 4  X                                                                                                   
        0.36*10^ 4  X                                                                                                   
        0.32*10^ 4  X                                                                                                   
        0.28*10^ 4  X                                                                                                   
        0.24*10^ 4  X                                                                                                   
        0.20*10^ 4  X                                                                                                   
        0.16*10^ 4  X                                                                                                   
        0.12*10^ 4  X                                                                                                   
        0.08*10^ 4  X                                                                                                   
        0.04*10^ 4  X                                                                                                   

          Contents                                                                                                      
            *10^ 4  1000000000000000000000000000000000000000000000000000000000000000000000000000000000000000000000000000
            *10^ 3  0000000000000000000000000000000000000000000000000000000000000000000000000000000000000000000000000000
            *10^ 2  0000000000000000000000000000000000000000000000000000000000000000000000000000000000000000000000000000
            *10^ 1  0000000000000000000000000000000000000000000000000000000000000000000000000000000000000000000000000000

          Low edge  -                                                                                                   
            *10^ 1  0000000000011111111112222222222333333333344444444445555555555666666666677777777778888888888999999999
            *10^ 0  0012345678901234567890123456789012345678901234567890123456789012345678901234567890123456789012345678
            *10^-1  5555555555555555555555555555555555555555555555555555555555555555555555555555555555555555555555555555

   Entries  =     10000   xMin =    -0.500   Underflow =     0.000   Mean   = 0.000e+00   RMS  = 0.000e+00
   SumW(in) = 10000.000   xMax =    99.500   Overflow  =     0.000   Median = 0.000e+00   nEff = 10000.000


  2026-07-27 14:18       number of HV gammas

        1.00*10^ 4  X                                                                                                   
        0.96*10^ 4  X                                                                                                   
        0.92*10^ 4  X                                                                                                   
        0.88*10^ 4  X                                                                                                   
        0.84*10^ 4  X                                                                                                   
        0.80*10^ 4  X                                                                                                   
        0.76*10^ 4  X                                                                                                   
        0.72*10^ 4  X                                                                                                   
        0.68*10^ 4  X                                                                                                   
        0.64*10^ 4  X                                                                                                   
        0.60*10^ 4  X                                                                                                   
        0.56*10^ 4  X                                                                                                   
        0.52*10^ 4  X                                                                                                   
        0.48*10^ 4  X                                                                                                   
        0.44*10^ 4  X                                                                                                   
        0.40*10^ 4  X                                                                                                   
        0.36*10^ 4  X                                                                                                   
        0.32*10^ 4  X                                                                                                   
        0.28*10^ 4  X                                                                                                   
        0.24*10^ 4  X                                                                                                   
        0.20*10^ 4  X                                                                                                   
        0.16*10^ 4  X                                                                                                   
        0.12*10^ 4  X                                                                                                   
        0.08*10^ 4  X                                                                                                   
        0.04*10^ 4  X                                                                                                   

          Contents                                                                                                      
            *10^ 4  1000000000000000000000000000000000000000000000000000000000000000000000000000000000000000000000000000
            *10^ 3  0000000000000000000000000000000000000000000000000000000000000000000000000000000000000000000000000000
            *10^ 2  0000000000000000000000000000000000000000000000000000000000000000000000000000000000000000000000000000
            *10^ 1  0000000000000000000000000000000000000000000000000000000000000000000000000000000000000000000000000000

          Low edge  -                                                                                                   
            *10^ 1  0000000000011111111112222222222333333333344444444445555555555666666666677777777778888888888999999999
            *10^ 0  0012345678901234567890123456789012345678901234567890123456789012345678901234567890123456789012345678
            *10^-1  5555555555555555555555555555555555555555555555555555555555555555555555555555555555555555555555555555

   Entries  =     10000   xMin =    -0.500   Underflow =     0.000   Mean   = 0.000e+00   RMS  = 0.000e+00
   SumW(in) = 10000.000   xMax =    99.500   Overflow  =     0.000   Median = 0.000e+00   nEff = 10000.000


  2026-07-27 14:18       number of HV hadrons

        1.00*10^ 4  9                                                                                                   
        0.96*10^ 4  X                                                                                                   
        0.92*10^ 4  X                                                                                                   
        0.88*10^ 4  X                                                                                                   
        0.84*10^ 4  X                                                                                                   
        0.80*10^ 4  X                                                                                                   
        0.76*10^ 4  X                                                                                                   
        0.72*10^ 4  X                                                                                                   
        0.68*10^ 4  X                                                                                                   
        0.64*10^ 4  X                                                                                                   
        0.60*10^ 4  X                                                                                                   
        0.56*10^ 4  X                                                                                                   
        0.52*10^ 4  X                                                                                                   
        0.48*10^ 4  X                                                                                                   
        0.44*10^ 4  X                                                                                                   
        0.40*10^ 4  X                                                                                                   
        0.36*10^ 4  X                                                                                                   
        0.32*10^ 4  X                                                                                                   
        0.28*10^ 4  X                                                                                                   
        0.24*10^ 4  X                                                                                                   
        0.20*10^ 4  X                                                                                                   
        0.16*10^ 4  X                                                                                                   
        0.12*10^ 4  X                                                                                                   
        0.08*10^ 4  X                                                                                                   
        0.04*10^ 4  X1                                                                                                  

          Contents                                                                                                      
            *10^ 3  9000000000000000000000000000000000000000000000000000000000000000000000000000000000000000000000000000
            *10^ 2  9000000000000000000000000000000000000000000000000000000000000000000000000000000000000000000000000000
            *10^ 1  5300000000000000000000000000000000000000000000000000000000000000000000000000000000000000000000000000
            *10^ 0  2502252200000000000000000000000000000000000000000000000000000000000000000000000000000000000000000000

          Low edge  -                                                                                                   
            *10^ 1  0000000000011111111112222222222333333333344444444445555555555666666666677777777778888888888999999999
            *10^ 0  0012345678901234567890123456789012345678901234567890123456789012345678901234567890123456789012345678
            *10^-1  5555555555555555555555555555555555555555555555555555555555555555555555555555555555555555555555555555

   Entries  =     10000   xMin =    -0.500   Underflow =     0.000   Mean   = 1.000e-02   RMS  = 1.947e-01
   SumW(in) = 10000.000   xMax =    99.500   Overflow  =     0.000   Median = 2.412e-03   nEff = 10000.000


  2026-07-27 14:18       dN/dpTj

        8.70*10^ 2                      8                                                                               
        8.40*10^ 2                      X                                                                               
        8.10*10^ 2                      X                                                                               
        7.80*10^ 2                      X7                                                                              
        7.50*10^ 2                      XX5                                                                             
        7.20*10^ 2                      XXX                                                                             
        6.90*10^ 2                      XXXX9                                                                           
        6.60*10^ 2                      XXXXX                                                                           
        6.30*10^ 2                      XXXXX                                                                           
        6.00*10^ 2                      XXXXX52                                                                         
        5.70*10^ 2                      XXXXXXX77                                                                       
        5.40*10^ 2                      XXXXXXXXX2                                                                      
        5.10*10^ 2                      XXXXXXXXXX                                                                      
        4.80*10^ 2                      XXXXXXXXXX96                                                                    
        4.50*10^ 2                      XXXXXXXXXXXX874                                                                 
        4.20*10^ 2                      XXXXXXXXXXXXXXX                                                                 
        3.90*10^ 2                      XXXXXXXXXXXXXXX52                                                               
        3.60*10^ 2                      XXXXXXXXXXXXXXXXX 7    3                                                        
        3.30*10^ 2                      XXXXXXXXXXXXXXXXX1XX98 X                                                        
        3.00*10^ 2                      XXXXXXXXXXXXXXXXXXXXXX5X15                                                      
        2.70*10^ 2                      XXXXXXXXXXXXXXXXXXXXXXXXXX896 2                                                 
        2.40*10^ 2                      XXXXXXXXXXXXXXXXXXXXXXXXXXXXX5X738  1                                           
        2.10*10^ 2                      XXXXXXXXXXXXXXXXXXXXXXXXXXXXXXXXXX9 X 5 9211                                    
        1.80*10^ 2                      XXXXXXXXXXXXXXXXXXXXXXXXXXXXXXXXXXX8XXX5XXXX64125   1                           
        1.50*10^ 2                      XXXXXXXXXXXXXXXXXXXXXXXXXXXXXXXXXXXXXXXXXXXXXXXXX785X7437X 3                    
        1.20*10^ 2                      XXXXXXXXXXXXXXXXXXXXXXXXXXXXXXXXXXXXXXXXXXXXXXXXXXXXXXXXXX8X 79685366 43 7446 1 
        0.90*10^ 2                      XXXXXXXXXXXXXXXXXXXXXXXXXXXXXXXXXXXXXXXXXXXXXXXXXXXXXXXXXXXX9XXXXXXXX8XX6XXXX5XX
        0.60*10^ 2                      XXXXXXXXXXXXXXXXXXXXXXXXXXXXXXXXXXXXXXXXXXXXXXXXXXXXXXXXXXXXXXXXXXXXXXXXXXXXXXXX
        0.30*10^ 2                      XXXXXXXXXXXXXXXXXXXXXXXXXXXXXXXXXXXXXXXXXXXXXXXXXXXXXXXXXXXXXXXXXXXXXXXXXXXXXXXX

          Contents                                                                                                      
            *10^ 2  0000000000000000000087766555554444433333332322222222222121112111111111111111111101111101101001111000
            *10^ 1  0000000000000000000067388876617644376052228378665243130717960888665564435432441281101090080971000799
            *10^ 0  0000000000000000000040697571268930355329635846388660836449568743823760354129194881685488943990118540
            *10^-1  0000000000000000000000000000000000000000000000000000000000000000000000000000000000000000000000000000

          Low edge                                                                                                      
            *10^ 1  0000000000111111111122222222223333333333444444444455555555556666666666777777777788888888889999999999
            *10^ 0  0123456789012345678901234567890123456789012345678901234567890123456789012345678901234567890123456789
            *10^-1  0000000000000000000000000000000000000000000000000000000000000000000000000000000000000000000000000000

   Entries  =     47089   xMin =     0.000   Underflow =     0.000   Mean   =    45.380   RMS  =    21.476
   SumW(in) = 20517.000   xMax =   100.000   Overflow  = 26572.000   Median =    39.163   nEff = 20517.000
